StudentID,Age,Gender,StudyHoursPerDay,AttendanceRate,MotivationLevel,StressLevel,InternetAccess,Resources,EduTechUsage,OnlineCourses,Discussions,AssignmentCompletion,LearningStyle,ExamScore,FinalGrade
1,28,Male,6.7,79.7,4,3,No,High,No,4,5,84.8,Auditory,72.4,C
2,30,Female,14.6,67.5,9,7,Yes,Low,Yes,2,0,41.6,Reading/Writing,80.9,B
3,23,Female,2.8,95.9,2,9,Yes,Low,No,5,4,74.8,Visual,65.8,C
4,27,Female,19.0,65.4,9,4,No,High,Yes,3,6,43.6,Visual,100,A
5,25,Male,13.9,88.7,3,6,Yes,Low,Yes,4,2,82.5,Visual,91.6,A
6,21,Female,3.0,73.0,10,1,No,Low,No,4,3,46.1,Kinesthetic,71.2,C
7,28,Female,8.9,66.3,2,4,Yes,Low,No,1,1,72.5,Reading/Writing,67.2,C
8,22,Female,17.9,73.1,10,2,Yes,High,Yes,0,9,88.8,Kinesthetic,100,A
9,30,Female,3.6,81.4,1,5,Yes,High,No,5,4,62.9,Reading/Writing,67.5,C
10,18,Female,3.9,62.0,10,7,Yes,High,No,3,1,93.8,Auditory,78.6,B
11,20,Female,14.7,78.4,2,3,Yes,High,No,5,0,50.3,Auditory,81.7,B
12,26,Male,11.4,81.4,6,3,No,High,Yes,2,0,97.9,Visual,98.3,A
13,18,Female,8.5,73.5,10,10,Yes,Low,Yes,3,10,92.7,Reading/Writing,89.1,B
14,18,Female,14.2,59.5,7,1,Yes,Low,Yes,0,1,72.3,Reading/Writing,86.2,B
15,21,Male,14.9,93.1,1,6,No,Low,Yes,3,9,66.5,Visual,86.8,B
16,18,Female,14.8,75.5,7,5,No,High,No,0,7,44.9,Auditory,90.5,A
17,28,Female,8.3,67.5,2,1,No,High,Yes,1,9,98.3,Auditory,82.3,B
18,23,Female,13.6,93.4,6,1,No,High,No,4,6,98.4,Auditory,100,A
19,21,Female,7.3,98.5,10,1,No,Low,Yes,4,8,55.0,Auditory,96.1,A
20,24,Female,8.7,77.5,2,6,Yes,High,Yes,5,10,58.8,Visual,74.4,C
21,22,Male,16.2,95.6,4,4,No,High,Yes,5,4,78.1,Auditory,100,A
22,20,Female,16.3,66.9,8,2,No,Low,Yes,0,4,42.5,Kinesthetic,88.1,B
23,27,Male,3.2,85.7,10,5,Yes,High,No,4,6,41.2,Kinesthetic,84.5,B
24,20,Male,14.7,88.1,5,7,Yes,High,Yes,2,8,98.8,Auditory,95.2,A
25,26,Male,14.5,63.6,9,2,No,High,No,3,2,53.1,Reading/Writing,98.5,A
26,26,Male,2.9,98.0,1,1,No,Low,No,2,4,83.5,Kinesthetic,64.2,C
27,20,Male,5.4,66.0,5,8,No,Low,No,0,7,99.6,Reading/Writing,66.1,C
28,27,Female,13.0,70.4,6,4,No,Low,Yes,0,1,89.5,Kinesthetic,88.5,B
29,22,Female,3.8,95.2,7,8,No,High,No,4,3,99.8,Kinesthetic,74.7,C
30,24,Female,7.6,90.0,7,3,No,High,Yes,5,7,91.7,Visual,90.5,A
31,27,Female,2.8,69.1,8,9,Yes,Low,Yes,3,6,44.2,Auditory,62.9,C
32,21,Male,7.2,79.6,8,8,Yes,Low,No,4,2,56.6,Visual,78.3,B
33,24,Female,9.0,96.2,1,10,Yes,High,Yes,2,2,93.8,Reading/Writing,84.5,B
34,27,Female,15.6,82.3,5,2,No,High,No,2,10,43.4,Visual,95.6,A
35,24,Female,4.5,51.7,5,10,Yes,High,No,0,8,62.6,Kinesthetic,56.4,D
36,25,Female,14.5,96.1,8,3,Yes,Low,Yes,1,7,73.7,Kinesthetic,100,A
37,20,Female,7.6,75.9,6,8,Yes,Low,No,0,1,81.1,Visual,76.4,B
38,25,Female,14.7,78.4,8,2,Yes,High,No,5,9,99.9,Auditory,100,A
39,27,Male,13.6,80.5,5,8,Yes,Low,No,2,7,42.9,Reading/Writing,77.0,B
40,22,Male,19.9,67.2,2,6,No,High,No,0,1,69.2,Kinesthetic,85.9,B
41,20,Female,8.1,93.9,1,8,Yes,Low,No,4,0,65.9,Reading/Writing,72.5,C
42,28,Female,10.1,54.7,9,8,No,High,No,0,9,40.0,Reading/Writing,77.7,B
43,26,Male,11.1,84.3,1,2,Yes,Low,No,0,10,68.5,Visual,87.8,B
44,20,Female,12.5,76.3,9,7,No,Low,Yes,5,2,78.2,Auditory,84.6,B
45,20,Male,7.7,85.1,2,5,Yes,Low,No,0,0,68.5,Kinesthetic,67.9,C
46,28,Male,12.5,77.7,3,10,No,Low,Yes,3,0,89.0,Auditory,80.5,B
47,18,Male,16.6,93.0,5,10,Yes,Low,No,3,3,83.4,Reading/Writing,95.8,A
48,18,Female,15.7,64.6,5,9,Yes,Low,Yes,4,1,67.4,Visual,81.7,B
49,26,Male,3.3,57.3,7,5,Yes,High,Yes,5,4,90.9,Reading/Writing,67.5,C
50,30,Female,3.3,78.3,6,5,No,Low,Yes,5,4,73.1,Auditory,69.1,C
51,23,Female,6.9,91.8,6,10,Yes,Low,No,3,10,96.4,Auditory,89.2,B
52,20,Female,18.2,54.8,8,4,Yes,High,Yes,0,1,63.6,Auditory,88.4,B
53,23,Female,9.6,89.2,8,2,No,Low,No,3,0,94.2,Kinesthetic,93.8,A
54,26,Male,3.9,93.7,1,8,Yes,Low,Yes,4,8,48.3,Reading/Writing,65.1,C
55,20,Male,18.8,64.5,6,2,No,High,Yes,4,4,47.8,Reading/Writing,89.1,B
56,23,Male,10.2,72.3,10,4,Yes,Low,Yes,1,0,91.5,Visual,90.4,A
57,18,Female,7.7,92.2,7,9,No,Low,Yes,0,8,62.9,Kinesthetic,79.5,B
58,18,Male,14.6,50.2,9,1,Yes,High,No,2,3,74.0,Kinesthetic,95.0,A
59,28,Male,10.1,51.9,2,9,Yes,Low,Yes,2,1,51.7,Auditory,68.2,C
60,19,Male,10.9,70.9,6,7,No,High,Yes,0,2,72.3,Kinesthetic,82.6,B
61,23,Female,5.3,83.2,10,3,No,High,Yes,4,4,97.4,Reading/Writing,83.0,B
62,27,Male,6.0,70.8,6,8,Yes,Low,Yes,3,4,46.7,Auditory,70.9,C
63,19,Male,6.2,97.0,3,5,No,Low,Yes,2,1,43.6,Reading/Writing,70.2,C
64,22,Female,13.7,93.4,3,8,No,High,No,4,10,85.8,Auditory,90.4,A
65,20,Female,9.0,62.4,10,6,No,High,Yes,5,1,85.0,Kinesthetic,82.1,B
66,19,Male,6.8,94.7,2,7,Yes,High,Yes,1,7,91.1,Visual,79.4,B
67,26,Male,10.7,96.0,7,4,Yes,Low,Yes,2,5,98.2,Kinesthetic,97.2,A
68,28,Female,11.5,60.3,8,1,Yes,Low,No,1,5,92.7,Visual,94.9,A
69,20,Male,15.5,60.5,4,1,Yes,High,No,0,4,92.1,Reading/Writing,96.0,A
70,19,Female,2.2,80.3,6,9,Yes,High,Yes,2,6,78.7,Reading/Writing,70.1,C
71,25,Male,7.3,85.0,8,10,Yes,Low,Yes,0,4,85.5,Visual,73.1,C
72,30,Female,8.3,85.7,6,7,No,Low,No,3,6,52.0,Auditory,69.6,C
73,24,Male,10.7,61.7,10,6,No,Low,Yes,0,0,86.8,Kinesthetic,83.4,B
74,18,Male,1.0,84.9,9,6,No,Low,No,1,4,98.4,Visual,66.6,C
75,30,Female,19.0,83.9,2,5,No,Low,No,2,0,99.8,Kinesthetic,100,A
76,24,Female,14.5,74.4,8,9,No,Low,Yes,5,9,42.1,Reading/Writing,88.7,B
77,19,Male,3.3,89.8,10,5,No,Low,No,3,10,51.4,Auditory,80.5,B
78,26,Female,15.9,95.6,4,2,No,High,Yes,1,3,41.6,Visual,88.1,B
79,22,Male,2.7,58.7,9,7,Yes,Low,No,2,5,96.7,Auditory,75.0,B
80,21,Male,2.8,66.7,1,7,Yes,High,No,0,9,76.2,Visual,61.7,C
81,24,Female,18.0,57.1,3,8,No,Low,Yes,5,9,94.3,Reading/Writing,80.4,B
82,22,Male,9.9,98.0,9,1,No,High,Yes,4,0,59.9,Visual,98.7,A
83,18,Female,15.7,61.8,10,3,No,Low,Yes,1,6,85.5,Kinesthetic,99.8,A
84,29,Male,11.6,57.1,1,4,Yes,Low,Yes,2,2,93.9,Reading/Writing,73.2,C
85,21,Female,17.0,96.2,9,1,No,Low,No,0,7,69.4,Visual,100,A
86,21,Male,18.7,55.2,3,4,No,Low,Yes,2,10,96.9,Reading/Writing,93.6,A
87,20,Female,4.0,62.7,5,2,No,High,No,3,4,44.7,Reading/Writing,66.6,C
88,19,Female,12.4,53.2,5,9,No,Low,Yes,0,8,83.7,Kinesthetic,75.3,B
89,25,Female,6.1,99.2,8,5,No,High,No,3,5,78.3,Kinesthetic,92.5,A
90,28,Male,15.5,71.7,5,2,Yes,Low,Yes,5,10,88.7,Reading/Writing,95.9,A
91,25,Male,3.9,69.5,3,4,Yes,High,No,1,4,72.5,Reading/Writing,76.7,B
92,23,Female,2.0,72.1,3,1,No,Low,Yes,2,3,54.4,Kinesthetic,61.8,C
93,28,Male,13.6,93.9,7,3,Yes,High,Yes,2,1,98.1,Reading/Writing,100,A
94,20,Female,4.7,53.6,8,4,Yes,Low,Yes,0,1,41.2,Auditory,67.4,C
95,29,Male,10.4,88.0,4,7,Yes,High,No,2,8,64.9,Visual,87.4,B
96,29,Female,16.1,52.8,2,1,No,High,Yes,5,4,82.4,Auditory,83.4,B
97,27,Male,2.7,57.7,8,8,Yes,Low,No,2,4,52.3,Visual,56.5,D
98,25,Female,17.1,62.6,10,9,Yes,High,Yes,4,7,96.4,Reading/Writing,100,A
99,22,Male,1.1,65.7,10,2,No,Low,Yes,3,1,77.3,Auditory,71.2,C
100,28,Male,17.6,97.4,5,7,Yes,Low,Yes,2,3,72.9,Visual,92.8,A
101,18,Female,10.5,56.4,5,7,No,High,Yes,4,9,96.5,Kinesthetic,74.9,C
102,23,Female,17.1,52.4,5,5,Yes,High,Yes,3,3,52.3,Auditory,83.2,B
103,26,Female,9.8,99.5,6,8,No,High,No,2,5,55.7,Auditory,88.2,B
104,24,Male,10.5,71.1,10,6,No,Low,No,3,8,73.0,Reading/Writing,88.5,B
105,27,Female,1.0,51.7,8,1,Yes,High,Yes,1,5,79.3,Auditory,70.7,C
106,18,Female,13.2,56.6,1,6,Yes,High,Yes,2,1,48.5,Kinesthetic,69.4,C
107,20,Female,4.2,58.4,4,1,No,Low,Yes,5,0,46.9,Auditory,58.2,D
108,24,Female,4.8,62.3,5,7,Yes,High,Yes,3,8,56.5,Visual,66.1,C
109,27,Female,7.3,74.9,6,2,Yes,Low,No,3,0,64.7,Auditory,72.3,C
110,30,Male,18.6,73.4,8,3,Yes,Low,Yes,5,7,42.4,Kinesthetic,99.0,A
111,20,Female,18.9,50.9,8,2,No,High,Yes,1,6,54.0,Kinesthetic,100,A
112,19,Male,11.2,58.7,3,9,No,High,No,5,6,50.2,Auditory,77.6,B
113,21,Male,6.0,68.6,4,1,Yes,Low,Yes,0,0,74.3,Kinesthetic,65.5,C
114,21,Male,2.8,99.8,2,1,No,High,Yes,3,6,44.8,Visual,65.1,C
115,27,Female,16.3,87.1,1,8,Yes,Low,Yes,2,1,54.7,Visual,84.1,B
116,29,Male,18.4,88.3,3,3,Yes,High,Yes,5,9,66.2,Reading/Writing,100,A
117,23,Male,12.3,78.0,6,5,Yes,High,No,3,4,59.8,Reading/Writing,87.1,B
118,24,Female,7.3,81.2,1,10,Yes,Low,Yes,3,8,69.6,Kinesthetic,74.2,C
119,21,Male,18.1,98.3,5,6,Yes,High,No,3,0,83.7,Kinesthetic,100,A
120,21,Female,19.0,51.3,10,1,Yes,High,No,5,10,66.6,Visual,100,A
121,26,Female,9.5,96.5,1,9,Yes,Low,Yes,5,6,82.0,Kinesthetic,83.8,B
122,30,Male,18.7,61.1,4,8,No,High,No,4,6,84.6,Reading/Writing,90.0,A
123,29,Female,17.9,53.3,2,6,Yes,Low,Yes,1,4,59.2,Auditory,72.6,C
124,23,Male,10.1,87.5,9,5,No,Low,No,0,4,56.8,Auditory,85.7,B
125,28,Male,12.9,87.5,4,7,No,High,No,1,10,55.1,Kinesthetic,94.6,A
126,22,Male,16.1,51.8,6,7,No,Low,Yes,4,8,68.5,Auditory,85.1,B
127,22,Male,3.3,86.8,4,10,Yes,High,Yes,0,7,40.2,Visual,74.2,C
128,22,Male,16.4,61.8,8,4,Yes,Low,Yes,4,9,81.8,Reading/Writing,93.5,A
129,19,Male,2.6,74.2,9,10,No,Low,Yes,1,2,93.9,Kinesthetic,71.0,C
130,26,Female,12.4,53.3,4,10,Yes,High,No,3,5,74.1,Reading/Writing,74.1,C
131,18,Female,13.9,56.1,2,9,No,High,Yes,4,1,82.1,Visual,79.3,B
132,23,Female,12.4,86.6,7,8,Yes,High,Yes,1,6,69.4,Reading/Writing,91.8,A
133,29,Male,19.9,70.8,10,2,Yes,Low,Yes,4,9,85.0,Visual,100,A
134,26,Male,12.1,84.3,5,8,Yes,High,No,3,8,56.3,Kinesthetic,88.2,B
135,28,Female,10.8,80.9,3,1,Yes,Low,No,4,10,83.7,Kinesthetic,96.1,A
136,21,Male,14.9,57.3,6,7,No,Low,No,4,0,52.9,Kinesthetic,79.5,B
137,24,Female,12.9,84.0,2,3,No,High,Yes,0,10,48.2,Kinesthetic,88.6,B
138,26,Female,3.0,98.2,6,9,No,High,Yes,3,9,68.4,Auditory,71.3,C
139,30,Female,12.4,59.7,6,4,No,High,Yes,1,8,78.9,Visual,82.2,B
140,26,Male,12.4,88.1,10,8,No,High,Yes,5,7,59.9,Auditory,92.1,A
141,24,Male,17.1,69.0,9,2,No,High,No,0,5,50.4,Kinesthetic,100,A
142,27,Female,3.9,92.8,5,7,Yes,Low,Yes,3,8,60.4,Reading/Writing,67.1,C
143,19,Male,19.9,83.0,5,6,Yes,Low,No,1,5,84.9,Reading/Writing,100,A
144,23,Female,19.1,98.9,3,4,No,High,Yes,3,9,47.4,Auditory,97.9,A
145,27,Male,13.8,57.7,6,9,No,High,Yes,5,2,74.3,Kinesthetic,89.7,B
146,25,Female,17.1,50.1,5,5,No,Low,Yes,1,0,79.8,Reading/Writing,74.6,C
147,30,Male,17.0,97.2,7,1,No,Low,No,3,3,84.2,Visual,100,A
148,19,Male,10.8,52.5,8,8,No,Low,No,3,2,89.8,Visual,70.8,C
149,20,Female,3.2,64.8,2,10,No,Low,Yes,0,9,59.6,Kinesthetic,51.8,D
150,29,Female,18.8,57.3,2,2,Yes,High,No,0,1,68.4,Visual,95.2,A
151,29,Male,5.7,69.2,9,3,Yes,Low,Yes,4,3,87.9,Reading/Writing,82.6,B
152,21,Female,9.4,91.6,1,4,Yes,Low,Yes,5,9,59.7,Visual,82.8,B
153,27,Male,6.0,72.4,3,1,No,Low,Yes,5,9,41.6,Kinesthetic,65.5,C
154,28,Male,10.8,66.6,4,6,No,Low,No,1,1,55.0,Visual,71.1,C
155,23,Female,3.0,61.6,6,3,Yes,High,Yes,3,6,96.0,Kinesthetic,84.6,B
156,30,Male,19.7,75.6,6,3,No,High,Yes,0,4,93.3,Visual,100,A
157,24,Female,16.0,90.0,5,2,Yes,Low,Yes,0,1,57.4,Kinesthetic,93.7,A
158,20,Male,12.4,86.9,3,9,Yes,High,No,0,6,74.9,Kinesthetic,91.3,A
159,28,Female,16.7,94.9,3,3,No,Low,Yes,4,9,95.2,Visual,99.2,A
160,18,Female,18.0,50.6,4,10,No,High,Yes,5,7,54.1,Auditory,76.3,B
161,20,Female,13.7,57.7,1,5,No,Low,No,4,3,66.2,Kinesthetic,64.8,C
162,20,Male,5.6,68.0,5,9,Yes,Low,Yes,1,5,71.4,Reading/Writing,62.4,C
163,25,Female,17.3,71.4,1,8,No,Low,No,0,1,88.9,Auditory,81.4,B
164,27,Male,10.1,87.2,10,2,Yes,Low,Yes,5,8,78.9,Reading/Writing,90.8,A
165,26,Male,13.9,73.3,4,8,No,High,Yes,2,4,93.7,Reading/Writing,80.6,B
166,20,Female,5.2,67.2,6,6,No,Low,No,2,3,65.8,Reading/Writing,68.0,C
167,19,Male,13.2,98.0,6,5,Yes,High,No,5,4,74.2,Auditory,98.7,A
168,22,Male,19.7,80.1,2,9,No,High,Yes,2,9,84.9,Kinesthetic,96.2,A
169,30,Male,16.9,77.3,5,1,Yes,High,No,3,7,61.7,Auditory,100,A
170,24,Female,10.4,94.3,1,4,No,Low,No,2,8,76.1,Reading/Writing,87.6,B
171,22,Female,1.4,78.6,4,2,No,High,No,2,4,73.4,Reading/Writing,66.9,C
172,30,Male,1.8,81.7,3,10,Yes,Low,No,5,8,64.8,Kinesthetic,61.8,C
173,28,Female,14.7,87.2,7,5,No,High,Yes,3,0,85.4,Kinesthetic,95.8,A
174,18,Female,15.5,95.4,9,1,Yes,High,No,4,0,54.4,Reading/Writing,100,A
175,21,Female,6.6,82.1,2,6,Yes,High,No,5,9,52.9,Reading/Writing,70.7,C
176,29,Female,18.2,76.0,5,1,No,Low,Yes,5,0,66.0,Kinesthetic,86.5,B
177,30,Male,16.7,98.0,2,4,Yes,Low,No,2,9,96.5,Visual,100,A
178,21,Male,16.7,83.8,1,1,Yes,Low,No,0,3,91.1,Reading/Writing,94.7,A
179,28,Male,9.7,56.6,9,8,Yes,High,Yes,1,8,68.7,Reading/Writing,80.8,B
180,30,Female,4.9,62.1,4,6,Yes,Low,No,5,3,60.2,Auditory,57.8,D
181,24,Male,6.8,76.4,9,10,No,High,No,3,10,76.4,Auditory,75.0,B
182,29,Male,13.0,89.2,6,2,No,High,Yes,0,1,84.6,Reading/Writing,97.8,A
183,27,Female,3.8,56.7,1,5,Yes,High,No,1,10,46.6,Reading/Writing,66.9,C
184,28,Male,9.5,96.4,6,4,Yes,Low,Yes,2,8,50.2,Visual,89.2,B
185,24,Female,7.8,51.4,4,8,No,High,Yes,0,10,61.1,Auditory,63.4,C
186,27,Male,8.3,67.4,2,9,Yes,High,Yes,4,3,45.1,Auditory,68.9,C
187,21,Male,8.6,86.5,2,7,No,Low,Yes,5,9,45.3,Kinesthetic,74.8,C
188,19,Male,18.8,91.6,1,3,Yes,High,No,5,7,58.7,Reading/Writing,96.7,A
189,22,Female,13.3,59.3,7,4,No,High,No,0,4,84.0,Kinesthetic,82.2,B
190,23,Female,10.9,95.2,4,1,Yes,Low,No,1,1,67.6,Auditory,93.0,A
191,30,Female,5.9,80.4,3,5,No,Low,Yes,1,2,66.7,Kinesthetic,72.9,C
192,25,Female,12.8,64.0,7,3,Yes,High,No,0,8,42.0,Reading/Writing,88.6,B
193,20,Male,16.0,60.4,10,8,No,High,Yes,4,5,90.8,Auditory,100,A
194,22,Male,11.7,67.8,7,1,No,Low,Yes,5,9,82.0,Auditory,90.7,A
195,19,Male,2.6,95.7,1,5,Yes,High,Yes,2,10,97.8,Visual,76.8,B
196,27,Male,15.4,94.7,4,2,Yes,Low,No,4,6,45.8,Reading/Writing,87.9,B
197,29,Male,15.6,69.6,5,8,Yes,Low,No,0,5,78.4,Reading/Writing,89.3,B
198,26,Female,4.6,52.9,5,8,No,Low,No,5,1,98.5,Kinesthetic,61.3,C
199,20,Female,4.9,68.5,7,5,No,High,No,1,6,59.4,Visual,76.5,B
200,29,Male,11.2,65.5,2,2,Yes,Low,No,1,6,68.5,Visual,72.5,C
201,20,Female,16.2,75.1,7,10,No,Low,No,0,0,74.7,Reading/Writing,83.7,B
202,25,Female,9.6,67.3,8,9,Yes,High,Yes,3,10,95.7,Kinesthetic,82.5,B
203,25,Male,4.3,69.3,10,2,No,Low,Yes,2,6,99.6,Auditory,87.0,B
204,28,Female,12.3,89.3,8,10,Yes,High,No,0,3,93.2,Reading/Writing,88.2,B
205,21,Female,2.3,64.3,6,1,Yes,Low,No,1,3,65.0,Auditory,64.9,C
206,27,Male,2.4,92.0,4,10,No,Low,Yes,1,2,89.4,Visual,64.8,C
207,27,Female,1.4,50.7,2,6,No,Low,Yes,2,5,47.2,Reading/Writing,44.2,F
208,19,Female,10.7,61.6,6,7,Yes,High,Yes,1,8,77.8,Kinesthetic,85.1,B
209,27,Male,10.6,72.0,7,10,No,Low,Yes,5,7,74.7,Reading/Writing,73.0,C
210,30,Male,17.5,67.6,1,1,No,High,No,2,0,90.7,Reading/Writing,86.0,B
211,25,Male,4.7,56.5,5,6,No,High,No,0,9,52.1,Auditory,62.3,C
212,30,Female,9.0,53.1,1,8,No,High,Yes,1,2,86.1,Kinesthetic,71.5,C
213,20,Female,1.8,67.0,3,6,No,High,Yes,5,6,58.3,Kinesthetic,52.7,D
214,28,Male,10.5,76.6,6,9,No,Low,Yes,4,4,74.3,Kinesthetic,79.1,B
215,21,Male,4.0,63.4,2,3,Yes,Low,No,5,5,68.3,Kinesthetic,60.1,C
216,18,Female,2.0,68.0,9,6,Yes,High,Yes,2,2,83.7,Kinesthetic,79.5,B
217,25,Male,14.7,76.8,6,10,No,Low,Yes,4,9,90.0,Kinesthetic,80.7,B
218,23,Male,11.9,92.8,7,3,Yes,Low,No,3,3,75.3,Auditory,87.6,B
219,30,Male,12.0,93.8,8,2,No,High,No,4,0,68.5,Auditory,90.3,A
220,23,Female,1.2,64.9,7,1,Yes,Low,No,1,5,64.8,Visual,67.3,C
221,26,Male,7.3,77.4,2,6,Yes,Low,Yes,5,10,75.1,Kinesthetic,82.1,B
222,28,Female,13.3,99.6,5,5,No,Low,Yes,4,3,80.2,Visual,89.6,B
223,19,Male,12.6,51.6,3,7,Yes,Low,No,1,4,71.3,Auditory,73.4,C
224,27,Male,9.2,80.4,8,2,Yes,Low,Yes,4,0,80.2,Auditory,80.4,B
225,22,Male,10.3,65.8,10,3,No,Low,Yes,1,0,55.9,Auditory,72.9,C
226,20,Male,16.9,75.4,8,2,Yes,High,Yes,4,7,51.0,Kinesthetic,100,A
227,22,Female,19.0,57.6,4,10,No,High,No,5,7,63.3,Kinesthetic,86.5,B
228,24,Female,9.4,69.3,6,10,No,High,Yes,4,3,68.3,Visual,83.5,B
229,24,Male,6.6,81.7,3,5,Yes,High,Yes,3,5,47.7,Reading/Writing,72.6,C
230,19,Male,7.1,62.3,9,4,No,High,Yes,1,8,45.8,Kinesthetic,78.0,B
231,29,Male,15.4,73.5,2,3,Yes,High,Yes,1,5,81.9,Kinesthetic,91.0,A
232,29,Female,13.1,63.7,9,7,No,Low,Yes,2,10,58.3,Reading/Writing,76.9,B
233,19,Female,19.0,81.6,5,5,No,Low,Yes,2,5,68.4,Auditory,90.7,A
234,20,Female,14.7,55.6,1,4,No,Low,No,0,9,92.1,Visual,71.8,C
235,28,Female,18.1,79.3,10,9,Yes,High,Yes,5,9,91.0,Auditory,100,A
236,26,Male,14.4,73.6,9,3,No,High,No,3,1,67.5,Kinesthetic,100,A
237,20,Female,11.4,74.0,7,7,Yes,Low,No,2,1,42.5,Kinesthetic,80.3,B
238,21,Male,19.8,55.3,4,9,No,High,No,3,2,56.8,Visual,87.8,B
239,21,Male,17.7,92.0,6,9,Yes,High,Yes,5,5,72.1,Kinesthetic,100,A
240,26,Male,14.9,95.9,1,1,No,Low,Yes,1,1,43.2,Visual,79.2,B
241,23,Female,16.5,76.6,1,10,No,High,Yes,3,8,76.4,Kinesthetic,88.3,B
242,29,Female,17.0,99.0,3,9,Yes,High,Yes,4,8,61.3,Kinesthetic,100,A
243,27,Female,14.8,84.8,10,8,Yes,Low,Yes,4,1,68.1,Reading/Writing,96.3,A
244,27,Male,12.0,64.0,3,8,No,Low,No,4,8,50.2,Reading/Writing,75.8,B
245,19,Female,7.8,55.4,2,5,No,High,Yes,5,3,71.4,Kinesthetic,74.4,C
246,30,Female,14.8,76.3,2,1,No,High,Yes,3,4,70.0,Kinesthetic,82.5,B
247,30,Male,1.7,92.4,10,10,Yes,Low,No,0,9,96.6,Visual,78.7,B
248,20,Male,11.5,70.4,3,4,No,Low,No,5,3,50.6,Visual,71.1,C
249,24,Female,15.7,63.2,10,10,Yes,High,No,4,1,87.0,Visual,100,A
250,19,Female,18.2,53.2,4,2,Yes,High,No,0,10,97.0,Visual,100,A
251,18,Male,3.9,57.3,3,3,No,High,Yes,4,0,56.9,Reading/Writing,67.7,C
252,20,Male,11.3,85.8,6,6,Yes,High,Yes,4,0,45.8,Auditory,94.3,A
253,28,Male,8.0,81.7,5,10,No,Low,Yes,3,2,67.3,Visual,66.4,C
254,19,Male,10.7,73.0,1,6,No,High,No,1,10,90.7,Reading/Writing,72.2,C
255,26,Female,11.5,69.7,1,2,No,High,Yes,5,0,100.0,Reading/Writing,85.2,B
256,25,Male,10.1,67.8,9,10,No,High,No,3,2,60.8,Kinesthetic,83.2,B
257,22,Female,6.3,88.5,3,3,Yes,High,Yes,1,4,88.8,Auditory,91.2,A
258,24,Male,11.6,72.8,9,3,Yes,High,No,4,6,69.0,Kinesthetic,90.1,A
259,25,Female,16.7,76.5,10,5,Yes,Low,Yes,5,1,84.9,Reading/Writing,100,A
260,27,Female,5.1,50.4,2,4,Yes,High,Yes,0,7,54.7,Auditory,70.8,C
261,26,Male,3.3,73.8,4,2,Yes,High,Yes,2,1,68.5,Kinesthetic,65.9,C
262,18,Female,16.7,51.2,6,2,Yes,Low,No,2,7,69.5,Visual,87.5,B
263,23,Male,2.1,90.6,3,4,Yes,High,Yes,5,10,61.1,Reading/Writing,71.6,C
264,24,Male,10.8,88.2,3,8,Yes,Low,Yes,2,3,85.4,Auditory,86.8,B
265,22,Male,18.9,60.1,8,9,Yes,High,Yes,2,6,50.3,Reading/Writing,100,A
266,26,Male,19.2,94.8,7,2,Yes,High,No,5,0,59.8,Reading/Writing,100,A
267,18,Female,1.7,72.4,6,6,No,High,No,2,10,81.4,Kinesthetic,72.4,C
268,19,Female,2.5,83.4,10,9,No,High,No,4,6,70.5,Auditory,76.2,B
269,19,Male,8.1,93.5,10,3,No,Low,Yes,4,10,44.0,Auditory,91.9,A
270,29,Female,9.2,63.5,3,8,Yes,High,Yes,2,3,43.7,Visual,73.1,C
271,30,Male,4.5,99.2,6,9,No,Low,Yes,4,10,87.9,Kinesthetic,79.4,B
272,26,Male,7.6,60.1,9,10,Yes,High,No,0,1,63.0,Kinesthetic,68.5,C
273,26,Female,12.9,88.9,2,10,No,High,No,0,7,80.6,Auditory,79.6,B
274,21,Male,11.3,67.2,4,1,No,High,Yes,2,3,63.3,Reading/Writing,76.3,B
275,27,Male,18.6,95.0,8,3,Yes,Low,No,1,1,65.9,Visual,100,A
276,21,Female,9.9,76.9,6,4,No,High,No,1,0,63.1,Visual,77.0,B
277,24,Female,1.6,81.9,1,2,Yes,High,No,1,3,95.1,Auditory,67.4,C
278,25,Male,10.6,84.4,6,5,No,Low,No,2,8,65.6,Reading/Writing,89.6,B
279,30,Female,4.3,58.1,5,6,Yes,High,Yes,5,9,72.2,Auditory,76.6,B
280,28,Male,6.9,90.5,8,3,Yes,High,No,3,9,87.4,Reading/Writing,95.8,A
281,21,Male,6.0,97.2,5,1,Yes,Low,No,4,0,44.6,Reading/Writing,73.8,C
282,29,Female,1.4,94.3,5,5,No,High,Yes,2,5,83.0,Reading/Writing,66.3,C
283,24,Female,5.8,64.9,6,9,No,High,No,0,10,68.3,Kinesthetic,74.1,C
284,22,Female,14.6,85.4,3,1,No,High,No,0,5,82.9,Kinesthetic,100,A
285,23,Female,12.0,63.6,5,4,Yes,Low,Yes,1,4,87.3,Visual,84.0,B
286,21,Female,19.3,64.5,7,10,No,High,Yes,2,4,79.2,Reading/Writing,88.8,B
287,20,Female,7.5,91.0,3,6,No,Low,No,4,8,77.0,Visual,78.4,B
288,22,Male,1.8,58.4,4,9,Yes,Low,Yes,0,1,88.8,Reading/Writing,58.1,D
289,23,Male,14.3,86.9,4,8,Yes,High,No,1,9,74.3,Reading/Writing,91.8,A
290,18,Male,4.6,60.2,2,5,No,Low,No,3,5,49.3,Kinesthetic,52.7,D
291,25,Female,11.1,81.1,4,6,Yes,High,Yes,3,10,70.3,Visual,89.0,B
292,27,Female,16.4,58.9,9,7,Yes,High,No,0,6,41.5,Kinesthetic,86.4,B
293,25,Female,7.5,83.9,8,1,No,Low,No,2,3,89.5,Reading/Writing,84.7,B
294,29,Male,5.7,78.7,10,6,No,High,No,4,5,55.8,Visual,72.8,C
295,25,Male,10.3,80.8,3,9,No,Low,No,1,7,42.7,Visual,62.4,C
296,27,Female,6.6,56.0,10,3,No,Low,No,4,1,71.5,Auditory,80.2,B
297,21,Female,1.6,70.8,9,4,No,Low,No,1,1,62.5,Reading/Writing,67.7,C
298,30,Male,3.7,79.3,6,2,No,Low,Yes,1,6,40.0,Auditory,59.2,D
299,19,Female,9.1,78.8,5,1,Yes,Low,Yes,4,1,82.3,Auditory,85.8,B
300,18,Female,11.3,65.5,6,3,No,Low,No,1,10,60.2,Auditory,85.6,B
301,27,Female,8.5,86.9,4,4,Yes,Low,No,0,5,90.5,Visual,80.8,B
302,19,Male,11.5,66.4,2,8,No,High,Yes,3,8,80.1,Visual,74.6,C
303,29,Male,17.9,71.4,2,3,Yes,High,Yes,3,1,43.2,Kinesthetic,98.2,A
304,24,Male,16.5,50.3,2,1,Yes,High,Yes,4,10,73.3,Kinesthetic,91.0,A
305,18,Male,12.1,50.9,1,8,No,Low,Yes,4,10,69.0,Auditory,73.9,C
306,28,Male,19.7,94.8,9,8,Yes,High,No,1,3,88.9,Auditory,100,A
307,22,Male,14.1,77.5,3,1,Yes,High,Yes,0,0,53.6,Reading/Writing,94.5,A
308,25,Female,17.3,77.0,4,3,Yes,Low,No,0,3,47.8,Reading/Writing,96.8,A
309,20,Male,9.8,64.1,7,5,Yes,High,No,4,1,62.2,Auditory,86.7,B
310,26,Male,8.4,92.5,1,1,No,High,Yes,0,1,58.2,Reading/Writing,79.6,B
311,25,Female,18.0,71.1,1,5,Yes,Low,Yes,2,1,76.7,Auditory,92.5,A
312,23,Female,10.0,67.4,10,3,No,Low,Yes,4,7,58.5,Reading/Writing,82.9,B
313,21,Female,17.6,85.6,2,8,No,High,Yes,1,0,97.6,Reading/Writing,85.3,B
314,18,Female,12.1,64.4,6,8,No,Low,Yes,1,6,57.2,Kinesthetic,80.7,B
315,22,Female,6.7,94.0,1,6,No,High,Yes,4,6,46.4,Visual,69.1,C
316,22,Male,15.1,50.8,7,5,Yes,Low,Yes,4,4,68.2,Visual,79.3,B
317,18,Female,15.7,71.3,2,7,No,High,Yes,2,6,49.8,Reading/Writing,77.7,B
318,25,Male,14.7,89.9,8,3,No,Low,No,4,7,76.9,Kinesthetic,90.6,A
319,20,Female,11.9,96.1,3,7,Yes,Low,No,5,8,96.7,Kinesthetic,88.5,B
320,28,Male,15.3,62.2,9,10,No,Low,Yes,2,9,43.5,Auditory,83.4,B
321,26,Female,14.5,72.6,2,5,Yes,High,No,5,3,49.1,Reading/Writing,80.8,B
322,20,Female,3.5,65.6,9,1,No,Low,Yes,3,5,55.7,Auditory,64.7,C
323,30,Female,16.4,82.1,2,3,No,Low,Yes,0,4,48.2,Visual,85.7,B
324,27,Male,3.9,52.5,2,5,No,High,No,1,7,88.2,Visual,66.3,C
325,30,Female,2.2,61.1,5,3,Yes,Low,Yes,4,10,51.5,Kinesthetic,58.4,D
326,27,Male,1.6,52.8,9,8,No,Low,No,5,5,70.5,Auditory,64.3,C
327,30,Male,4.8,94.6,6,7,Yes,Low,Yes,2,7,91.6,Kinesthetic,75.5,B
328,19,Male,13.7,69.2,3,1,Yes,High,No,3,5,42.4,Reading/Writing,79.7,B
329,29,Female,6.9,94.4,8,8,Yes,High,No,3,8,63.7,Visual,94.9,A
330,24,Female,11.3,95.8,1,4,Yes,Low,Yes,2,0,82.4,Auditory,81.3,B
331,29,Female,1.3,67.1,6,1,No,Low,No,3,0,78.1,Visual,64.3,C
332,25,Male,13.2,75.8,1,7,Yes,High,Yes,5,8,97.7,Visual,92.8,A
333,27,Female,15.3,60.9,2,10,No,Low,Yes,3,9,40.7,Auditory,75.5,B
334,26,Male,9.8,63.0,10,4,No,High,No,3,0,85.6,Auditory,85.3,B
335,28,Male,7.2,69.7,5,6,Yes,Low,Yes,4,0,43.2,Visual,60.9,C
336,18,Male,15.2,77.2,1,3,No,High,Yes,2,7,64.4,Kinesthetic,80.5,B
337,28,Male,17.4,52.5,9,4,No,High,No,4,5,70.8,Visual,98.7,A
338,25,Male,3.3,80.2,5,8,Yes,Low,No,3,4,41.9,Reading/Writing,68.5,C
339,30,Male,15.0,59.0,9,8,Yes,High,Yes,1,4,84.1,Visual,97.9,A
340,29,Male,13.2,57.6,5,4,Yes,High,Yes,2,10,58.7,Visual,94.7,A
341,26,Female,3.3,77.6,4,8,No,Low,Yes,4,8,93.6,Reading/Writing,65.4,C
342,22,Female,6.7,98.8,5,7,Yes,High,No,0,1,56.3,Reading/Writing,76.6,B
343,20,Male,12.0,79.1,6,2,Yes,Low,Yes,1,6,58.3,Kinesthetic,87.6,B
344,18,Female,7.2,77.4,1,2,Yes,Low,No,1,7,56.6,Kinesthetic,75.8,B
345,23,Female,13.4,53.0,9,2,Yes,High,Yes,3,0,72.8,Reading/Writing,98.4,A
346,28,Male,16.5,87.9,4,4,Yes,High,Yes,2,0,83.1,Kinesthetic,100,A
347,26,Female,5.7,65.0,5,3,No,High,No,3,10,79.8,Kinesthetic,75.6,B
348,19,Female,7.9,96.4,3,3,No,Low,Yes,0,5,99.4,Kinesthetic,80.9,B
349,26,Male,3.4,79.0,5,6,Yes,Low,No,4,2,94.5,Kinesthetic,66.2,C
350,18,Male,13.6,70.9,1,10,No,High,Yes,5,1,48.9,Kinesthetic,65.6,C
351,30,Male,8.8,72.2,9,5,Yes,Low,No,4,8,41.8,Auditory,87.5,B
352,30,Male,6.6,87.3,4,5,Yes,Low,Yes,2,0,56.3,Auditory,77.0,B
353,20,Female,8.7,85.6,7,6,Yes,High,No,5,6,80.5,Kinesthetic,96.9,A
354,18,Male,11.6,81.0,5,3,No,High,Yes,5,8,54.6,Kinesthetic,95.8,A
355,18,Male,5.8,80.8,10,7,No,Low,No,1,1,76.5,Visual,68.8,C
356,30,Female,15.5,74.9,6,8,No,High,No,3,4,70.4,Auditory,89.1,B
357,20,Female,17.1,58.2,3,7,No,High,No,3,8,99.4,Kinesthetic,95.3,A
358,30,Male,13.2,69.5,2,9,Yes,High,No,4,6,85.3,Auditory,92.6,A
359,18,Male,9.1,55.8,2,10,Yes,Low,No,3,6,88.5,Kinesthetic,70.1,C
360,25,Male,9.5,53.4,7,4,No,Low,No,1,5,74.3,Visual,73.0,C
361,28,Female,2.7,85.8,2,3,No,High,Yes,0,9,58.2,Visual,61.9,C
362,29,Female,12.6,62.0,5,2,Yes,Low,No,5,1,72.1,Kinesthetic,76.8,B
363,26,Male,18.4,94.4,1,2,Yes,Low,Yes,1,2,67.7,Auditory,97.4,A
364,25,Male,19.7,92.2,8,3,Yes,Low,Yes,5,5,92.0,Reading/Writing,100,A
365,25,Male,10.3,52.2,4,6,No,High,Yes,4,7,64.6,Visual,66.0,C
366,29,Male,11.5,87.0,6,1,Yes,High,Yes,0,2,95.6,Auditory,90.2,A
367,26,Male,5.6,99.4,4,4,Yes,Low,Yes,1,5,95.2,Visual,89.1,B
368,22,Female,14.0,50.7,10,10,Yes,Low,Yes,1,7,44.1,Visual,72.8,C
369,28,Female,6.9,91.3,10,5,Yes,High,No,4,4,98.7,Reading/Writing,91.3,A
370,30,Female,7.4,68.7,6,9,Yes,Low,Yes,4,5,91.3,Reading/Writing,74.0,C
371,25,Male,5.5,75.2,3,8,No,Low,Yes,4,5,67.6,Auditory,65.8,C
372,23,Female,3.1,82.4,10,4,No,Low,Yes,0,10,69.8,Auditory,72.2,C
373,27,Male,19.9,73.7,10,10,No,High,Yes,3,2,90.6,Reading/Writing,100,A
374,19,Female,11.3,97.8,4,3,No,High,No,4,7,96.9,Auditory,98.8,A
375,28,Male,15.1,67.1,3,5,Yes,Low,Yes,3,1,58.1,Reading/Writing,80.6,B
376,18,Male,16.6,76.9,4,7,Yes,High,Yes,2,5,46.5,Visual,98.6,A
377,28,Male,19.9,86.4,4,10,No,High,No,2,10,95.4,Kinesthetic,100,A
378,23,Male,10.4,95.7,10,6,No,High,No,5,6,52.0,Visual,95.7,A
379,21,Female,14.8,73.7,10,4,Yes,Low,No,0,10,82.5,Visual,100,A
380,30,Male,8.3,89.3,9,1,No,High,No,0,1,87.7,Reading/Writing,91.4,A
381,18,Female,16.7,94.6,7,3,No,Low,Yes,4,4,67.8,Kinesthetic,100,A
382,29,Female,14.0,79.2,5,6,No,High,No,5,10,42.3,Auditory,86.7,B
383,25,Male,3.0,95.9,1,1,Yes,Low,Yes,5,7,64.7,Visual,69.7,C
384,23,Female,11.2,50.3,6,6,No,High,No,2,9,91.8,Auditory,87.8,B
385,18,Female,12.6,65.5,9,6,Yes,Low,Yes,1,7,55.9,Visual,85.8,B
386,22,Female,19.0,79.3,7,7,No,Low,Yes,2,1,67.8,Kinesthetic,86.1,B
387,27,Female,1.8,52.3,8,3,No,High,No,3,5,95.1,Reading/Writing,70.7,C
388,28,Female,14.1,59.5,10,1,No,High,Yes,0,4,53.8,Kinesthetic,83.8,B
389,18,Male,14.3,84.8,1,6,Yes,High,Yes,5,10,46.2,Kinesthetic,82.2,B
390,27,Female,2.4,68.0,6,4,Yes,Low,Yes,3,3,45.6,Auditory,64.3,C
391,23,Female,18.7,85.7,8,1,Yes,Low,Yes,0,2,46.8,Reading/Writing,97.9,A
392,22,Male,9.6,72.5,1,3,No,Low,Yes,4,5,73.4,Kinesthetic,66.3,C
393,27,Female,4.0,88.6,6,7,No,Low,Yes,0,10,89.1,Auditory,73.6,C
394,25,Male,10.7,66.5,4,7,No,High,No,0,10,43.5,Reading/Writing,75.9,B
395,30,Female,13.9,93.4,4,1,No,High,No,1,4,77.1,Kinesthetic,90.3,A
396,29,Male,16.5,83.1,7,6,Yes,Low,No,5,6,90.3,Reading/Writing,100,A
397,26,Female,2.2,59.7,2,1,No,Low,Yes,2,6,68.0,Reading/Writing,59.5,D
398,27,Female,17.4,85.1,1,10,No,High,Yes,4,5,66.4,Reading/Writing,86.9,B
399,21,Male,2.0,70.8,9,6,No,Low,Yes,3,7,49.5,Reading/Writing,69.4,C
400,23,Female,17.6,90.8,3,4,Yes,High,Yes,1,6,73.3,Kinesthetic,100,A
401,22,Female,1.7,57.7,2,9,No,Low,No,1,4,98.5,Kinesthetic,51.0,D
402,18,Female,1.9,97.7,2,3,No,High,No,2,7,53.1,Auditory,72.5,C
403,24,Female,6.6,98.8,5,7,No,High,No,4,3,71.1,Visual,80.9,B
404,27,Female,18.7,56.3,10,2,Yes,High,Yes,3,0,67.0,Auditory,95.6,A
405,25,Male,5.9,55.5,4,7,Yes,High,No,5,10,67.2,Visual,69.2,C
406,27,Male,19.9,59.5,3,6,No,Low,Yes,4,9,47.2,Visual,79.5,B
407,18,Female,5.3,95.4,7,1,No,High,No,4,1,72.0,Visual,84.1,B
408,24,Female,1.5,77.8,10,7,Yes,High,Yes,3,7,40.1,Kinesthetic,81.5,B
409,30,Male,3.5,50.8,1,8,Yes,Low,Yes,2,8,44.5,Visual,43.5,F
410,29,Male,1.2,97.8,5,8,No,Low,Yes,4,8,98.6,Reading/Writing,77.1,B
411,29,Male,18.5,59.7,6,4,No,Low,Yes,3,3,72.1,Auditory,86.4,B
412,23,Female,12.7,69.4,10,1,No,Low,No,0,0,76.4,Reading/Writing,81.2,B
413,22,Female,12.8,99.5,7,4,No,High,Yes,2,6,96.1,Reading/Writing,100,A
414,28,Female,9.9,93.6,3,1,Yes,High,Yes,4,0,84.1,Auditory,94.9,A
415,20,Female,3.4,86.2,6,9,No,High,No,0,4,73.3,Visual,71.3,C
416,28,Male,6.7,68.6,4,2,Yes,Low,No,5,7,71.2,Auditory,73.6,C
417,18,Female,9.2,56.7,5,5,Yes,Low,Yes,2,0,47.3,Reading/Writing,68.1,C
418,20,Male,6.8,99.6,8,3,No,Low,No,1,8,61.6,Auditory,80.6,B
419,28,Male,10.2,83.8,6,8,No,High,No,3,7,53.3,Visual,78.8,B
420,22,Male,7.6,89.0,6,6,No,High,No,1,8,72.4,Kinesthetic,85.1,B
421,21,Female,15.2,92.1,4,8,No,High,Yes,0,2,41.7,Visual,87.1,B
422,23,Male,13.3,87.6,2,3,Yes,Low,No,3,3,59.4,Kinesthetic,85.1,B
423,19,Female,13.8,88.9,6,8,No,Low,No,0,7,92.4,Reading/Writing,88.7,B
424,19,Female,17.6,60.2,6,4,No,High,Yes,2,1,84.6,Auditory,95.6,A
425,22,Female,7.9,87.3,3,10,No,Low,No,5,0,65.7,Kinesthetic,71.4,C
426,27,Female,2.5,99.3,4,6,Yes,Low,Yes,1,9,80.1,Kinesthetic,76.4,B
427,21,Female,9.9,98.6,7,1,No,Low,No,1,2,66.8,Auditory,85.6,B
428,26,Female,8.4,97.2,2,9,Yes,Low,No,5,6,59.6,Auditory,80.4,B
429,27,Male,12.5,82.2,10,3,No,Low,No,5,2,80.5,Reading/Writing,99.9,A
430,27,Male,15.3,51.1,1,1,Yes,High,No,0,9,69.9,Kinesthetic,84.9,B
431,18,Female,7.1,55.6,4,4,Yes,Low,Yes,2,0,84.8,Visual,76.3,B
432,22,Female,18.8,98.2,10,1,Yes,High,No,0,3,93.0,Auditory,100,A
433,21,Male,13.6,59.8,5,5,No,High,No,0,4,79.5,Kinesthetic,90.5,A
434,22,Female,2.0,67.2,2,6,Yes,High,Yes,4,6,45.8,Reading/Writing,59.4,D
435,22,Female,8.2,67.2,9,2,No,Low,No,2,3,96.9,Kinesthetic,88.9,B
436,30,Male,19.9,62.4,5,7,Yes,Low,No,2,10,47.6,Visual,89.0,B
437,30,Female,12.1,64.7,4,4,No,High,No,5,7,65.1,Kinesthetic,89.1,B
438,25,Female,7.0,91.7,8,7,No,High,Yes,4,0,49.0,Auditory,72.9,C
439,29,Male,11.4,55.0,4,10,Yes,High,No,4,10,79.3,Visual,78.9,B
440,25,Male,16.0,69.1,3,2,Yes,High,Yes,0,7,43.5,Reading/Writing,86.8,B
441,19,Female,10.3,84.4,1,6,Yes,Low,No,1,8,54.2,Visual,80.8,B
442,24,Male,1.3,61.8,7,5,Yes,Low,Yes,1,5,77.9,Kinesthetic,71.7,C
443,18,Female,10.7,55.6,5,6,Yes,High,No,3,1,79.7,Visual,72.7,C
444,30,Female,5.6,74.8,5,8,Yes,High,No,0,5,93.4,Reading/Writing,82.1,B
445,18,Female,17.6,75.5,7,7,Yes,High,Yes,1,5,84.0,Auditory,100,A
446,20,Female,7.3,94.9,10,6,Yes,High,Yes,2,0,40.3,Kinesthetic,86.6,B
447,27,Female,8.1,80.1,3,8,No,Low,No,3,0,78.0,Auditory,72.5,C
448,23,Female,11.4,71.4,3,9,Yes,Low,Yes,2,2,53.3,Visual,69.5,C
449,26,Female,15.6,57.7,4,2,No,High,Yes,5,9,63.0,Kinesthetic,89.2,B
450,22,Female,11.6,93.6,1,2,No,High,Yes,2,7,81.6,Kinesthetic,95.9,A
451,19,Female,1.8,96.6,4,1,No,High,No,0,8,43.7,Kinesthetic,72.3,C
452,20,Female,7.6,66.9,2,10,No,Low,No,5,7,56.7,Kinesthetic,65.1,C
453,28,Female,5.2,78.6,9,3,No,Low,No,5,4,78.9,Kinesthetic,73.9,C
454,19,Male,8.1,57.3,2,5,No,Low,No,3,5,89.9,Auditory,71.0,C
455,24,Male,1.8,60.4,1,8,Yes,High,No,1,6,58.7,Reading/Writing,52.3,D
456,24,Female,4.3,99.9,7,6,Yes,Low,Yes,5,3,42.7,Reading/Writing,69.4,C
457,27,Male,3.4,94.7,3,3,Yes,High,Yes,3,4,78.7,Kinesthetic,80.1,B
458,26,Female,2.8,85.3,1,5,Yes,High,No,0,0,75.4,Kinesthetic,64.3,C
459,20,Male,8.9,97.0,10,3,Yes,Low,Yes,3,7,93.5,Auditory,100,A
460,20,Male,3.3,58.1,2,6,No,High,No,1,1,64.8,Reading/Writing,48.9,F
461,22,Female,14.1,61.5,9,6,Yes,High,No,2,0,93.4,Auditory,100,A
462,26,Male,5.3,62.3,10,8,Yes,Low,No,2,9,96.6,Visual,74.1,C
463,29,Male,2.5,85.9,4,8,No,High,Yes,3,10,69.6,Auditory,70.2,C
464,23,Female,11.3,90.1,10,1,Yes,Low,Yes,2,10,48.0,Visual,89.3,B
465,23,Female,1.5,57.1,1,2,No,High,Yes,5,8,98.9,Visual,67.2,C
466,30,Male,8.3,91.9,7,7,No,Low,Yes,4,0,97.9,Visual,79.7,B
467,24,Female,16.7,61.1,10,7,Yes,High,No,2,5,83.9,Auditory,96.0,A
468,18,Male,14.3,52.7,4,8,Yes,High,Yes,0,2,53.3,Auditory,79.6,B
469,29,Female,16.0,62.4,4,5,Yes,Low,No,0,3,94.9,Visual,94.8,A
470,30,Female,17.4,59.3,4,1,Yes,Low,Yes,0,6,95.5,Auditory,94.2,A
471,20,Female,2.5,55.7,10,3,No,High,No,2,10,57.2,Auditory,68.9,C
472,30,Male,6.7,69.5,3,3,No,Low,No,2,7,69.7,Auditory,62.5,C
473,27,Male,18.5,62.3,5,10,Yes,High,No,0,0,43.9,Kinesthetic,80.0,B
474,25,Female,12.4,81.8,9,9,No,High,Yes,3,3,55.4,Visual,81.5,B
475,21,Male,8.7,82.5,6,4,No,High,Yes,3,5,83.0,Reading/Writing,88.4,B
476,30,Male,13.0,58.0,8,10,No,High,Yes,3,1,61.8,Reading/Writing,84.6,B
477,20,Female,10.6,64.9,8,6,No,Low,Yes,1,2,86.1,Kinesthetic,72.7,C
478,28,Male,10.6,63.3,6,9,Yes,High,Yes,1,10,69.5,Auditory,79.5,B
479,29,Female,4.8,71.4,4,8,Yes,Low,Yes,2,6,82.4,Visual,76.2,B
480,23,Female,14.4,90.1,3,4,No,High,No,1,1,99.3,Visual,92.8,A
481,19,Male,8.5,71.3,2,1,Yes,High,Yes,0,1,79.5,Kinesthetic,82.4,B
482,19,Female,15.3,50.2,7,6,No,Low,No,3,0,72.8,Visual,79.9,B
483,22,Male,4.8,96.3,6,8,Yes,Low,Yes,1,6,50.6,Reading/Writing,75.4,B
484,28,Female,11.6,51.3,8,8,No,Low,Yes,4,10,65.7,Auditory,84.0,B
485,19,Female,11.1,77.5,10,1,No,High,No,0,2,63.2,Visual,90.2,A
486,21,Male,1.2,63.4,3,10,No,High,No,4,10,89.9,Auditory,61.3,C
487,21,Male,16.5,67.6,10,9,No,Low,No,4,8,43.3,Reading/Writing,80.9,B
488,21,Female,13.7,95.8,7,7,Yes,High,No,3,0,59.5,Reading/Writing,100,A
489,23,Male,18.9,79.4,4,3,Yes,Low,Yes,0,9,96.4,Visual,98.9,A
490,25,Female,9.0,68.0,8,1,Yes,High,Yes,1,1,52.2,Visual,88.2,B
491,22,Male,4.1,92.6,10,5,Yes,High,Yes,5,5,59.7,Reading/Writing,89.6,B
492,18,Female,19.2,50.6,1,8,No,Low,No,4,1,46.1,Reading/Writing,73.1,C
493,19,Female,7.4,52.5,6,5,Yes,Low,No,0,5,78.3,Auditory,69.9,C
494,27,Female,2.6,91.3,1,7,Yes,High,Yes,1,10,94.4,Kinesthetic,78.4,B
495,30,Male,2.3,67.3,2,6,No,Low,Yes,3,9,95.5,Reading/Writing,65.2,C
496,22,Male,19.3,69.2,8,8,Yes,Low,Yes,4,0,78.7,Visual,100,A
497,30,Male,6.4,86.7,8,2,No,High,Yes,3,5,96.6,Kinesthetic,94.4,A
498,19,Male,14.0,60.0,1,7,No,Low,Yes,1,4,81.3,Auditory,68.4,C
499,22,Female,11.5,82.6,10,3,Yes,Low,Yes,3,9,77.0,Visual,100,A
500,24,Female,17.4,71.1,7,10,No,Low,No,0,1,84.0,Visual,93.3,A
501,27,Female,13.3,67.3,4,10,No,Low,Yes,3,3,42.3,Reading/Writing,68.2,C
502,30,Female,6.6,73.8,4,8,Yes,High,No,0,0,86.2,Auditory,66.7,C
503,20,Female,16.9,64.7,8,5,Yes,Low,Yes,5,0,74.7,Auditory,93.4,A
504,21,Male,3.5,70.0,10,2,No,High,Yes,4,8,76.8,Visual,80.6,B
505,24,Male,15.2,59.3,7,1,No,Low,No,0,8,46.1,Reading/Writing,81.8,B
506,30,Female,16.0,95.2,6,2,No,Low,No,3,3,81.3,Auditory,93.3,A
507,28,Male,11.9,84.4,8,8,No,Low,No,1,9,84.9,Visual,85.4,B
508,29,Female,9.0,66.3,8,8,No,Low,No,4,10,81.1,Visual,76.9,B
509,24,Male,13.7,69.4,2,4,Yes,High,Yes,3,6,41.3,Visual,75.5,B
510,26,Female,6.6,97.3,5,8,No,Low,Yes,2,6,68.2,Auditory,72.3,C
511,24,Male,18.9,69.8,6,7,Yes,High,No,1,1,42.4,Reading/Writing,91.1,A
512,25,Female,11.3,71.5,4,9,Yes,High,Yes,5,5,66.4,Auditory,80.0,B
513,29,Male,3.9,58.7,3,5,Yes,High,Yes,1,8,56.9,Reading/Writing,57.9,D
514,19,Female,12.7,54.3,6,7,Yes,High,No,5,8,52.5,Kinesthetic,78.7,B
515,19,Female,10.5,51.3,7,5,No,Low,Yes,0,0,88.9,Auditory,78.8,B
516,21,Female,13.4,60.9,4,2,No,Low,No,4,1,76.0,Auditory,73.6,C
517,19,Female,15.2,57.4,4,8,Yes,Low,No,3,7,43.2,Kinesthetic,74.2,C
518,25,Male,2.5,65.8,10,4,Yes,Low,Yes,0,1,68.1,Auditory,70.1,C
519,30,Female,2.9,83.1,4,9,Yes,High,Yes,2,8,93.6,Kinesthetic,83.0,B
520,20,Female,3.3,55.8,1,1,Yes,High,Yes,0,2,85.8,Auditory,60.3,C
521,28,Male,14.1,74.7,3,10,Yes,High,No,2,0,93.3,Reading/Writing,86.3,B
522,22,Female,16.1,99.8,4,3,No,Low,No,2,1,63.8,Reading/Writing,99.5,A
523,21,Female,11.5,62.4,10,2,Yes,Low,Yes,1,8,73.3,Visual,83.6,B
524,23,Male,9.0,96.2,9,4,No,High,Yes,5,4,71.5,Kinesthetic,98.4,A
525,30,Male,5.0,87.8,7,9,Yes,High,No,1,9,98.1,Auditory,88.1,B
526,30,Female,8.9,90.3,5,9,No,High,No,0,5,87.6,Visual,81.8,B
527,18,Female,2.6,83.0,8,5,No,High,Yes,1,8,81.7,Auditory,78.9,B
528,19,Female,3.7,56.7,1,8,No,Low,No,2,3,41.3,Visual,40.1,F
529,28,Male,16.0,96.4,4,2,Yes,Low,No,1,10,90.6,Kinesthetic,97.9,A
530,21,Male,11.3,59.6,2,8,No,High,Yes,0,6,53.5,Visual,66.6,C
531,21,Female,12.1,99.4,2,4,Yes,Low,Yes,1,9,46.6,Kinesthetic,80.2,B
532,23,Male,3.7,87.6,3,5,No,Low,Yes,5,9,68.3,Kinesthetic,74.9,C
533,26,Female,14.7,95.6,1,6,Yes,Low,No,2,1,53.3,Visual,89.3,B
534,25,Male,4.4,77.1,7,3,Yes,High,No,3,9,45.1,Auditory,83.0,B
535,19,Male,7.3,79.8,8,7,Yes,High,Yes,3,9,53.1,Reading/Writing,78.0,B
536,20,Female,3.4,69.4,6,5,Yes,Low,Yes,3,5,65.8,Kinesthetic,73.9,C
537,29,Female,1.0,63.0,4,4,No,Low,No,4,3,59.2,Kinesthetic,51.6,D
538,18,Male,16.2,76.6,1,9,No,High,No,2,1,99.6,Auditory,93.7,A
539,20,Female,8.9,98.4,2,4,Yes,High,Yes,3,3,80.2,Kinesthetic,95.6,A
540,26,Male,14.1,69.9,4,6,Yes,Low,No,1,5,56.7,Auditory,75.2,B
541,26,Female,15.4,88.0,2,9,Yes,High,Yes,4,2,78.2,Auditory,96.7,A
542,28,Male,10.3,99.7,1,6,No,High,No,5,9,52.4,Kinesthetic,84.6,B
543,20,Male,13.7,92.5,1,4,Yes,Low,No,5,7,53.8,Reading/Writing,88.4,B
544,23,Female,18.0,56.1,1,6,No,High,No,2,2,88.6,Reading/Writing,91.1,A
545,22,Female,9.4,96.4,10,6,Yes,High,Yes,5,5,94.0,Visual,100,A
546,26,Male,8.3,76.8,7,8,Yes,High,Yes,5,4,41.4,Visual,78.2,B
547,22,Female,3.8,80.7,10,10,No,Low,Yes,3,7,82.0,Reading/Writing,80.1,B
548,20,Male,18.1,67.7,6,2,No,High,Yes,4,3,96.1,Auditory,100,A
549,23,Female,13.3,53.5,7,2,Yes,High,No,5,10,77.4,Auditory,90.7,A
550,22,Female,4.1,74.0,2,1,Yes,High,Yes,2,0,68.5,Visual,67.9,C
551,30,Male,6.6,65.9,1,8,No,High,Yes,0,9,44.7,Visual,66.4,C
552,20,Male,12.8,56.4,5,5,Yes,Low,Yes,4,9,42.2,Reading/Writing,79.7,B
553,27,Female,10.3,70.6,10,7,Yes,Low,Yes,1,5,91.3,Visual,86.4,B
554,21,Female,9.4,73.2,3,7,Yes,High,No,1,2,81.2,Visual,76.0,B
555,27,Female,5.5,71.2,5,6,No,High,Yes,5,8,55.7,Reading/Writing,75.4,B
556,29,Male,11.8,83.4,10,1,No,High,Yes,0,1,98.2,Kinesthetic,96.3,A
557,20,Female,4.0,82.6,2,1,No,High,Yes,5,0,63.7,Kinesthetic,73.7,C
558,24,Female,10.1,61.0,10,3,Yes,Low,No,4,0,59.9,Visual,76.8,B
559,28,Male,8.5,99.7,8,3,No,Low,No,3,8,59.5,Kinesthetic,92.3,A
560,28,Male,8.3,88.5,4,6,Yes,High,Yes,2,0,93.4,Auditory,86.1,B
561,23,Female,8.1,98.5,5,3,Yes,Low,Yes,5,3,57.9,Reading/Writing,90.4,A
562,20,Female,13.5,76.2,9,3,Yes,Low,No,0,8,74.8,Visual,100,A
563,19,Male,8.8,73.9,10,7,No,High,No,4,8,65.1,Auditory,79.5,B
564,18,Male,9.4,84.2,2,7,No,High,No,3,2,80.9,Auditory,74.9,C
565,18,Male,1.9,73.6,1,8,No,High,No,5,8,85.6,Auditory,68.6,C
566,19,Female,16.0,59.0,9,3,Yes,High,Yes,4,3,69.0,Kinesthetic,100,A
567,24,Female,7.3,56.7,1,4,No,High,No,0,2,59.8,Visual,54.3,D
568,20,Female,16.9,96.0,2,8,Yes,Low,Yes,4,2,56.7,Visual,87.9,B
569,20,Male,2.9,51.5,1,1,Yes,High,Yes,0,3,71.0,Auditory,55.3,D
570,28,Female,9.8,60.0,1,3,No,Low,No,1,8,99.0,Auditory,79.1,B
571,25,Female,16.1,74.3,1,2,Yes,High,Yes,5,0,48.9,Auditory,96.3,A
572,24,Female,10.0,53.4,1,10,Yes,High,No,2,3,91.1,Reading/Writing,72.5,C
573,30,Female,4.5,65.1,5,4,No,High,Yes,2,0,43.8,Auditory,60.8,C
574,18,Female,12.6,98.3,8,3,No,Low,Yes,5,10,85.0,Auditory,98.2,A
575,21,Male,17.4,93.5,4,6,No,Low,No,2,4,64.8,Auditory,93.7,A
576,18,Female,11.8,97.0,9,7,Yes,High,No,0,0,66.8,Kinesthetic,100,A
577,24,Male,11.7,95.5,5,10,Yes,High,Yes,2,10,71.0,Kinesthetic,98.4,A
578,28,Male,9.6,74.2,7,2,No,Low,No,5,0,62.5,Auditory,76.1,B
579,20,Male,14.1,68.6,9,8,Yes,High,Yes,5,10,49.6,Kinesthetic,95.9,A
580,20,Male,7.9,52.6,7,8,No,Low,Yes,2,0,44.8,Visual,53.4,D
581,26,Male,9.0,87.0,8,10,Yes,Low,No,3,7,44.5,Kinesthetic,79.9,B
582,25,Female,10.3,56.3,4,6,Yes,Low,Yes,1,9,98.9,Visual,82.8,B
583,19,Female,4.3,68.8,6,10,Yes,Low,No,3,4,49.0,Visual,62.1,C
584,27,Male,15.6,95.5,1,7,Yes,Low,No,4,6,78.5,Auditory,93.8,A
585,21,Male,16.0,87.5,5,2,No,Low,Yes,4,1,41.5,Reading/Writing,85.8,B
586,21,Male,17.8,61.6,2,5,No,Low,Yes,3,7,71.2,Auditory,84.3,B
587,30,Female,5.6,50.2,1,7,Yes,High,No,4,1,64.1,Kinesthetic,55.2,D
588,25,Male,13.5,62.2,1,7,Yes,Low,Yes,3,3,45.8,Reading/Writing,69.2,C
589,26,Male,13.4,81.8,7,10,Yes,High,Yes,0,3,44.7,Visual,84.4,B
590,24,Male,18.4,98.7,1,3,Yes,High,Yes,4,5,97.8,Auditory,100,A
591,21,Male,13.2,64.6,1,10,Yes,Low,Yes,2,5,49.2,Kinesthetic,75.8,B
592,26,Female,18.7,56.9,5,4,No,Low,No,1,7,72.1,Reading/Writing,89.7,B
593,21,Female,12.2,85.7,9,9,No,Low,Yes,5,9,65.6,Auditory,85.5,B
594,19,Male,8.0,66.8,8,4,No,High,Yes,0,5,75.3,Reading/Writing,86.4,B
595,22,Female,8.7,74.1,8,7,Yes,High,No,4,7,65.5,Auditory,85.3,B
596,19,Female,16.5,70.6,2,6,No,High,No,2,6,77.3,Auditory,80.7,B
597,25,Male,8.5,73.5,3,4,No,High,No,4,10,77.2,Auditory,84.4,B
598,23,Female,6.0,65.2,3,10,No,High,No,1,2,40.6,Visual,51.8,D
599,26,Male,19.1,69.6,7,1,Yes,Low,Yes,5,9,49.4,Reading/Writing,96.2,A
600,27,Male,8.7,95.0,2,10,Yes,Low,Yes,5,9,57.1,Visual,82.5,B
601,18,Female,8.6,73.4,6,1,No,High,No,0,1,86.0,Reading/Writing,84.7,B
602,30,Male,2.4,71.9,6,5,Yes,Low,Yes,5,5,85.4,Kinesthetic,69.2,C
603,27,Female,18.2,53.9,1,10,No,High,Yes,1,4,97.0,Visual,76.2,B
604,24,Female,18.6,58.5,10,9,No,High,Yes,4,10,43.9,Auditory,96.1,A
605,30,Female,14.9,74.4,3,1,No,High,Yes,4,5,78.2,Reading/Writing,87.8,B
606,25,Female,18.7,89.1,6,3,Yes,High,No,3,10,52.5,Auditory,100,A
607,21,Male,17.2,80.6,6,7,Yes,High,Yes,4,6,61.4,Kinesthetic,92.7,A
608,28,Male,4.0,56.8,7,10,No,Low,Yes,5,4,54.6,Kinesthetic,52.0,D
609,24,Female,19.4,82.6,10,3,Yes,High,Yes,5,9,60.6,Visual,100,A
610,28,Female,7.7,85.8,3,9,Yes,High,No,5,6,49.0,Kinesthetic,78.8,B
611,22,Female,9.9,99.5,2,5,No,High,No,0,3,72.0,Kinesthetic,84.0,B
612,26,Male,2.7,74.0,7,6,No,Low,No,0,1,78.0,Reading/Writing,71.3,C
613,24,Female,16.1,95.8,4,9,Yes,Low,No,0,4,94.9,Auditory,88.5,B
614,22,Female,11.3,57.2,3,8,Yes,Low,No,4,9,58.5,Auditory,74.3,C
615,19,Male,11.0,70.1,1,1,Yes,Low,Yes,1,4,97.3,Auditory,81.9,B
616,19,Female,4.9,91.4,2,9,Yes,High,No,2,8,52.9,Auditory,74.4,C
617,28,Male,10.9,67.5,9,1,No,Low,No,2,2,92.9,Visual,86.2,B
618,26,Female,19.4,53.9,9,6,Yes,High,No,1,10,73.5,Visual,96.6,A
619,24,Male,4.4,50.6,2,5,No,High,No,5,8,88.6,Auditory,70.9,C
620,28,Female,3.9,53.0,3,7,Yes,Low,No,0,3,68.6,Visual,62.3,C
621,25,Male,6.1,99.6,1,10,Yes,Low,No,1,0,46.0,Auditory,69.3,C
622,26,Female,12.8,68.6,4,4,Yes,Low,Yes,2,10,46.6,Auditory,87.8,B
623,20,Female,8.6,74.6,9,2,Yes,High,No,0,5,45.4,Kinesthetic,86.3,B
624,22,Female,6.6,83.1,6,1,No,Low,Yes,2,9,86.5,Kinesthetic,77.0,B
625,19,Female,19.7,99.4,3,6,Yes,High,Yes,3,3,82.7,Auditory,100,A
626,29,Female,14.3,62.3,10,1,Yes,Low,No,1,3,87.0,Reading/Writing,96.4,A
627,25,Male,13.7,95.7,9,6,No,Low,No,1,9,52.9,Reading/Writing,94.4,A
628,30,Female,6.5,79.5,3,2,Yes,High,No,3,4,78.0,Reading/Writing,75.9,B
629,27,Male,3.7,94.7,4,9,Yes,High,Yes,3,8,67.2,Visual,70.0,C
630,25,Male,11.1,57.0,3,3,No,Low,Yes,4,1,85.7,Visual,73.2,C
631,18,Male,16.1,78.5,10,7,Yes,High,No,3,3,96.6,Visual,100,A
632,19,Female,13.5,81.8,9,7,Yes,Low,No,1,3,86.9,Reading/Writing,92.3,A
633,18,Male,4.2,86.7,6,2,Yes,Low,Yes,5,5,47.4,Auditory,76.9,B
634,21,Male,4.1,98.9,3,9,Yes,High,No,5,0,73.1,Reading/Writing,73.0,C
635,21,Male,9.4,85.4,5,4,Yes,Low,Yes,5,3,45.8,Kinesthetic,82.1,B
636,29,Male,8.6,81.7,5,9,No,High,Yes,1,7,71.8,Kinesthetic,79.9,B
637,18,Male,19.9,90.2,7,5,Yes,Low,No,0,4,50.1,Auditory,100,A
638,24,Male,5.1,71.1,4,4,Yes,High,No,4,1,82.2,Reading/Writing,75.2,B
639,20,Female,1.2,91.4,3,2,No,Low,No,1,10,82.5,Auditory,65.5,C
640,25,Female,17.2,66.1,8,4,Yes,Low,No,3,6,44.0,Visual,89.7,B
641,18,Female,16.4,79.1,2,7,No,High,Yes,0,7,61.3,Reading/Writing,88.5,B
642,23,Male,7.3,65.4,7,2,No,Low,No,1,5,45.1,Visual,74.2,C
643,25,Male,13.6,82.4,2,2,Yes,Low,Yes,3,5,46.2,Visual,90.7,A
644,30,Female,4.8,62.0,4,2,No,Low,No,5,0,70.9,Reading/Writing,60.7,C
645,23,Male,5.2,78.1,9,10,No,High,No,2,3,67.3,Visual,80.3,B
646,28,Male,17.8,76.2,6,6,No,Low,Yes,0,2,71.4,Visual,81.7,B
647,20,Male,6.8,76.8,10,7,Yes,Low,Yes,5,1,96.0,Visual,90.9,A
648,18,Male,19.5,56.2,7,7,Yes,High,Yes,3,1,84.7,Reading/Writing,98.6,A
649,30,Male,7.8,63.2,4,5,Yes,Low,No,0,4,57.0,Auditory,61.3,C
650,27,Female,8.1,62.7,4,3,No,Low,No,5,10,61.0,Visual,66.1,C
651,28,Male,18.5,60.5,3,6,Yes,Low,Yes,4,9,67.5,Kinesthetic,85.9,B
652,28,Female,15.4,67.1,2,8,Yes,Low,Yes,3,5,61.7,Visual,82.6,B
653,23,Female,18.1,75.0,5,1,Yes,Low,Yes,5,3,48.1,Visual,99.8,A
654,19,Male,1.1,63.7,3,7,No,Low,No,1,3,54.9,Reading/Writing,46.5,F
655,21,Female,17.6,94.3,10,1,Yes,Low,Yes,3,4,89.3,Auditory,100,A
656,26,Female,17.3,67.5,1,3,No,High,No,2,4,71.6,Visual,89.1,B
657,23,Female,15.2,97.7,3,7,No,Low,No,1,4,49.7,Reading/Writing,84.1,B
658,29,Male,13.0,60.3,6,2,No,Low,No,3,7,93.3,Auditory,87.5,B
659,18,Female,13.1,78.1,9,5,Yes,Low,Yes,0,6,76.4,Kinesthetic,87.0,B
660,28,Male,11.0,98.6,5,3,Yes,High,No,4,9,80.0,Reading/Writing,100,A
661,26,Male,4.5,72.1,9,7,Yes,Low,Yes,5,0,83.8,Visual,68.0,C
662,27,Male,13.8,61.9,4,7,No,High,Yes,0,2,76.4,Reading/Writing,74.4,C
663,25,Male,3.9,96.1,6,4,No,Low,No,0,9,84.5,Visual,72.5,C
664,21,Female,2.2,54.8,5,10,Yes,High,Yes,4,7,52.9,Reading/Writing,65.9,C
665,21,Male,10.4,85.8,5,7,No,Low,No,4,6,55.3,Auditory,73.3,C
666,24,Male,2.8,85.6,3,9,Yes,Low,Yes,0,8,98.3,Visual,65.2,C
667,25,Male,7.5,64.2,6,3,No,Low,No,3,8,95.7,Reading/Writing,80.3,B
668,23,Male,17.2,59.6,5,8,No,Low,No,2,8,57.5,Reading/Writing,79.2,B
669,20,Male,4.7,57.0,4,1,Yes,Low,Yes,1,4,89.1,Kinesthetic,70.7,C
670,28,Male,9.4,82.3,7,8,Yes,Low,No,3,6,50.1,Kinesthetic,87.6,B
671,26,Female,6.4,98.1,4,1,No,High,No,2,0,60.9,Kinesthetic,86.5,B
672,28,Male,9.8,79.1,10,1,Yes,Low,Yes,0,10,60.4,Visual,88.6,B
673,28,Male,17.3,68.1,3,4,Yes,High,No,4,4,44.7,Kinesthetic,84.9,B
674,18,Female,16.5,53.9,3,9,Yes,High,No,0,8,65.4,Auditory,86.7,B
675,23,Female,1.7,90.2,1,2,Yes,High,No,0,5,75.6,Reading/Writing,64.0,C
676,30,Female,13.8,83.3,8,7,Yes,Low,No,0,9,45.6,Kinesthetic,97.3,A
677,29,Male,15.5,81.0,2,9,No,High,No,4,7,64.9,Auditory,89.4,B
678,20,Male,4.6,90.0,9,8,Yes,Low,No,4,7,51.5,Kinesthetic,80.6,B
679,29,Male,1.3,83.7,4,5,Yes,Low,No,3,9,71.2,Visual,60.8,C
680,21,Male,12.6,58.2,4,8,Yes,High,Yes,4,3,60.3,Kinesthetic,76.0,B
681,21,Female,13.7,59.2,9,3,Yes,Low,No,4,5,87.3,Visual,98.5,A
682,30,Female,19.2,59.1,3,6,No,Low,Yes,0,0,99.9,Reading/Writing,80.2,B
683,29,Male,6.0,81.0,5,2,No,Low,Yes,0,4,94.7,Kinesthetic,78.4,B
684,23,Male,18.4,64.8,7,2,No,Low,No,1,4,87.9,Reading/Writing,89.6,B
685,24,Male,8.2,74.2,10,10,No,High,No,0,3,57.8,Visual,72.0,C
686,19,Female,2.7,56.8,3,4,No,Low,No,4,10,64.8,Kinesthetic,53.7,D
687,20,Male,19.5,54.7,4,3,Yes,High,No,3,10,45.7,Reading/Writing,100,A
688,24,Male,18.6,80.0,5,5,Yes,Low,No,3,8,40.5,Reading/Writing,88.9,B
689,23,Male,18.0,56.6,2,5,Yes,Low,Yes,4,0,72.1,Visual,87.9,B
690,27,Male,4.9,52.1,5,10,Yes,Low,Yes,1,4,59.1,Auditory,58.8,D
691,23,Male,2.7,78.4,2,8,No,Low,Yes,0,5,46.5,Kinesthetic,49.0,F
692,26,Female,7.0,62.7,10,7,Yes,High,No,1,3,62.8,Reading/Writing,79.6,B
693,20,Female,2.9,95.4,3,6,No,High,Yes,4,1,82.6,Visual,79.1,B
694,25,Male,14.8,51.9,7,2,Yes,Low,No,0,8,45.1,Visual,82.5,B
695,24,Male,7.1,54.7,9,7,No,High,No,1,4,40.4,Kinesthetic,73.4,C
696,22,Male,1.7,93.3,2,10,Yes,Low,Yes,5,7,79.2,Reading/Writing,59.7,D
697,30,Female,16.2,91.8,3,6,Yes,Low,No,0,6,91.0,Reading/Writing,99.1,A
698,20,Male,12.2,57.2,5,3,No,High,No,5,5,42.3,Reading/Writing,82.5,B
699,23,Female,11.7,91.1,8,4,Yes,High,No,4,1,98.7,Reading/Writing,100,A
700,27,Female,11.8,67.7,9,7,Yes,Low,No,5,6,56.6,Visual,79.7,B
701,24,Female,7.6,91.5,5,10,Yes,Low,Yes,0,3,48.2,Auditory,75.7,B
702,23,Male,14.1,69.5,6,2,Yes,High,Yes,4,6,89.7,Kinesthetic,96.6,A
703,27,Male,14.4,61.6,7,2,No,High,No,0,1,55.1,Visual,91.6,A
704,21,Male,11.7,58.0,7,6,No,Low,Yes,1,3,72.4,Kinesthetic,71.8,C
705,24,Male,7.0,96.3,7,10,Yes,High,No,5,4,52.2,Kinesthetic,90.7,A
706,23,Male,14.4,59.2,9,9,Yes,High,No,2,3,74.5,Kinesthetic,87.9,B
707,20,Male,12.6,92.4,10,1,Yes,Low,No,5,9,72.9,Reading/Writing,100,A
708,23,Male,9.6,57.6,9,10,Yes,High,No,2,0,51.6,Auditory,83.3,B
709,29,Male,4.0,58.9,9,9,No,Low,No,3,10,53.3,Auditory,63.8,C
710,30,Female,18.0,98.4,4,5,No,Low,Yes,3,7,64.4,Reading/Writing,100,A
711,21,Male,18.4,71.6,6,8,No,Low,Yes,3,10,80.6,Auditory,87.2,B
712,21,Female,18.5,66.3,3,6,No,High,No,4,2,62.5,Reading/Writing,93.0,A
713,24,Female,7.1,70.4,3,2,No,Low,Yes,5,10,47.3,Visual,73.8,C
714,30,Male,10.9,84.3,7,4,Yes,High,No,3,10,62.4,Auditory,100,A
715,30,Male,7.4,57.8,3,4,No,Low,Yes,3,10,67.9,Reading/Writing,61.8,C
716,29,Female,1.8,73.0,5,4,Yes,High,No,3,1,68.4,Auditory,74.4,C
717,18,Female,18.6,72.3,5,2,No,Low,Yes,4,8,88.7,Reading/Writing,100,A
718,21,Female,10.6,69.0,4,7,No,High,No,3,10,81.6,Visual,86.1,B
719,26,Female,13.4,55.9,7,2,No,High,No,3,6,86.0,Visual,82.9,B
720,26,Male,5.6,96.1,7,8,No,High,No,4,10,93.6,Auditory,81.9,B
721,25,Male,11.3,94.8,9,3,Yes,High,Yes,3,8,77.9,Auditory,97.2,A
722,26,Female,4.7,88.6,10,1,Yes,Low,No,3,1,93.2,Kinesthetic,87.0,B
723,24,Female,15.8,96.5,5,4,Yes,High,Yes,4,8,90.4,Visual,100,A
724,22,Male,15.0,87.2,9,1,Yes,Low,No,4,5,52.7,Auditory,100,A
725,21,Female,18.2,98.4,3,6,Yes,High,No,0,0,71.9,Reading/Writing,95.9,A
726,28,Male,6.8,51.9,1,1,Yes,Low,No,1,1,82.2,Reading/Writing,67.9,C
727,30,Male,13.4,73.7,7,8,No,High,Yes,1,10,67.9,Visual,86.2,B
728,19,Male,8.4,59.9,2,2,No,High,Yes,3,0,68.3,Visual,74.4,C
729,21,Female,10.5,75.4,8,2,No,Low,Yes,5,3,80.2,Visual,82.7,B
730,24,Female,4.6,74.8,4,5,Yes,High,No,1,0,85.3,Reading/Writing,70.3,C
731,24,Female,13.6,90.2,1,4,Yes,Low,Yes,5,0,44.5,Kinesthetic,84.6,B
732,20,Male,1.5,93.3,1,8,No,Low,Yes,5,9,59.3,Reading/Writing,54.2,D
733,23,Male,17.2,59.1,4,5,No,Low,No,2,1,88.6,Kinesthetic,82.3,B
734,25,Female,2.7,91.1,6,1,No,High,No,4,0,97.4,Auditory,75.5,B
735,28,Female,18.1,52.9,4,7,Yes,Low,No,1,6,71.0,Visual,86.0,B
736,28,Female,18.1,84.3,8,1,Yes,High,Yes,4,7,79.6,Auditory,100,A
737,29,Female,3.7,56.9,6,3,Yes,High,Yes,2,5,86.9,Reading/Writing,70.1,C
738,21,Male,10.2,55.9,6,4,Yes,High,Yes,4,10,97.0,Reading/Writing,95.2,A
739,18,Male,16.6,58.7,8,7,Yes,Low,Yes,4,1,43.8,Kinesthetic,87.9,B
740,18,Female,5.4,60.8,5,8,No,High,No,3,4,92.7,Reading/Writing,70.7,C
741,27,Female,9.7,52.7,1,2,No,Low,No,4,3,47.7,Kinesthetic,63.0,C
742,19,Male,8.8,57.6,1,5,No,High,Yes,3,10,79.6,Kinesthetic,76.3,B
743,24,Female,11.3,71.2,1,5,No,Low,Yes,1,0,40.3,Visual,71.6,C
744,27,Female,3.6,62.1,9,10,No,Low,Yes,1,5,47.0,Auditory,57.9,D
745,24,Female,14.2,91.8,4,10,Yes,High,No,3,2,63.0,Reading/Writing,83.6,B
746,21,Female,16.8,51.4,4,3,Yes,Low,No,4,9,45.0,Auditory,77.5,B
747,28,Female,6.1,78.7,10,3,No,High,No,2,6,87.9,Visual,91.0,A
748,27,Female,1.7,62.3,1,9,Yes,High,No,4,10,49.1,Reading/Writing,60.7,C
749,25,Male,15.3,83.8,8,6,Yes,Low,Yes,1,10,60.5,Kinesthetic,100,A
750,18,Male,6.4,62.6,3,10,Yes,High,No,0,5,71.8,Reading/Writing,62.1,C
751,29,Male,11.2,87.7,2,8,Yes,Low,Yes,1,7,42.2,Auditory,75.4,B
752,23,Female,15.3,70.5,9,9,Yes,High,No,5,6,88.4,Reading/Writing,100,A
753,30,Female,5.5,68.5,9,3,No,Low,No,0,7,98.7,Reading/Writing,79.7,B
754,30,Female,15.0,64.3,1,6,No,High,No,0,7,61.7,Auditory,76.1,B
755,29,Female,18.4,67.9,5,1,Yes,High,Yes,1,7,93.8,Kinesthetic,100,A
756,21,Male,1.8,89.4,5,7,No,Low,No,1,0,70.2,Kinesthetic,63.4,C
757,20,Female,9.0,83.4,2,1,Yes,High,Yes,2,1,70.3,Reading/Writing,85.2,B
758,24,Male,15.9,96.6,9,2,Yes,High,Yes,5,10,52.3,Visual,100,A
759,19,Female,6.9,54.7,4,3,Yes,High,No,5,3,75.2,Kinesthetic,75.6,B
760,27,Male,3.7,73.6,7,6,No,Low,No,2,1,82.1,Reading/Writing,66.7,C
761,20,Male,14.9,60.6,9,4,No,High,No,0,9,51.2,Auditory,90.6,A
762,21,Male,15.0,76.7,1,8,Yes,High,No,2,5,75.8,Reading/Writing,93.0,A
763,25,Male,16.8,75.2,5,4,Yes,High,Yes,0,7,88.3,Visual,100,A
764,24,Female,9.5,95.0,7,9,Yes,High,No,0,5,65.0,Reading/Writing,86.7,B
765,20,Female,5.2,56.7,9,6,No,Low,Yes,1,3,54.0,Kinesthetic,70.2,C
766,30,Male,14.2,63.5,1,2,Yes,High,Yes,2,2,40.2,Kinesthetic,74.8,C
767,19,Male,8.6,57.8,5,2,Yes,High,Yes,2,7,50.2,Auditory,86.0,B
768,19,Male,6.7,65.3,8,7,Yes,Low,No,5,0,90.8,Reading/Writing,78.0,B
769,22,Female,2.7,60.1,6,1,No,High,Yes,5,6,78.6,Auditory,71.5,C
770,18,Male,9.9,59.7,8,4,Yes,Low,Yes,4,9,68.2,Visual,89.3,B
771,20,Male,18.9,80.1,1,8,Yes,Low,No,4,7,42.2,Auditory,90.3,A
772,18,Male,10.0,85.2,5,8,Yes,Low,No,5,4,98.7,Reading/Writing,81.3,B
773,24,Male,3.3,75.3,9,7,No,High,Yes,4,4,49.0,Kinesthetic,77.0,B
774,30,Male,12.2,85.2,3,6,No,High,No,3,10,85.1,Auditory,91.9,A
775,29,Male,10.1,50.8,3,10,Yes,High,Yes,1,2,64.1,Kinesthetic,71.4,C
776,20,Female,5.8,64.5,2,6,Yes,High,No,1,2,52.3,Auditory,66.7,C
777,19,Male,3.3,68.3,10,9,No,Low,Yes,2,7,42.5,Visual,60.2,C
778,18,Female,7.4,99.9,7,3,Yes,High,No,3,2,64.9,Visual,94.2,A
779,28,Female,15.6,71.5,4,9,No,High,No,2,4,88.1,Kinesthetic,92.5,A
780,20,Male,6.5,52.7,2,4,Yes,Low,No,3,7,75.9,Reading/Writing,61.5,C
781,29,Male,3.8,65.6,7,2,Yes,High,No,2,10,95.8,Visual,78.6,B
782,18,Female,15.0,81.7,7,6,No,Low,Yes,0,2,62.2,Visual,91.1,A
783,24,Male,4.5,99.8,8,2,No,Low,No,1,10,98.4,Visual,85.3,B
784,18,Male,14.9,52.0,7,9,No,Low,No,2,6,95.5,Auditory,88.9,B
785,26,Male,12.6,70.1,7,2,No,Low,Yes,2,6,54.7,Visual,77.7,B
786,21,Male,1.3,71.6,2,6,Yes,High,No,4,5,99.8,Reading/Writing,67.8,C
787,18,Female,12.7,95.1,4,1,Yes,Low,No,2,0,42.5,Auditory,84.9,B
788,27,Male,10.4,71.1,5,5,Yes,Low,No,4,8,90.3,Auditory,89.9,B
789,22,Female,1.7,65.5,3,6,No,Low,No,5,8,84.0,Visual,62.3,C
790,22,Male,7.4,83.1,8,4,Yes,High,Yes,4,6,56.8,Reading/Writing,81.9,B
791,27,Female,16.6,87.6,8,5,No,Low,Yes,4,1,43.5,Reading/Writing,88.5,B
792,24,Female,18.9,76.1,10,8,No,Low,Yes,5,3,94.1,Reading/Writing,100,A
793,27,Male,3.8,79.6,5,7,No,High,Yes,1,5,80.6,Auditory,72.2,C
794,26,Male,9.4,57.4,8,5,No,High,Yes,5,4,94.0,Auditory,82.3,B
795,26,Male,18.0,82.2,2,6,Yes,High,Yes,4,6,99.6,Reading/Writing,95.6,A
796,18,Male,12.4,84.9,7,4,No,Low,Yes,2,8,59.2,Kinesthetic,88.5,B
797,22,Male,12.9,59.6,5,4,No,High,Yes,5,0,96.4,Auditory,84.7,B
798,30,Female,7.8,63.0,8,4,Yes,Low,No,1,7,81.9,Visual,81.7,B
799,19,Female,8.7,66.3,5,6,No,Low,Yes,3,0,81.8,Reading/Writing,63.5,C
800,24,Male,5.2,54.2,6,8,No,Low,No,5,7,67.1,Auditory,56.6,D
801,29,Male,15.3,51.6,8,1,No,High,Yes,5,5,85.8,Auditory,100,A
802,26,Male,8.3,81.1,7,6,Yes,Low,Yes,2,4,42.5,Reading/Writing,84.0,B
803,28,Male,4.5,57.4,3,8,No,High,No,4,4,72.2,Reading/Writing,57.6,D
804,20,Male,18.0,97.0,4,4,Yes,Low,No,4,6,66.2,Auditory,95.3,A
805,25,Male,8.0,89.5,4,6,Yes,High,Yes,4,10,80.9,Visual,96.3,A
806,30,Female,11.7,77.1,4,4,No,Low,No,3,4,43.6,Reading/Writing,77.3,B
807,30,Female,4.9,96.4,1,8,Yes,High,Yes,0,8,75.1,Kinesthetic,71.9,C
808,20,Male,5.0,50.7,7,4,No,Low,Yes,4,7,88.3,Reading/Writing,69.0,C
809,28,Female,10.5,55.9,4,3,Yes,Low,Yes,4,8,54.2,Visual,70.6,C
810,24,Female,4.7,67.0,10,4,Yes,Low,No,2,5,77.1,Auditory,76.6,B
811,23,Female,19.1,56.4,7,6,Yes,Low,No,1,7,57.8,Reading/Writing,98.2,A
812,30,Male,2.5,92.6,9,8,Yes,High,Yes,1,7,71.0,Kinesthetic,88.4,B
813,18,Male,12.7,57.8,6,1,No,High,Yes,1,3,98.5,Reading/Writing,95.1,A
814,18,Male,16.7,60.9,4,9,Yes,Low,No,4,7,85.8,Reading/Writing,88.1,B
815,25,Female,6.2,98.3,9,9,Yes,High,Yes,5,6,58.7,Auditory,95.6,A
816,30,Male,4.1,88.6,3,10,No,Low,No,1,1,79.7,Reading/Writing,59.8,D
817,29,Male,15.7,99.7,1,10,Yes,High,Yes,5,4,70.8,Reading/Writing,100,A
818,30,Male,4.3,59.0,8,7,Yes,High,No,3,3,95.4,Visual,71.9,C
819,28,Male,2.6,63.8,2,4,Yes,High,No,0,2,80.8,Auditory,70.6,C
820,26,Male,18.0,95.8,4,7,No,High,Yes,4,2,97.4,Auditory,95.9,A
821,18,Female,4.9,73.4,9,3,No,High,No,5,10,80.3,Reading/Writing,91.2,A
822,26,Male,14.9,53.5,5,3,No,High,Yes,2,7,63.6,Visual,86.7,B
823,22,Male,13.2,82.5,6,3,No,High,No,5,5,82.6,Auditory,92.9,A
824,28,Male,6.1,93.9,10,3,No,High,Yes,2,2,74.9,Kinesthetic,85.3,B
825,22,Female,8.0,63.7,2,3,Yes,High,Yes,0,5,99.7,Visual,80.5,B
826,25,Female,4.5,71.5,9,6,Yes,High,No,2,10,58.0,Kinesthetic,79.6,B
827,30,Male,13.2,84.0,8,7,No,Low,Yes,3,6,99.1,Visual,87.1,B
828,23,Male,15.1,62.7,6,3,Yes,High,Yes,2,7,93.6,Auditory,100,A
829,19,Male,3.5,59.2,9,7,No,High,No,4,6,80.1,Reading/Writing,66.5,C
830,20,Male,4.6,52.3,6,2,Yes,High,Yes,4,8,71.8,Reading/Writing,76.6,B
831,26,Male,10.9,59.0,1,1,Yes,Low,Yes,0,6,65.1,Visual,66.5,C
832,18,Male,14.5,78.3,4,7,Yes,High,Yes,4,5,79.4,Visual,98.6,A
833,23,Female,14.7,51.0,5,4,Yes,Low,Yes,3,3,81.1,Auditory,78.4,B
834,30,Male,14.1,58.9,6,4,No,Low,No,0,4,52.8,Auditory,84.6,B
835,28,Female,3.0,85.3,1,9,No,High,Yes,4,6,50.0,Auditory,62.2,C
836,22,Female,14.1,86.6,3,3,Yes,High,No,5,4,95.0,Auditory,97.3,A
837,18,Male,5.9,88.1,4,2,No,Low,Yes,2,8,74.0,Kinesthetic,80.5,B
838,22,Female,19.6,59.3,1,9,Yes,High,Yes,4,2,59.1,Visual,93.0,A
839,27,Female,7.1,53.1,5,10,No,Low,Yes,2,1,92.6,Reading/Writing,60.5,C
840,22,Female,7.2,61.2,3,5,No,Low,Yes,4,2,81.6,Kinesthetic,61.0,C
841,29,Male,15.8,54.5,10,6,No,Low,No,2,0,69.9,Kinesthetic,81.3,B
842,22,Male,1.3,89.3,10,4,No,Low,Yes,5,1,94.0,Kinesthetic,81.2,B
843,21,Male,2.3,65.9,9,7,Yes,Low,No,1,2,88.8,Kinesthetic,62.8,C
844,29,Female,6.0,99.6,7,3,Yes,High,No,5,3,92.4,Visual,100,A
845,22,Female,9.9,63.3,5,10,No,High,No,0,8,78.3,Reading/Writing,67.5,C
846,28,Male,7.0,78.4,5,9,No,Low,Yes,4,4,57.9,Reading/Writing,68.7,C
847,24,Female,2.4,73.2,1,7,No,Low,Yes,5,7,56.5,Reading/Writing,53.5,D
848,30,Female,19.9,52.6,1,8,Yes,High,Yes,5,3,62.7,Visual,90.5,A
849,29,Female,9.9,68.2,2,8,Yes,High,No,1,5,64.0,Visual,74.5,C
850,29,Female,16.6,90.0,2,2,Yes,High,Yes,1,4,79.7,Auditory,96.3,A
851,20,Male,4.1,82.5,1,3,No,Low,Yes,3,2,47.3,Auditory,67.0,C
852,20,Female,9.5,71.5,7,1,No,Low,No,2,7,42.3,Kinesthetic,76.8,B
853,19,Male,1.2,66.9,5,2,No,High,No,0,7,53.3,Reading/Writing,59.8,D
854,27,Male,1.6,58.8,4,7,Yes,High,No,4,1,60.2,Reading/Writing,56.2,D
855,27,Female,17.2,78.8,10,9,Yes,Low,Yes,3,4,54.0,Auditory,94.5,A
856,25,Male,4.7,59.3,1,2,No,High,Yes,1,9,78.5,Visual,69.8,C
857,26,Male,3.2,54.9,1,4,No,High,Yes,0,8,57.7,Auditory,50.4,D
858,23,Male,5.7,52.6,4,3,Yes,Low,Yes,2,8,78.5,Auditory,64.4,C
859,28,Male,8.8,99.5,6,5,Yes,High,Yes,1,10,75.7,Visual,100,A
860,30,Female,18.7,85.4,8,3,No,High,Yes,2,2,73.8,Auditory,100,A
861,20,Male,14.0,85.1,3,1,No,Low,No,3,8,57.4,Kinesthetic,91.8,A
862,19,Male,16.4,80.8,5,9,No,High,Yes,5,10,56.4,Auditory,97.3,A
863,20,Male,15.7,75.6,2,7,No,High,No,0,7,94.8,Visual,86.5,B
864,23,Male,9.9,60.1,4,7,No,Low,No,1,1,90.1,Visual,75.7,B
865,18,Male,8.5,59.9,9,7,No,High,Yes,1,6,43.4,Reading/Writing,74.7,C
866,24,Male,14.1,50.5,5,4,Yes,High,No,3,4,83.8,Visual,94.3,A
867,30,Male,6.9,71.5,5,6,Yes,High,No,0,3,52.8,Auditory,80.1,B
868,23,Male,5.3,52.3,9,8,No,Low,Yes,0,6,80.9,Kinesthetic,71.3,C
869,30,Female,10.2,94.9,3,3,No,Low,No,4,4,45.6,Auditory,72.7,C
870,24,Male,15.2,84.7,2,10,Yes,High,Yes,5,6,96.9,Auditory,100,A
871,27,Female,17.7,86.4,9,7,No,High,Yes,1,0,50.1,Kinesthetic,98.4,A
872,27,Female,4.3,71.1,7,5,No,High,No,0,4,62.3,Reading/Writing,70.3,C
873,21,Male,6.9,88.1,2,9,No,Low,Yes,1,10,48.3,Kinesthetic,60.2,C
874,24,Female,2.2,89.1,4,2,Yes,Low,No,5,0,97.8,Kinesthetic,77.1,B
875,21,Female,8.1,51.0,9,8,Yes,High,No,2,3,76.2,Visual,77.7,B
876,26,Male,16.8,78.4,6,3,No,Low,Yes,2,4,77.2,Auditory,98.0,A
877,18,Female,12.3,76.2,9,5,Yes,Low,No,5,9,47.9,Visual,98.8,A
878,23,Male,6.8,90.3,2,7,Yes,Low,No,1,10,42.0,Auditory,68.7,C
879,18,Female,10.1,94.4,8,8,Yes,High,Yes,2,5,43.1,Visual,86.4,B
880,23,Female,15.3,71.2,2,8,No,High,No,4,3,86.4,Auditory,81.8,B
881,29,Male,7.2,94.5,10,3,Yes,Low,No,1,5,97.8,Kinesthetic,100,A
882,28,Female,18.9,86.4,3,8,No,High,Yes,0,4,77.4,Visual,94.6,A
883,26,Male,3.8,96.5,8,9,No,Low,No,4,4,67.8,Reading/Writing,73.5,C
884,22,Male,8.3,85.1,8,5,Yes,High,Yes,3,2,83.7,Visual,94.0,A
885,30,Male,10.7,71.1,6,7,Yes,High,Yes,4,1,84.9,Visual,92.7,A
886,28,Female,6.5,82.1,2,7,No,High,Yes,3,3,49.2,Auditory,62.7,C
887,21,Male,10.1,68.6,9,10,Yes,High,Yes,4,10,54.3,Auditory,88.1,B
888,29,Male,7.6,57.6,1,1,Yes,Low,No,0,3,53.8,Kinesthetic,58.5,D
889,28,Female,6.1,65.6,6,10,Yes,High,Yes,2,3,50.3,Reading/Writing,74.2,C
890,26,Female,19.3,51.9,6,8,No,High,No,0,7,51.5,Visual,84.4,B
891,27,Female,3.2,87.0,2,7,No,Low,Yes,0,9,76.1,Auditory,68.1,C
892,18,Female,9.9,61.6,8,10,Yes,High,Yes,1,1,84.0,Auditory,76.3,B
893,21,Female,10.0,56.4,2,4,No,High,Yes,3,10,87.7,Auditory,71.8,C
894,21,Male,13.5,71.9,9,2,No,Low,Yes,2,4,50.0,Kinesthetic,84.9,B
895,30,Female,6.0,50.1,4,5,Yes,Low,No,4,5,89.7,Auditory,74.5,C
896,27,Female,12.6,56.5,1,8,Yes,Low,Yes,1,7,98.6,Auditory,75.3,B
897,18,Female,2.1,68.6,9,4,Yes,Low,Yes,3,9,41.1,Reading/Writing,68.8,C
898,28,Male,14.0,54.7,10,5,No,Low,No,3,10,81.2,Visual,84.4,B
899,20,Female,8.4,92.6,4,2,Yes,High,Yes,5,10,90.2,Auditory,93.4,A
900,29,Male,2.7,50.0,4,6,No,High,No,1,5,99.9,Auditory,61.0,C
901,22,Male,4.3,59.6,7,10,Yes,Low,No,5,4,40.2,Reading/Writing,59.6,D
902,27,Male,16.0,99.7,8,10,Yes,High,Yes,0,3,52.1,Reading/Writing,100,A
903,26,Female,16.3,51.3,1,8,No,High,Yes,4,0,64.1,Auditory,78.3,B
904,29,Male,11.2,59.9,4,7,No,High,Yes,0,7,97.7,Kinesthetic,77.1,B
905,22,Female,17.1,58.2,9,6,Yes,High,No,0,10,68.6,Visual,95.4,A
906,19,Male,15.5,53.0,1,2,No,Low,No,4,1,82.7,Visual,74.2,C
907,30,Female,8.3,68.4,5,8,No,Low,No,1,0,72.0,Reading/Writing,70.9,C
908,23,Male,2.9,73.0,5,10,No,Low,No,3,4,46.2,Auditory,49.0,F
909,26,Male,18.7,51.1,8,8,Yes,Low,No,2,4,44.0,Visual,88.9,B
910,29,Male,4.6,52.4,6,4,Yes,High,Yes,3,6,61.9,Visual,76.3,B
911,29,Female,11.0,69.8,6,3,Yes,High,Yes,2,9,90.5,Auditory,98.0,A
912,24,Female,7.8,75.8,3,2,Yes,High,No,2,0,92.5,Auditory,87.4,B
913,26,Male,9.1,70.9,5,9,No,High,No,2,3,87.8,Kinesthetic,72.1,C
914,21,Male,3.3,78.8,3,8,Yes,Low,Yes,2,10,47.0,Reading/Writing,66.2,C
915,24,Female,12.8,69.7,6,6,No,Low,Yes,1,10,55.4,Visual,72.7,C
916,25,Female,17.9,83.1,4,1,No,High,No,2,1,66.5,Kinesthetic,92.3,A
917,24,Male,16.7,83.7,8,4,No,High,No,4,8,93.8,Kinesthetic,100,A
918,30,Male,1.6,64.1,3,4,Yes,Low,No,0,2,79.3,Auditory,66.7,C
919,18,Male,12.6,55.3,3,10,Yes,High,No,3,0,81.0,Visual,73.4,C
920,18,Female,18.8,70.2,6,4,Yes,High,No,2,0,42.1,Kinesthetic,98.6,A
921,24,Male,3.8,95.0,5,2,Yes,Low,Yes,1,9,44.1,Kinesthetic,78.0,B
922,26,Female,19.1,81.3,9,3,Yes,High,Yes,3,5,92.6,Auditory,100,A
923,21,Female,7.8,83.8,9,9,Yes,Low,No,2,9,74.2,Reading/Writing,83.4,B
924,27,Female,19.6,81.4,9,10,Yes,High,No,0,2,75.3,Reading/Writing,100,A
925,30,Female,2.4,97.8,10,6,No,Low,No,2,8,90.4,Reading/Writing,75.7,B
926,30,Female,8.5,67.7,1,9,Yes,High,Yes,0,1,95.2,Kinesthetic,70.7,C
927,30,Female,10.8,95.3,10,1,No,High,Yes,3,7,70.2,Visual,98.7,A
928,23,Male,19.8,74.4,5,1,Yes,Low,No,4,3,42.7,Reading/Writing,95.5,A
929,30,Male,9.5,83.6,10,5,Yes,Low,No,5,3,59.8,Reading/Writing,91.5,A
930,22,Female,11.1,66.7,4,8,No,High,Yes,1,4,40.2,Visual,77.2,B
931,21,Female,3.8,64.3,10,8,Yes,Low,No,5,0,97.0,Visual,77.5,B
932,23,Male,15.7,96.7,8,3,No,Low,Yes,1,4,63.6,Kinesthetic,100,A
933,21,Female,19.5,87.5,6,9,Yes,High,Yes,3,7,99.2,Kinesthetic,100,A
934,24,Male,15.7,73.0,7,4,Yes,High,No,2,3,67.9,Reading/Writing,96.9,A
935,26,Male,14.7,90.5,9,10,No,High,No,4,1,91.8,Kinesthetic,100,A
936,30,Female,11.1,69.6,8,5,No,High,No,1,10,40.5,Auditory,78.7,B
937,28,Female,4.2,95.0,6,10,Yes,High,No,4,7,53.5,Visual,78.6,B
938,20,Male,10.0,72.8,8,8,No,High,No,3,3,85.3,Reading/Writing,79.5,B
939,28,Male,18.0,59.6,10,10,Yes,Low,Yes,1,4,98.6,Visual,95.5,A
940,23,Male,11.0,64.8,1,10,Yes,Low,No,0,8,71.4,Reading/Writing,75.3,B
941,29,Female,16.6,85.2,6,8,Yes,Low,Yes,2,7,94.7,Visual,100,A
942,20,Female,13.2,96.4,8,3,No,Low,No,2,0,45.4,Reading/Writing,89.5,B
943,21,Female,13.1,86.5,2,6,No,Low,No,0,6,49.5,Reading/Writing,71.8,C
944,21,Female,5.0,76.6,10,5,No,High,No,2,9,73.9,Reading/Writing,82.2,B
945,19,Female,18.3,93.0,9,1,Yes,Low,No,0,9,58.8,Reading/Writing,100,A
946,26,Female,14.3,96.4,10,4,No,Low,No,5,5,98.2,Auditory,100,A
947,28,Male,19.2,69.6,9,8,Yes,Low,No,4,3,59.5,Auditory,100,A
948,29,Male,9.5,80.8,1,4,No,Low,No,1,4,65.4,Auditory,62.9,C
949,25,Male,7.3,75.9,8,1,No,High,No,4,10,76.9,Visual,81.0,B
950,19,Male,5.1,59.1,10,9,No,Low,No,2,4,55.2,Visual,61.6,C
951,23,Male,3.5,55.2,7,9,Yes,Low,Yes,0,0,80.8,Visual,65.9,C
952,25,Male,10.0,73.7,1,7,Yes,High,No,3,4,56.9,Kinesthetic,69.6,C
953,30,Female,2.4,97.4,8,1,No,Low,No,3,3,88.1,Reading/Writing,79.2,B
954,23,Male,13.8,93.6,3,10,No,High,Yes,0,1,57.6,Auditory,83.9,B
955,27,Male,19.1,91.9,3,9,Yes,High,No,1,1,43.4,Reading/Writing,88.8,B
956,19,Male,16.5,68.4,3,6,Yes,Low,No,5,9,45.8,Auditory,86.1,B
957,28,Male,6.9,57.9,5,6,No,Low,Yes,1,4,52.5,Visual,59.9,D
958,27,Female,10.2,53.6,6,9,No,Low,No,3,0,51.4,Auditory,56.5,D
959,28,Female,14.7,62.4,2,9,Yes,Low,Yes,2,10,63.5,Reading/Writing,86.1,B
960,21,Female,19.1,92.2,8,7,Yes,Low,No,2,3,54.5,Kinesthetic,100,A
961,19,Female,16.5,66.2,6,1,Yes,High,No,2,2,75.4,Visual,91.2,A
962,29,Female,12.2,92.9,9,2,No,High,No,4,8,87.5,Auditory,100,A
963,21,Female,8.7,100.0,1,4,Yes,High,No,2,8,70.2,Reading/Writing,84.8,B
964,18,Female,19.5,69.7,7,2,No,High,Yes,2,3,73.3,Kinesthetic,100,A
965,26,Male,13.5,58.3,3,9,Yes,Low,Yes,5,7,78.6,Visual,75.3,B
966,27,Female,4.7,71.6,1,10,No,Low,Yes,4,2,86.5,Auditory,58.8,D
967,21,Female,15.2,74.6,2,3,No,Low,Yes,4,5,92.9,Reading/Writing,89.5,B
968,28,Male,8.5,88.9,4,2,No,Low,No,0,6,76.3,Reading/Writing,87.2,B
969,27,Female,5.0,60.0,6,9,Yes,High,Yes,3,6,92.6,Reading/Writing,77.9,B
970,18,Male,9.4,68.4,8,9,Yes,Low,Yes,1,4,78.1,Kinesthetic,74.6,C
971,30,Male,9.8,94.2,3,2,No,High,Yes,5,7,67.9,Kinesthetic,94.7,A
972,27,Female,2.6,92.9,8,2,No,Low,No,1,2,87.5,Auditory,75.5,B
973,27,Male,5.7,88.4,8,1,No,High,Yes,3,0,68.2,Visual,89.8,B
974,21,Male,3.5,99.5,1,2,No,High,No,4,6,69.2,Visual,72.7,C
975,23,Male,5.0,68.7,5,2,Yes,High,No,3,7,77.8,Reading/Writing,73.9,C
976,22,Female,17.4,75.3,4,7,Yes,Low,Yes,3,5,46.9,Auditory,82.3,B
977,24,Male,3.9,61.3,2,7,Yes,Low,Yes,1,5,99.1,Visual,67.1,C
978,24,Male,7.4,87.1,2,1,Yes,High,Yes,3,0,87.1,Visual,80.2,B
979,23,Male,19.4,96.1,1,7,No,Low,No,1,1,64.4,Visual,81.7,B
980,24,Female,1.2,98.3,6,1,Yes,High,Yes,5,0,51.4,Visual,85.1,B
981,20,Female,1.9,70.7,6,3,No,High,No,3,8,62.5,Reading/Writing,69.2,C
982,27,Female,4.2,80.9,10,10,No,Low,Yes,4,9,73.3,Visual,76.8,B
983,20,Male,9.8,68.0,10,4,No,Low,Yes,1,8,51.8,Visual,86.9,B
984,25,Female,11.7,60.2,10,1,Yes,Low,Yes,2,6,76.1,Kinesthetic,98.1,A
985,29,Female,14.3,94.0,6,4,No,High,Yes,2,0,72.9,Auditory,100,A
986,22,Female,18.4,70.1,9,5,Yes,High,Yes,0,7,68.4,Reading/Writing,100,A
987,28,Female,5.6,74.8,1,8,Yes,Low,No,0,9,59.8,Auditory,59.3,D
988,19,Male,18.5,93.0,3,1,No,Low,Yes,5,9,52.2,Kinesthetic,100,A
989,18,Female,10.9,72.9,5,4,Yes,High,Yes,1,7,73.3,Reading/Writing,96.0,A
990,24,Female,18.5,54.1,7,10,Yes,Low,Yes,1,7,79.2,Kinesthetic,93.7,A
991,27,Male,19.2,93.2,3,5,Yes,High,Yes,3,4,78.2,Auditory,100,A
992,25,Male,3.8,87.2,2,9,Yes,Low,No,5,8,49.6,Visual,69.0,C
993,27,Female,1.2,70.4,6,1,Yes,High,No,5,4,67.6,Auditory,78.5,B
994,28,Male,3.9,57.2,10,4,No,High,No,4,0,81.4,Auditory,74.8,C
995,30,Female,18.0,72.6,3,9,No,High,No,0,9,63.7,Kinesthetic,81.6,B
996,22,Male,14.4,54.7,5,7,Yes,Low,Yes,2,2,86.1,Reading/Writing,87.5,B
997,29,Male,1.8,59.0,1,7,No,High,Yes,2,2,84.9,Reading/Writing,51.8,D
998,19,Female,18.9,52.9,8,5,Yes,Low,No,4,5,50.0,Kinesthetic,90.5,A
999,24,Male,5.5,85.5,8,6,No,High,No,5,5,95.6,Reading/Writing,81.0,B
1000,22,Male,15.7,50.9,9,3,No,High,Yes,1,4,42.9,Visual,83.4,B
1001,20,Female,7.9,58.7,5,2,No,High,Yes,5,7,68.1,Kinesthetic,71.6,C
1002,20,Male,18.7,50.8,8,6,No,Low,Yes,2,7,64.2,Reading/Writing,96.0,A
1003,29,Male,5.2,90.4,5,7,Yes,High,No,5,4,66.5,Kinesthetic,74.9,C
1004,26,Male,2.1,88.3,7,3,Yes,High,No,4,10,76.6,Visual,86.2,B
1005,24,Male,17.3,68.8,6,7,Yes,High,No,3,7,77.6,Auditory,98.8,A
1006,27,Female,1.6,73.2,8,2,Yes,Low,No,5,1,68.4,Visual,69.3,C
1007,27,Male,3.5,98.2,10,6,Yes,Low,Yes,4,3,82.4,Kinesthetic,79.3,B
1008,29,Female,11.3,56.4,10,6,No,High,No,1,3,63.4,Visual,78.8,B
1009,24,Female,15.4,86.7,1,5,Yes,High,Yes,0,4,70.4,Kinesthetic,84.5,B
1010,23,Male,4.9,71.5,2,9,No,Low,Yes,0,9,68.0,Auditory,58.9,D
1011,30,Female,12.5,56.5,8,8,No,High,No,4,1,94.5,Kinesthetic,92.8,A
1012,20,Female,1.3,53.6,5,5,Yes,High,No,5,6,78.0,Reading/Writing,67.2,C
1013,23,Female,2.2,97.0,5,8,No,High,Yes,3,9,94.6,Reading/Writing,79.7,B
1014,25,Female,14.0,97.2,9,5,Yes,High,Yes,0,0,69.1,Reading/Writing,100,A
1015,27,Female,2.7,56.8,10,1,Yes,Low,No,2,8,71.4,Auditory,81.8,B
1016,29,Male,9.9,67.6,3,8,Yes,Low,No,5,0,58.4,Reading/Writing,72.8,C
1017,26,Male,4.0,57.9,5,10,No,Low,No,5,6,96.6,Visual,55.1,D
1018,30,Male,16.6,71.3,2,8,No,Low,Yes,0,2,44.3,Kinesthetic,71.8,C
1019,29,Female,12.5,52.8,5,1,No,High,Yes,1,8,86.4,Visual,89.3,B
1020,18,Female,18.2,53.8,4,2,No,High,No,0,9,90.0,Reading/Writing,94.1,A
1021,27,Female,7.0,84.1,3,9,Yes,High,Yes,1,0,42.8,Auditory,64.1,C
1022,23,Female,12.1,75.5,10,4,Yes,High,Yes,1,3,90.8,Auditory,100,A
1023,19,Male,12.8,65.4,8,9,No,Low,No,0,4,72.3,Reading/Writing,76.9,B
1024,25,Female,13.5,92.6,10,3,Yes,High,Yes,3,9,81.6,Reading/Writing,100,A
1025,19,Female,8.7,63.0,9,3,Yes,High,Yes,4,4,45.5,Visual,85.7,B
1026,23,Male,14.6,69.3,5,4,Yes,High,No,3,9,43.2,Visual,95.0,A
1027,23,Female,18.1,72.0,6,3,No,Low,Yes,0,3,75.9,Auditory,92.0,A
1028,22,Female,2.7,51.7,3,4,Yes,Low,No,5,10,44.1,Reading/Writing,60.5,C
1029,22,Female,9.2,99.5,3,7,No,Low,No,5,9,82.9,Reading/Writing,76.8,B
1030,23,Female,1.0,55.4,2,9,Yes,High,Yes,0,3,49.7,Kinesthetic,46.3,F
1031,24,Female,18.0,51.3,5,2,No,High,No,4,2,99.6,Visual,97.7,A
1032,29,Male,4.3,85.9,10,10,Yes,High,Yes,1,1,60.3,Kinesthetic,85.2,B
1033,28,Male,19.1,83.0,6,9,Yes,High,Yes,1,0,62.7,Reading/Writing,97.1,A
1034,29,Male,11.6,94.5,10,6,No,High,Yes,5,7,48.6,Visual,100,A
1035,25,Male,1.1,99.6,3,2,No,High,Yes,1,7,42.1,Visual,73.4,C
1036,27,Female,11.6,60.7,5,2,No,Low,Yes,3,0,72.0,Kinesthetic,77.7,B
1037,21,Male,10.7,77.8,5,5,Yes,Low,No,0,1,88.4,Auditory,77.9,B
1038,27,Male,19.2,71.3,7,3,Yes,Low,Yes,2,0,92.5,Kinesthetic,100,A
1039,24,Male,18.0,67.0,7,6,No,Low,Yes,4,9,67.6,Auditory,92.8,A
1040,19,Male,8.9,64.6,2,9,No,High,No,5,5,86.6,Visual,69.6,C
1041,23,Female,7.3,76.9,8,2,Yes,Low,Yes,3,10,71.3,Reading/Writing,92.1,A
1042,18,Male,10.9,91.7,2,2,No,High,Yes,3,2,55.9,Reading/Writing,87.4,B
1043,22,Male,8.3,79.7,8,4,No,Low,No,0,6,51.5,Visual,72.4,C
1044,25,Female,4.3,60.4,6,10,No,Low,Yes,4,2,80.1,Kinesthetic,54.6,D
1045,26,Female,7.0,84.1,9,1,No,High,No,1,8,84.6,Auditory,85.0,B
1046,25,Female,8.6,64.9,4,4,No,High,Yes,1,9,40.2,Reading/Writing,64.2,C
1047,26,Male,16.7,74.5,4,8,Yes,Low,Yes,2,8,47.2,Auditory,86.5,B
1048,28,Male,3.7,72.1,10,9,Yes,High,Yes,4,10,44.2,Kinesthetic,81.5,B
1049,30,Male,14.1,55.7,3,8,Yes,High,No,3,10,86.0,Auditory,82.1,B
1050,27,Male,12.0,98.2,5,1,Yes,High,Yes,5,1,95.0,Visual,96.5,A
1051,24,Male,13.4,72.7,2,3,No,Low,No,4,0,86.3,Auditory,77.4,B
1052,28,Female,11.0,53.0,8,8,Yes,High,No,1,4,41.4,Kinesthetic,85.5,B
1053,23,Female,4.8,72.9,10,7,Yes,High,No,0,0,43.1,Reading/Writing,71.8,C
1054,24,Male,4.9,54.7,9,10,No,Low,No,5,6,58.5,Auditory,61.4,C
1055,30,Female,16.1,90.6,4,6,Yes,Low,No,2,0,94.9,Kinesthetic,90.7,A
1056,18,Female,14.1,57.8,9,5,No,Low,No,2,9,48.5,Auditory,85.2,B
1057,24,Male,18.1,89.1,7,4,Yes,Low,No,5,5,92.7,Visual,100,A
1058,18,Male,11.2,57.3,4,7,No,High,No,3,0,59.6,Kinesthetic,76.4,B
1059,27,Male,15.2,95.4,10,1,No,Low,No,3,1,81.3,Kinesthetic,96.8,A
1060,30,Male,3.0,51.8,4,9,Yes,Low,Yes,4,5,61.0,Auditory,47.9,F
1061,20,Female,2.0,60.5,9,5,Yes,Low,No,2,7,62.5,Auditory,66.8,C
1062,25,Female,6.3,77.2,8,9,Yes,Low,No,5,9,71.6,Reading/Writing,75.9,B
1063,22,Male,17.8,97.8,1,4,Yes,Low,No,2,6,59.6,Kinesthetic,96.6,A
1064,23,Female,7.2,80.3,3,1,No,Low,Yes,3,2,52.8,Reading/Writing,63.7,C
1065,23,Female,20.0,98.4,9,1,No,Low,Yes,4,6,81.1,Auditory,100,A
1066,23,Male,13.6,61.9,4,5,Yes,Low,Yes,1,10,44.9,Visual,84.8,B
1067,23,Male,13.8,98.3,3,3,No,High,No,5,6,73.8,Kinesthetic,100,A
1068,30,Male,17.8,92.3,5,3,No,Low,No,4,2,86.5,Kinesthetic,100,A
1069,22,Male,6.4,53.6,3,3,Yes,High,No,5,2,77.6,Auditory,74.1,C
1070,29,Male,7.3,56.5,2,2,No,Low,No,1,8,57.5,Kinesthetic,68.6,C
1071,30,Female,7.1,73.5,6,7,No,Low,Yes,4,9,75.7,Kinesthetic,69.7,C
1072,26,Male,16.0,91.5,5,4,No,Low,Yes,2,10,71.6,Reading/Writing,100,A
1073,21,Male,19.9,67.8,8,4,No,High,Yes,5,6,64.6,Kinesthetic,96.8,A
1074,26,Female,9.7,77.0,5,8,Yes,High,No,4,3,54.4,Auditory,76.0,B
1075,30,Male,15.8,63.5,6,5,No,High,No,5,6,96.8,Reading/Writing,91.6,A
1076,29,Female,19.4,83.5,9,5,Yes,High,Yes,2,9,57.0,Auditory,100,A
1077,24,Female,4.2,62.5,5,5,Yes,Low,No,2,6,78.5,Visual,72.3,C
1078,21,Female,4.8,97.5,6,1,No,High,No,5,2,95.7,Reading/Writing,80.1,B
1079,30,Female,12.2,54.3,9,2,Yes,High,No,1,10,82.2,Auditory,98.8,A
1080,23,Male,13.8,95.7,4,7,No,High,No,0,3,90.2,Auditory,94.1,A
1081,20,Female,1.5,57.7,6,7,No,Low,No,0,1,95.7,Kinesthetic,52.8,D
1082,27,Male,8.1,63.1,9,5,No,Low,Yes,5,2,74.0,Kinesthetic,74.6,C
1083,28,Female,19.8,84.2,3,5,Yes,Low,No,3,2,84.0,Kinesthetic,100,A
1084,20,Female,15.0,81.4,3,7,Yes,High,No,0,3,41.8,Auditory,84.5,B
1085,30,Female,6.7,80.6,8,3,No,Low,Yes,5,2,78.9,Kinesthetic,73.5,C
1086,25,Male,14.6,78.7,4,7,No,High,Yes,2,6,71.0,Visual,90.6,A
1087,20,Female,14.7,96.3,3,9,Yes,High,Yes,0,1,89.7,Auditory,95.2,A
1088,25,Male,2.0,67.5,3,8,Yes,High,No,2,6,53.4,Visual,55.9,D
1089,21,Male,12.5,81.5,2,1,No,Low,Yes,3,7,56.2,Visual,85.8,B
1090,30,Female,13.6,87.5,3,10,No,High,No,0,4,49.1,Kinesthetic,72.6,C
1091,28,Male,9.3,85.2,7,9,No,Low,No,3,1,88.4,Auditory,81.3,B
1092,21,Male,15.5,85.7,2,7,Yes,High,No,2,0,78.2,Kinesthetic,99.0,A
1093,19,Female,15.0,84.0,7,4,No,High,Yes,1,5,68.9,Visual,100,A
1094,18,Female,3.9,86.5,8,2,Yes,High,No,2,1,70.6,Auditory,79.3,B
1095,18,Male,15.7,59.0,7,6,No,Low,No,3,8,80.5,Auditory,87.2,B
1096,30,Male,6.1,97.6,7,7,Yes,High,Yes,2,8,46.0,Kinesthetic,82.9,B
1097,23,Male,8.4,90.7,1,5,No,Low,No,5,8,93.4,Visual,83.1,B
1098,26,Female,13.2,87.7,1,4,No,High,No,5,3,86.1,Kinesthetic,88.8,B
1099,22,Female,5.0,87.9,7,10,No,High,Yes,1,8,81.9,Kinesthetic,72.8,C
1100,26,Male,2.3,59.7,8,7,No,Low,Yes,2,7,87.9,Auditory,71.9,C
1101,28,Male,7.7,91.2,8,1,No,Low,No,2,4,61.0,Kinesthetic,85.4,B
1102,23,Male,15.6,80.3,2,1,Yes,High,No,0,4,73.9,Reading/Writing,98.5,A
1103,19,Male,5.2,66.9,2,7,No,Low,No,2,1,96.9,Kinesthetic,64.1,C
1104,27,Female,10.9,82.5,8,6,Yes,Low,No,1,6,42.5,Visual,76.5,B
1105,24,Female,11.8,92.2,9,4,No,Low,No,5,4,58.8,Reading/Writing,98.3,A
1106,18,Female,18.8,98.4,9,1,Yes,High,Yes,3,0,89.4,Kinesthetic,100,A
1107,29,Male,7.1,72.1,8,4,Yes,High,No,0,2,75.6,Visual,83.3,B
1108,26,Female,19.7,87.4,5,5,Yes,Low,Yes,2,7,59.7,Kinesthetic,100,A
1109,27,Female,15.9,78.8,9,1,No,Low,Yes,2,8,40.6,Reading/Writing,89.2,B
1110,21,Female,13.7,53.7,1,5,No,Low,No,3,8,89.7,Kinesthetic,71.8,C
1111,20,Female,3.1,64.9,2,6,No,Low,Yes,0,7,52.2,Auditory,51.3,D
1112,21,Male,11.5,91.8,10,7,Yes,High,Yes,2,4,55.5,Kinesthetic,95.8,A
1113,26,Male,11.1,59.6,2,3,Yes,High,Yes,5,6,91.6,Reading/Writing,82.8,B
1114,30,Female,8.5,53.2,6,6,Yes,High,Yes,5,5,53.7,Auditory,79.3,B
1115,20,Male,8.8,51.3,2,9,Yes,Low,Yes,2,6,81.1,Visual,72.2,C
1116,18,Female,17.3,64.2,9,3,Yes,Low,Yes,1,5,41.1,Kinesthetic,93.8,A
1117,21,Male,2.5,98.5,10,10,Yes,High,No,2,4,96.8,Reading/Writing,89.2,B
1118,25,Male,9.1,74.3,1,1,Yes,High,No,5,4,51.2,Reading/Writing,73.1,C
1119,24,Female,10.5,80.0,3,4,No,High,No,3,2,50.9,Auditory,70.3,C
1120,28,Female,9.0,79.9,1,6,No,Low,Yes,2,10,54.9,Reading/Writing,65.3,C
1121,24,Female,8.8,69.3,6,6,No,Low,Yes,0,6,78.9,Kinesthetic,77.7,B
1122,25,Female,5.0,54.2,4,9,No,High,Yes,1,6,66.1,Reading/Writing,56.8,D
1123,22,Male,8.6,59.1,8,1,No,High,No,1,5,88.0,Visual,81.9,B
1124,26,Female,17.6,94.7,7,1,Yes,Low,Yes,2,4,72.5,Visual,99.9,A
1125,29,Female,5.1,97.7,5,8,No,High,Yes,4,7,79.8,Reading/Writing,87.5,B
1126,18,Male,9.2,60.1,1,10,Yes,Low,No,0,9,73.8,Reading/Writing,63.9,C
1127,19,Female,3.4,60.6,9,9,No,Low,Yes,4,0,44.8,Reading/Writing,65.0,C
1128,29,Female,10.8,74.4,9,8,No,High,Yes,3,9,82.4,Visual,85.1,B
1129,30,Male,5.1,87.9,10,1,Yes,High,No,5,1,47.6,Visual,81.9,B
1130,23,Female,1.9,56.2,10,3,No,High,Yes,5,2,98.4,Auditory,69.5,C
1131,30,Female,6.5,68.2,2,3,No,Low,Yes,0,7,94.8,Visual,69.7,C
1132,30,Female,9.9,61.5,7,4,Yes,High,Yes,5,2,61.4,Kinesthetic,85.7,B
1133,24,Female,10.7,93.4,2,4,No,High,No,4,9,72.7,Auditory,90.1,A
1134,26,Female,15.5,87.7,3,2,Yes,Low,Yes,4,6,55.1,Kinesthetic,89.8,B
1135,19,Male,1.4,85.4,10,9,Yes,Low,No,2,0,68.6,Kinesthetic,75.6,B
1136,26,Female,1.8,97.3,5,1,Yes,High,Yes,4,8,98.9,Visual,91.2,A
1137,20,Female,16.1,99.0,9,9,Yes,High,No,0,2,84.5,Reading/Writing,100,A
1138,27,Male,1.7,64.3,9,4,No,High,No,4,4,87.2,Auditory,72.7,C
1139,18,Male,7.8,70.6,6,2,No,High,No,2,1,43.0,Visual,76.5,B
1140,26,Male,16.0,94.6,2,9,No,High,Yes,5,2,57.9,Kinesthetic,91.4,A
1141,25,Female,18.3,97.9,2,4,Yes,High,Yes,0,2,75.5,Auditory,95.4,A
1142,24,Female,17.5,99.9,9,9,No,Low,No,4,3,51.2,Reading/Writing,95.4,A
1143,22,Female,5.7,72.3,5,1,Yes,Low,No,3,10,92.1,Kinesthetic,83.8,B
1144,18,Female,5.7,85.5,9,8,Yes,High,No,3,1,53.9,Auditory,79.4,B
1145,25,Male,6.4,87.3,2,10,Yes,High,Yes,1,2,47.6,Reading/Writing,73.8,C
1146,29,Female,18.4,74.3,2,2,Yes,High,No,2,10,67.8,Auditory,100,A
1147,25,Male,10.0,77.4,10,9,No,High,No,3,6,62.7,Auditory,86.3,B
1148,21,Female,6.6,63.4,6,9,No,Low,Yes,4,1,71.9,Visual,68.8,C
1149,21,Female,12.6,78.7,6,4,Yes,Low,Yes,2,8,89.9,Kinesthetic,99.1,A
1150,30,Male,10.3,79.3,6,4,No,Low,No,2,10,74.0,Kinesthetic,75.5,B
1151,20,Male,11.3,57.0,8,5,Yes,Low,No,3,5,57.0,Visual,73.4,C
1152,18,Female,11.6,86.2,1,3,Yes,Low,Yes,0,9,77.2,Reading/Writing,82.4,B
1153,19,Male,4.2,98.1,5,5,Yes,Low,No,0,9,69.5,Reading/Writing,72.4,C
1154,18,Male,11.1,87.7,4,4,No,High,Yes,3,4,59.2,Visual,90.1,A
1155,22,Male,18.9,83.5,6,6,Yes,Low,Yes,2,10,83.9,Kinesthetic,98.0,A
1156,20,Male,10.3,84.0,4,9,No,High,No,1,8,47.8,Kinesthetic,73.9,C
1157,28,Female,4.8,88.5,1,9,Yes,Low,Yes,4,0,47.4,Visual,55.6,D
1158,29,Female,10.9,91.4,3,6,No,High,Yes,4,3,62.9,Visual,90.1,A
1159,24,Female,19.6,95.2,7,7,No,Low,No,4,8,99.6,Visual,100,A
1160,25,Male,10.8,65.9,10,5,No,Low,No,0,2,53.2,Auditory,83.9,B
1161,20,Male,12.6,67.0,2,1,No,High,No,5,9,89.7,Reading/Writing,82.1,B
1162,29,Female,13.2,93.1,10,10,No,High,No,2,1,75.6,Auditory,93.8,A
1163,28,Female,15.3,65.7,1,5,Yes,High,Yes,1,5,69.7,Kinesthetic,89.5,B
1164,20,Male,5.3,79.3,6,8,No,Low,No,3,2,76.1,Kinesthetic,72.3,C
1165,19,Female,5.5,63.7,10,5,Yes,Low,Yes,2,4,47.4,Auditory,77.5,B
1166,24,Male,13.3,72.4,4,2,Yes,Low,No,5,2,44.9,Auditory,78.6,B
1167,27,Male,8.2,65.3,2,9,No,High,Yes,3,10,63.6,Kinesthetic,62.2,C
1168,30,Female,15.0,59.8,3,6,No,High,Yes,0,3,81.1,Visual,78.8,B
1169,30,Male,4.7,56.8,4,1,Yes,High,Yes,5,3,79.7,Visual,75.0,B
1170,25,Female,8.7,68.9,8,9,No,Low,No,1,9,62.9,Kinesthetic,70.1,C
1171,28,Male,18.9,98.2,4,8,Yes,High,Yes,0,0,80.2,Reading/Writing,97.0,A
1172,21,Female,4.5,90.7,7,9,No,Low,No,1,3,70.3,Kinesthetic,66.5,C
1173,26,Female,10.5,88.2,1,10,No,Low,Yes,0,2,92.4,Auditory,79.4,B
1174,22,Male,12.9,96.5,4,1,Yes,Low,No,0,7,63.3,Kinesthetic,91.2,A
1175,20,Female,15.6,71.6,9,7,Yes,High,No,2,3,82.1,Kinesthetic,92.2,A
1176,26,Female,12.4,72.5,6,5,Yes,Low,No,0,8,99.3,Kinesthetic,85.7,B
1177,18,Female,5.4,59.2,3,6,Yes,Low,No,3,0,68.2,Kinesthetic,60.3,C
1178,21,Female,5.0,50.8,2,7,Yes,High,Yes,0,10,59.2,Auditory,57.5,D
1179,20,Female,15.4,62.4,10,8,Yes,Low,Yes,2,5,72.4,Visual,94.6,A
1180,28,Male,1.6,50.3,7,5,No,Low,No,5,9,90.0,Visual,57.1,D
1181,26,Male,8.4,92.8,7,9,Yes,High,Yes,4,8,91.2,Visual,94.4,A
1182,19,Female,17.2,81.4,9,4,No,High,No,5,3,83.3,Auditory,100,A
1183,22,Male,17.1,68.1,6,1,No,Low,Yes,5,8,91.6,Reading/Writing,97.4,A
1184,22,Male,5.9,69.9,10,3,Yes,Low,No,5,0,98.9,Kinesthetic,81.6,B
1185,28,Male,1.4,58.3,5,6,Yes,Low,No,4,5,43.1,Reading/Writing,52.5,D
1186,26,Female,8.0,90.3,6,8,Yes,High,No,5,9,70.3,Kinesthetic,91.7,A
1187,28,Female,3.4,50.5,4,10,Yes,High,Yes,5,5,47.1,Reading/Writing,56.6,D
1188,21,Male,15.6,55.3,9,5,No,Low,Yes,3,2,65.9,Visual,89.2,B
1189,19,Male,14.5,92.2,7,6,No,High,Yes,4,8,66.0,Visual,91.3,A
1190,26,Male,12.6,54.1,10,6,Yes,Low,Yes,0,6,43.9,Auditory,86.6,B
1191,26,Male,8.9,63.1,6,1,No,Low,No,4,10,42.4,Reading/Writing,75.2,B
1192,30,Male,15.2,55.3,10,3,Yes,Low,Yes,4,7,50.0,Reading/Writing,88.5,B
1193,23,Female,12.3,82.0,7,4,Yes,Low,No,0,8,65.6,Auditory,90.0,A
1194,30,Male,3.7,86.3,3,6,No,Low,Yes,3,0,58.2,Kinesthetic,55.5,D
1195,23,Male,14.6,59.4,1,10,Yes,Low,No,0,9,87.2,Kinesthetic,77.8,B
1196,27,Female,11.6,98.4,4,2,Yes,High,Yes,5,10,90.6,Kinesthetic,96.9,A
1197,21,Female,1.1,51.3,10,3,Yes,Low,No,3,6,71.6,Auditory,75.3,B
1198,25,Male,11.5,84.6,8,9,No,Low,No,2,4,88.7,Kinesthetic,93.7,A
1199,20,Female,5.8,80.8,5,4,No,Low,Yes,4,2,94.7,Auditory,68.6,C
1200,22,Female,10.9,66.4,6,7,Yes,High,Yes,3,1,64.2,Kinesthetic,76.3,B
1201,29,Male,13.5,89.2,3,6,Yes,Low,No,3,6,81.1,Auditory,87.3,B
1202,20,Male,17.2,69.0,4,1,No,Low,No,0,0,43.4,Kinesthetic,82.0,B
1203,23,Female,19.1,90.9,3,4,No,Low,No,3,5,45.9,Kinesthetic,89.0,B
1204,20,Female,1.3,69.7,7,1,Yes,High,No,0,5,80.8,Auditory,72.1,C
1205,19,Male,9.3,61.5,7,1,No,High,No,4,1,81.5,Auditory,78.8,B
1206,30,Male,2.3,99.2,9,5,Yes,High,No,1,4,49.2,Reading/Writing,83.1,B
1207,19,Female,2.5,98.2,6,2,No,High,Yes,3,6,54.3,Visual,77.7,B
1208,21,Male,16.4,63.0,4,7,No,Low,No,3,4,76.7,Kinesthetic,85.9,B
1209,28,Female,14.7,89.1,7,1,Yes,High,Yes,1,0,53.7,Reading/Writing,92.0,A
1210,23,Male,11.7,56.2,1,10,Yes,Low,No,1,1,85.7,Kinesthetic,73.7,C
1211,28,Male,16.2,73.2,9,1,No,Low,No,5,3,50.2,Visual,90.8,A
1212,30,Female,5.2,71.4,9,6,Yes,High,Yes,4,0,89.3,Reading/Writing,88.8,B
1213,25,Female,13.2,91.0,10,6,Yes,High,No,0,0,97.8,Auditory,100,A
1214,30,Female,10.6,90.0,2,2,Yes,Low,Yes,3,6,56.5,Auditory,88.8,B
1215,24,Female,10.1,96.5,3,9,No,Low,Yes,4,3,67.0,Reading/Writing,73.2,C
1216,20,Male,8.2,58.3,1,8,No,High,No,0,6,92.7,Visual,60.5,C
1217,25,Female,12.3,90.7,5,5,No,Low,No,5,1,69.6,Visual,80.1,B
1218,20,Male,10.2,81.8,2,1,No,High,Yes,4,1,96.1,Kinesthetic,89.9,B
1219,26,Female,16.9,66.4,9,7,No,High,Yes,0,8,78.4,Reading/Writing,99.1,A
1220,19,Female,18.1,76.8,3,4,No,Low,Yes,0,9,79.1,Visual,92.6,A
1221,26,Female,19.0,88.9,10,8,No,High,No,0,9,67.8,Reading/Writing,100,A
1222,21,Male,17.4,67.9,7,7,Yes,Low,No,4,10,66.9,Auditory,99.8,A
1223,24,Male,17.6,95.9,8,1,No,High,Yes,0,10,93.7,Visual,100,A
1224,24,Male,13.7,77.1,6,10,Yes,High,Yes,3,0,54.0,Auditory,80.5,B
1225,30,Male,4.5,73.3,6,3,Yes,Low,No,0,1,99.7,Auditory,76.6,B
1226,27,Male,11.9,80.7,7,3,No,High,Yes,3,2,78.1,Kinesthetic,94.4,A
1227,28,Female,15.0,52.4,9,8,Yes,Low,No,5,4,87.8,Reading/Writing,87.8,B
1228,23,Male,8.2,98.6,4,3,Yes,High,No,2,4,84.9,Kinesthetic,84.7,B
1229,27,Female,14.0,99.2,7,4,Yes,High,Yes,4,6,75.2,Kinesthetic,100,A
1230,27,Male,6.2,91.5,2,10,No,High,Yes,5,7,60.3,Kinesthetic,79.5,B
1231,27,Male,13.8,77.9,4,4,No,Low,No,4,7,78.3,Kinesthetic,91.0,A
1232,26,Male,7.3,68.0,10,4,Yes,Low,Yes,1,10,95.4,Kinesthetic,90.6,A
1233,19,Male,9.5,80.4,7,1,No,Low,Yes,4,9,44.3,Visual,75.2,B
1234,25,Male,3.5,82.9,10,10,No,Low,Yes,2,6,90.7,Reading/Writing,76.9,B
1235,24,Male,4.8,81.0,10,7,No,High,Yes,3,1,59.2,Visual,77.4,B
1236,18,Male,1.5,76.5,6,4,Yes,High,Yes,4,0,97.0,Auditory,75.7,B
1237,25,Female,8.6,86.9,2,7,No,High,Yes,2,1,80.6,Reading/Writing,81.7,B
1238,21,Male,18.8,76.4,8,8,Yes,High,Yes,4,3,67.5,Auditory,100,A
1239,30,Female,15.7,79.3,9,5,Yes,Low,Yes,2,9,78.2,Auditory,99.3,A
1240,27,Male,8.0,91.2,4,4,Yes,Low,No,5,6,92.6,Reading/Writing,82.7,B
1241,25,Male,2.2,65.7,5,9,Yes,High,Yes,3,6,63.7,Visual,68.0,C
1242,24,Female,19.0,77.3,10,4,Yes,High,No,0,6,81.1,Reading/Writing,100,A
1243,18,Female,15.1,85.2,8,10,No,High,Yes,0,2,69.3,Auditory,98.1,A
1244,30,Female,7.3,64.4,6,8,No,Low,Yes,2,7,79.1,Reading/Writing,68.6,C
1245,24,Male,7.1,97.3,2,7,No,Low,No,1,6,64.9,Reading/Writing,67.5,C
1246,23,Male,11.7,59.1,9,6,Yes,Low,Yes,0,0,87.2,Visual,84.6,B
1247,30,Female,10.8,79.9,4,2,Yes,Low,No,5,7,42.5,Reading/Writing,77.6,B
1248,20,Female,18.8,52.7,10,2,Yes,Low,No,5,9,54.0,Auditory,94.8,A
1249,20,Female,14.7,63.5,9,9,No,Low,No,3,1,40.2,Kinesthetic,80.2,B
1250,22,Female,10.9,99.3,2,1,Yes,High,No,4,8,49.6,Kinesthetic,95.6,A
1251,27,Male,16.4,60.8,4,6,Yes,Low,Yes,1,5,44.4,Reading/Writing,82.1,B
1252,20,Female,12.4,84.2,1,6,Yes,High,Yes,0,8,96.5,Kinesthetic,88.3,B
1253,24,Male,5.8,64.8,9,8,No,Low,No,3,8,93.0,Visual,79.3,B
1254,23,Male,3.0,74.0,1,2,Yes,High,No,3,0,76.6,Visual,71.1,C
1255,19,Male,14.9,85.8,5,6,No,High,Yes,4,2,46.5,Auditory,94.5,A
1256,24,Male,16.1,98.3,3,4,No,Low,Yes,1,4,58.9,Kinesthetic,90.7,A
1257,27,Female,15.1,51.0,10,10,No,High,No,4,4,71.2,Visual,89.9,B
1258,25,Female,5.4,95.7,1,9,No,High,Yes,4,5,82.4,Auditory,79.3,B
1259,21,Female,8.4,98.7,5,9,Yes,Low,No,4,1,79.1,Auditory,88.3,B
1260,28,Female,13.2,80.0,1,8,No,High,Yes,0,10,66.8,Visual,78.7,B
1261,24,Female,9.9,84.0,1,9,Yes,Low,Yes,2,10,54.4,Visual,73.8,C
1262,22,Male,2.0,99.1,2,6,Yes,Low,No,2,8,71.0,Auditory,68.3,C
1263,25,Female,10.4,85.5,9,8,No,High,Yes,4,5,61.4,Reading/Writing,86.1,B
1264,19,Female,1.8,61.0,5,2,No,High,No,5,8,49.2,Kinesthetic,64.3,C
1265,27,Male,10.6,77.9,3,1,Yes,Low,No,3,5,65.1,Auditory,82.6,B
1266,20,Male,14.4,64.9,10,5,No,High,No,4,0,42.8,Reading/Writing,88.5,B
1267,24,Female,17.9,59.6,8,7,No,Low,No,0,5,80.5,Kinesthetic,87.6,B
1268,21,Male,3.4,87.0,9,7,No,High,No,0,6,59.2,Auditory,71.3,C
1269,23,Male,17.1,53.8,5,5,No,Low,No,0,9,42.9,Reading/Writing,77.7,B
1270,20,Female,2.6,84.7,9,6,Yes,High,Yes,5,2,49.7,Auditory,70.1,C
1271,21,Female,18.6,69.0,2,6,No,Low,Yes,0,1,48.0,Auditory,83.0,B
1272,30,Male,10.6,50.9,3,9,Yes,High,Yes,0,3,62.8,Kinesthetic,63.0,C
1273,23,Female,17.6,85.8,4,1,No,Low,No,3,0,57.3,Kinesthetic,92.9,A
1274,30,Female,5.2,96.6,7,6,No,Low,Yes,4,7,91.0,Reading/Writing,88.2,B
1275,29,Female,19.1,98.9,6,8,No,High,Yes,4,3,71.8,Kinesthetic,100,A
1276,26,Female,5.3,74.5,8,7,No,Low,Yes,5,4,99.6,Reading/Writing,69.0,C
1277,19,Female,6.6,91.2,5,10,Yes,High,Yes,3,10,63.4,Auditory,81.8,B
1278,19,Female,10.9,86.3,4,10,Yes,Low,Yes,2,8,41.6,Reading/Writing,74.6,C
1279,27,Female,18.0,79.5,10,9,Yes,High,Yes,4,10,46.4,Auditory,100,A
1280,20,Female,4.1,94.5,1,9,No,High,Yes,0,6,78.3,Reading/Writing,73.0,C
1281,29,Male,8.4,82.7,1,4,Yes,High,Yes,2,2,88.9,Visual,76.5,B
1282,30,Female,8.7,62.1,4,4,Yes,High,No,1,4,48.2,Auditory,66.4,C
1283,22,Male,9.3,77.8,4,6,No,Low,No,0,6,60.3,Kinesthetic,69.1,C
1284,30,Male,8.9,71.6,4,5,Yes,Low,No,2,10,61.4,Visual,77.6,B
1285,27,Male,1.3,62.6,8,2,No,Low,No,0,6,63.5,Reading/Writing,57.3,D
1286,30,Male,4.3,62.1,3,8,No,Low,No,4,6,71.3,Reading/Writing,51.7,D
1287,26,Female,9.4,53.8,8,1,Yes,Low,No,5,2,47.9,Auditory,77.4,B
1288,29,Male,16.2,50.9,5,9,Yes,High,Yes,1,9,45.3,Reading/Writing,85.7,B
1289,23,Male,3.5,81.0,9,2,Yes,High,Yes,5,10,86.7,Visual,82.5,B
1290,24,Male,6.2,83.4,4,10,Yes,High,Yes,5,6,48.8,Kinesthetic,77.9,B
1291,21,Male,8.2,55.8,3,7,Yes,Low,Yes,5,1,79.2,Auditory,64.7,C
1292,26,Male,11.8,83.0,9,4,Yes,Low,No,4,10,69.3,Reading/Writing,100,A
1293,23,Male,6.0,77.9,7,4,No,High,Yes,2,1,45.6,Auditory,69.6,C
1294,20,Male,2.6,70.1,4,5,No,Low,No,2,8,88.4,Kinesthetic,66.7,C
1295,25,Female,16.0,68.1,4,7,Yes,High,Yes,4,2,73.0,Visual,94.4,A
1296,20,Male,17.0,64.7,5,4,No,Low,No,1,4,79.2,Reading/Writing,89.0,B
1297,23,Male,14.4,80.0,7,9,No,High,No,5,3,71.9,Reading/Writing,98.7,A
1298,24,Male,12.5,73.1,3,5,No,High,No,2,9,99.5,Reading/Writing,83.5,B
1299,29,Female,7.5,61.8,10,9,No,Low,Yes,1,10,76.3,Visual,68.7,C
1300,18,Female,15.9,55.8,2,5,No,Low,No,4,1,85.2,Auditory,72.1,C
1301,28,Female,1.6,94.0,8,2,No,Low,Yes,0,9,80.1,Reading/Writing,76.3,B
1302,30,Male,9.6,57.1,10,2,No,High,Yes,3,4,76.4,Kinesthetic,91.6,A
1303,30,Male,18.0,94.0,5,5,No,High,Yes,2,7,52.2,Reading/Writing,100,A
1304,28,Male,17.6,61.8,9,5,Yes,High,Yes,2,2,62.9,Auditory,94.7,A
1305,28,Female,6.9,88.1,3,2,No,High,No,1,8,41.3,Auditory,78.0,B
1306,28,Male,2.9,74.1,10,4,Yes,High,Yes,2,3,74.8,Visual,79.1,B
1307,20,Female,5.3,65.5,3,1,Yes,High,Yes,4,0,55.8,Visual,73.6,C
1308,25,Male,14.6,69.8,3,4,Yes,High,Yes,0,9,84.5,Auditory,99.6,A
1309,28,Male,5.7,65.1,2,5,No,High,No,1,6,68.7,Visual,64.2,C
1310,28,Male,9.5,57.7,7,10,No,Low,No,0,10,52.4,Auditory,68.7,C
1311,23,Male,8.4,85.5,3,10,Yes,Low,No,0,0,55.9,Reading/Writing,65.0,C
1312,30,Female,19.1,86.5,10,4,Yes,High,No,2,3,99.5,Auditory,100,A
1313,30,Male,11.0,86.6,8,10,Yes,High,Yes,2,6,72.4,Visual,92.4,A
1314,30,Male,10.7,55.1,6,6,Yes,Low,Yes,2,6,74.5,Auditory,82.0,B
1315,21,Female,7.4,83.1,2,6,Yes,High,No,5,2,85.4,Kinesthetic,73.5,C
1316,21,Female,5.7,88.1,7,9,No,Low,Yes,0,4,55.0,Reading/Writing,65.9,C
1317,24,Male,4.7,67.0,1,10,Yes,Low,Yes,5,2,64.0,Kinesthetic,54.3,D
1318,24,Female,5.5,53.4,10,1,Yes,Low,No,2,1,88.0,Kinesthetic,76.8,B
1319,24,Male,18.1,98.4,2,4,Yes,Low,No,0,1,45.8,Reading/Writing,90.6,A
1320,26,Female,14.8,80.3,8,7,No,High,No,3,10,50.3,Visual,88.3,B
1321,24,Female,3.1,65.4,3,1,No,High,No,0,9,51.6,Kinesthetic,60.1,C
1322,30,Male,2.0,55.0,3,3,No,Low,No,2,0,40.0,Reading/Writing,52.9,D
1323,20,Female,3.5,88.6,8,2,Yes,Low,Yes,5,9,58.0,Reading/Writing,80.2,B
1324,21,Female,1.9,73.2,5,8,No,Low,Yes,1,10,59.2,Kinesthetic,59.4,D
1325,19,Male,17.4,63.4,4,1,Yes,High,No,0,7,61.4,Visual,96.0,A
1326,20,Male,5.4,68.1,2,10,Yes,Low,Yes,3,5,76.3,Reading/Writing,65.7,C
1327,28,Male,8.0,50.1,4,6,Yes,High,No,2,0,86.6,Auditory,65.3,C
1328,18,Female,13.8,88.1,1,6,No,Low,Yes,1,7,55.6,Auditory,76.7,B
1329,27,Female,5.4,64.9,4,7,Yes,Low,No,2,3,52.5,Kinesthetic,59.4,D
1330,19,Female,18.5,93.6,9,4,No,High,Yes,4,0,60.4,Reading/Writing,100,A
1331,19,Female,1.1,83.3,6,7,No,Low,Yes,3,5,42.9,Kinesthetic,67.3,C
1332,19,Female,15.8,60.2,1,3,Yes,High,Yes,4,8,44.1,Kinesthetic,84.7,B
1333,20,Male,9.7,91.3,6,10,Yes,Low,Yes,4,8,47.2,Visual,76.5,B
1334,21,Female,19.9,89.8,2,9,No,Low,No,5,4,71.2,Auditory,86.9,B
1335,29,Male,4.8,96.0,9,1,Yes,Low,No,4,9,82.8,Visual,83.3,B
1336,20,Female,14.0,59.3,1,2,No,High,No,2,10,84.8,Kinesthetic,92.4,A
1337,21,Male,10.9,78.5,7,10,No,Low,No,5,3,46.7,Visual,72.0,C
1338,28,Female,6.3,79.1,1,5,Yes,High,No,4,0,53.5,Visual,69.1,C
1339,28,Male,7.0,59.0,1,10,No,Low,No,3,2,46.0,Auditory,53.3,D
1340,23,Male,12.2,52.6,7,10,Yes,Low,Yes,1,5,46.2,Auditory,66.7,C
1341,18,Male,2.2,77.2,2,5,No,High,No,5,5,69.6,Reading/Writing,60.9,C
1342,26,Male,12.8,92.1,9,7,Yes,Low,Yes,1,9,83.2,Visual,91.6,A
1343,26,Male,4.3,78.8,2,3,Yes,High,Yes,3,4,94.6,Visual,69.8,C
1344,24,Female,3.7,81.0,6,2,No,Low,Yes,4,5,87.4,Reading/Writing,70.4,C
1345,28,Female,4.2,81.2,6,10,Yes,Low,Yes,0,5,59.9,Kinesthetic,74.8,C
1346,24,Female,11.6,85.7,7,2,Yes,Low,No,0,2,67.8,Auditory,89.5,B
1347,18,Male,14.6,67.4,6,8,No,High,No,4,0,53.7,Reading/Writing,79.2,B
1348,21,Female,8.5,55.5,2,9,No,High,Yes,4,1,74.7,Kinesthetic,71.7,C
1349,30,Male,10.1,79.7,8,2,No,High,No,3,4,62.5,Reading/Writing,85.8,B
1350,21,Female,2.5,67.4,3,9,No,Low,Yes,4,5,72.7,Kinesthetic,63.3,C
1351,19,Male,8.1,80.1,6,4,Yes,Low,Yes,0,10,88.4,Kinesthetic,86.4,B
1352,26,Female,2.4,91.0,3,7,No,High,Yes,3,5,89.7,Visual,79.3,B
1353,27,Male,11.7,61.8,7,9,No,Low,Yes,3,1,68.5,Kinesthetic,81.0,B
1354,29,Male,11.2,82.6,8,8,No,Low,Yes,0,5,57.2,Reading/Writing,81.2,B
1355,27,Female,8.8,88.5,5,9,Yes,High,No,4,2,60.9,Kinesthetic,84.6,B
1356,28,Male,17.5,80.9,1,3,Yes,Low,No,3,6,47.7,Kinesthetic,94.2,A
1357,29,Female,5.8,56.0,2,6,Yes,High,Yes,2,2,59.0,Reading/Writing,68.5,C
1358,20,Male,14.6,73.8,1,5,No,High,Yes,0,7,64.1,Auditory,82.0,B
1359,24,Female,19.0,54.2,2,8,Yes,Low,Yes,1,2,41.5,Reading/Writing,84.7,B
1360,18,Female,6.3,83.0,1,5,No,High,Yes,2,3,59.8,Auditory,70.0,C
1361,22,Female,4.8,92.9,1,5,No,Low,Yes,0,3,90.5,Auditory,75.3,B
1362,30,Female,3.5,83.6,6,7,No,High,No,1,7,82.1,Visual,70.2,C
1363,18,Female,15.4,77.8,6,6,Yes,High,Yes,2,2,41.7,Visual,83.4,B
1364,20,Female,10.7,92.6,8,3,No,Low,Yes,3,8,41.1,Auditory,87.6,B
1365,21,Female,5.7,80.0,3,7,No,Low,Yes,3,9,45.7,Auditory,71.8,C
1366,22,Female,8.2,57.7,5,8,No,Low,No,0,2,68.1,Auditory,57.8,D
1367,25,Male,18.8,66.3,4,5,No,Low,No,1,0,88.4,Visual,88.4,B
1368,30,Female,6.8,58.4,7,10,No,Low,Yes,4,5,43.6,Visual,68.8,C
1369,18,Male,4.4,73.1,1,5,Yes,High,Yes,5,4,78.7,Visual,70.2,C
1370,25,Male,3.6,53.9,9,7,No,Low,No,2,10,87.6,Kinesthetic,66.7,C
1371,19,Female,19.8,89.8,2,10,Yes,Low,Yes,3,5,56.3,Auditory,85.3,B
1372,18,Male,16.0,86.8,6,10,No,Low,Yes,3,9,89.9,Reading/Writing,98.1,A
1373,19,Female,17.0,63.4,1,4,Yes,Low,No,0,6,91.6,Reading/Writing,79.2,B
1374,24,Male,13.9,96.8,8,10,Yes,High,Yes,1,7,47.8,Kinesthetic,92.3,A
1375,28,Male,10.3,63.7,10,3,Yes,High,Yes,1,6,69.7,Visual,95.3,A
1376,29,Female,8.9,76.3,4,4,No,High,No,1,4,75.9,Reading/Writing,79.3,B
1377,30,Male,11.5,85.6,1,9,Yes,Low,Yes,1,4,74.3,Reading/Writing,71.0,C
1378,19,Male,19.6,63.1,4,1,No,High,Yes,4,9,77.0,Kinesthetic,100,A
1379,28,Male,8.1,53.8,10,7,No,High,Yes,1,3,98.5,Reading/Writing,82.9,B
1380,29,Female,6.4,99.6,6,3,Yes,Low,No,0,5,61.8,Reading/Writing,86.8,B
1381,30,Female,12.2,67.1,4,1,Yes,High,Yes,2,1,61.8,Reading/Writing,91.9,A
1382,29,Male,11.6,73.7,9,10,Yes,Low,No,4,9,92.6,Reading/Writing,89.7,B
1383,28,Female,8.2,80.2,6,4,No,High,Yes,1,3,96.9,Reading/Writing,82.5,B
1384,22,Female,14.2,79.1,9,9,No,High,No,2,6,77.3,Visual,93.2,A
1385,19,Male,18.8,79.8,2,7,No,High,No,0,3,61.0,Visual,94.2,A
1386,23,Male,18.1,86.9,6,1,Yes,Low,No,3,5,41.5,Auditory,94.1,A
1387,26,Female,14.9,64.0,5,6,No,High,Yes,2,6,43.4,Kinesthetic,88.3,B
1388,30,Female,2.1,93.5,3,5,Yes,Low,No,1,1,80.8,Reading/Writing,61.2,C
1389,29,Male,15.3,63.1,7,7,Yes,High,Yes,4,5,43.9,Visual,95.5,A
1390,21,Female,8.9,72.2,9,3,Yes,High,Yes,4,9,69.0,Kinesthetic,95.3,A
1391,26,Male,15.1,80.3,1,7,Yes,Low,No,5,4,88.7,Reading/Writing,88.0,B
1392,29,Male,11.2,72.6,5,3,Yes,Low,Yes,0,4,54.7,Kinesthetic,75.4,B
1393,19,Female,6.7,61.9,10,1,No,Low,No,2,7,91.0,Reading/Writing,85.6,B
1394,30,Female,6.8,75.1,1,2,No,Low,Yes,5,1,74.7,Visual,70.3,C
1395,22,Male,1.9,82.0,4,4,No,High,No,0,6,66.3,Kinesthetic,66.9,C
1396,28,Male,1.8,87.5,4,10,Yes,High,Yes,2,1,40.6,Auditory,56.5,D
1397,26,Female,18.7,70.1,3,1,Yes,High,No,1,1,60.0,Kinesthetic,98.0,A
1398,18,Female,14.3,99.0,3,6,No,High,No,3,1,77.1,Kinesthetic,92.6,A
1399,18,Male,15.9,89.3,2,10,Yes,High,No,3,4,40.4,Auditory,88.7,B
1400,23,Female,17.9,60.7,5,3,Yes,Low,No,3,0,47.8,Visual,95.1,A
1401,29,Male,10.9,95.9,2,1,No,High,Yes,0,3,84.3,Visual,84.0,B
1402,29,Female,3.3,58.1,8,2,Yes,High,Yes,0,0,84.4,Visual,75.8,B
1403,23,Female,12.9,81.8,1,10,No,Low,Yes,3,4,90.1,Visual,69.0,C
1404,26,Female,17.7,85.2,2,3,No,Low,Yes,5,4,70.4,Auditory,88.9,B
1405,18,Female,4.2,88.6,6,10,No,Low,Yes,3,5,66.8,Reading/Writing,60.6,C
1406,24,Male,5.4,80.2,7,1,No,Low,No,0,9,42.0,Auditory,74.8,C
1407,28,Female,2.6,69.4,10,8,Yes,Low,No,5,2,72.9,Auditory,69.1,C
1408,26,Female,13.6,86.0,4,5,Yes,Low,Yes,3,2,52.3,Reading/Writing,87.0,B
1409,20,Female,16.8,59.2,9,6,Yes,High,Yes,4,3,89.1,Reading/Writing,95.2,A
1410,20,Male,4.9,84.5,9,10,No,High,No,4,1,41.1,Reading/Writing,68.6,C
1411,24,Female,7.8,81.5,10,3,Yes,Low,Yes,3,8,46.2,Reading/Writing,90.8,A
1412,21,Female,4.3,82.7,2,10,No,Low,Yes,5,4,45.3,Reading/Writing,61.3,C
1413,28,Male,13.0,97.0,8,8,Yes,Low,No,3,9,97.8,Reading/Writing,99.0,A
1414,20,Male,17.7,58.1,6,7,No,High,Yes,0,4,66.8,Kinesthetic,82.4,B
1415,26,Female,9.1,98.8,8,5,Yes,Low,Yes,4,6,41.7,Reading/Writing,87.5,B
1416,25,Female,13.7,66.8,6,10,Yes,Low,No,5,4,94.5,Visual,87.9,B
1417,28,Male,10.5,70.2,10,2,Yes,High,No,0,2,54.8,Auditory,92.8,A
1418,20,Female,16.3,72.1,5,6,Yes,Low,No,2,7,75.9,Auditory,93.9,A
1419,29,Female,6.6,73.3,8,10,Yes,High,Yes,0,6,69.4,Kinesthetic,84.9,B
1420,23,Male,4.4,79.0,9,2,Yes,High,Yes,5,8,70.3,Auditory,94.8,A
1421,23,Female,14.3,67.0,4,10,No,Low,Yes,3,4,64.7,Reading/Writing,74.3,C
1422,26,Male,7.4,68.5,9,6,Yes,High,Yes,2,7,96.0,Reading/Writing,90.9,A
1423,18,Female,15.2,83.9,5,9,Yes,High,No,2,3,53.6,Kinesthetic,89.3,B
1424,28,Female,8.5,74.8,7,8,Yes,High,No,4,7,88.7,Reading/Writing,89.8,B
1425,22,Male,3.6,92.4,8,2,No,High,No,0,7,94.2,Kinesthetic,84.0,B
1426,29,Male,19.9,87.4,8,7,Yes,High,Yes,0,1,68.0,Kinesthetic,100,A
1427,25,Female,4.1,54.7,6,1,Yes,Low,No,2,6,92.3,Kinesthetic,78.3,B
1428,30,Female,13.5,89.3,5,6,No,Low,Yes,4,10,57.1,Visual,90.0,A
1429,23,Male,11.5,99.0,1,6,No,High,Yes,4,5,61.5,Kinesthetic,78.1,B
1430,26,Female,5.8,92.5,3,7,Yes,High,No,3,5,68.6,Visual,84.9,B
1431,27,Female,8.5,76.9,10,8,No,High,Yes,2,6,49.2,Auditory,81.3,B
1432,27,Female,1.3,59.5,4,10,No,High,Yes,2,7,64.6,Kinesthetic,56.7,D
1433,22,Male,4.6,65.5,8,10,Yes,High,No,2,2,98.4,Auditory,68.8,C
1434,28,Female,18.4,86.7,6,6,Yes,Low,Yes,3,2,56.4,Kinesthetic,94.0,A
1435,29,Male,14.4,73.6,8,6,No,High,Yes,5,2,66.1,Auditory,98.5,A
1436,18,Female,15.6,89.9,5,2,Yes,High,Yes,2,7,59.1,Visual,96.6,A
1437,19,Male,18.9,62.4,8,8,No,High,No,5,10,75.7,Reading/Writing,99.1,A
1438,21,Female,11.3,95.6,6,8,Yes,High,Yes,1,6,52.1,Auditory,85.1,B
1439,29,Female,6.5,50.9,9,7,Yes,Low,Yes,4,8,56.0,Auditory,72.1,C
1440,23,Male,4.2,77.1,6,2,Yes,High,No,4,6,86.7,Reading/Writing,90.9,A
1441,23,Male,6.1,68.3,10,6,Yes,Low,Yes,1,6,51.3,Auditory,78.1,B
1442,19,Female,12.6,86.6,3,9,No,Low,Yes,5,10,87.8,Kinesthetic,91.9,A
1443,19,Male,15.2,66.8,9,10,No,High,No,1,3,58.8,Kinesthetic,89.3,B
1444,30,Female,9.4,88.7,7,5,No,Low,No,5,0,60.0,Kinesthetic,72.9,C
1445,29,Male,2.3,53.5,9,1,No,Low,No,2,6,44.6,Reading/Writing,63.5,C
1446,20,Male,12.9,69.3,3,1,Yes,Low,Yes,4,2,54.5,Kinesthetic,81.7,B
1447,30,Female,2.9,99.3,2,3,No,High,Yes,1,0,75.4,Visual,77.9,B
1448,18,Female,8.3,54.7,4,8,No,High,Yes,4,5,99.1,Auditory,75.6,B
1449,29,Male,2.9,93.2,4,9,No,Low,Yes,3,8,76.8,Reading/Writing,60.2,C
1450,27,Male,1.4,99.4,8,2,Yes,High,No,1,8,85.2,Reading/Writing,85.2,B
1451,23,Female,19.5,99.7,10,4,Yes,Low,Yes,3,0,45.0,Auditory,100,A
1452,29,Female,17.4,84.8,1,10,Yes,Low,Yes,2,2,84.9,Visual,94.7,A
1453,28,Female,15.5,83.0,2,9,Yes,High,Yes,4,2,85.5,Auditory,85.3,B
1454,24,Female,6.5,51.9,9,7,No,High,No,0,2,51.6,Visual,65.2,C
1455,30,Male,2.0,79.0,9,1,No,High,Yes,0,10,73.2,Kinesthetic,79.9,B
1456,27,Male,6.9,63.8,3,3,No,Low,No,1,3,48.7,Visual,58.1,D
1457,27,Male,9.2,63.9,4,10,No,High,Yes,5,9,73.1,Reading/Writing,76.1,B
1458,22,Female,18.3,78.0,4,6,Yes,High,No,5,2,40.2,Visual,100,A
1459,20,Female,5.9,67.6,4,3,No,Low,Yes,3,7,91.9,Reading/Writing,78.5,B
1460,18,Female,15.6,63.1,8,9,Yes,High,Yes,3,1,72.8,Auditory,95.4,A
1461,25,Male,4.3,91.0,7,3,No,Low,Yes,4,4,45.5,Auditory,65.1,C
1462,28,Male,7.5,94.7,10,8,No,High,No,2,3,66.1,Auditory,87.0,B
1463,22,Male,16.6,78.0,3,7,Yes,Low,Yes,2,0,49.6,Kinesthetic,83.0,B
1464,20,Male,13.3,56.5,7,9,Yes,Low,No,5,1,88.6,Reading/Writing,88.0,B
1465,21,Male,1.4,54.3,7,8,Yes,Low,Yes,5,1,87.4,Visual,68.3,C
1466,27,Male,11.0,61.3,4,1,Yes,High,Yes,2,10,44.4,Visual,77.2,B
1467,25,Female,16.0,83.8,9,4,No,Low,Yes,5,1,84.3,Kinesthetic,100,A
1468,27,Female,8.6,52.8,2,2,No,High,No,0,10,48.6,Reading/Writing,69.9,C
1469,24,Male,8.4,66.8,10,10,No,Low,No,4,0,96.7,Auditory,74.3,C
1470,22,Male,3.8,89.1,1,9,Yes,High,Yes,5,3,82.7,Kinesthetic,73.8,C
1471,19,Male,5.4,91.9,5,6,Yes,Low,Yes,1,4,72.4,Reading/Writing,82.5,B
1472,22,Female,3.7,78.5,3,4,Yes,Low,Yes,3,10,93.0,Kinesthetic,80.2,B
1473,24,Female,12.6,91.1,5,7,Yes,High,No,3,10,88.2,Auditory,100,A
1474,27,Female,7.6,57.4,4,7,No,High,No,1,2,73.0,Kinesthetic,68.4,C
1475,19,Female,7.2,69.0,8,7,No,Low,Yes,5,6,95.0,Visual,77.3,B
1476,27,Female,3.0,77.6,4,1,Yes,Low,Yes,3,6,44.2,Reading/Writing,66.8,C
1477,22,Male,3.0,80.0,1,4,Yes,High,Yes,1,5,58.4,Visual,64.7,C
1478,18,Female,11.4,76.7,4,1,No,Low,Yes,3,6,82.8,Auditory,89.1,B
1479,29,Male,10.7,91.9,4,9,Yes,Low,Yes,1,3,47.9,Reading/Writing,69.6,C
1480,24,Male,19.3,84.2,10,9,Yes,Low,No,4,2,65.7,Visual,100,A
1481,21,Female,19.8,96.5,2,4,Yes,Low,No,5,2,54.2,Kinesthetic,93.8,A
1482,24,Male,13.2,97.7,4,9,Yes,High,No,5,1,93.3,Auditory,97.9,A
1483,27,Female,19.2,97.0,2,8,No,Low,Yes,4,9,91.5,Auditory,100,A
1484,29,Female,16.0,81.7,8,4,No,High,No,3,1,49.3,Visual,92.9,A
1485,24,Male,9.7,67.0,3,7,No,High,Yes,2,0,92.1,Reading/Writing,79.8,B
1486,25,Female,5.9,99.2,8,1,No,High,Yes,2,8,72.1,Reading/Writing,93.6,A
1487,20,Female,17.0,91.8,8,9,Yes,High,Yes,4,3,80.6,Kinesthetic,100,A
1488,23,Female,1.1,65.9,3,7,Yes,Low,No,3,0,45.4,Visual,56.5,D
1489,18,Female,3.1,75.6,10,10,No,High,Yes,4,1,69.0,Visual,79.3,B
1490,22,Female,3.5,89.4,10,5,No,Low,Yes,3,9,87.4,Visual,73.6,C
1491,19,Male,11.6,94.9,5,4,No,High,Yes,3,1,84.5,Reading/Writing,90.3,A
1492,24,Male,11.6,80.1,3,8,Yes,High,Yes,0,8,62.5,Auditory,85.0,B
1493,23,Female,10.5,59.2,5,3,No,High,Yes,0,7,50.9,Kinesthetic,71.2,C
1494,27,Female,14.7,56.9,10,7,Yes,Low,Yes,3,0,74.2,Auditory,82.0,B
1495,29,Female,7.6,63.1,6,9,No,Low,Yes,2,6,76.9,Auditory,66.8,C
1496,20,Female,16.8,92.8,5,10,No,High,Yes,5,5,69.8,Auditory,91.6,A
1497,25,Female,5.1,73.4,8,2,Yes,Low,No,2,9,94.7,Visual,87.6,B
1498,21,Male,1.7,59.2,4,3,No,High,Yes,5,7,89.2,Kinesthetic,64.8,C
1499,27,Female,1.8,70.7,1,9,Yes,High,No,5,9,91.9,Kinesthetic,59.1,D
1500,25,Male,4.7,59.1,6,6,No,Low,Yes,2,8,88.8,Visual,60.3,C
1501,29,Male,19.8,63.0,7,4,Yes,Low,No,0,7,41.7,Kinesthetic,91.6,A
1502,26,Male,17.0,85.2,8,3,No,Low,No,0,2,80.5,Visual,100,A
1503,30,Male,3.3,94.7,10,7,Yes,Low,No,5,4,93.4,Reading/Writing,82.0,B
1504,24,Female,14.8,90.7,3,10,Yes,High,Yes,0,9,48.1,Reading/Writing,91.5,A
1505,18,Female,1.8,65.3,3,1,No,Low,No,4,0,79.8,Reading/Writing,56.6,D
1506,30,Male,18.5,56.0,7,9,Yes,Low,No,4,10,66.2,Kinesthetic,94.1,A
1507,20,Male,10.0,71.4,5,8,No,High,No,5,10,66.3,Auditory,78.9,B
1508,27,Female,12.9,88.2,6,4,Yes,Low,No,4,8,46.7,Reading/Writing,88.7,B
1509,18,Male,12.9,79.2,1,8,No,High,No,1,0,62.9,Kinesthetic,71.4,C
1510,23,Female,2.3,88.8,5,5,No,Low,No,1,9,48.3,Reading/Writing,64.4,C
1511,21,Male,19.4,56.8,2,9,Yes,Low,No,1,4,87.8,Auditory,85.2,B
1512,25,Female,6.5,58.7,3,1,No,High,No,1,0,54.5,Visual,70.0,C
1513,24,Female,5.8,81.7,5,5,No,Low,No,1,4,72.4,Auditory,72.7,C
1514,23,Male,17.4,51.0,7,6,Yes,High,No,5,3,57.3,Kinesthetic,88.3,B
1515,24,Female,16.2,50.7,3,1,No,High,Yes,3,8,89.2,Reading/Writing,94.3,A
1516,22,Female,16.4,54.9,6,7,Yes,Low,No,2,4,64.9,Auditory,80.2,B
1517,30,Male,2.2,58.4,7,3,Yes,Low,No,1,7,95.4,Kinesthetic,78.2,B
1518,30,Male,17.1,94.6,7,2,Yes,Low,Yes,1,2,71.7,Kinesthetic,98.8,A
1519,25,Male,1.1,71.3,8,10,Yes,High,Yes,1,10,95.1,Auditory,78.1,B
1520,21,Male,2.3,92.5,1,10,Yes,High,No,4,5,67.2,Visual,68.4,C
1521,26,Male,17.2,61.3,3,10,Yes,Low,Yes,2,9,93.5,Kinesthetic,85.9,B
1522,19,Male,15.3,81.8,5,10,Yes,High,Yes,4,3,81.8,Reading/Writing,94.6,A
1523,19,Male,15.0,72.2,4,10,Yes,Low,No,5,6,81.5,Visual,88.2,B
1524,27,Female,17.5,70.1,8,9,No,High,No,1,4,81.0,Reading/Writing,97.2,A
1525,21,Male,13.7,73.3,2,5,Yes,Low,Yes,5,7,81.3,Kinesthetic,84.3,B
1526,30,Female,19.8,95.1,3,3,No,Low,No,5,9,99.1,Visual,100,A
1527,24,Male,16.5,67.2,10,5,Yes,Low,Yes,2,7,54.4,Kinesthetic,90.1,A
1528,28,Female,9.8,85.1,8,8,Yes,Low,Yes,5,5,61.3,Kinesthetic,91.5,A
1529,30,Female,18.3,90.3,5,6,No,Low,Yes,4,8,72.8,Reading/Writing,100,A
1530,28,Female,19.6,87.7,6,7,Yes,Low,Yes,5,1,58.0,Kinesthetic,92.0,A
1531,28,Male,12.5,84.3,3,2,No,Low,No,4,4,81.9,Reading/Writing,83.7,B
1532,28,Female,9.8,58.9,5,7,No,High,Yes,2,9,65.9,Auditory,73.3,C
1533,29,Male,15.2,65.9,2,10,No,High,No,3,2,45.9,Kinesthetic,81.8,B
1534,25,Male,5.6,58.4,10,1,Yes,Low,No,1,10,41.9,Kinesthetic,74.7,C
1535,21,Female,4.9,86.0,6,6,Yes,High,Yes,2,10,49.9,Kinesthetic,87.2,B
1536,25,Male,9.1,77.9,2,3,Yes,High,No,0,6,75.9,Kinesthetic,81.3,B
1537,18,Male,16.1,85.3,4,6,Yes,Low,No,0,0,77.0,Auditory,89.5,B
1538,25,Male,5.0,65.7,10,4,Yes,Low,No,2,7,84.8,Visual,84.0,B
1539,19,Male,9.3,94.2,4,1,No,High,No,0,6,73.4,Auditory,86.2,B
1540,28,Female,18.7,96.6,7,6,No,High,No,5,4,50.2,Reading/Writing,99.9,A
1541,25,Female,6.1,79.9,2,1,No,High,Yes,5,7,86.2,Auditory,84.3,B
1542,24,Male,15.1,70.5,6,10,No,High,No,1,5,64.2,Reading/Writing,90.8,A
1543,30,Female,1.4,76.0,7,10,Yes,Low,Yes,4,3,58.2,Kinesthetic,65.5,C
1544,29,Female,7.8,51.4,10,4,Yes,High,No,4,2,79.4,Auditory,76.8,B
1545,18,Male,17.9,55.4,2,7,Yes,Low,Yes,0,3,53.8,Reading/Writing,80.1,B
1546,28,Male,5.1,70.0,5,5,Yes,High,No,5,7,56.7,Reading/Writing,81.0,B
1547,21,Male,3.7,92.2,8,8,Yes,Low,Yes,4,3,84.9,Visual,82.5,B
1548,22,Female,2.4,89.8,8,10,No,Low,No,5,7,96.4,Auditory,66.5,C
1549,24,Female,9.1,54.3,10,1,Yes,High,Yes,3,0,52.6,Auditory,84.6,B
1550,21,Female,10.5,67.5,9,4,Yes,High,No,5,2,85.1,Auditory,91.6,A
1551,29,Female,15.5,76.4,7,3,Yes,High,Yes,0,2,59.1,Auditory,91.0,A
1552,20,Male,15.9,82.7,9,2,Yes,High,No,0,10,83.7,Kinesthetic,100,A
1553,18,Male,13.3,89.0,10,5,Yes,High,Yes,0,4,88.8,Kinesthetic,100,A
1554,22,Female,10.0,57.0,8,7,No,Low,No,3,7,81.1,Kinesthetic,82.2,B
1555,24,Female,6.2,97.1,4,7,No,High,Yes,4,0,56.6,Auditory,78.3,B
1556,19,Female,6.8,90.5,1,7,No,Low,No,4,5,47.5,Visual,70.7,C
1557,21,Male,4.6,73.9,8,1,No,High,No,3,3,56.3,Reading/Writing,73.6,C
1558,24,Female,3.6,64.6,1,4,Yes,Low,Yes,5,1,92.5,Visual,68.0,C
1559,23,Male,13.7,86.0,4,4,Yes,Low,Yes,0,5,62.1,Kinesthetic,90.3,A
1560,24,Male,5.6,82.1,5,3,No,High,No,0,10,70.6,Reading/Writing,84.9,B
1561,25,Female,8.7,69.9,9,7,Yes,Low,Yes,0,9,55.9,Visual,81.3,B
1562,27,Male,2.0,51.4,4,10,Yes,High,Yes,5,4,46.8,Kinesthetic,54.1,D
1563,20,Male,14.5,70.9,7,10,Yes,Low,No,3,6,90.3,Reading/Writing,84.9,B
1564,25,Male,10.5,53.2,4,1,No,Low,No,0,0,53.5,Auditory,66.7,C
1565,19,Male,17.0,80.9,1,3,No,Low,Yes,2,10,78.0,Reading/Writing,87.0,B
1566,24,Male,19.3,53.4,8,3,No,High,Yes,3,8,76.8,Reading/Writing,100,A
1567,24,Female,16.1,91.3,8,3,No,Low,No,2,6,55.5,Auditory,100,A
1568,19,Female,16.5,97.7,4,4,Yes,High,No,3,0,47.9,Kinesthetic,100,A
1569,27,Female,19.8,56.4,6,3,Yes,High,No,5,5,97.1,Reading/Writing,98.6,A
1570,23,Male,13.7,88.8,9,7,No,High,No,2,0,77.0,Visual,100,A
1571,22,Male,8.1,52.1,2,4,No,Low,Yes,2,9,47.8,Visual,63.3,C
1572,21,Male,4.7,87.1,4,5,Yes,High,Yes,0,6,53.6,Kinesthetic,77.6,B
1573,25,Female,12.3,61.6,6,9,Yes,High,Yes,1,8,93.9,Kinesthetic,82.5,B
1574,22,Female,7.1,95.0,10,7,No,High,No,3,2,64.8,Auditory,87.3,B
1575,23,Male,14.5,76.8,3,3,Yes,Low,No,1,9,88.5,Kinesthetic,99.5,A
1576,26,Female,6.4,75.0,5,9,No,Low,Yes,5,9,51.4,Kinesthetic,66.4,C
1577,22,Female,7.0,83.5,5,2,No,Low,No,4,2,40.8,Visual,68.0,C
1578,23,Female,1.9,99.8,7,3,No,Low,Yes,3,0,78.7,Reading/Writing,81.0,B
1579,29,Male,12.6,57.5,5,2,Yes,High,No,5,0,49.9,Visual,80.4,B
1580,29,Female,15.7,55.9,7,1,No,High,No,2,4,41.1,Reading/Writing,93.9,A
1581,19,Male,19.6,85.6,10,4,Yes,High,Yes,2,0,53.6,Reading/Writing,100,A
1582,20,Male,15.7,54.6,3,10,No,High,No,5,6,41.3,Reading/Writing,77.6,B
1583,28,Female,14.3,99.4,5,6,Yes,Low,Yes,4,8,91.9,Visual,93.9,A
1584,27,Female,15.6,72.0,9,5,Yes,Low,No,0,0,89.7,Kinesthetic,97.8,A
1585,30,Female,16.7,81.7,6,2,No,High,No,3,9,68.0,Visual,100,A
1586,27,Female,19.2,85.2,7,3,Yes,Low,Yes,5,10,97.3,Auditory,100,A
1587,20,Male,6.8,94.6,9,5,Yes,Low,Yes,3,3,51.3,Reading/Writing,90.5,A
1588,24,Male,1.7,75.0,8,2,No,Low,No,5,8,80.4,Reading/Writing,75.0,B
1589,20,Male,2.0,70.2,3,9,Yes,Low,No,3,10,64.8,Kinesthetic,62.4,C
1590,28,Male,18.0,65.0,5,9,No,High,No,3,9,73.2,Visual,90.8,A
1591,24,Female,16.0,63.5,10,2,Yes,Low,No,3,9,42.2,Auditory,90.1,A
1592,30,Male,6.8,70.5,7,1,Yes,Low,No,3,10,88.1,Auditory,79.9,B
1593,25,Male,1.6,70.8,1,9,Yes,High,No,5,10,47.2,Visual,59.3,D
1594,22,Male,4.5,51.7,2,7,No,Low,No,4,8,66.2,Auditory,57.4,D
1595,28,Female,15.3,80.8,3,8,Yes,High,No,2,9,99.5,Reading/Writing,100,A
1596,24,Male,13.2,85.9,4,7,No,High,No,0,4,80.5,Kinesthetic,94.8,A
1597,22,Female,3.9,50.9,2,4,No,Low,Yes,1,5,61.7,Kinesthetic,46.8,F
1598,22,Female,3.7,94.7,7,6,Yes,High,No,0,9,82.1,Kinesthetic,88.5,B
1599,22,Female,5.4,81.3,9,10,Yes,Low,Yes,5,9,47.3,Reading/Writing,77.0,B
1600,20,Female,9.2,72.8,6,4,No,High,Yes,0,3,93.5,Visual,83.4,B
1601,22,Male,12.1,97.7,1,7,No,High,Yes,2,2,55.8,Visual,88.3,B
1602,19,Female,13.5,61.3,10,2,Yes,High,No,3,1,57.1,Kinesthetic,100,A
1603,21,Female,19.6,70.2,5,2,No,Low,No,1,8,41.5,Reading/Writing,85.7,B
1604,22,Male,11.4,90.3,3,2,No,Low,No,3,0,45.1,Auditory,77.1,B
1605,18,Female,18.5,84.4,7,1,Yes,Low,Yes,5,7,50.9,Visual,98.8,A
1606,21,Female,18.9,62.8,10,1,No,Low,No,0,6,93.3,Kinesthetic,97.0,A
1607,20,Male,8.4,82.7,8,6,No,High,Yes,2,3,79.0,Auditory,87.5,B
1608,19,Male,3.8,95.7,3,1,Yes,High,Yes,3,8,58.7,Kinesthetic,87.1,B
1609,20,Female,3.8,77.3,10,10,No,Low,No,2,5,57.8,Auditory,62.6,C
1610,30,Female,7.4,73.4,1,4,Yes,High,Yes,5,3,90.8,Visual,85.6,B
1611,27,Male,18.4,51.8,6,1,No,High,Yes,2,7,88.8,Visual,90.8,A
1612,21,Male,3.3,58.7,4,10,Yes,High,Yes,2,7,80.0,Kinesthetic,70.9,C
1613,28,Male,12.9,96.6,8,6,No,High,No,4,7,53.7,Auditory,100,A
1614,26,Female,8.1,99.3,6,2,No,Low,Yes,3,0,65.8,Visual,80.2,B
1615,28,Female,10.4,94.5,10,1,Yes,High,No,5,2,75.2,Kinesthetic,100,A
1616,26,Female,14.8,81.2,7,4,No,Low,No,1,10,84.5,Auditory,91.6,A
1617,21,Female,13.3,55.4,1,1,No,Low,Yes,0,6,50.0,Visual,74.2,C
1618,29,Male,15.1,54.1,2,9,No,Low,No,3,4,80.9,Kinesthetic,69.8,C
1619,22,Male,19.5,98.9,4,1,Yes,High,Yes,4,4,88.8,Reading/Writing,100,A
1620,28,Female,12.4,88.3,7,2,No,High,No,5,3,75.0,Auditory,100,A
1621,22,Male,10.4,54.9,10,8,No,High,No,1,7,64.5,Reading/Writing,74.2,C
1622,18,Female,12.2,83.4,6,9,No,Low,Yes,5,6,97.5,Auditory,92.7,A
1623,25,Male,13.8,79.4,7,1,Yes,Low,Yes,3,0,87.0,Visual,100,A
1624,25,Male,5.9,62.2,10,1,No,Low,No,0,8,57.0,Kinesthetic,68.0,C
1625,22,Female,5.5,86.6,3,7,Yes,High,Yes,0,4,62.2,Auditory,71.4,C
1626,27,Male,17.2,58.5,9,9,Yes,High,Yes,1,10,94.9,Kinesthetic,100,A
1627,20,Male,13.1,55.1,2,4,Yes,High,Yes,5,1,82.0,Auditory,77.3,B
1628,18,Female,15.3,70.8,3,10,No,Low,No,1,6,59.2,Visual,76.1,B
1629,23,Female,2.3,86.6,2,4,Yes,Low,No,3,9,73.6,Auditory,76.9,B
1630,24,Male,13.3,60.6,8,8,No,Low,Yes,0,6,88.8,Visual,82.3,B
1631,19,Male,7.0,67.8,6,2,No,High,Yes,2,2,81.7,Kinesthetic,72.9,C
1632,26,Male,9.1,61.2,10,7,No,Low,Yes,2,1,54.5,Visual,78.0,B
1633,20,Female,16.9,74.0,1,8,No,High,No,3,3,79.3,Visual,79.0,B
1634,29,Female,5.0,64.5,7,6,Yes,Low,Yes,0,0,60.7,Visual,71.9,C
1635,18,Male,1.2,62.2,9,10,Yes,High,No,0,3,55.3,Kinesthetic,61.4,C
1636,23,Female,17.9,92.8,9,2,No,High,Yes,2,3,51.4,Visual,100,A
1637,24,Male,3.3,56.7,3,10,No,Low,Yes,2,0,62.1,Visual,52.8,D
1638,21,Male,10.4,74.0,9,4,Yes,Low,Yes,1,1,83.7,Visual,85.7,B
1639,23,Male,16.7,62.0,4,5,Yes,Low,No,2,6,59.3,Kinesthetic,82.3,B
1640,23,Male,4.7,69.8,4,7,No,Low,Yes,3,10,64.7,Kinesthetic,64.2,C
1641,30,Female,10.9,82.4,9,3,Yes,Low,Yes,2,10,94.4,Visual,96.1,A
1642,25,Female,6.0,51.7,3,3,Yes,High,Yes,0,7,63.9,Kinesthetic,67.8,C
1643,26,Male,11.2,88.5,4,1,No,High,No,1,9,87.3,Visual,86.4,B
1644,18,Female,3.0,68.6,2,10,Yes,High,No,0,0,72.5,Visual,60.9,C
1645,25,Female,10.3,96.1,8,10,No,High,No,0,2,53.5,Visual,78.6,B
1646,22,Female,17.7,54.3,2,2,Yes,High,No,2,6,57.5,Auditory,95.9,A
1647,27,Female,12.3,53.8,5,7,Yes,Low,Yes,0,10,85.8,Kinesthetic,81.6,B
1648,21,Female,4.6,55.2,3,10,No,High,Yes,3,5,70.9,Visual,55.0,D
1649,24,Male,13.0,51.0,9,5,No,Low,Yes,3,4,72.3,Kinesthetic,78.4,B
1650,26,Female,10.9,65.9,4,7,No,Low,No,0,5,87.5,Kinesthetic,66.8,C
1651,24,Male,2.4,55.2,9,8,No,Low,No,2,4,68.4,Reading/Writing,60.1,C
1652,21,Female,1.6,64.3,8,9,Yes,High,No,5,8,95.6,Auditory,67.0,C
1653,27,Female,10.0,90.2,9,1,No,Low,Yes,1,10,67.7,Auditory,88.6,B
1654,24,Male,19.4,74.5,6,8,Yes,Low,Yes,1,0,57.6,Visual,85.0,B
1655,27,Female,10.1,77.6,3,8,No,Low,Yes,0,4,77.4,Auditory,79.0,B
1656,27,Male,12.4,71.4,2,6,Yes,Low,No,3,6,60.4,Visual,72.9,C
1657,21,Male,7.4,86.8,9,10,Yes,Low,Yes,4,7,90.9,Auditory,93.3,A
1658,25,Female,16.0,95.7,4,8,No,Low,Yes,2,5,76.2,Reading/Writing,89.7,B
1659,23,Male,16.2,79.6,6,9,Yes,High,Yes,3,1,65.9,Reading/Writing,97.8,A
1660,20,Male,16.4,61.8,7,10,Yes,Low,Yes,2,0,60.1,Reading/Writing,88.7,B
1661,30,Male,5.9,98.1,10,3,No,High,No,3,7,88.1,Kinesthetic,92.6,A
1662,23,Female,12.8,51.7,6,2,No,High,No,3,4,43.0,Visual,76.0,B
1663,22,Male,13.2,63.0,2,2,No,High,No,1,7,43.1,Visual,72.6,C
1664,24,Female,18.9,93.1,9,10,No,High,No,2,7,94.2,Auditory,100,A
1665,19,Male,10.8,86.9,6,1,Yes,High,No,2,1,62.8,Reading/Writing,98.4,A
1666,19,Male,12.1,83.2,1,10,No,Low,Yes,1,7,46.6,Visual,74.5,C
1667,26,Female,6.4,60.7,4,2,Yes,High,Yes,2,4,79.0,Visual,81.8,B
1668,26,Male,9.2,55.8,8,8,No,High,No,2,8,40.4,Visual,74.1,C
1669,29,Female,13.0,58.3,1,2,No,Low,Yes,1,6,82.2,Reading/Writing,79.7,B
1670,27,Female,7.3,77.4,5,6,No,Low,No,3,9,66.8,Auditory,68.4,C
1671,27,Male,11.1,69.2,2,4,No,Low,No,5,5,79.0,Visual,82.1,B
1672,21,Female,19.1,68.6,5,6,Yes,High,Yes,2,10,40.8,Kinesthetic,100,A
1673,24,Female,15.3,86.3,10,4,Yes,High,Yes,4,0,45.3,Visual,100,A
1674,24,Male,3.3,57.3,5,9,No,Low,Yes,4,3,91.5,Reading/Writing,54.0,D
1675,24,Male,11.8,72.1,6,2,Yes,Low,Yes,0,6,47.1,Visual,81.0,B
1676,27,Female,7.4,52.4,8,7,Yes,Low,Yes,5,9,52.7,Visual,75.7,B
1677,20,Female,13.0,79.1,2,8,No,Low,No,0,0,60.9,Visual,77.8,B
1678,27,Female,9.9,95.2,6,8,Yes,Low,No,5,0,61.4,Visual,84.8,B
1679,22,Male,12.7,85.3,6,5,Yes,Low,No,5,0,53.9,Reading/Writing,93.1,A
1680,22,Female,5.6,54.2,6,10,No,Low,Yes,0,4,79.4,Kinesthetic,55.2,D
1681,27,Female,2.8,77.4,4,10,No,High,No,5,7,68.6,Auditory,61.6,C
1682,20,Female,10.5,50.6,4,8,Yes,High,Yes,2,2,41.1,Reading/Writing,74.2,C
1683,26,Male,11.2,97.0,1,1,No,Low,Yes,0,2,78.6,Auditory,86.4,B
1684,19,Male,8.2,61.5,3,2,Yes,Low,Yes,0,9,45.4,Auditory,61.8,C
1685,22,Male,6.7,68.5,9,3,Yes,High,Yes,3,7,95.7,Auditory,89.8,B
1686,23,Female,12.8,98.9,8,10,No,High,No,3,3,85.7,Auditory,97.1,A
1687,18,Male,15.5,93.6,8,10,Yes,High,No,4,8,44.4,Visual,92.1,A
1688,26,Male,16.3,98.8,5,10,No,High,No,3,2,63.4,Kinesthetic,98.7,A
1689,29,Female,14.9,91.5,5,7,Yes,High,No,5,5,95.5,Reading/Writing,99.1,A
1690,23,Female,1.0,82.2,5,8,No,Low,Yes,2,0,60.0,Reading/Writing,51.8,D
1691,21,Female,13.3,53.3,3,8,Yes,Low,Yes,0,7,99.4,Auditory,75.6,B
1692,30,Male,6.9,86.9,8,8,Yes,Low,No,0,6,51.6,Visual,84.9,B
1693,28,Male,9.5,67.9,1,6,No,High,Yes,5,0,62.7,Visual,73.6,C
1694,19,Male,9.0,55.6,5,8,No,Low,No,3,5,65.3,Reading/Writing,68.9,C
1695,18,Female,13.1,91.4,6,2,Yes,High,Yes,0,3,46.2,Auditory,92.2,A
1696,28,Female,4.8,98.5,5,3,Yes,High,Yes,3,6,85.4,Auditory,92.5,A
1697,20,Female,7.7,74.0,5,5,No,Low,Yes,5,9,93.3,Auditory,84.8,B
1698,30,Male,6.2,65.0,9,8,No,Low,No,4,0,74.4,Kinesthetic,71.7,C
1699,20,Female,9.1,70.7,10,8,No,Low,Yes,1,3,50.7,Visual,72.1,C
1700,29,Male,11.8,93.6,6,9,No,Low,No,3,5,72.7,Visual,85.9,B
1701,28,Male,10.6,50.7,3,4,Yes,High,Yes,4,8,52.6,Auditory,79.0,B
1702,29,Female,7.9,63.0,4,5,No,High,Yes,2,0,89.1,Visual,76.1,B
1703,28,Male,13.6,68.8,3,3,No,Low,Yes,4,0,87.0,Visual,83.4,B
1704,27,Male,6.2,53.2,9,5,Yes,High,Yes,2,0,74.7,Visual,75.2,B
1705,28,Male,5.8,57.7,7,9,No,Low,Yes,3,2,98.3,Reading/Writing,73.6,C
1706,18,Male,7.7,84.0,8,1,No,Low,No,5,1,46.5,Auditory,78.2,B
1707,30,Female,11.9,90.1,6,4,Yes,High,Yes,1,0,96.2,Auditory,100,A
1708,20,Male,13.8,98.3,5,5,No,Low,Yes,0,8,98.8,Reading/Writing,97.8,A
1709,25,Female,17.1,95.4,5,2,Yes,High,Yes,2,1,59.4,Visual,96.4,A
1710,18,Male,10.7,84.1,8,9,Yes,High,Yes,2,4,69.5,Kinesthetic,85.2,B
1711,30,Male,18.4,93.9,10,9,No,Low,No,3,9,49.5,Visual,97.1,A
1712,30,Male,3.5,86.4,10,4,No,Low,No,1,9,62.0,Reading/Writing,79.7,B
1713,25,Male,1.7,50.1,1,6,No,High,Yes,2,8,93.4,Kinesthetic,59.9,D
1714,27,Female,17.4,91.4,3,6,No,Low,Yes,2,6,51.7,Visual,88.2,B
1715,19,Female,14.8,90.8,5,7,No,Low,Yes,3,8,40.4,Kinesthetic,83.1,B
1716,23,Female,13.5,92.3,5,8,Yes,High,No,0,9,46.5,Visual,96.6,A
1717,26,Male,9.9,85.6,8,1,No,High,No,0,9,96.0,Reading/Writing,91.6,A
1718,26,Female,18.5,74.3,7,1,No,Low,Yes,2,0,78.3,Auditory,100,A
1719,23,Female,3.6,89.9,5,1,Yes,High,Yes,1,2,68.9,Kinesthetic,75.0,B
1720,25,Female,2.0,60.0,3,1,No,High,Yes,4,2,92.5,Reading/Writing,68.0,C
1721,19,Male,10.0,86.5,2,10,Yes,High,No,0,6,84.3,Auditory,80.5,B
1722,30,Male,11.7,59.7,10,6,Yes,High,No,2,7,69.6,Reading/Writing,89.3,B
1723,29,Female,15.4,94.2,9,4,Yes,Low,Yes,2,1,43.0,Auditory,100,A
1724,27,Male,11.9,76.2,4,8,No,Low,Yes,5,1,94.0,Auditory,82.7,B
1725,29,Female,19.5,65.6,9,1,No,Low,Yes,5,2,85.0,Visual,100,A
1726,23,Female,18.4,65.9,5,8,Yes,Low,Yes,3,10,57.4,Visual,93.7,A
1727,28,Male,9.5,99.6,9,4,Yes,High,Yes,0,3,88.3,Visual,93.6,A
1728,24,Male,7.7,94.0,10,9,No,Low,No,4,8,91.6,Kinesthetic,81.2,B
1729,20,Male,15.9,71.2,8,6,No,High,No,1,4,96.4,Reading/Writing,99.2,A
1730,28,Female,9.1,75.8,4,2,No,Low,Yes,3,7,51.0,Auditory,72.7,C
1731,28,Female,11.0,79.5,6,5,Yes,High,No,1,10,51.4,Reading/Writing,92.4,A
1732,28,Female,19.0,76.2,1,5,No,High,Yes,5,9,47.4,Auditory,98.6,A
1733,19,Female,8.6,72.8,8,2,Yes,High,No,5,10,69.7,Reading/Writing,91.9,A
1734,24,Female,16.6,84.0,9,7,Yes,High,No,3,8,97.7,Auditory,100,A
1735,24,Female,7.1,58.2,2,7,No,High,Yes,3,8,90.6,Kinesthetic,76.8,B
1736,21,Male,3.1,52.8,5,8,Yes,Low,Yes,5,2,69.7,Visual,62.2,C
1737,28,Female,5.0,74.6,5,6,No,Low,No,4,10,98.3,Reading/Writing,79.5,B
1738,28,Male,9.2,89.3,8,10,No,High,Yes,3,0,66.5,Kinesthetic,88.9,B
1739,18,Female,8.6,55.0,5,2,No,Low,Yes,3,4,63.4,Auditory,71.0,C
1740,21,Female,12.4,77.1,10,4,No,High,Yes,1,5,83.2,Reading/Writing,89.1,B
1741,29,Male,14.6,55.8,4,3,Yes,High,Yes,1,3,86.7,Visual,84.7,B
1742,30,Male,5.3,94.5,3,4,No,High,Yes,1,10,66.3,Kinesthetic,78.3,B
1743,18,Female,18.4,72.1,8,10,Yes,Low,No,5,3,78.6,Kinesthetic,97.0,A
1744,20,Female,3.5,76.5,2,2,Yes,High,Yes,2,7,44.5,Reading/Writing,62.6,C
1745,20,Female,14.8,94.9,6,9,Yes,Low,Yes,5,7,88.5,Reading/Writing,92.1,A
1746,25,Female,8.0,74.2,7,3,No,High,Yes,1,2,48.6,Kinesthetic,81.4,B
1747,24,Female,17.0,60.1,7,7,No,High,No,4,2,55.1,Visual,96.2,A
1748,29,Female,10.5,83.4,4,6,No,High,Yes,4,4,91.1,Auditory,78.9,B
1749,24,Male,11.1,90.5,6,5,No,High,No,3,5,45.8,Visual,93.3,A
1750,30,Female,7.4,98.5,3,1,No,High,Yes,5,3,77.6,Kinesthetic,87.5,B
1751,24,Male,1.0,97.6,4,5,No,High,No,5,9,48.4,Auditory,65.6,C
1752,29,Male,15.7,73.4,2,5,No,Low,Yes,3,9,56.2,Reading/Writing,74.0,C
1753,18,Female,12.0,80.0,5,10,Yes,Low,Yes,0,8,80.6,Auditory,86.8,B
1754,20,Male,1.1,85.9,2,1,No,High,Yes,3,4,56.3,Visual,72.4,C
1755,27,Male,15.5,70.7,7,10,Yes,Low,Yes,5,0,86.9,Auditory,92.4,A
1756,26,Male,5.8,90.6,3,5,No,Low,No,5,7,72.2,Kinesthetic,78.6,B
1757,18,Female,18.0,55.6,8,10,Yes,High,Yes,5,7,84.2,Auditory,91.7,A
1758,29,Male,6.2,90.0,8,5,No,High,Yes,3,5,97.6,Visual,86.3,B
1759,28,Male,2.5,90.7,1,9,Yes,High,Yes,1,8,93.9,Kinesthetic,76.6,B
1760,21,Female,3.4,77.2,2,1,Yes,Low,No,2,4,93.4,Reading/Writing,65.4,C
1761,23,Male,10.0,79.1,6,8,No,High,No,0,0,97.9,Auditory,82.8,B
1762,26,Female,1.9,90.8,4,6,No,High,No,4,0,82.0,Visual,75.7,B
1763,26,Male,18.6,77.6,9,10,Yes,Low,No,2,2,45.1,Kinesthetic,97.2,A
1764,25,Female,11.7,63.1,10,6,Yes,High,No,2,2,44.1,Kinesthetic,92.1,A
1765,21,Female,8.0,92.5,3,5,Yes,Low,No,2,3,92.4,Reading/Writing,79.7,B
1766,27,Male,17.1,76.9,9,8,No,High,Yes,1,10,60.0,Visual,99.6,A
1767,26,Male,6.5,67.5,8,4,Yes,High,No,4,7,95.6,Kinesthetic,90.0,A
1768,23,Female,1.3,64.0,10,9,Yes,Low,Yes,5,0,82.0,Kinesthetic,63.7,C
1769,18,Male,2.5,72.4,2,6,No,Low,No,3,8,81.5,Kinesthetic,56.1,D
1770,22,Male,7.7,55.7,1,7,No,High,No,1,1,68.0,Kinesthetic,64.4,C
1771,19,Male,8.3,82.4,10,10,No,High,No,0,1,82.6,Reading/Writing,78.8,B
1772,23,Female,2.2,61.0,7,8,No,High,Yes,4,2,44.5,Auditory,54.3,D
1773,22,Male,5.9,62.9,9,2,Yes,High,No,3,1,97.9,Visual,81.2,B
1774,22,Female,16.0,92.8,1,2,No,High,Yes,2,2,96.4,Reading/Writing,100,A
1775,24,Female,6.3,85.0,3,1,Yes,Low,No,4,4,46.6,Auditory,78.5,B
1776,28,Male,1.2,79.1,6,6,Yes,High,No,2,7,40.1,Auditory,60.1,C
1777,27,Female,19.1,86.2,2,10,No,Low,Yes,5,0,47.3,Kinesthetic,84.6,B
1778,21,Female,12.0,75.9,3,9,Yes,Low,No,4,6,76.2,Kinesthetic,85.4,B
1779,27,Female,8.7,90.9,1,3,No,High,Yes,5,8,80.3,Kinesthetic,87.6,B
1780,26,Male,14.4,60.5,3,5,Yes,High,No,1,10,92.6,Auditory,83.9,B
1781,24,Female,17.2,55.4,6,10,No,Low,No,2,3,63.6,Auditory,78.2,B
1782,26,Male,1.9,57.4,9,9,Yes,High,Yes,3,10,90.6,Reading/Writing,76.5,B
1783,28,Male,17.7,54.9,2,10,Yes,Low,Yes,2,4,46.5,Reading/Writing,80.8,B
1784,22,Male,9.4,63.4,5,8,No,High,No,1,3,86.7,Reading/Writing,76.0,B
1785,25,Male,14.1,85.0,10,7,No,Low,No,5,5,52.7,Visual,88.8,B
1786,25,Male,19.9,68.8,10,3,Yes,High,No,5,8,91.1,Visual,100,A
1787,22,Female,13.3,90.3,4,5,Yes,Low,No,1,1,54.7,Auditory,81.0,B
1788,29,Female,14.8,67.0,4,2,Yes,Low,No,3,6,40.5,Kinesthetic,76.7,B
1789,27,Male,1.7,75.3,4,4,No,High,Yes,2,3,74.0,Auditory,62.6,C
1790,27,Female,18.9,87.4,10,5,Yes,High,No,1,2,56.3,Kinesthetic,100,A
1791,30,Male,7.9,95.5,4,9,Yes,High,Yes,2,3,62.6,Reading/Writing,73.5,C
1792,24,Male,13.7,64.8,9,4,Yes,Low,Yes,2,5,46.1,Reading/Writing,85.3,B
1793,25,Male,15.9,93.8,7,5,No,Low,Yes,1,1,92.2,Reading/Writing,99.9,A
1794,22,Male,9.5,63.0,6,4,Yes,High,No,5,2,81.9,Auditory,88.3,B
1795,22,Female,18.3,65.9,7,5,Yes,Low,Yes,4,0,87.2,Visual,100,A
1796,20,Female,11.2,70.1,7,7,No,High,No,1,0,88.5,Kinesthetic,86.9,B
1797,18,Male,16.5,79.3,7,8,Yes,Low,Yes,1,7,65.3,Reading/Writing,90.1,A
1798,23,Female,13.8,93.4,9,9,Yes,Low,No,4,9,40.8,Auditory,100.0,A
1799,18,Male,2.2,59.2,4,5,Yes,High,No,4,7,58.7,Auditory,59.0,D
1800,21,Female,13.8,96.7,9,3,No,Low,No,4,6,60.7,Kinesthetic,99.8,A
1801,22,Male,10.1,53.5,9,7,Yes,High,Yes,2,4,85.7,Kinesthetic,86.5,B
1802,23,Female,5.1,68.1,1,4,No,High,No,5,10,84.3,Reading/Writing,67.3,C
1803,28,Male,14.9,87.6,9,9,Yes,High,No,2,3,78.6,Auditory,100,A
1804,22,Female,7.4,73.2,6,4,Yes,High,Yes,0,10,96.1,Reading/Writing,88.9,B
1805,21,Male,13.3,99.9,10,5,Yes,Low,Yes,3,2,87.7,Auditory,100,A
1806,25,Female,14.7,61.5,4,9,No,Low,Yes,2,2,79.5,Auditory,78.4,B
1807,21,Male,14.0,72.0,2,10,Yes,High,No,5,5,55.9,Auditory,89.2,B
1808,25,Female,9.5,54.0,3,1,No,Low,Yes,1,5,81.0,Visual,78.0,B
1809,26,Male,2.0,92.1,8,10,Yes,High,No,4,7,48.6,Kinesthetic,76.9,B
1810,24,Female,5.2,57.4,3,9,Yes,Low,No,2,3,67.6,Kinesthetic,60.3,C
1811,21,Male,17.7,59.6,9,5,No,High,Yes,2,8,76.6,Visual,100,A
1812,26,Male,13.7,53.8,10,2,No,High,No,1,10,84.6,Auditory,89.7,B
1813,29,Male,18.1,97.1,5,1,Yes,Low,Yes,1,1,70.9,Auditory,99.7,A
1814,19,Male,4.3,56.3,7,8,Yes,High,No,4,6,73.3,Auditory,66.0,C
1815,26,Female,1.9,93.9,3,4,Yes,High,Yes,0,2,83.4,Auditory,76.0,B
1816,22,Male,4.8,91.8,3,4,No,Low,Yes,2,10,52.9,Visual,74.9,C
1817,22,Female,15.3,68.6,2,4,No,Low,No,3,2,56.7,Reading/Writing,71.1,C
1818,24,Female,12.2,82.6,1,7,No,Low,No,0,3,94.8,Reading/Writing,74.0,C
1819,18,Female,14.1,90.7,6,8,Yes,Low,No,2,7,41.1,Kinesthetic,84.2,B
1820,26,Female,6.3,98.8,6,3,No,Low,Yes,4,7,50.0,Kinesthetic,76.8,B
1821,19,Female,3.7,84.1,3,1,No,Low,No,0,4,65.6,Visual,70.8,C
1822,18,Female,4.1,100.0,8,4,Yes,Low,Yes,5,8,57.2,Kinesthetic,82.6,B
1823,27,Male,6.9,55.9,3,6,No,High,No,5,2,53.7,Reading/Writing,71.2,C
1824,28,Female,5.3,58.6,6,8,Yes,High,No,1,7,95.9,Visual,82.5,B
1825,18,Female,19.4,79.3,1,7,Yes,High,No,5,0,98.2,Reading/Writing,100,A
1826,18,Female,3.4,72.0,3,7,Yes,Low,No,0,2,90.2,Visual,56.2,D
1827,30,Male,11.0,50.9,7,5,No,Low,Yes,5,0,57.5,Reading/Writing,78.7,B
1828,26,Female,18.3,50.8,9,2,No,High,Yes,5,2,58.7,Reading/Writing,98.5,A
1829,29,Male,14.5,63.3,8,3,No,Low,Yes,0,1,73.3,Visual,91.5,A
1830,26,Male,18.0,82.8,3,9,No,High,Yes,5,3,90.9,Visual,90.2,A
1831,27,Female,10.3,56.8,10,1,Yes,High,Yes,1,6,66.6,Reading/Writing,85.7,B
1832,21,Male,16.2,54.6,10,7,No,High,Yes,1,7,66.1,Reading/Writing,89.7,B
1833,22,Male,3.1,74.7,9,2,No,High,No,2,9,63.9,Visual,78.2,B
1834,22,Male,8.0,62.7,10,1,Yes,High,Yes,2,1,84.9,Kinesthetic,82.6,B
1835,18,Female,12.9,51.1,4,5,Yes,High,No,1,3,56.7,Auditory,75.1,B
1836,18,Female,8.1,69.1,10,8,No,High,Yes,1,10,95.3,Visual,81.0,B
1837,25,Female,19.0,72.5,9,3,No,Low,No,4,9,87.8,Visual,98.9,A
1838,29,Female,4.3,78.5,8,2,Yes,Low,Yes,5,3,91.7,Kinesthetic,78.3,B
1839,28,Male,15.4,69.0,2,1,No,Low,No,4,6,67.4,Auditory,81.1,B
1840,25,Male,5.3,65.9,10,10,No,Low,Yes,3,3,81.7,Auditory,67.1,C
1841,24,Male,11.5,61.7,7,4,Yes,High,Yes,3,5,84.9,Auditory,91.8,A
1842,25,Female,4.1,84.5,4,9,Yes,High,Yes,0,1,54.0,Reading/Writing,64.0,C
1843,25,Female,16.7,83.5,1,10,No,High,No,1,0,92.7,Visual,87.7,B
1844,27,Male,4.2,78.7,2,2,Yes,Low,Yes,3,2,95.8,Visual,74.5,C
1845,18,Female,1.8,62.5,3,7,No,Low,No,2,10,91.3,Visual,65.6,C
1846,20,Female,7.7,52.5,6,3,Yes,High,No,0,2,80.2,Auditory,71.0,C
1847,23,Female,17.4,98.4,1,9,Yes,Low,Yes,2,1,43.6,Reading/Writing,84.0,B
1848,23,Female,16.5,78.8,10,2,No,Low,No,2,9,98.6,Reading/Writing,100,A
1849,30,Male,1.5,70.3,9,4,Yes,High,No,4,8,87.0,Auditory,87.2,B
1850,28,Male,8.7,69.4,2,9,Yes,High,No,0,0,54.2,Visual,67.7,C
1851,28,Female,15.2,78.8,7,7,Yes,High,Yes,1,6,99.7,Kinesthetic,100,A
1852,28,Male,19.8,71.9,4,10,No,High,Yes,3,0,88.9,Visual,100,A
1853,27,Male,9.2,58.8,8,3,No,Low,Yes,2,7,80.9,Reading/Writing,73.9,C
1854,26,Male,15.8,76.3,4,3,Yes,High,Yes,3,4,97.6,Visual,100,A
1855,24,Male,3.9,76.9,2,5,No,Low,No,5,7,40.5,Reading/Writing,56.2,D
1856,18,Male,10.8,65.5,6,4,No,Low,No,0,5,77.0,Reading/Writing,75.0,B
1857,24,Male,8.9,85.9,5,5,No,Low,Yes,4,9,79.1,Reading/Writing,87.3,B
1858,20,Male,17.6,66.6,4,5,Yes,Low,Yes,4,0,92.8,Kinesthetic,97.4,A
1859,29,Male,14.7,73.7,2,1,Yes,High,Yes,4,1,62.5,Kinesthetic,97.4,A
1860,29,Female,4.2,68.1,6,6,No,Low,Yes,3,7,44.8,Auditory,60.3,C
1861,25,Male,18.7,77.9,7,4,Yes,Low,Yes,4,4,59.7,Kinesthetic,100,A
1862,27,Male,3.0,65.7,6,10,No,Low,Yes,0,4,98.6,Auditory,66.5,C
1863,25,Female,18.7,53.6,9,4,Yes,High,No,2,0,43.2,Auditory,91.8,A
1864,20,Male,16.1,67.4,9,10,No,High,Yes,4,2,59.3,Kinesthetic,94.1,A
1865,30,Male,10.3,57.0,1,8,No,Low,No,1,6,70.5,Reading/Writing,59.0,D
1866,25,Female,18.1,54.5,10,4,No,High,Yes,0,8,88.4,Auditory,100,A
1867,30,Female,1.9,84.6,5,10,Yes,Low,No,0,6,56.3,Kinesthetic,56.3,D
1868,25,Male,4.0,61.3,10,4,No,Low,Yes,1,6,45.4,Kinesthetic,61.1,C
1869,19,Male,8.4,87.1,8,4,No,High,Yes,4,2,95.4,Reading/Writing,91.7,A
1870,25,Female,5.6,89.9,6,1,Yes,High,Yes,2,9,53.4,Reading/Writing,90.3,A
1871,18,Male,6.8,92.4,8,3,Yes,Low,Yes,4,6,87.8,Kinesthetic,84.2,B
1872,23,Male,16.7,67.4,9,5,No,Low,Yes,1,8,55.1,Visual,90.9,A
1873,30,Male,13.4,69.3,3,7,Yes,High,No,4,10,40.1,Reading/Writing,83.4,B
1874,29,Female,3.8,72.8,2,8,No,Low,No,2,1,91.3,Visual,58.0,D
1875,19,Female,12.9,53.0,5,2,No,Low,Yes,5,4,48.4,Reading/Writing,81.5,B
1876,19,Female,1.1,57.3,2,9,No,Low,Yes,3,6,68.3,Reading/Writing,54.4,D
1877,28,Female,14.8,94.1,2,4,No,Low,Yes,3,1,97.0,Kinesthetic,85.9,B
1878,28,Female,15.1,69.4,1,10,Yes,High,Yes,3,9,52.6,Visual,86.5,B
1879,19,Female,11.6,51.8,6,1,No,High,Yes,4,5,58.7,Visual,74.0,C
1880,22,Male,10.8,56.9,3,1,No,High,No,2,3,87.9,Visual,87.1,B
1881,25,Female,14.1,72.2,8,2,No,Low,Yes,2,6,99.0,Kinesthetic,93.0,A
1882,20,Male,8.3,88.3,3,10,Yes,High,Yes,4,3,58.9,Kinesthetic,77.4,B
1883,30,Male,1.3,62.9,7,2,Yes,High,Yes,2,2,68.5,Auditory,72.1,C
1884,24,Male,5.5,86.7,3,3,Yes,High,Yes,5,1,44.2,Kinesthetic,75.9,B
1885,29,Male,2.4,54.5,7,7,Yes,Low,Yes,1,3,63.7,Kinesthetic,52.0,D
1886,27,Female,14.3,52.1,7,10,Yes,High,No,2,9,42.1,Reading/Writing,89.1,B
1887,24,Male,5.1,88.6,10,8,Yes,Low,No,4,3,94.7,Visual,85.0,B
1888,27,Male,3.6,60.9,4,5,Yes,Low,Yes,4,0,91.0,Auditory,63.7,C
1889,30,Female,15.7,74.8,4,9,Yes,High,No,4,1,65.4,Reading/Writing,92.2,A
1890,26,Female,6.1,55.5,2,2,No,Low,Yes,4,5,42.2,Reading/Writing,58.8,D
1891,28,Male,7.5,97.3,10,1,No,High,No,0,3,74.9,Kinesthetic,86.2,B
1892,20,Male,5.6,70.3,10,5,Yes,High,No,5,3,42.5,Visual,84.4,B
1893,23,Female,12.4,90.9,9,5,No,Low,No,1,3,78.7,Reading/Writing,98.8,A
1894,30,Female,6.9,67.5,3,9,No,High,No,1,8,41.8,Kinesthetic,66.5,C
1895,27,Male,8.3,65.7,2,4,Yes,High,No,4,3,87.5,Auditory,71.7,C
1896,23,Female,12.9,54.2,4,4,Yes,High,Yes,5,0,78.2,Auditory,88.8,B
1897,20,Female,17.8,96.0,4,4,No,Low,No,3,7,77.9,Visual,97.8,A
1898,29,Female,1.0,63.1,6,8,Yes,Low,Yes,5,8,52.4,Reading/Writing,67.6,C
1899,28,Male,12.4,84.7,10,5,Yes,High,Yes,3,8,80.3,Kinesthetic,98.7,A
1900,19,Male,7.6,91.0,9,1,No,High,No,5,0,56.4,Reading/Writing,90.0,A
1901,29,Female,15.9,79.9,8,1,No,Low,No,1,4,75.5,Reading/Writing,100,A
1902,27,Male,1.9,83.2,8,10,No,High,Yes,5,9,49.5,Reading/Writing,73.3,C
1903,21,Female,9.5,96.2,5,7,Yes,Low,Yes,0,0,60.3,Kinesthetic,73.3,C
1904,29,Male,2.4,94.6,8,3,No,Low,Yes,3,10,42.1,Auditory,72.3,C
1905,27,Male,14.2,88.1,10,3,Yes,Low,Yes,0,7,85.6,Visual,98.9,A
1906,24,Female,18.6,84.9,2,9,No,High,No,4,2,57.7,Kinesthetic,89.2,B
1907,19,Female,12.2,90.0,10,10,No,Low,Yes,3,1,86.2,Kinesthetic,83.7,B
1908,22,Female,11.0,60.1,3,3,Yes,Low,Yes,1,7,67.5,Reading/Writing,75.3,B
1909,23,Male,9.9,66.4,4,2,Yes,Low,Yes,3,5,44.9,Kinesthetic,82.1,B
1910,26,Male,12.7,95.0,5,4,Yes,High,No,2,8,76.4,Reading/Writing,100,A
1911,25,Female,7.6,97.5,10,7,No,High,Yes,5,7,72.0,Reading/Writing,88.2,B
1912,19,Female,4.8,72.6,4,8,No,High,No,3,5,96.5,Visual,71.1,C
1913,20,Female,13.1,87.3,3,6,Yes,High,No,3,9,77.0,Visual,92.2,A
1914,23,Female,3.3,60.8,5,8,No,Low,No,4,9,76.3,Kinesthetic,56.4,D
1915,25,Male,12.2,81.6,10,7,Yes,Low,Yes,3,8,74.5,Auditory,92.6,A
1916,26,Male,16.4,50.6,1,5,Yes,High,Yes,5,7,62.1,Auditory,81.1,B
1917,29,Female,6.0,59.0,8,1,No,High,No,3,3,52.0,Auditory,69.8,C
1918,22,Male,2.6,68.3,9,5,Yes,High,Yes,1,6,71.0,Auditory,82.1,B
1919,18,Male,9.5,91.4,8,10,Yes,Low,Yes,5,1,69.6,Kinesthetic,86.9,B
1920,29,Female,18.2,61.4,3,2,No,Low,No,3,4,93.9,Visual,96.7,A
1921,18,Male,5.8,87.3,9,5,Yes,Low,No,2,6,90.3,Kinesthetic,82.1,B
1922,27,Male,12.8,74.7,6,8,Yes,Low,No,5,7,76.4,Reading/Writing,87.6,B
1923,25,Male,6.2,86.3,8,2,Yes,Low,Yes,2,2,60.3,Kinesthetic,76.3,B
1924,21,Female,15.7,77.4,8,1,No,High,Yes,5,8,69.3,Visual,97.6,A
1925,29,Male,18.0,69.3,10,5,No,Low,No,3,0,49.5,Reading/Writing,96.2,A
1926,19,Female,15.0,58.3,8,9,Yes,Low,No,4,4,88.3,Kinesthetic,81.6,B
1927,27,Female,13.8,85.1,10,7,Yes,Low,Yes,4,5,94.1,Reading/Writing,100,A
1928,20,Female,8.0,71.0,10,9,No,Low,No,1,3,61.5,Auditory,73.0,C
1929,26,Male,15.7,68.4,8,4,No,Low,No,3,6,86.6,Kinesthetic,92.6,A
1930,25,Female,15.8,55.1,4,7,No,High,Yes,2,7,97.9,Reading/Writing,80.9,B
1931,26,Female,13.8,77.1,5,4,Yes,High,No,4,1,49.4,Visual,97.0,A
1932,26,Male,19.3,67.4,2,7,No,Low,No,4,4,98.4,Visual,91.6,A
1933,23,Male,7.0,99.0,4,8,Yes,High,No,4,2,55.6,Reading/Writing,86.0,B
1934,25,Female,14.8,95.2,8,2,No,Low,Yes,5,9,64.8,Kinesthetic,100,A
1935,27,Female,13.5,93.0,4,9,Yes,High,Yes,0,9,94.3,Auditory,93.8,A
1936,22,Male,19.9,81.0,2,1,Yes,Low,No,4,8,54.2,Kinesthetic,100,A
1937,18,Male,16.5,88.3,3,8,Yes,High,No,4,3,41.2,Visual,93.5,A
1938,18,Female,11.9,70.0,7,2,Yes,Low,Yes,3,5,92.8,Reading/Writing,84.6,B
1939,26,Male,19.2,97.1,8,7,Yes,Low,No,2,5,92.3,Visual,100,A
1940,27,Female,10.1,91.6,5,8,Yes,High,Yes,2,2,79.0,Kinesthetic,92.3,A
1941,23,Female,8.2,97.4,2,6,Yes,Low,No,0,2,80.5,Visual,84.2,B
1942,18,Male,8.1,91.0,6,8,Yes,High,No,3,8,53.5,Kinesthetic,87.0,B
1943,25,Male,4.9,94.4,5,4,No,Low,Yes,5,2,54.9,Auditory,77.0,B
1944,29,Female,1.2,83.1,3,10,No,High,Yes,3,3,93.9,Kinesthetic,57.6,D
1945,24,Female,17.3,95.4,4,1,Yes,High,Yes,0,2,85.2,Auditory,100,A
1946,25,Male,18.9,54.3,6,7,Yes,High,Yes,1,9,77.9,Visual,98.0,A
1947,26,Female,9.8,67.5,2,4,No,High,No,5,2,76.0,Auditory,72.2,C
1948,28,Male,15.4,64.1,8,4,No,Low,No,5,9,91.2,Reading/Writing,92.7,A
1949,21,Male,11.2,99.7,10,4,Yes,Low,Yes,0,3,47.1,Auditory,94.8,A
1950,25,Female,18.9,94.9,7,9,No,High,Yes,2,9,61.4,Auditory,100,A
1951,26,Male,8.3,82.9,3,1,No,Low,No,5,3,65.0,Kinesthetic,83.0,B
1952,25,Female,8.0,88.3,7,2,Yes,High,Yes,0,10,81.1,Reading/Writing,94.1,A
1953,28,Male,13.8,77.0,1,1,No,High,Yes,1,8,86.3,Reading/Writing,93.2,A
1954,25,Female,5.6,87.7,8,9,No,Low,No,0,7,79.8,Reading/Writing,69.0,C
1955,26,Male,14.1,50.2,3,10,Yes,High,Yes,4,3,56.8,Auditory,74.5,C
1956,29,Female,20.0,73.5,8,4,Yes,Low,No,5,7,66.0,Auditory,100,A
1957,28,Female,3.1,51.5,6,5,Yes,High,Yes,3,0,82.2,Visual,64.0,C
1958,18,Female,19.2,93.1,3,9,Yes,High,Yes,5,9,92.2,Visual,100,A
1959,22,Male,1.6,86.6,7,9,No,Low,Yes,2,7,58.0,Kinesthetic,61.8,C
1960,28,Male,7.5,61.8,2,2,Yes,Low,Yes,2,3,56.9,Auditory,61.2,C
1961,21,Female,13.0,87.0,8,1,No,High,No,4,1,53.1,Visual,91.9,A
1962,28,Female,6.8,53.7,9,4,Yes,High,Yes,3,0,71.3,Auditory,82.4,B
1963,28,Male,11.9,54.8,6,7,No,High,Yes,3,3,65.9,Visual,70.5,C
1964,24,Female,10.4,93.7,3,2,Yes,High,No,0,8,93.3,Kinesthetic,93.6,A
1965,18,Female,17.3,52.7,2,4,No,High,No,1,6,69.8,Auditory,79.3,B
1966,22,Male,19.0,89.3,6,3,No,High,No,0,9,77.6,Reading/Writing,100,A
1967,27,Female,19.8,64.6,4,10,No,Low,No,0,9,77.6,Reading/Writing,88.2,B
1968,27,Female,1.3,95.1,5,4,Yes,High,Yes,3,5,71.2,Kinesthetic,72.8,C
1969,30,Female,16.8,78.8,3,6,No,Low,Yes,3,9,51.3,Reading/Writing,89.9,B
1970,22,Female,19.2,85.8,7,1,Yes,Low,No,3,4,82.3,Visual,100,A
1971,21,Male,19.9,64.8,3,10,No,Low,Yes,1,4,95.4,Auditory,93.0,A
1972,28,Male,4.8,70.0,1,9,Yes,Low,Yes,3,8,59.0,Kinesthetic,66.0,C
1973,21,Male,19.7,68.3,7,7,Yes,Low,No,4,2,56.1,Kinesthetic,94.9,A
1974,28,Male,17.6,50.6,1,4,Yes,Low,Yes,1,5,96.6,Auditory,92.5,A
1975,27,Male,7.5,81.6,6,10,No,Low,Yes,4,3,55.2,Auditory,73.5,C
1976,25,Female,10.6,78.1,7,10,No,High,No,5,1,70.6,Reading/Writing,74.9,C
1977,27,Female,13.2,82.6,7,10,No,Low,Yes,5,4,72.0,Reading/Writing,90.8,A
1978,19,Male,2.0,76.2,9,4,No,High,Yes,2,7,64.6,Auditory,68.8,C
1979,29,Male,6.2,62.1,10,9,Yes,Low,Yes,3,4,84.5,Visual,71.8,C
1980,19,Male,17.2,90.2,2,2,Yes,High,No,4,6,82.4,Auditory,100,A
1981,27,Female,16.9,74.2,5,6,Yes,High,No,2,5,65.0,Visual,100,A
1982,18,Male,8.9,68.0,6,7,No,High,Yes,3,8,84.9,Auditory,77.6,B
1983,22,Female,12.5,63.1,10,3,No,Low,Yes,0,4,53.6,Reading/Writing,81.0,B
1984,26,Female,3.0,50.0,4,8,No,Low,No,0,3,72.6,Visual,47.5,F
1985,24,Male,2.3,53.3,10,7,No,High,Yes,4,0,95.6,Visual,74.3,C
1986,20,Male,4.4,83.2,2,4,Yes,High,No,4,5,74.3,Auditory,79.8,B
1987,26,Female,8.3,56.9,1,1,No,Low,Yes,2,9,40.6,Kinesthetic,65.4,C
1988,20,Female,16.5,51.6,6,4,No,High,No,0,8,96.0,Reading/Writing,88.3,B
1989,29,Female,10.0,65.8,6,7,Yes,High,Yes,2,2,73.9,Auditory,89.8,B
1990,19,Female,7.1,96.3,1,3,No,High,No,2,5,57.6,Visual,76.8,B
1991,19,Female,8.6,94.5,7,8,No,High,Yes,2,2,89.9,Kinesthetic,82.5,B
1992,26,Male,8.9,69.4,3,3,Yes,Low,Yes,1,2,62.9,Visual,67.8,C
1993,25,Male,2.1,87.3,7,8,No,Low,Yes,3,9,61.1,Auditory,70.7,C
1994,29,Male,8.8,62.2,2,8,No,Low,No,2,1,52.1,Visual,56.6,D
1995,22,Female,2.0,77.7,6,7,No,High,No,0,0,75.9,Auditory,59.4,D
1996,29,Female,18.2,80.5,10,9,No,Low,No,4,4,79.9,Visual,94.4,A
1997,28,Male,19.5,89.4,3,4,No,Low,Yes,1,8,71.5,Kinesthetic,96.8,A
1998,20,Female,5.7,91.3,8,3,No,Low,Yes,2,8,40.5,Reading/Writing,77.4,B
1999,27,Female,5.8,71.6,7,2,Yes,Low,Yes,3,4,67.4,Reading/Writing,82.0,B
2000,19,Male,4.0,74.2,5,2,No,Low,Yes,5,3,58.6,Visual,60.9,C
2001,28,Female,10.8,61.0,7,7,No,High,No,2,3,84.0,Reading/Writing,82.1,B
2002,23,Male,4.8,57.9,3,9,Yes,Low,No,1,4,86.7,Auditory,56.1,D
2003,30,Female,6.8,52.4,6,6,Yes,High,Yes,5,3,66.4,Auditory,71.4,C
2004,19,Male,4.6,86.8,10,6,No,Low,Yes,3,6,96.8,Auditory,86.9,B
2005,23,Male,16.9,92.8,4,9,Yes,Low,Yes,4,3,54.9,Kinesthetic,86.5,B
2006,27,Male,4.9,93.0,7,4,No,Low,Yes,4,3,66.2,Visual,76.5,B
2007,21,Female,7.7,68.2,4,2,Yes,High,No,3,1,94.3,Kinesthetic,84.8,B
2008,27,Male,11.6,80.9,10,2,No,Low,Yes,0,4,48.8,Visual,94.3,A
2009,22,Female,7.2,57.3,9,1,No,High,No,4,1,47.5,Auditory,79.6,B
2010,26,Male,17.8,61.4,5,9,Yes,Low,Yes,3,6,44.4,Visual,85.1,B
2011,26,Female,1.0,92.2,6,6,Yes,Low,No,1,7,84.9,Visual,71.4,C
2012,23,Male,7.3,55.9,7,6,No,Low,Yes,5,4,96.0,Reading/Writing,74.6,C
2013,25,Male,4.5,61.7,5,5,Yes,Low,Yes,0,3,91.6,Auditory,63.1,C
2014,22,Female,13.3,51.0,3,7,Yes,High,Yes,3,6,77.8,Reading/Writing,81.3,B
2015,29,Female,19.6,75.2,7,7,Yes,High,No,1,3,96.1,Visual,100,A
2016,29,Male,2.5,90.9,8,5,No,Low,No,3,1,63.4,Reading/Writing,65.7,C
2017,22,Female,18.4,84.4,4,6,Yes,High,Yes,5,7,54.1,Kinesthetic,100,A
2018,27,Male,17.1,65.4,5,8,Yes,High,Yes,5,4,57.1,Kinesthetic,94.0,A
2019,24,Male,18.6,52.8,4,1,Yes,Low,Yes,5,9,71.7,Reading/Writing,98.8,A
2020,26,Male,1.3,75.6,1,4,Yes,Low,Yes,2,8,51.9,Reading/Writing,54.6,D
2021,26,Male,12.9,71.9,6,9,No,High,No,0,2,52.2,Visual,82.4,B
2022,22,Female,13.2,88.7,4,8,Yes,Low,No,3,7,92.8,Kinesthetic,90.7,A
2023,29,Female,10.1,79.0,9,8,No,High,Yes,5,1,98.4,Auditory,87.5,B
2024,29,Female,17.1,60.0,5,4,No,High,Yes,0,9,46.9,Auditory,86.2,B
2025,25,Male,11.1,89.4,9,6,Yes,Low,Yes,5,9,93.8,Visual,99.2,A
2026,29,Male,16.3,78.5,1,8,No,High,No,3,2,97.9,Reading/Writing,82.7,B
2027,21,Male,18.2,75.7,7,6,Yes,High,No,3,5,95.3,Kinesthetic,100,A
2028,30,Female,16.1,95.7,6,3,No,High,Yes,4,0,55.0,Auditory,91.9,A
2029,26,Female,18.7,50.8,6,2,No,Low,Yes,3,9,94.2,Auditory,98.3,A
2030,23,Female,9.3,50.9,1,10,Yes,Low,Yes,5,9,52.3,Visual,62.8,C
2031,25,Male,2.8,52.3,3,9,Yes,High,Yes,2,5,95.0,Reading/Writing,69.3,C
2032,18,Female,8.5,53.1,7,3,No,Low,No,2,8,52.1,Reading/Writing,72.7,C
2033,28,Female,15.3,51.5,7,8,Yes,High,Yes,1,0,81.1,Reading/Writing,88.5,B
2034,20,Male,4.2,82.0,2,1,Yes,Low,No,2,1,52.1,Auditory,62.9,C
2035,27,Female,11.1,86.6,8,1,Yes,High,No,3,5,58.9,Visual,91.0,A
2036,18,Male,5.2,62.9,4,2,No,High,Yes,5,5,40.1,Reading/Writing,73.1,C
2037,19,Male,4.9,53.0,4,6,No,Low,Yes,2,3,62.1,Auditory,63.0,C
2038,22,Female,14.3,54.4,9,5,Yes,High,No,5,4,93.3,Visual,100,A
2039,26,Male,8.4,74.4,1,7,Yes,Low,Yes,5,8,82.5,Auditory,72.8,C
2040,19,Male,8.1,83.1,2,7,Yes,Low,Yes,5,7,69.7,Reading/Writing,83.4,B
2041,22,Female,16.8,64.7,9,5,Yes,Low,No,1,3,86.2,Auditory,100,A
2042,26,Male,13.1,99.2,6,2,Yes,High,Yes,0,6,47.5,Kinesthetic,96.5,A
2043,26,Male,6.3,95.4,7,8,No,High,Yes,5,2,93.8,Reading/Writing,85.4,B
2044,20,Male,19.9,93.8,9,7,No,Low,No,4,5,84.3,Reading/Writing,100,A
2045,19,Male,5.1,63.6,1,9,No,Low,Yes,0,4,77.0,Visual,56.6,D
2046,26,Female,4.8,96.8,7,1,Yes,High,Yes,0,8,65.0,Reading/Writing,82.8,B
2047,24,Male,15.2,94.1,3,5,No,Low,Yes,3,5,56.5,Kinesthetic,93.1,A
2048,24,Female,16.7,87.0,9,3,Yes,Low,No,1,2,85.7,Auditory,100,A
2049,21,Female,4.9,89.4,7,1,No,High,Yes,3,2,95.4,Reading/Writing,84.7,B
2050,28,Female,14.2,57.7,5,6,No,High,No,0,7,65.9,Visual,86.4,B
2051,21,Female,11.7,89.1,7,6,No,Low,No,5,1,70.1,Visual,84.2,B
2052,30,Female,17.3,54.1,2,2,No,Low,No,5,4,67.1,Visual,83.8,B
2053,18,Male,19.4,51.9,10,8,Yes,High,Yes,2,9,64.9,Auditory,100,A
2054,26,Male,3.6,76.5,8,2,Yes,High,No,4,4,80.0,Auditory,88.0,B
2055,28,Male,19.9,77.5,7,9,Yes,High,No,3,2,79.5,Visual,100,A
2056,27,Male,2.2,85.7,8,8,No,Low,Yes,2,6,97.9,Visual,70.4,C
2057,22,Female,12.5,52.8,1,4,No,Low,Yes,4,5,70.1,Visual,73.3,C
2058,24,Female,17.5,97.1,7,2,No,Low,No,0,2,41.9,Visual,94.2,A
2059,23,Female,11.0,95.2,1,6,No,Low,Yes,3,9,85.0,Auditory,80.0,B
2060,19,Female,10.8,82.7,6,9,No,Low,No,1,7,78.2,Auditory,73.5,C
2061,28,Male,7.5,58.5,9,7,No,High,No,3,4,88.0,Reading/Writing,77.3,B
2062,22,Female,17.0,85.4,2,5,No,High,Yes,2,3,54.8,Visual,91.7,A
2063,30,Female,8.2,79.9,3,3,No,High,Yes,1,1,82.4,Reading/Writing,73.5,C
2064,19,Male,8.5,83.7,4,8,Yes,High,No,3,2,40.8,Reading/Writing,80.5,B
2065,28,Male,9.6,84.2,3,6,No,High,Yes,3,9,65.4,Visual,88.7,B
2066,24,Male,17.1,75.8,6,2,No,Low,Yes,2,3,54.6,Auditory,93.8,A
2067,23,Male,6.3,79.0,9,8,Yes,Low,No,0,4,61.5,Kinesthetic,77.9,B
2068,26,Female,7.3,71.1,7,4,Yes,Low,No,3,7,97.4,Auditory,86.2,B
2069,19,Female,9.1,99.8,9,2,No,Low,Yes,2,8,56.0,Visual,92.5,A
2070,23,Female,10.3,94.9,7,7,No,High,Yes,0,6,91.3,Kinesthetic,92.9,A
2071,28,Female,6.7,83.3,6,3,Yes,Low,Yes,1,7,47.1,Kinesthetic,77.4,B
2072,21,Female,11.6,80.3,8,5,No,Low,No,3,9,68.5,Kinesthetic,83.6,B
2073,22,Female,15.7,68.0,6,3,No,Low,No,5,0,76.2,Visual,86.1,B
2074,19,Male,4.1,86.6,9,4,Yes,High,No,4,10,96.7,Auditory,97.6,A
2075,30,Male,1.3,84.7,8,4,No,Low,Yes,0,4,76.8,Kinesthetic,67.9,C
2076,18,Female,6.6,98.3,3,8,Yes,High,No,0,5,98.9,Visual,89.7,B
2077,24,Female,7.5,81.9,7,6,No,High,No,2,2,66.8,Kinesthetic,87.5,B
2078,18,Male,18.7,73.3,9,9,Yes,Low,Yes,3,6,50.1,Visual,99.9,A
2079,22,Male,16.5,92.1,10,9,Yes,High,No,5,6,58.6,Auditory,100,A
2080,23,Male,18.9,83.6,6,5,No,High,Yes,4,7,98.6,Kinesthetic,100,A
2081,26,Female,1.3,76.5,1,3,No,Low,Yes,0,1,56.5,Reading/Writing,53.9,D
2082,18,Female,7.0,96.7,6,3,No,High,No,4,10,73.0,Kinesthetic,92.1,A
2083,24,Male,4.1,97.0,8,10,No,High,No,2,5,85.5,Auditory,79.5,B
2084,23,Male,11.7,99.6,1,2,No,High,Yes,0,1,80.1,Auditory,91.2,A
2085,19,Female,2.4,61.4,5,4,Yes,High,No,2,9,95.1,Auditory,66.6,C
2086,22,Female,9.1,88.1,1,5,No,Low,No,1,5,93.5,Reading/Writing,83.6,B
2087,27,Male,17.3,61.3,8,10,No,Low,Yes,4,5,67.2,Visual,91.4,A
2088,21,Male,14.7,88.8,9,7,No,Low,Yes,1,1,47.9,Visual,95.0,A
2089,26,Male,8.7,66.0,5,4,No,High,No,1,8,94.1,Auditory,73.7,C
2090,21,Male,3.8,71.8,1,9,Yes,High,No,1,7,68.2,Visual,57.9,D
2091,22,Male,15.9,61.4,10,9,Yes,Low,No,0,8,48.8,Auditory,93.4,A
2092,22,Female,6.5,64.0,4,4,No,Low,Yes,3,7,86.8,Visual,63.2,C
2093,28,Male,10.5,79.0,2,4,No,Low,Yes,2,6,91.8,Visual,80.8,B
2094,30,Male,17.2,55.3,10,9,Yes,High,No,3,1,56.4,Reading/Writing,95.3,A
2095,28,Male,12.0,73.8,5,10,No,Low,No,0,3,58.0,Kinesthetic,71.2,C
2096,19,Male,10.8,82.9,1,3,Yes,Low,No,2,8,62.2,Kinesthetic,81.2,B
2097,29,Male,2.9,62.1,3,8,Yes,Low,Yes,2,7,48.1,Auditory,60.1,C
2098,18,Female,16.8,59.5,8,2,Yes,Low,No,1,6,96.3,Auditory,93.8,A
2099,27,Male,2.0,79.0,1,7,Yes,Low,Yes,1,10,97.3,Kinesthetic,67.5,C
2100,18,Female,3.0,82.1,9,3,No,High,Yes,0,3,43.1,Auditory,79.0,B
2101,29,Female,16.4,85.2,2,5,No,Low,No,4,7,63.9,Auditory,86.0,B
2102,18,Male,17.0,75.6,1,1,No,High,No,1,3,54.0,Kinesthetic,87.0,B
2103,28,Male,7.4,64.2,8,1,No,Low,No,3,2,45.7,Reading/Writing,64.5,C
2104,24,Male,3.2,89.7,3,7,No,Low,Yes,1,0,74.6,Reading/Writing,66.7,C
2105,22,Male,4.6,72.9,2,4,No,High,No,2,4,92.9,Auditory,73.0,C
2106,23,Female,16.2,88.3,4,10,No,Low,Yes,1,6,74.8,Auditory,79.5,B
2107,26,Male,4.6,90.3,10,2,No,High,Yes,0,3,58.4,Visual,83.1,B
2108,18,Male,14.8,84.4,4,4,No,Low,Yes,2,2,74.0,Visual,83.3,B
2109,23,Male,2.4,97.8,5,7,Yes,High,Yes,0,3,78.0,Visual,72.0,C
2110,25,Female,13.0,89.3,6,2,No,High,Yes,4,6,50.4,Reading/Writing,96.3,A
2111,25,Female,17.2,56.8,6,7,No,High,Yes,2,5,56.5,Reading/Writing,85.1,B
2112,30,Female,12.4,53.9,2,1,Yes,Low,No,3,4,98.9,Auditory,78.6,B
2113,19,Female,3.6,75.4,6,4,No,Low,Yes,3,3,62.3,Kinesthetic,68.3,C
2114,18,Female,15.9,83.8,6,4,Yes,High,Yes,2,7,55.4,Reading/Writing,100,A
2115,24,Female,13.5,84.0,1,5,No,High,No,2,9,95.1,Auditory,89.5,B
2116,21,Female,18.5,69.3,8,3,No,High,No,4,8,82.1,Kinesthetic,100,A
2117,18,Female,6.7,57.5,3,1,Yes,High,No,2,8,47.4,Visual,78.1,B
2118,24,Male,1.2,51.9,9,4,Yes,Low,Yes,5,3,81.3,Auditory,70.1,C
2119,18,Male,1.3,84.6,2,2,No,High,No,5,6,70.9,Reading/Writing,75.9,B
2120,29,Female,1.6,69.8,1,2,No,High,No,3,8,84.8,Kinesthetic,61.9,C
2121,29,Female,9.1,73.9,2,5,Yes,Low,No,5,0,45.3,Reading/Writing,76.6,B
2122,18,Female,5.5,55.5,10,8,No,Low,Yes,1,5,70.3,Visual,62.8,C
2123,28,Female,8.3,54.4,9,6,No,Low,No,1,3,86.4,Auditory,79.7,B
2124,23,Female,16.5,64.2,7,4,No,Low,Yes,5,9,40.2,Auditory,81.6,B
2125,28,Female,12.5,84.0,9,5,No,High,Yes,2,5,93.7,Visual,93.7,A
2126,29,Male,18.8,59.0,2,3,Yes,Low,Yes,5,10,57.7,Visual,85.1,B
2127,23,Male,11.6,92.9,10,7,No,High,Yes,4,5,67.7,Auditory,100,A
2128,21,Male,10.5,96.2,8,10,No,Low,No,1,7,68.5,Visual,78.1,B
2129,25,Male,5.1,59.8,2,2,Yes,Low,No,1,2,56.9,Reading/Writing,56.6,D
2130,30,Female,1.7,74.6,1,4,No,Low,Yes,4,7,66.5,Kinesthetic,50.9,D
2131,21,Female,14.9,69.7,3,10,No,High,No,3,2,47.1,Kinesthetic,76.8,B
2132,22,Male,4.9,91.6,4,8,No,Low,Yes,5,5,63.2,Visual,75.4,B
2133,29,Male,17.3,70.5,5,9,Yes,Low,Yes,4,1,44.9,Visual,81.9,B
2134,26,Male,18.1,89.2,2,10,No,High,No,0,5,77.5,Kinesthetic,95.3,A
2135,19,Female,3.0,74.8,8,2,No,High,Yes,1,3,95.8,Reading/Writing,81.1,B
2136,19,Female,4.8,59.7,8,4,No,Low,Yes,4,5,88.4,Kinesthetic,70.9,C
2137,29,Female,3.1,85.6,5,7,No,High,Yes,2,3,44.0,Auditory,62.9,C
2138,24,Female,5.2,90.3,7,5,No,Low,No,2,0,50.2,Kinesthetic,77.1,B
2139,22,Female,18.5,62.4,8,4,No,Low,No,4,9,75.3,Reading/Writing,97.0,A
2140,20,Female,17.3,53.9,3,3,No,Low,Yes,0,0,94.1,Kinesthetic,80.0,B
2141,23,Female,10.3,90.8,1,6,No,Low,No,3,2,75.5,Auditory,73.9,C
2142,18,Male,11.1,63.7,3,10,Yes,High,No,5,5,49.3,Auditory,70.1,C
2143,18,Male,9.4,98.8,10,8,No,High,No,5,1,91.7,Kinesthetic,90.8,A
2144,20,Female,6.9,93.4,6,8,No,High,No,1,1,45.4,Reading/Writing,77.6,B
2145,27,Female,8.1,73.8,10,6,Yes,Low,No,3,10,58.0,Auditory,79.4,B
2146,20,Female,3.7,63.3,6,10,No,High,Yes,0,4,54.0,Kinesthetic,57.3,D
2147,23,Male,3.2,59.4,4,6,Yes,High,No,3,0,46.8,Visual,55.8,D
2148,21,Female,17.4,95.6,6,10,Yes,Low,No,5,7,82.4,Auditory,97.7,A
2149,23,Male,12.2,51.7,9,6,No,Low,Yes,3,9,51.1,Auditory,73.0,C
2150,18,Female,15.0,80.8,7,4,No,High,No,5,5,93.2,Visual,100,A
2151,26,Female,10.8,97.3,10,4,No,High,Yes,4,6,75.5,Visual,95.0,A
2152,21,Male,1.0,96.6,9,4,No,Low,No,4,1,59.8,Visual,67.6,C
2153,30,Male,5.0,81.5,3,9,Yes,High,Yes,3,7,53.4,Visual,63.3,C
2154,24,Male,1.8,56.9,7,5,Yes,High,Yes,2,10,95.6,Auditory,67.6,C
2155,18,Male,13.9,95.7,3,3,No,High,No,4,10,73.2,Kinesthetic,100,A
2156,20,Female,5.4,67.6,7,1,Yes,Low,Yes,3,5,71.5,Auditory,75.4,B
2157,21,Female,3.4,78.8,6,6,No,Low,No,5,7,96.1,Visual,67.0,C
2158,29,Female,17.9,58.2,7,6,Yes,High,No,3,9,87.2,Kinesthetic,100,A
2159,19,Male,14.8,69.6,8,7,No,Low,No,3,1,79.5,Reading/Writing,85.0,B
2160,18,Male,11.0,64.9,7,5,Yes,Low,No,5,8,68.8,Reading/Writing,83.9,B
2161,23,Male,16.7,53.3,6,5,No,Low,Yes,0,9,96.8,Auditory,80.6,B
2162,30,Male,15.9,84.0,9,9,Yes,Low,No,4,1,69.7,Auditory,100,A
2163,20,Female,2.9,55.1,2,8,No,High,No,4,4,65.7,Kinesthetic,61.4,C
2164,27,Male,20.0,83.4,8,10,No,Low,No,0,0,73.7,Kinesthetic,98.7,A
2165,30,Female,5.6,70.8,3,2,No,Low,Yes,3,9,53.8,Kinesthetic,60.8,C
2166,22,Female,4.9,58.0,8,6,No,Low,No,0,3,44.9,Kinesthetic,67.4,C
2167,24,Male,17.1,78.4,1,2,No,Low,No,2,1,61.1,Reading/Writing,82.3,B
2168,30,Male,1.8,97.2,7,5,Yes,Low,No,4,6,57.3,Visual,73.0,C
2169,22,Male,7.2,75.5,2,1,No,High,No,4,6,84.7,Auditory,79.3,B
2170,30,Female,4.9,59.7,6,4,No,High,No,0,0,50.7,Visual,61.0,C
2171,22,Female,18.7,96.2,8,1,No,High,No,4,9,62.5,Auditory,100,A
2172,21,Female,19.2,72.7,8,8,No,High,Yes,1,1,71.4,Reading/Writing,100,A
2173,23,Male,11.5,63.1,7,6,Yes,High,Yes,2,10,89.7,Auditory,86.0,B
2174,26,Male,15.9,57.8,6,6,No,Low,Yes,3,0,64.4,Kinesthetic,87.8,B
2175,25,Male,5.2,95.3,6,10,No,Low,Yes,4,7,76.6,Auditory,73.9,C
2176,18,Male,9.5,56.7,8,4,No,High,Yes,3,8,43.1,Auditory,81.1,B
2177,29,Male,14.1,53.7,1,3,No,Low,No,0,7,99.0,Reading/Writing,79.9,B
2178,19,Male,6.6,60.3,2,4,No,High,Yes,0,5,58.0,Visual,56.5,D
2179,27,Female,1.5,81.4,7,5,No,Low,Yes,0,2,94.0,Reading/Writing,60.6,C
2180,22,Male,15.9,55.3,8,1,No,Low,Yes,3,1,48.1,Visual,88.2,B
2181,18,Female,14.0,66.1,2,6,No,High,Yes,1,1,68.3,Reading/Writing,79.6,B
2182,27,Male,19.6,50.3,3,8,No,Low,No,4,7,88.7,Auditory,80.5,B
2183,25,Female,17.4,93.7,5,5,Yes,High,No,2,10,73.6,Reading/Writing,100,A
2184,23,Male,12.0,77.4,2,5,No,Low,Yes,0,10,57.0,Reading/Writing,78.7,B
2185,29,Male,17.1,65.4,9,4,Yes,Low,Yes,1,2,48.1,Kinesthetic,92.1,A
2186,20,Female,17.4,87.6,7,7,Yes,Low,Yes,1,9,58.7,Visual,94.0,A
2187,30,Female,3.4,67.0,9,9,Yes,High,No,0,7,65.4,Auditory,72.3,C
2188,28,Male,13.2,53.6,6,4,No,Low,Yes,1,3,47.1,Reading/Writing,67.5,C
2189,24,Male,18.3,56.7,3,1,No,Low,Yes,1,3,63.3,Auditory,88.4,B
2190,27,Male,2.9,55.2,10,1,No,High,No,4,9,47.3,Visual,67.4,C
2191,27,Female,12.3,72.8,10,5,No,High,No,0,5,53.1,Visual,91.6,A
2192,20,Male,18.8,60.1,7,6,No,High,No,0,7,70.5,Kinesthetic,87.5,B
2193,26,Male,5.5,59.2,6,2,No,High,Yes,3,9,70.1,Kinesthetic,78.3,B
2194,27,Male,12.4,65.7,10,6,No,High,No,4,2,65.1,Auditory,85.7,B
2195,23,Male,1.1,65.1,1,7,No,High,No,1,7,97.9,Visual,57.5,D
2196,29,Male,5.7,63.4,9,1,No,Low,Yes,5,8,42.8,Visual,77.8,B
2197,18,Female,14.5,95.9,7,3,Yes,Low,Yes,3,5,56.2,Reading/Writing,100,A
2198,22,Female,7.5,60.3,8,2,No,High,No,0,6,86.4,Reading/Writing,82.8,B
2199,25,Female,13.5,50.5,3,1,No,Low,Yes,5,1,55.9,Reading/Writing,79.8,B
2200,24,Male,17.2,50.0,2,8,No,Low,Yes,0,4,94.3,Visual,78.3,B
2201,30,Male,9.5,96.9,6,6,Yes,High,Yes,4,5,94.2,Reading/Writing,100,A
2202,29,Male,12.1,60.3,9,2,Yes,Low,Yes,0,2,74.5,Reading/Writing,86.4,B
2203,26,Male,6.0,58.8,10,3,No,Low,No,4,7,75.8,Reading/Writing,74.8,C
2204,20,Female,3.3,68.6,4,6,Yes,Low,No,3,7,72.3,Visual,58.9,D
2205,29,Female,2.4,85.4,3,6,No,Low,No,4,0,58.4,Visual,63.7,C
2206,18,Male,16.8,51.7,10,9,Yes,Low,Yes,3,6,61.4,Auditory,84.0,B
2207,21,Female,11.9,78.1,2,7,No,Low,No,4,1,46.4,Kinesthetic,71.1,C
2208,27,Female,12.2,62.9,4,4,Yes,High,No,1,10,75.7,Visual,94.8,A
2209,26,Female,10.7,55.8,7,9,No,High,No,4,6,94.2,Reading/Writing,86.2,B
2210,20,Male,13.4,64.1,10,7,No,High,Yes,5,5,62.1,Kinesthetic,89.2,B
2211,23,Female,10.5,57.4,4,5,Yes,High,No,5,10,56.4,Kinesthetic,85.0,B
2212,28,Female,12.6,76.3,10,10,Yes,High,Yes,3,6,50.4,Reading/Writing,94.7,A
2213,22,Female,4.0,67.5,1,4,No,High,Yes,3,0,64.3,Kinesthetic,61.9,C
2214,22,Male,5.3,88.9,4,8,No,High,No,4,7,67.4,Auditory,76.1,B
2215,19,Male,5.5,59.7,2,10,No,Low,No,0,9,81.4,Kinesthetic,61.2,C
2216,27,Male,9.3,92.6,6,6,Yes,High,No,2,3,78.2,Visual,92.0,A
2217,24,Female,3.3,96.2,4,2,No,High,Yes,5,5,52.4,Kinesthetic,76.3,B
2218,20,Male,8.9,85.6,10,8,No,Low,No,1,6,50.6,Kinesthetic,86.2,B
2219,22,Male,10.5,82.6,4,9,No,High,Yes,2,8,98.4,Visual,90.5,A
2220,24,Female,5.8,73.1,7,10,Yes,Low,No,4,2,65.3,Visual,70.4,C
2221,20,Female,10.6,50.4,5,6,No,High,No,4,10,82.1,Visual,77.0,B
2222,25,Male,7.8,99.3,1,2,No,High,Yes,4,8,71.8,Kinesthetic,91.1,A
2223,28,Female,8.8,82.4,4,2,Yes,Low,No,0,5,51.5,Visual,70.6,C
2224,25,Female,18.5,89.6,8,5,Yes,High,No,5,6,64.1,Kinesthetic,100,A
2225,19,Male,2.5,55.1,9,4,No,High,Yes,3,2,92.0,Reading/Writing,71.4,C
2226,21,Female,19.1,97.7,2,2,Yes,Low,Yes,2,10,84.4,Kinesthetic,100,A
2227,24,Female,7.8,68.2,10,7,Yes,High,Yes,5,1,47.1,Visual,87.1,B
2228,23,Female,12.6,85.1,1,5,No,Low,Yes,2,3,86.9,Visual,83.2,B
2229,25,Female,2.8,55.4,9,6,No,High,Yes,3,7,98.4,Visual,78.5,B
2230,21,Female,17.4,79.0,1,8,Yes,Low,No,2,0,76.1,Auditory,89.8,B
2231,20,Female,14.3,88.1,1,8,No,Low,Yes,1,10,79.7,Visual,83.2,B
2232,24,Female,10.1,78.9,2,6,No,High,No,1,10,83.9,Auditory,87.2,B
2233,20,Female,13.5,90.1,9,2,Yes,High,No,4,10,76.8,Visual,100,A
2234,26,Female,17.2,60.6,7,6,Yes,High,No,2,4,97.6,Visual,100,A
2235,23,Male,18.5,74.4,5,3,Yes,High,Yes,5,7,93.7,Visual,100,A
2236,23,Female,7.1,55.7,1,2,Yes,Low,No,3,3,62.1,Visual,65.3,C
2237,24,Male,18.5,68.4,8,6,Yes,High,No,5,9,41.4,Kinesthetic,96.0,A
2238,23,Male,18.5,93.1,9,1,Yes,Low,Yes,5,2,95.0,Reading/Writing,100,A
2239,28,Male,19.9,69.1,3,5,No,Low,Yes,5,2,71.9,Reading/Writing,93.8,A
2240,24,Male,9.1,63.2,6,3,Yes,Low,No,1,0,75.5,Visual,73.1,C
2241,30,Female,13.7,99.9,1,1,No,Low,Yes,0,8,47.4,Kinesthetic,78.7,B
2242,21,Male,12.2,83.9,6,3,No,Low,No,4,0,77.2,Visual,91.2,A
2243,21,Female,12.8,84.4,5,7,Yes,High,No,3,7,79.8,Reading/Writing,98.7,A
2244,23,Male,12.6,92.6,4,8,Yes,High,No,5,9,40.0,Visual,91.5,A
2245,21,Male,5.1,53.6,6,4,Yes,High,Yes,4,2,63.9,Kinesthetic,63.6,C
2246,30,Female,4.6,97.4,8,8,No,High,Yes,4,2,95.2,Kinesthetic,82.5,B
2247,20,Female,8.7,77.9,8,5,Yes,Low,Yes,3,2,41.1,Kinesthetic,77.1,B
2248,28,Female,14.9,95.3,3,6,Yes,High,Yes,1,10,60.1,Reading/Writing,100,A
2249,30,Male,13.8,54.7,9,10,Yes,Low,No,3,6,42.5,Auditory,87.9,B
2250,30,Male,12.7,93.7,7,7,Yes,High,No,1,3,70.4,Auditory,90.5,A
2251,23,Male,14.3,70.8,2,9,Yes,Low,No,0,8,90.7,Auditory,82.1,B
2252,24,Female,8.3,71.4,8,5,Yes,Low,No,1,6,46.2,Reading/Writing,82.2,B
2253,22,Male,10.7,69.7,5,9,Yes,Low,No,0,1,45.4,Reading/Writing,71.0,C
2254,22,Male,6.0,97.8,8,4,No,Low,No,1,1,77.7,Auditory,82.9,B
2255,21,Female,2.7,90.4,3,6,No,Low,Yes,5,6,43.5,Visual,64.8,C
2256,25,Male,16.9,85.9,10,10,No,High,Yes,4,2,96.0,Reading/Writing,99.1,A
2257,19,Male,10.4,98.5,8,7,No,Low,Yes,0,4,94.8,Auditory,93.2,A
2258,22,Male,4.0,80.5,3,2,Yes,High,No,2,4,89.6,Reading/Writing,78.1,B
2259,21,Male,4.2,59.8,9,6,Yes,High,Yes,2,2,95.5,Auditory,75.1,B
2260,26,Male,4.7,52.7,7,9,No,Low,No,3,3,80.6,Auditory,58.8,D
2261,28,Female,11.1,77.3,8,4,No,High,No,5,1,88.8,Kinesthetic,93.0,A
2262,29,Male,16.9,57.9,10,10,No,High,Yes,2,6,81.0,Kinesthetic,96.9,A
2263,19,Male,6.0,92.4,4,7,No,High,No,2,7,58.1,Reading/Writing,68.8,C
2264,28,Male,10.8,80.2,3,5,Yes,High,No,1,9,64.0,Visual,87.2,B
2265,29,Female,3.2,69.1,5,9,No,Low,No,0,5,91.1,Visual,69.4,C
2266,19,Male,5.1,67.7,10,3,No,Low,No,1,7,54.3,Auditory,77.3,B
2267,28,Male,7.1,57.2,2,7,Yes,Low,Yes,5,7,75.8,Kinesthetic,59.0,D
2268,20,Female,9.0,71.0,6,7,Yes,Low,No,5,9,69.6,Auditory,84.4,B
2269,22,Female,9.9,81.4,9,5,No,High,No,5,5,68.0,Reading/Writing,88.0,B
2270,18,Male,12.2,82.5,4,4,No,High,Yes,4,0,76.4,Reading/Writing,90.9,A
2271,21,Female,12.0,74.0,8,3,Yes,Low,No,3,2,83.4,Auditory,87.9,B
2272,19,Female,18.6,92.4,7,7,Yes,High,Yes,2,8,58.7,Visual,100,A
2273,20,Female,7.2,74.3,3,10,Yes,High,No,0,0,69.0,Reading/Writing,72.8,C
2274,19,Female,12.2,57.4,4,10,No,High,Yes,1,10,67.6,Visual,70.5,C
2275,18,Female,14.7,51.4,2,9,Yes,High,Yes,5,2,79.8,Visual,74.0,C
2276,18,Male,2.3,50.8,8,1,No,Low,No,2,10,71.0,Reading/Writing,67.8,C
2277,28,Male,9.2,90.1,3,1,No,High,Yes,5,8,85.1,Reading/Writing,85.4,B
2278,26,Female,1.8,64.6,6,4,No,High,Yes,5,7,83.1,Visual,73.2,C
2279,20,Male,7.2,93.6,8,8,Yes,High,Yes,2,5,62.9,Visual,90.1,A
2280,30,Female,2.3,54.8,6,6,No,High,No,5,1,93.4,Visual,60.2,C
2281,22,Female,7.6,84.6,7,6,Yes,High,No,2,0,44.8,Visual,79.5,B
2282,22,Female,14.2,99.9,7,4,No,High,No,1,3,83.5,Visual,100,A
2283,20,Female,3.5,53.8,10,10,No,High,Yes,0,8,43.0,Reading/Writing,58.1,D
2284,27,Male,12.4,93.4,5,5,Yes,High,No,0,4,44.0,Reading/Writing,93.5,A
2285,21,Male,10.5,92.7,6,5,No,High,No,5,9,82.3,Kinesthetic,98.0,A
2286,29,Female,11.9,83.1,5,5,Yes,High,No,0,9,75.4,Reading/Writing,100,A
2287,25,Male,8.6,58.9,7,3,No,Low,Yes,3,8,69.8,Reading/Writing,79.7,B
2288,30,Female,13.4,81.2,2,3,No,High,No,3,2,48.9,Visual,76.1,B
2289,29,Male,7.9,85.3,10,3,Yes,Low,No,4,8,89.7,Visual,86.8,B
2290,21,Female,2.3,90.8,2,5,Yes,High,Yes,1,2,54.3,Kinesthetic,67.4,C
2291,28,Female,17.0,50.3,8,7,Yes,High,Yes,1,2,63.9,Reading/Writing,97.5,A
2292,21,Male,19.5,99.5,4,8,Yes,High,Yes,4,10,82.4,Kinesthetic,100,A
2293,19,Male,10.8,86.1,4,10,No,High,Yes,2,1,67.5,Auditory,82.6,B
2294,24,Female,15.4,99.1,8,4,No,High,Yes,0,2,96.5,Visual,100,A
2295,22,Male,10.5,69.2,5,4,No,Low,No,0,6,71.0,Kinesthetic,69.3,C
2296,20,Male,2.1,55.0,7,8,No,High,Yes,0,0,86.7,Reading/Writing,62.0,C
2297,21,Female,13.4,88.7,9,1,Yes,High,Yes,4,7,42.6,Auditory,96.0,A
2298,25,Male,18.8,61.6,8,3,No,High,Yes,3,10,47.5,Kinesthetic,100,A
2299,25,Male,16.7,60.2,6,9,Yes,Low,Yes,4,10,52.6,Visual,81.5,B
2300,19,Female,11.6,66.6,6,2,No,High,Yes,2,7,73.8,Auditory,93.3,A
2301,20,Female,9.0,78.8,3,5,No,High,No,5,4,66.7,Kinesthetic,83.5,B
2302,29,Male,15.3,95.1,10,5,Yes,Low,Yes,1,9,61.9,Visual,100,A
2303,19,Male,13.2,65.5,7,1,No,Low,Yes,5,3,96.7,Visual,95.6,A
2304,21,Male,9.7,85.9,2,8,No,High,Yes,1,0,58.4,Auditory,80.1,B
2305,23,Male,8.4,94.6,8,2,Yes,Low,No,1,10,44.2,Kinesthetic,82.7,B
2306,25,Male,13.8,54.4,1,9,No,Low,No,3,2,83.8,Visual,72.4,C
2307,23,Female,12.4,92.5,3,1,Yes,High,Yes,4,2,84.1,Auditory,94.3,A
2308,24,Female,9.9,98.3,7,6,Yes,High,Yes,1,3,54.8,Auditory,89.7,B
2309,30,Female,14.8,55.6,5,9,No,High,Yes,1,7,73.2,Visual,80.6,B
2310,25,Female,19.8,68.3,4,1,Yes,High,Yes,1,3,49.5,Reading/Writing,100,A
2311,25,Female,9.8,53.0,4,5,Yes,High,Yes,2,5,74.3,Reading/Writing,84.0,B
2312,29,Male,3.7,73.2,4,3,No,High,No,3,1,56.8,Auditory,72.9,C
2313,19,Male,6.8,80.5,10,10,Yes,High,Yes,1,1,43.4,Kinesthetic,86.8,B
2314,18,Female,13.9,50.1,2,5,Yes,Low,No,0,7,40.6,Visual,71.1,C
2315,26,Female,16.8,87.6,7,5,No,High,No,0,5,86.6,Reading/Writing,97.9,A
2316,28,Male,18.1,72.5,10,10,No,Low,No,3,8,74.8,Auditory,99.9,A
2317,24,Male,2.2,53.7,3,8,No,High,Yes,1,0,43.2,Auditory,48.1,F
2318,24,Male,17.3,62.5,1,5,No,Low,Yes,2,0,81.8,Auditory,78.5,B
2319,24,Female,19.5,75.7,5,8,Yes,High,Yes,3,0,84.8,Kinesthetic,93.7,A
2320,18,Male,11.8,95.3,4,8,No,Low,No,3,8,85.0,Reading/Writing,81.3,B
2321,19,Female,13.6,58.4,3,9,No,High,Yes,5,0,44.2,Kinesthetic,64.6,C
2322,24,Male,9.4,69.3,10,2,No,Low,Yes,2,0,81.0,Visual,76.0,B
2323,20,Male,15.9,76.3,3,2,Yes,High,Yes,1,6,92.1,Reading/Writing,91.9,A
2324,20,Female,12.0,74.1,5,4,No,High,Yes,0,10,83.7,Reading/Writing,94.3,A
2325,22,Male,14.0,66.5,8,6,No,Low,Yes,3,7,56.8,Reading/Writing,88.0,B
2326,29,Male,10.1,68.6,4,7,No,Low,No,2,0,90.3,Kinesthetic,72.3,C
2327,18,Female,5.1,53.0,6,5,No,Low,No,5,1,71.3,Visual,61.0,C
2328,30,Male,11.8,92.0,8,1,No,Low,No,2,7,55.9,Visual,97.5,A
2329,19,Male,10.2,68.5,5,5,Yes,High,Yes,3,3,86.6,Visual,88.9,B
2330,28,Female,8.0,70.6,2,7,No,High,Yes,0,2,71.8,Reading/Writing,74.5,C
2331,25,Male,14.6,69.7,4,4,Yes,High,No,4,5,86.5,Reading/Writing,98.0,A
2332,24,Male,7.9,74.5,1,1,Yes,Low,Yes,3,5,99.9,Auditory,81.1,B
2333,18,Male,19.2,61.8,4,4,Yes,Low,No,0,0,70.1,Visual,85.6,B
2334,28,Female,12.3,90.3,4,7,No,High,No,1,5,60.1,Reading/Writing,87.2,B
2335,28,Male,4.2,86.6,3,7,No,High,No,3,6,48.7,Kinesthetic,75.0,B
2336,21,Female,9.1,61.1,9,10,Yes,Low,No,5,7,50.4,Auditory,74.5,C
2337,25,Female,11.5,76.1,1,6,Yes,Low,Yes,0,0,95.9,Kinesthetic,83.9,B
2338,29,Male,8.9,64.1,8,7,Yes,High,Yes,0,3,96.2,Visual,86.3,B
2339,29,Male,16.4,78.1,9,1,Yes,Low,No,1,2,49.7,Auditory,100,A
2340,24,Female,12.9,64.6,5,2,No,High,Yes,4,4,65.6,Auditory,86.8,B
2341,26,Male,13.2,98.7,6,2,No,Low,Yes,0,1,45.3,Reading/Writing,81.9,B
2342,20,Female,3.1,82.8,4,9,Yes,Low,No,5,4,59.3,Reading/Writing,67.5,C
2343,22,Female,14.1,70.2,4,9,No,High,No,3,9,80.7,Visual,91.2,A
2344,29,Female,16.6,97.4,5,4,Yes,High,Yes,5,3,83.9,Kinesthetic,100,A
2345,23,Male,10.7,82.5,2,7,No,Low,Yes,2,2,56.8,Auditory,67.7,C
2346,19,Female,5.0,93.2,2,6,Yes,High,No,0,9,51.5,Auditory,75.4,B
2347,25,Male,17.7,91.3,8,10,Yes,Low,Yes,1,6,96.3,Visual,99.6,A
2348,24,Female,12.6,74.3,2,5,Yes,Low,Yes,1,7,77.6,Reading/Writing,89.8,B
2349,27,Female,10.7,74.0,9,8,Yes,High,Yes,4,3,74.2,Reading/Writing,87.1,B
2350,29,Male,16.1,68.9,6,10,No,High,Yes,2,7,90.5,Visual,89.6,B
2351,21,Female,9.9,99.8,10,7,No,High,No,3,7,88.5,Visual,100,A
2352,25,Female,4.6,88.6,5,4,Yes,High,No,2,8,44.6,Reading/Writing,71.1,C
2353,27,Male,17.1,81.5,6,9,No,High,Yes,0,10,51.1,Auditory,89.2,B
2354,20,Female,5.1,67.6,10,8,No,Low,Yes,2,6,53.3,Auditory,71.8,C
2355,28,Male,19.0,92.8,7,1,Yes,Low,Yes,4,9,56.8,Auditory,100,A
2356,21,Male,14.3,92.1,2,4,Yes,Low,No,0,4,78.2,Reading/Writing,82.2,B
2357,21,Female,2.0,100.0,5,7,No,Low,No,3,1,84.4,Kinesthetic,76.6,B
2358,21,Male,4.3,51.6,1,5,Yes,Low,Yes,5,8,79.4,Reading/Writing,67.1,C
2359,26,Female,3.5,67.2,5,10,Yes,Low,Yes,2,10,83.0,Visual,68.3,C
2360,26,Female,7.5,51.7,4,4,No,High,No,1,10,60.1,Reading/Writing,75.8,B
2361,30,Male,10.6,53.4,2,7,No,High,Yes,1,7,91.7,Visual,71.1,C
2362,29,Female,7.7,89.3,2,4,Yes,Low,No,3,2,83.8,Kinesthetic,72.5,C
2363,21,Female,8.8,74.9,1,6,No,High,Yes,1,2,75.3,Auditory,67.5,C
2364,28,Female,8.4,69.4,7,6,Yes,Low,No,4,4,94.1,Reading/Writing,78.7,B
2365,25,Female,13.9,82.4,3,3,No,High,No,3,5,72.7,Reading/Writing,88.3,B
2366,30,Male,6.7,62.2,7,2,Yes,High,Yes,3,4,88.4,Visual,89.8,B
2367,21,Female,9.7,50.4,1,6,No,High,Yes,2,6,61.5,Kinesthetic,60.5,C
2368,18,Female,16.7,66.1,2,2,Yes,Low,Yes,3,0,74.3,Kinesthetic,90.9,A
2369,26,Male,7.9,64.7,5,7,Yes,Low,No,3,7,65.9,Kinesthetic,65.1,C
2370,22,Male,4.3,87.2,4,2,Yes,Low,Yes,2,2,44.5,Auditory,73.3,C
2371,24,Male,12.2,66.0,1,5,No,High,Yes,1,2,58.5,Visual,78.3,B
2372,30,Female,13.4,71.2,1,5,No,Low,No,0,2,48.6,Reading/Writing,63.5,C
2373,23,Female,18.7,88.2,9,8,Yes,Low,No,1,5,41.4,Visual,91.0,A
2374,21,Male,17.4,55.8,3,9,Yes,High,Yes,5,4,80.5,Visual,94.5,A
2375,28,Male,10.7,76.0,7,2,Yes,Low,No,3,3,96.4,Kinesthetic,94.6,A
2376,18,Female,5.7,53.4,1,2,No,High,Yes,3,1,40.0,Auditory,65.0,C
2377,19,Female,13.4,56.0,8,7,Yes,High,No,4,5,51.3,Visual,81.0,B
2378,20,Male,19.5,52.9,7,7,Yes,Low,Yes,5,5,45.0,Reading/Writing,98.0,A
2379,28,Male,10.5,94.0,4,7,No,High,Yes,1,0,72.6,Kinesthetic,83.4,B
2380,30,Female,11.7,98.7,1,1,No,Low,Yes,0,10,54.5,Auditory,80.1,B
2381,19,Female,9.3,57.0,1,9,Yes,Low,Yes,3,10,95.5,Kinesthetic,75.5,B
2382,22,Male,3.9,53.7,5,8,No,Low,Yes,4,4,82.2,Visual,51.2,D
2383,27,Female,17.3,71.3,5,3,Yes,Low,No,3,3,99.1,Auditory,100,A
2384,18,Male,10.3,90.1,3,2,Yes,High,No,1,1,59.5,Visual,93.5,A
2385,29,Male,17.6,64.3,2,9,Yes,High,No,4,2,51.6,Kinesthetic,78.0,B
2386,21,Male,4.1,57.0,3,2,Yes,Low,No,5,0,50.9,Kinesthetic,54.8,D
2387,20,Female,3.8,54.4,10,2,No,Low,No,1,9,98.7,Kinesthetic,71.3,C
2388,23,Female,18.7,86.6,10,4,No,High,No,1,1,41.0,Visual,100,A
2389,25,Female,10.1,76.2,3,4,Yes,High,Yes,4,4,97.4,Reading/Writing,89.8,B
2390,21,Male,4.5,51.0,3,2,No,Low,Yes,1,6,85.7,Auditory,54.4,D
2391,24,Male,10.9,98.1,9,10,Yes,High,No,5,7,69.3,Visual,98.7,A
2392,22,Female,6.5,97.0,3,7,Yes,High,Yes,1,1,98.5,Visual,88.0,B
2393,24,Male,11.1,70.3,6,9,Yes,High,Yes,5,10,68.6,Reading/Writing,89.0,B
2394,28,Male,19.1,84.4,8,2,Yes,High,No,0,9,87.9,Visual,100,A
2395,20,Male,18.9,70.0,9,8,Yes,High,Yes,3,7,81.7,Reading/Writing,100,A
2396,23,Female,3.2,71.2,6,10,No,Low,Yes,5,4,61.1,Auditory,57.5,D
2397,21,Female,15.6,54.5,2,4,Yes,High,No,3,5,77.0,Auditory,85.2,B
2398,29,Male,6.5,54.0,1,9,No,Low,Yes,5,9,65.0,Visual,60.9,C
2399,23,Male,16.5,80.4,4,6,Yes,High,Yes,1,0,62.7,Auditory,93.2,A
2400,20,Female,6.2,70.9,2,1,Yes,High,Yes,1,1,47.1,Auditory,75.0,B
2401,24,Male,16.9,74.3,9,3,No,High,No,1,9,42.6,Kinesthetic,95.0,A
2402,18,Male,19.8,79.7,6,4,Yes,Low,No,4,2,47.7,Kinesthetic,100,A
2403,25,Female,2.6,84.7,5,10,Yes,Low,No,5,6,86.9,Visual,75.6,B
2404,30,Male,1.8,81.3,2,1,No,High,Yes,3,7,43.4,Auditory,67.0,C
2405,24,Female,10.6,99.2,1,6,Yes,High,Yes,5,9,77.4,Reading/Writing,89.7,B
2406,26,Male,7.6,71.3,8,1,No,Low,Yes,2,4,73.2,Visual,83.4,B
2407,19,Male,4.0,58.3,10,3,No,High,No,3,4,64.0,Visual,73.1,C
2408,22,Female,4.3,94.9,6,9,No,Low,Yes,3,10,40.2,Visual,72.4,C
2409,29,Male,17.2,85.7,3,3,Yes,Low,Yes,1,7,45.4,Visual,91.0,A
2410,22,Male,11.6,86.2,3,6,No,High,No,5,2,88.6,Visual,89.8,B
2411,24,Male,13.7,70.9,10,4,Yes,High,Yes,1,5,96.2,Kinesthetic,100,A
2412,20,Female,5.6,52.0,4,2,No,High,No,3,3,89.2,Reading/Writing,71.1,C
2413,29,Female,7.3,83.8,6,4,No,High,No,3,8,83.7,Visual,87.2,B
2414,20,Male,14.3,58.9,5,7,Yes,Low,No,2,6,65.8,Kinesthetic,85.6,B
2415,21,Female,17.6,67.5,1,9,Yes,Low,No,4,7,98.2,Visual,94.0,A
2416,23,Female,6.6,58.6,4,1,No,Low,Yes,4,4,46.9,Visual,69.6,C
2417,26,Female,19.6,75.5,4,5,Yes,Low,No,3,0,93.3,Reading/Writing,99.9,A
2418,28,Female,14.7,77.4,2,6,No,Low,Yes,5,3,69.1,Auditory,75.5,B
2419,29,Male,7.9,77.5,7,4,Yes,Low,No,0,5,99.9,Visual,83.3,B
2420,24,Female,8.7,55.8,6,1,No,High,Yes,1,4,69.1,Reading/Writing,73.0,C
2421,27,Male,9.5,97.2,8,8,No,High,No,0,6,48.0,Auditory,85.6,B
2422,25,Male,4.1,53.0,9,4,No,High,No,5,5,97.6,Reading/Writing,70.0,C
2423,21,Male,10.9,75.8,7,8,No,High,Yes,5,4,46.8,Reading/Writing,79.2,B
2424,27,Female,5.7,57.2,2,3,Yes,Low,No,2,2,75.4,Reading/Writing,65.2,C
2425,20,Male,9.9,74.1,3,3,No,Low,Yes,5,5,88.7,Kinesthetic,80.8,B
2426,25,Male,5.6,55.8,10,7,No,High,Yes,1,1,99.9,Reading/Writing,79.4,B
2427,30,Female,7.2,86.4,6,2,No,High,Yes,4,2,69.3,Reading/Writing,79.6,B
2428,23,Female,14.9,92.9,3,8,No,High,No,5,0,67.4,Visual,88.8,B
2429,23,Male,17.2,73.5,6,4,No,Low,No,5,0,50.4,Reading/Writing,85.6,B
2430,21,Male,9.6,70.4,6,4,No,High,Yes,0,7,78.8,Kinesthetic,84.0,B
2431,27,Male,18.0,65.0,6,9,No,Low,No,0,8,98.4,Reading/Writing,91.4,A
2432,23,Male,19.4,56.7,7,4,No,Low,Yes,4,6,72.8,Auditory,99.9,A
2433,30,Female,4.2,50.7,9,7,No,Low,Yes,1,8,55.7,Auditory,67.1,C
2434,23,Male,19.9,73.4,7,4,Yes,High,No,3,5,79.5,Kinesthetic,100,A
2435,19,Male,17.6,77.8,1,9,Yes,Low,No,0,2,43.1,Kinesthetic,77.8,B
2436,27,Male,19.9,67.9,4,7,Yes,High,No,0,3,77.6,Reading/Writing,100,A
2437,22,Female,18.0,57.8,7,6,Yes,High,Yes,4,3,63.6,Kinesthetic,91.5,A
2438,30,Female,8.4,65.3,1,2,No,Low,Yes,2,1,41.5,Auditory,59.5,D
2439,19,Male,7.7,99.7,8,4,Yes,Low,Yes,1,3,77.1,Visual,89.1,B
2440,21,Male,2.6,57.3,5,10,Yes,Low,Yes,0,3,93.4,Visual,60.0,C
2441,26,Female,10.1,51.0,10,2,Yes,High,No,4,3,48.1,Reading/Writing,88.3,B
2442,20,Female,4.6,71.4,2,6,Yes,Low,Yes,4,4,60.9,Visual,62.6,C
2443,23,Male,19.4,89.4,10,1,Yes,High,Yes,0,6,85.3,Auditory,100,A
2444,18,Male,8.5,75.5,5,4,Yes,High,No,3,6,92.1,Kinesthetic,85.4,B
2445,28,Female,16.9,93.6,5,1,No,Low,Yes,3,6,57.1,Visual,100,A
2446,18,Female,5.8,93.4,4,9,No,Low,Yes,4,8,47.0,Visual,65.6,C
2447,18,Female,3.2,57.1,5,3,Yes,Low,No,0,6,88.7,Kinesthetic,66.1,C
2448,27,Female,7.9,97.0,3,2,No,High,No,3,6,42.2,Auditory,87.8,B
2449,18,Female,9.2,79.5,5,7,Yes,Low,Yes,3,5,49.8,Kinesthetic,76.7,B
2450,27,Female,11.9,94.8,4,5,Yes,High,Yes,2,4,65.8,Auditory,98.1,A
2451,19,Male,16.1,53.6,4,10,No,High,Yes,3,3,41.4,Reading/Writing,83.1,B
2452,23,Female,16.5,70.7,1,6,No,High,Yes,1,10,57.9,Kinesthetic,81.2,B
2453,28,Female,3.6,99.2,2,1,Yes,Low,No,0,2,79.0,Kinesthetic,75.7,B
2454,27,Female,6.0,57.6,10,4,No,High,Yes,4,9,50.0,Visual,72.3,C
2455,24,Female,14.0,61.4,5,4,No,High,No,0,3,73.6,Reading/Writing,82.6,B
2456,22,Male,6.1,69.6,3,7,No,Low,Yes,1,6,69.2,Kinesthetic,63.7,C
2457,22,Female,18.3,86.7,9,7,No,High,No,1,6,60.4,Reading/Writing,100,A
2458,19,Female,14.7,65.1,2,6,Yes,High,Yes,1,9,47.5,Auditory,89.5,B
2459,19,Male,6.5,63.3,2,3,Yes,High,Yes,4,0,86.8,Visual,81.5,B
2460,20,Female,11.6,71.4,9,5,Yes,High,Yes,3,6,74.4,Reading/Writing,96.5,A
2461,21,Female,14.3,63.9,7,10,Yes,High,No,4,3,48.6,Kinesthetic,86.8,B
2462,22,Female,2.1,79.4,9,8,Yes,High,Yes,1,7,85.2,Auditory,77.6,B
2463,28,Male,19.9,93.0,3,1,Yes,Low,No,2,6,46.3,Reading/Writing,100,A
2464,20,Male,10.7,79.3,7,3,Yes,Low,Yes,1,3,65.5,Auditory,86.3,B
2465,23,Female,12.1,90.7,10,10,Yes,High,Yes,0,6,44.1,Auditory,87.4,B
2466,30,Male,19.9,60.3,8,2,Yes,High,No,3,7,84.6,Kinesthetic,100,A
2467,22,Female,5.0,86.3,8,3,No,High,Yes,5,3,89.2,Kinesthetic,81.2,B
2468,27,Female,2.4,91.8,4,5,Yes,Low,Yes,0,8,97.6,Visual,82.0,B
2469,29,Female,10.2,70.0,8,2,Yes,Low,Yes,4,0,99.1,Reading/Writing,92.6,A
2470,19,Male,2.4,59.7,8,1,No,High,No,4,5,53.3,Auditory,73.5,C
2471,21,Female,6.8,98.1,8,2,Yes,Low,No,2,1,62.4,Reading/Writing,78.3,B
2472,21,Female,13.3,94.7,6,10,No,High,No,3,9,74.5,Visual,93.5,A
2473,24,Male,2.4,71.1,3,5,No,Low,No,4,6,61.4,Reading/Writing,58.0,D
2474,25,Female,5.2,53.4,4,1,No,High,Yes,3,6,43.2,Auditory,66.4,C
2475,26,Male,9.6,68.3,9,2,Yes,Low,Yes,1,4,70.8,Visual,91.2,A
2476,19,Male,8.3,79.1,3,8,Yes,Low,No,4,3,42.9,Kinesthetic,66.1,C
2477,29,Female,2.0,55.3,9,2,No,High,No,4,0,74.2,Kinesthetic,68.3,C
2478,23,Female,15.8,63.8,10,3,No,Low,Yes,3,2,60.9,Kinesthetic,95.1,A
2479,30,Female,11.7,72.0,8,5,No,High,No,3,4,94.5,Kinesthetic,97.1,A
2480,26,Male,3.0,57.7,8,6,Yes,Low,No,4,7,60.4,Reading/Writing,67.7,C
2481,23,Male,12.6,97.0,4,4,No,Low,No,3,1,95.4,Kinesthetic,92.4,A
2482,27,Female,14.7,97.5,1,3,No,High,No,1,4,87.0,Auditory,94.7,A
2483,26,Male,12.0,52.7,7,10,No,Low,Yes,5,2,65.0,Auditory,68.2,C
2484,21,Male,3.7,97.4,4,2,Yes,Low,No,3,6,55.6,Kinesthetic,76.4,B
2485,30,Male,8.5,65.4,3,3,Yes,High,No,4,1,62.4,Auditory,83.4,B
2486,30,Female,5.6,89.5,1,5,No,High,No,0,8,92.6,Kinesthetic,70.9,C
2487,20,Male,7.9,78.1,4,9,No,High,Yes,3,10,69.9,Kinesthetic,72.3,C
2488,25,Male,16.9,72.3,10,5,Yes,Low,Yes,2,8,54.7,Reading/Writing,100,A
2489,19,Female,11.6,70.4,9,3,No,High,Yes,0,2,80.8,Kinesthetic,85.4,B
2490,20,Female,12.5,53.0,8,2,Yes,Low,No,1,10,61.6,Auditory,90.2,A
2491,25,Female,1.0,92.0,8,5,No,Low,No,3,8,96.8,Visual,72.6,C
2492,19,Male,12.0,70.3,2,6,No,High,No,4,2,94.6,Kinesthetic,83.6,B
2493,30,Male,3.9,63.8,7,8,Yes,High,No,1,0,97.4,Reading/Writing,71.5,C
2494,18,Female,19.7,95.1,7,9,Yes,High,No,4,8,52.4,Kinesthetic,100,A
2495,29,Male,11.0,75.3,5,3,No,Low,No,5,0,51.1,Reading/Writing,76.9,B
2496,30,Male,6.8,52.8,2,4,Yes,High,Yes,2,1,86.2,Visual,70.9,C
2497,19,Male,16.1,71.8,5,9,Yes,High,Yes,2,1,44.2,Kinesthetic,90.8,A
2498,26,Female,1.2,100.0,10,5,Yes,High,No,1,8,93.9,Reading/Writing,85.9,B
2499,26,Male,14.8,51.4,2,3,No,High,Yes,5,8,96.8,Kinesthetic,79.4,B
2500,28,Female,19.3,98.9,1,4,No,High,No,5,10,69.7,Reading/Writing,97.1,A
2501,22,Female,3.1,78.7,10,3,Yes,High,No,0,4,77.7,Auditory,78.2,B
2502,22,Male,3.3,79.9,2,1,No,Low,No,4,3,44.3,Visual,63.2,C
2503,22,Male,5.5,74.0,3,3,No,Low,Yes,4,5,58.7,Auditory,62.2,C
2504,22,Female,10.8,66.9,9,10,Yes,High,No,1,7,82.2,Auditory,82.0,B
2505,27,Male,18.7,87.2,3,5,No,Low,No,2,7,65.0,Visual,88.3,B
2506,22,Female,12.3,62.3,6,6,Yes,Low,No,5,2,46.9,Kinesthetic,80.8,B
2507,22,Male,14.5,65.5,4,2,No,High,Yes,5,1,51.0,Kinesthetic,88.0,B
2508,18,Male,4.0,99.6,9,1,Yes,Low,No,2,9,99.2,Auditory,97.0,A
2509,30,Female,12.7,69.8,3,8,No,Low,Yes,3,6,41.9,Auditory,73.1,C
2510,27,Female,5.1,69.7,5,3,Yes,High,No,5,0,67.6,Visual,72.7,C
2511,23,Female,9.3,82.2,1,2,Yes,Low,No,2,8,68.6,Visual,73.7,C
2512,21,Female,7.1,97.4,6,9,No,Low,No,0,7,56.1,Kinesthetic,80.4,B
2513,22,Male,2.8,77.1,6,4,Yes,Low,Yes,3,8,88.7,Visual,78.0,B
2514,30,Male,16.8,87.2,8,7,No,High,No,0,9,80.2,Visual,100,A
2515,20,Female,14.2,64.3,5,4,Yes,Low,Yes,4,4,45.4,Reading/Writing,85.2,B
2516,27,Male,4.8,58.6,3,1,Yes,Low,Yes,3,4,57.6,Reading/Writing,65.1,C
2517,30,Male,14.6,70.9,1,8,No,High,Yes,3,8,81.9,Visual,88.8,B
2518,24,Female,13.8,81.0,1,1,Yes,Low,No,0,9,69.8,Kinesthetic,93.1,A
2519,27,Male,7.6,60.7,9,3,Yes,Low,Yes,2,2,50.3,Visual,78.7,B
2520,28,Male,11.4,98.4,6,7,Yes,High,No,2,0,72.4,Auditory,99.0,A
2521,23,Male,4.1,86.3,5,1,Yes,High,Yes,0,6,85.6,Visual,80.4,B
2522,20,Female,16.6,58.0,2,4,No,High,Yes,4,3,68.6,Kinesthetic,83.2,B
2523,18,Male,19.8,83.7,9,8,No,High,No,3,0,94.8,Auditory,100,A
2524,26,Male,7.5,92.0,2,3,Yes,Low,No,0,8,47.2,Visual,68.3,C
2525,19,Female,9.8,90.5,7,1,Yes,High,No,3,6,61.7,Visual,89.3,B
2526,20,Female,17.1,62.6,2,2,No,Low,No,4,9,56.5,Visual,78.2,B
2527,23,Male,19.1,67.2,6,2,No,Low,Yes,3,9,56.3,Auditory,91.5,A
2528,28,Female,9.1,66.4,7,6,Yes,High,Yes,2,5,96.6,Visual,87.9,B
2529,21,Male,5.3,97.7,4,9,No,High,No,1,7,41.2,Auditory,74.1,C
2530,23,Male,6.4,79.4,1,5,No,Low,Yes,4,5,45.6,Visual,58.6,D
2531,27,Female,10.8,68.4,10,5,Yes,High,Yes,4,7,44.3,Visual,90.1,A
2532,22,Female,1.4,66.8,7,9,Yes,Low,No,2,9,50.9,Kinesthetic,56.1,D
2533,29,Female,2.4,96.1,8,4,No,High,No,0,6,73.1,Kinesthetic,77.5,B
2534,28,Female,11.7,79.0,1,3,Yes,Low,No,5,6,46.8,Auditory,86.6,B
2535,26,Female,17.3,89.8,9,9,Yes,Low,No,0,6,96.7,Visual,97.8,A
2536,29,Male,8.2,89.1,5,9,No,High,Yes,1,9,63.2,Auditory,79.5,B
2537,29,Female,10.9,93.1,4,6,Yes,High,No,0,0,86.5,Visual,82.0,B
2538,24,Male,1.7,74.5,6,6,No,High,Yes,3,7,85.9,Reading/Writing,73.8,C
2539,26,Female,14.6,89.8,6,7,Yes,Low,Yes,3,2,95.8,Kinesthetic,100,A
2540,28,Female,9.2,65.7,3,2,Yes,High,No,1,10,50.4,Kinesthetic,74.1,C
2541,27,Male,2.6,61.6,7,4,Yes,Low,Yes,0,4,67.6,Auditory,66.2,C
2542,26,Male,18.6,66.1,3,7,No,Low,Yes,3,8,66.0,Kinesthetic,83.2,B
2543,24,Male,11.2,77.5,4,3,Yes,High,No,5,9,70.4,Reading/Writing,92.8,A
2544,19,Male,1.6,81.5,9,2,Yes,High,Yes,0,3,54.3,Kinesthetic,80.6,B
2545,26,Male,17.4,72.4,1,3,No,High,No,3,9,93.1,Reading/Writing,91.4,A
2546,18,Male,17.6,57.1,7,2,Yes,High,Yes,5,5,89.7,Kinesthetic,100,A
2547,30,Female,16.8,74.5,6,10,No,High,Yes,3,4,54.0,Kinesthetic,82.5,B
2548,23,Female,5.1,56.9,8,1,No,High,No,4,0,49.9,Reading/Writing,66.4,C
2549,23,Female,8.0,81.2,5,6,No,High,Yes,3,1,64.2,Reading/Writing,83.3,B
2550,21,Female,3.0,68.7,1,7,No,High,Yes,5,4,77.3,Auditory,59.3,D
2551,21,Male,7.1,84.5,3,7,Yes,Low,No,3,7,58.1,Auditory,72.1,C
2552,21,Male,3.7,86.3,9,5,No,Low,Yes,5,5,70.5,Visual,75.0,B
2553,23,Male,19.4,73.5,3,7,No,High,Yes,5,3,77.8,Auditory,94.1,A
2554,24,Female,6.8,88.8,5,5,Yes,High,No,4,6,64.9,Visual,87.5,B
2555,21,Female,14.7,77.3,10,4,Yes,High,Yes,0,1,97.5,Reading/Writing,100,A
2556,24,Female,16.6,52.3,8,1,No,High,No,2,0,82.8,Reading/Writing,94.6,A
2557,29,Male,5.4,73.6,8,1,No,High,Yes,2,5,42.7,Visual,80.1,B
2558,25,Male,8.8,83.2,10,6,Yes,Low,No,0,3,95.2,Auditory,83.1,B
2559,29,Female,13.7,58.4,5,9,No,High,No,0,8,87.8,Kinesthetic,75.8,B
2560,30,Male,9.0,63.6,2,7,Yes,Low,No,1,0,55.5,Kinesthetic,64.0,C
2561,23,Male,18.7,59.6,1,6,No,Low,Yes,4,9,80.2,Reading/Writing,79.8,B
2562,24,Male,14.8,80.5,9,6,No,High,No,2,5,57.2,Reading/Writing,91.8,A
2563,30,Female,7.7,81.5,10,4,Yes,High,Yes,2,8,88.8,Auditory,94.5,A
2564,25,Male,10.9,91.2,7,2,No,Low,No,3,2,51.0,Kinesthetic,92.1,A
2565,24,Female,11.8,91.9,3,9,Yes,Low,No,5,8,76.7,Reading/Writing,83.6,B
2566,22,Female,8.6,58.6,2,4,Yes,Low,Yes,4,6,51.6,Reading/Writing,73.6,C
2567,28,Female,19.0,84.2,5,10,No,Low,No,0,0,50.1,Auditory,83.3,B
2568,21,Female,11.3,99.2,10,3,Yes,High,Yes,0,3,77.4,Auditory,100,A
2569,23,Female,13.4,63.5,1,10,No,High,No,5,5,65.2,Auditory,67.6,C
2570,20,Male,17.9,60.0,6,2,No,High,No,0,3,43.0,Visual,86.1,B
2571,26,Female,4.4,51.4,4,8,No,Low,No,2,8,76.5,Kinesthetic,53.4,D
2572,25,Female,14.8,53.6,6,3,Yes,Low,Yes,2,10,45.0,Auditory,86.2,B
2573,20,Male,10.7,62.6,9,7,No,High,Yes,0,8,55.9,Visual,73.8,C
2574,18,Male,19.4,90.5,9,4,No,Low,Yes,1,7,79.1,Visual,100,A
2575,30,Female,15.5,55.5,8,7,Yes,High,Yes,1,8,48.5,Auditory,96.0,A
2576,26,Female,11.8,56.0,8,8,Yes,High,No,4,6,57.8,Auditory,86.9,B
2577,23,Female,15.8,77.8,1,5,No,Low,No,5,1,65.2,Auditory,82.8,B
2578,19,Male,5.8,80.8,9,5,No,Low,Yes,2,6,58.1,Auditory,80.4,B
2579,21,Female,4.8,60.0,3,7,No,High,No,3,4,69.2,Reading/Writing,70.9,C
2580,24,Female,8.4,56.4,4,3,Yes,Low,Yes,0,9,59.9,Auditory,69.5,C
2581,30,Female,1.9,96.9,8,10,No,Low,No,4,3,69.3,Reading/Writing,72.3,C
2582,22,Male,5.1,61.6,3,2,No,Low,No,4,8,62.0,Reading/Writing,67.3,C
2583,20,Male,3.5,99.7,2,3,No,Low,Yes,5,10,68.2,Visual,71.6,C
2584,18,Male,17.2,73.2,2,6,Yes,Low,Yes,2,9,80.3,Kinesthetic,93.1,A
2585,19,Male,4.9,80.1,6,10,No,High,No,4,7,95.7,Auditory,80.7,B
2586,19,Male,11.3,89.1,2,9,No,Low,Yes,5,8,74.8,Reading/Writing,84.4,B
2587,24,Male,12.4,84.7,3,9,Yes,Low,Yes,0,1,84.1,Reading/Writing,78.7,B
2588,26,Female,19.9,77.7,6,4,Yes,High,Yes,2,3,79.6,Visual,100,A
2589,20,Female,19.7,66.1,2,5,Yes,High,Yes,3,3,54.4,Visual,94.8,A
2590,27,Female,10.3,60.5,6,10,No,Low,Yes,1,8,48.1,Visual,60.5,C
2591,18,Male,19.1,61.2,5,6,Yes,High,No,2,0,67.7,Visual,87.5,B
2592,29,Male,5.1,63.9,6,9,Yes,Low,Yes,0,8,68.1,Visual,61.7,C
2593,19,Female,18.9,59.7,5,6,Yes,Low,Yes,1,6,90.1,Auditory,87.0,B
2594,24,Male,19.1,82.3,8,1,Yes,Low,No,1,2,53.1,Reading/Writing,100,A
2595,28,Male,5.3,77.9,6,9,Yes,Low,No,2,4,98.6,Reading/Writing,77.0,B
2596,21,Female,19.6,79.1,9,3,No,High,No,5,10,64.0,Auditory,100,A
2597,20,Male,19.2,97.2,10,7,No,High,Yes,4,8,42.2,Visual,100,A
2598,29,Male,1.4,86.4,10,10,No,High,No,2,9,71.3,Kinesthetic,73.1,C
2599,25,Female,14.4,71.9,1,3,Yes,High,No,0,0,83.4,Auditory,82.7,B
2600,30,Male,8.4,77.1,7,10,Yes,Low,Yes,1,4,66.6,Auditory,73.6,C
2601,20,Female,3.0,78.3,4,6,Yes,High,Yes,2,4,54.0,Reading/Writing,68.6,C
2602,18,Female,11.9,67.4,8,9,No,Low,No,0,1,81.6,Kinesthetic,74.7,C
2603,22,Male,16.5,87.7,7,2,No,Low,Yes,3,2,58.5,Auditory,97.1,A
2604,26,Male,7.9,77.1,4,4,No,Low,Yes,1,1,85.8,Reading/Writing,73.6,C
2605,20,Male,18.1,68.1,4,8,Yes,High,Yes,5,1,70.1,Kinesthetic,90.8,A
2606,29,Female,14.5,95.1,7,9,Yes,High,Yes,4,3,49.0,Kinesthetic,97.9,A
2607,30,Female,19.6,57.2,4,10,Yes,Low,Yes,5,3,93.4,Kinesthetic,91.4,A
2608,21,Female,2.8,71.1,5,8,Yes,High,Yes,3,6,85.3,Visual,65.4,C
2609,20,Male,13.8,97.3,4,1,Yes,Low,No,2,9,69.0,Visual,100,A
2610,22,Male,7.5,94.6,4,7,Yes,High,Yes,5,10,65.2,Reading/Writing,87.0,B
2611,30,Male,19.3,98.6,10,6,Yes,Low,No,4,6,66.9,Auditory,100,A
2612,28,Female,17.3,65.0,6,8,Yes,Low,Yes,4,4,81.6,Visual,91.5,A
2613,29,Male,5.1,53.1,4,4,No,High,Yes,0,2,96.9,Reading/Writing,73.2,C
2614,29,Male,4.6,78.9,5,7,Yes,High,No,2,4,86.6,Reading/Writing,79.1,B
2615,29,Male,8.7,80.2,3,5,No,Low,Yes,5,10,45.8,Kinesthetic,75.6,B
2616,24,Male,6.1,90.3,10,1,No,Low,Yes,5,10,72.4,Visual,83.5,B
2617,21,Male,11.9,93.2,2,10,Yes,High,Yes,3,6,45.0,Visual,80.5,B
2618,20,Male,14.8,55.0,1,10,No,Low,No,0,7,63.0,Visual,62.5,C
2619,20,Male,13.5,84.8,4,4,No,Low,Yes,3,3,78.6,Auditory,82.6,B
2620,27,Female,13.1,50.0,3,9,No,Low,No,2,2,96.4,Reading/Writing,68.8,C
2621,29,Male,3.9,70.0,10,10,Yes,Low,Yes,2,0,44.8,Kinesthetic,60.2,C
2622,30,Female,6.2,56.4,2,6,Yes,High,Yes,1,9,40.5,Visual,60.6,C
2623,27,Female,11.9,52.6,9,4,No,Low,No,3,5,92.6,Auditory,86.4,B
2624,21,Male,15.6,61.8,8,4,No,High,No,5,1,61.0,Visual,86.2,B
2625,19,Male,8.9,51.2,5,3,Yes,Low,Yes,5,10,48.5,Auditory,71.0,C
2626,20,Female,5.7,84.3,3,5,Yes,Low,No,4,1,66.7,Reading/Writing,64.3,C
2627,22,Female,6.0,99.0,7,5,No,Low,Yes,0,1,66.9,Reading/Writing,74.6,C
2628,26,Female,17.1,53.2,1,1,No,Low,No,2,0,58.2,Auditory,82.9,B
2629,22,Female,4.0,59.4,6,5,No,Low,Yes,5,6,80.3,Kinesthetic,72.3,C
2630,18,Female,4.1,82.6,4,3,No,Low,Yes,4,3,71.1,Auditory,63.8,C
2631,22,Male,4.1,62.3,1,2,No,Low,No,1,9,41.9,Reading/Writing,48.6,F
2632,26,Male,13.4,70.2,2,8,No,Low,Yes,3,0,70.2,Reading/Writing,66.7,C
2633,19,Male,17.4,71.6,5,2,Yes,High,No,3,6,89.3,Reading/Writing,100,A
2634,26,Male,5.2,62.8,8,4,No,Low,Yes,4,4,61.8,Reading/Writing,72.5,C
2635,23,Female,1.5,96.6,4,9,Yes,High,No,4,9,74.8,Kinesthetic,73.7,C
2636,19,Male,17.2,78.2,6,7,No,Low,No,2,7,79.8,Reading/Writing,94.5,A
2637,23,Female,3.4,62.3,7,5,No,Low,No,5,1,84.7,Auditory,65.6,C
2638,20,Male,6.2,87.7,1,10,No,Low,No,3,6,82.4,Visual,64.7,C
2639,21,Female,9.5,75.7,6,2,Yes,Low,No,4,0,60.3,Visual,77.7,B
2640,18,Male,3.3,99.1,1,1,Yes,Low,No,5,0,75.3,Kinesthetic,69.8,C
2641,19,Male,9.7,52.0,10,8,No,Low,No,5,5,89.4,Visual,70.6,C
2642,21,Male,1.1,79.7,1,9,Yes,Low,Yes,4,1,81.5,Reading/Writing,63.2,C
2643,25,Male,15.8,87.3,9,7,Yes,High,No,2,4,46.1,Auditory,99.0,A
2644,24,Male,11.8,53.8,10,4,No,High,No,4,6,67.5,Reading/Writing,87.7,B
2645,28,Female,8.2,72.0,2,6,No,Low,Yes,1,6,75.7,Reading/Writing,73.3,C
2646,29,Male,7.9,56.6,3,9,Yes,Low,No,0,0,98.4,Auditory,65.7,C
2647,22,Female,13.3,66.1,7,2,No,High,No,5,10,63.0,Reading/Writing,99.9,A
2648,30,Male,18.7,55.8,4,10,Yes,Low,Yes,5,3,66.3,Reading/Writing,78.1,B
2649,28,Male,9.7,61.6,4,8,No,Low,No,5,1,75.4,Reading/Writing,63.9,C
2650,29,Female,2.7,95.1,9,5,Yes,Low,No,0,5,63.9,Kinesthetic,74.2,C
2651,30,Male,1.6,94.2,7,4,No,High,Yes,1,5,53.7,Auditory,80.1,B
2652,23,Male,5.3,82.0,4,2,No,Low,No,3,6,86.8,Auditory,71.8,C
2653,26,Female,16.7,51.9,7,9,No,Low,Yes,4,9,44.4,Reading/Writing,83.9,B
2654,26,Female,5.7,71.7,3,2,No,High,Yes,3,1,68.7,Kinesthetic,65.4,C
2655,20,Male,16.2,66.9,8,7,Yes,Low,Yes,0,0,49.3,Kinesthetic,85.7,B
2656,21,Female,15.6,91.5,10,8,No,Low,No,0,9,61.3,Reading/Writing,88.5,B
2657,30,Male,10.5,80.2,7,3,Yes,High,No,2,5,73.8,Visual,97.2,A
2658,26,Female,6.9,75.2,2,3,No,High,No,5,0,92.3,Auditory,82.7,B
2659,29,Female,19.0,50.2,9,1,No,High,No,1,1,51.4,Reading/Writing,92.0,A
2660,27,Male,1.5,62.4,5,1,Yes,High,Yes,5,6,43.8,Reading/Writing,65.7,C
2661,19,Male,15.4,59.7,6,1,Yes,High,Yes,4,6,58.4,Visual,95.9,A
2662,22,Male,12.3,80.9,2,7,No,Low,No,5,4,89.0,Reading/Writing,87.4,B
2663,29,Female,13.5,51.5,7,4,No,High,No,4,5,93.4,Visual,85.5,B
2664,23,Male,13.4,88.3,5,8,Yes,Low,Yes,3,1,96.5,Reading/Writing,87.7,B
2665,25,Female,6.3,72.9,9,10,Yes,High,Yes,3,5,56.8,Kinesthetic,81.3,B
2666,30,Male,8.9,74.8,7,5,No,High,No,3,7,70.1,Kinesthetic,84.9,B
2667,23,Male,16.5,82.0,6,9,Yes,Low,No,5,10,78.9,Kinesthetic,100,A
2668,23,Male,15.7,55.8,1,4,No,High,No,3,2,91.4,Auditory,89.5,B
2669,25,Male,19.0,96.9,3,6,Yes,High,No,4,10,96.8,Kinesthetic,100,A
2670,30,Male,7.3,89.5,4,8,No,Low,No,4,2,82.1,Kinesthetic,78.2,B
2671,29,Female,5.9,94.7,6,3,No,High,Yes,5,3,75.1,Kinesthetic,87.6,B
2672,20,Male,13.8,78.0,9,9,Yes,Low,Yes,5,0,64.0,Reading/Writing,83.0,B
2673,20,Female,1.7,86.0,6,4,Yes,Low,No,4,2,52.3,Kinesthetic,74.9,C
2674,19,Male,11.5,52.6,5,6,No,Low,Yes,2,7,49.1,Visual,73.0,C
2675,29,Male,3.0,99.5,1,4,No,High,Yes,5,10,87.7,Kinesthetic,73.1,C
2676,18,Male,10.6,59.0,4,4,No,Low,No,3,1,83.2,Kinesthetic,68.3,C
2677,30,Female,3.3,97.9,2,7,Yes,Low,Yes,1,10,80.5,Kinesthetic,77.3,B
2678,29,Male,16.0,87.8,1,6,Yes,High,No,1,7,81.8,Kinesthetic,94.4,A
2679,30,Female,10.1,89.8,7,9,No,Low,No,1,1,63.3,Visual,79.1,B
2680,30,Female,19.7,59.1,9,7,Yes,Low,Yes,2,9,90.5,Auditory,100,A
2681,18,Female,12.1,64.3,10,7,No,High,Yes,0,4,66.9,Reading/Writing,91.1,A
2682,19,Female,9.1,84.0,6,10,Yes,Low,Yes,2,8,86.6,Reading/Writing,78.5,B
2683,24,Female,2.5,88.0,8,9,No,Low,Yes,4,3,90.9,Visual,77.2,B
2684,21,Male,16.5,87.4,6,1,Yes,Low,Yes,3,5,67.8,Reading/Writing,100,A
2685,18,Male,3.7,75.9,6,5,Yes,High,No,3,8,93.3,Auditory,75.1,B
2686,25,Male,14.9,79.9,1,7,Yes,High,No,1,6,63.7,Visual,86.4,B
2687,30,Male,16.4,68.7,6,5,No,Low,No,4,7,46.4,Visual,79.9,B
2688,18,Female,4.6,74.8,9,1,No,High,Yes,5,2,85.9,Visual,87.5,B
2689,20,Male,13.4,88.4,7,8,No,Low,Yes,5,6,48.2,Reading/Writing,92.0,A
2690,26,Male,6.3,70.6,8,6,No,Low,Yes,0,4,53.8,Auditory,75.6,B
2691,30,Female,12.1,97.8,6,2,Yes,Low,Yes,1,0,71.5,Visual,91.4,A
2692,22,Male,4.7,81.2,7,2,Yes,High,Yes,1,3,97.8,Auditory,88.4,B
2693,20,Female,11.6,84.3,5,7,No,Low,Yes,3,5,54.5,Reading/Writing,75.9,B
2694,26,Male,9.4,91.1,5,5,No,Low,Yes,2,3,70.4,Reading/Writing,83.9,B
2695,23,Male,7.7,81.5,4,1,Yes,High,No,4,1,88.7,Auditory,89.7,B
2696,23,Female,6.0,70.8,6,10,Yes,High,Yes,3,8,58.0,Reading/Writing,73.7,C
2697,19,Male,15.9,89.4,5,7,Yes,Low,No,5,3,61.5,Visual,98.4,A
2698,18,Female,15.9,74.1,9,2,Yes,High,Yes,2,6,40.2,Auditory,100,A
2699,20,Male,3.2,77.1,5,2,No,High,Yes,5,9,92.5,Visual,73.6,C
2700,29,Male,11.0,96.0,8,1,No,High,No,2,0,83.7,Auditory,100,A
2701,22,Female,15.6,63.0,5,8,No,Low,Yes,5,6,75.4,Reading/Writing,81.0,B
2702,30,Male,12.1,70.2,6,7,Yes,Low,Yes,3,4,61.9,Kinesthetic,89.5,B
2703,30,Female,11.0,62.3,7,7,Yes,Low,Yes,3,5,49.8,Visual,82.5,B
2704,29,Male,9.0,68.4,4,6,Yes,Low,Yes,5,9,73.2,Auditory,71.2,C
2705,23,Male,13.9,67.1,3,5,Yes,Low,No,2,5,89.1,Reading/Writing,83.2,B
2706,29,Female,3.9,70.0,4,8,No,High,Yes,3,2,41.5,Auditory,67.5,C
2707,27,Female,16.6,65.2,2,6,No,High,Yes,4,5,70.9,Reading/Writing,83.6,B
2708,18,Female,13.0,54.9,6,10,No,Low,Yes,2,6,82.9,Visual,69.4,C
2709,24,Male,17.3,72.4,1,10,Yes,Low,No,4,3,67.3,Kinesthetic,80.2,B
2710,19,Male,15.6,83.8,2,4,Yes,High,Yes,4,6,49.9,Kinesthetic,92.7,A
2711,22,Female,12.8,78.3,4,7,No,Low,No,1,2,72.0,Auditory,83.5,B
2712,28,Female,9.1,73.7,4,3,No,Low,Yes,5,7,42.8,Kinesthetic,70.2,C
2713,30,Male,8.5,52.9,10,8,Yes,High,No,1,10,94.5,Auditory,92.2,A
2714,18,Female,4.8,85.0,2,9,Yes,Low,Yes,2,9,72.3,Reading/Writing,62.7,C
2715,27,Female,3.5,92.4,9,7,Yes,High,No,2,6,50.8,Kinesthetic,82.9,B
2716,26,Female,7.9,89.2,1,10,No,High,Yes,5,9,95.4,Auditory,73.7,C
2717,24,Female,2.7,93.8,4,2,Yes,High,No,3,4,84.1,Visual,85.5,B
2718,21,Male,12.3,88.8,1,4,Yes,High,Yes,2,0,43.3,Kinesthetic,84.1,B
2719,20,Male,13.9,62.2,6,10,No,High,Yes,4,5,80.6,Kinesthetic,84.2,B
2720,25,Male,6.1,86.1,7,4,No,High,No,4,9,72.7,Kinesthetic,76.7,B
2721,21,Male,4.8,81.8,8,1,Yes,High,No,4,6,83.5,Kinesthetic,96.9,A
2722,24,Male,4.0,77.8,8,8,Yes,Low,No,5,8,77.0,Auditory,74.2,C
2723,27,Female,10.6,58.3,8,2,No,High,Yes,4,9,55.3,Auditory,81.7,B
2724,23,Male,13.6,67.5,6,3,Yes,Low,No,5,3,44.8,Reading/Writing,81.7,B
2725,24,Female,18.0,96.7,10,3,Yes,High,No,5,2,52.5,Auditory,100,A
2726,27,Male,17.8,55.9,8,8,No,High,No,0,3,98.2,Visual,93.9,A
2727,21,Female,12.1,76.4,8,1,Yes,Low,No,3,1,78.1,Kinesthetic,89.3,B
2728,19,Male,4.0,85.4,8,8,No,Low,Yes,4,6,41.2,Auditory,73.1,C
2729,22,Male,4.9,50.1,7,6,No,Low,Yes,3,6,57.9,Visual,54.6,D
2730,26,Male,4.5,60.0,8,3,Yes,High,Yes,0,10,57.9,Kinesthetic,83.1,B
2731,19,Male,2.0,62.0,9,9,Yes,High,Yes,4,9,97.5,Visual,70.6,C
2732,27,Female,1.4,57.8,8,8,No,High,Yes,5,0,69.1,Auditory,54.5,D
2733,22,Male,6.8,75.5,9,3,No,Low,No,2,7,90.4,Reading/Writing,81.2,B
2734,21,Female,8.9,59.6,10,5,No,Low,Yes,2,8,99.8,Kinesthetic,83.4,B
2735,24,Female,19.2,69.2,4,9,No,Low,Yes,4,6,97.8,Visual,91.6,A
2736,22,Female,2.9,59.4,1,3,No,Low,No,3,10,66.0,Auditory,59.0,D
2737,30,Male,18.8,85.2,8,5,Yes,Low,Yes,0,1,48.6,Reading/Writing,93.9,A
2738,26,Male,8.8,83.8,9,8,No,Low,Yes,1,1,93.4,Visual,78.2,B
2739,19,Female,9.3,72.3,6,3,Yes,High,Yes,3,9,66.6,Kinesthetic,84.7,B
2740,29,Male,7.6,64.6,9,7,No,Low,Yes,2,5,84.5,Auditory,81.5,B
2741,18,Male,3.0,72.6,10,3,No,Low,Yes,1,8,57.3,Reading/Writing,64.5,C
2742,29,Male,18.8,50.8,9,4,Yes,Low,Yes,5,3,57.4,Auditory,100,A
2743,19,Female,6.8,88.4,2,4,No,Low,Yes,3,1,45.1,Kinesthetic,71.8,C
2744,30,Male,3.6,69.4,9,2,Yes,Low,No,1,3,50.7,Reading/Writing,77.4,B
2745,23,Male,16.6,79.6,8,7,No,Low,No,0,8,55.6,Reading/Writing,87.1,B
2746,24,Male,17.0,89.0,2,1,No,High,No,1,0,53.4,Visual,90.6,A
2747,25,Female,11.9,84.8,6,4,No,Low,No,4,3,68.3,Auditory,81.1,B
2748,18,Male,14.9,89.7,9,7,No,High,Yes,0,0,56.5,Auditory,100,A
2749,26,Female,3.0,81.0,2,8,Yes,High,Yes,0,6,44.0,Auditory,58.2,D
2750,29,Male,1.4,93.5,8,4,Yes,High,Yes,4,3,41.3,Kinesthetic,79.8,B
2751,24,Male,4.9,92.2,4,5,No,High,No,3,3,91.9,Reading/Writing,75.7,B
2752,26,Female,10.7,74.2,3,2,Yes,Low,No,4,0,86.0,Auditory,75.3,B
2753,21,Male,2.7,88.9,1,4,Yes,High,Yes,0,9,85.3,Reading/Writing,80.6,B
2754,30,Male,13.2,57.4,2,1,Yes,High,No,2,4,48.9,Reading/Writing,85.0,B
2755,23,Female,15.2,97.2,4,8,Yes,High,No,5,7,58.8,Reading/Writing,93.1,A
2756,20,Male,4.6,58.1,2,6,No,High,No,0,2,95.1,Reading/Writing,66.0,C
2757,26,Female,1.9,63.9,9,2,No,High,Yes,5,4,49.2,Visual,76.2,B
2758,28,Female,3.8,64.2,7,2,No,Low,No,1,5,60.1,Reading/Writing,63.0,C
2759,25,Male,4.9,56.6,2,8,Yes,Low,Yes,3,8,53.3,Kinesthetic,58.6,D
2760,23,Male,19.8,86.9,1,1,Yes,Low,Yes,4,10,47.2,Kinesthetic,100,A
2761,29,Female,14.1,98.4,4,10,Yes,Low,No,5,5,87.0,Kinesthetic,88.8,B
2762,19,Female,3.7,68.1,3,8,No,Low,Yes,0,10,48.4,Auditory,59.3,D
2763,22,Female,2.3,64.5,9,5,No,Low,No,1,5,46.3,Auditory,61.8,C
2764,27,Male,13.6,68.2,2,9,Yes,Low,No,1,5,66.2,Kinesthetic,82.9,B
2765,23,Female,4.3,58.6,7,5,Yes,Low,Yes,1,3,60.7,Auditory,62.9,C
2766,30,Female,7.3,89.4,2,7,No,High,No,5,4,56.4,Visual,70.8,C
2767,18,Female,18.4,75.8,3,7,No,Low,Yes,4,1,55.1,Reading/Writing,89.4,B
2768,29,Male,13.8,91.1,6,5,No,Low,Yes,4,4,65.1,Kinesthetic,89.9,B
2769,19,Female,11.7,72.3,6,10,No,High,Yes,1,0,97.4,Auditory,89.3,B
2770,30,Male,17.8,62.7,7,9,Yes,Low,Yes,3,0,74.1,Auditory,85.3,B
2771,29,Male,16.1,84.9,8,4,Yes,High,No,3,3,48.6,Visual,93.5,A
2772,19,Male,3.6,76.7,2,1,Yes,Low,No,1,7,68.6,Auditory,61.7,C
2773,24,Male,15.8,52.5,10,2,No,High,No,0,1,67.1,Reading/Writing,96.6,A
2774,27,Male,7.6,64.7,2,2,Yes,High,Yes,0,7,92.8,Visual,71.6,C
2775,30,Female,15.8,91.0,5,10,Yes,High,Yes,4,1,95.1,Auditory,100,A
2776,20,Female,18.7,78.0,10,1,Yes,High,No,1,0,79.4,Auditory,100,A
2777,19,Male,8.6,64.6,9,8,Yes,High,Yes,3,3,73.5,Auditory,84.6,B
2778,30,Female,16.9,98.1,9,7,No,Low,No,5,1,86.4,Kinesthetic,97.7,A
2779,30,Female,14.3,84.0,2,9,Yes,High,No,1,9,64.9,Visual,84.2,B
2780,19,Male,5.8,79.4,6,6,No,High,Yes,2,9,99.5,Reading/Writing,88.0,B
2781,20,Male,5.3,53.9,1,10,No,High,No,0,8,52.8,Reading/Writing,59.9,D
2782,20,Female,13.4,70.5,1,2,No,High,No,3,1,64.4,Reading/Writing,77.4,B
2783,22,Male,8.3,95.4,9,3,Yes,Low,No,2,3,84.6,Visual,100,A
2784,28,Male,14.3,54.5,2,4,Yes,High,Yes,5,5,85.7,Visual,80.8,B
2785,24,Female,3.3,96.6,8,3,Yes,High,No,0,4,96.2,Visual,93.7,A
2786,23,Male,1.3,61.8,2,3,No,High,Yes,0,0,50.3,Visual,47.0,F
2787,22,Male,1.3,72.3,9,4,No,Low,No,3,5,86.1,Reading/Writing,71.9,C
2788,28,Female,11.9,70.0,5,3,Yes,High,No,3,6,52.9,Auditory,89.3,B
2789,19,Male,5.9,60.2,10,9,No,Low,Yes,5,2,99.5,Visual,78.9,B
2790,18,Female,5.3,70.9,3,1,No,Low,No,5,5,43.5,Reading/Writing,63.8,C
2791,25,Female,19.8,87.6,2,4,No,Low,No,1,2,69.1,Kinesthetic,90.4,A
2792,22,Male,2.6,62.6,9,2,Yes,High,No,2,1,81.6,Auditory,74.7,C
2793,20,Female,17.4,68.1,7,7,No,High,No,3,7,48.6,Kinesthetic,97.3,A
2794,23,Male,2.8,96.9,10,2,No,Low,No,0,3,61.1,Auditory,82.3,B
2795,19,Female,14.5,82.1,6,8,Yes,High,Yes,3,5,41.6,Auditory,91.6,A
2796,24,Female,5.4,73.0,1,7,Yes,Low,No,5,9,58.9,Visual,61.3,C
2797,24,Female,4.5,89.4,5,5,Yes,High,No,5,2,45.2,Visual,69.2,C
2798,25,Female,15.4,61.5,2,5,No,High,No,3,3,49.8,Visual,87.3,B
2799,27,Female,11.3,62.4,3,6,Yes,Low,Yes,1,3,47.0,Visual,74.5,C
2800,21,Female,2.7,89.7,8,8,Yes,Low,No,4,7,71.1,Reading/Writing,82.4,B
2801,22,Male,13.4,62.2,8,7,No,High,Yes,3,7,80.8,Kinesthetic,92.1,A
2802,24,Male,13.4,98.5,6,8,No,High,Yes,5,10,89.1,Visual,94.3,A
2803,21,Female,6.4,78.9,10,4,Yes,Low,No,4,2,50.6,Visual,74.8,C
2804,30,Female,11.1,99.3,8,9,Yes,Low,Yes,1,7,83.9,Visual,86.0,B
2805,28,Female,19.5,70.7,4,3,Yes,High,No,3,4,44.8,Visual,98.5,A
2806,21,Male,10.0,73.9,8,5,Yes,High,Yes,5,0,41.1,Visual,92.7,A
2807,26,Male,5.1,61.6,7,4,No,Low,No,2,6,92.7,Auditory,66.2,C
2808,19,Female,7.7,61.5,10,9,Yes,Low,Yes,3,7,84.3,Kinesthetic,81.1,B
2809,18,Female,19.4,92.0,6,6,No,Low,Yes,3,8,69.6,Reading/Writing,99.4,A
2810,30,Male,4.9,56.3,1,6,Yes,High,No,1,7,87.6,Kinesthetic,66.0,C
2811,22,Female,2.6,99.5,5,5,Yes,Low,Yes,3,7,84.9,Auditory,70.9,C
2812,25,Male,1.9,80.0,10,2,No,High,Yes,5,7,47.9,Kinesthetic,75.7,B
2813,26,Female,3.2,53.6,1,2,No,Low,Yes,1,1,90.5,Kinesthetic,54.5,D
2814,25,Female,11.0,64.6,2,7,Yes,High,No,1,9,51.5,Auditory,79.8,B
2815,27,Male,3.4,72.2,1,8,Yes,High,No,2,5,83.2,Visual,69.4,C
2816,20,Male,11.5,99.6,6,1,No,High,Yes,5,0,75.7,Auditory,99.9,A
2817,27,Female,10.8,95.3,9,3,No,High,Yes,0,3,42.5,Auditory,85.3,B
2818,22,Female,19.7,93.8,9,1,No,High,No,4,3,99.4,Reading/Writing,100,A
2819,21,Female,1.1,69.8,8,7,No,Low,No,2,7,63.0,Visual,68.0,C
2820,27,Male,15.8,54.7,2,4,Yes,Low,Yes,1,0,59.5,Reading/Writing,81.3,B
2821,21,Male,3.4,50.1,5,1,No,Low,No,3,3,47.4,Auditory,57.1,D
2822,23,Male,15.6,56.5,10,8,Yes,High,Yes,0,6,73.0,Kinesthetic,96.6,A
2823,30,Female,5.2,57.3,8,9,Yes,Low,No,1,4,65.3,Kinesthetic,66.7,C
2824,20,Female,3.1,74.6,8,7,Yes,Low,No,2,9,76.3,Kinesthetic,66.6,C
2825,28,Male,11.5,52.4,9,7,No,High,Yes,2,4,55.0,Visual,76.9,B
2826,22,Female,10.6,87.7,7,7,Yes,Low,Yes,5,3,56.1,Reading/Writing,93.2,A
2827,25,Female,12.7,66.7,9,4,No,High,No,3,1,54.6,Reading/Writing,91.8,A
2828,30,Female,20.0,68.3,5,9,No,High,No,5,5,73.3,Kinesthetic,100,A
2829,29,Male,6.8,77.9,5,7,Yes,High,Yes,0,5,98.5,Reading/Writing,81.0,B
2830,20,Female,16.2,92.2,8,6,Yes,High,Yes,0,10,81.7,Visual,100,A
2831,29,Female,7.3,61.9,8,3,Yes,High,No,4,4,50.2,Kinesthetic,75.3,B
2832,29,Male,1.2,82.2,6,10,Yes,High,No,1,5,87.0,Visual,75.2,B
2833,25,Male,4.7,56.3,5,6,Yes,Low,No,4,7,80.2,Kinesthetic,71.5,C
2834,25,Male,12.7,84.6,6,7,No,Low,No,5,7,86.1,Reading/Writing,81.8,B
2835,28,Female,1.9,88.2,2,7,No,High,No,2,6,55.1,Auditory,66.2,C
2836,21,Male,14.3,90.9,4,4,No,Low,No,3,2,43.3,Auditory,86.6,B
2837,24,Female,11.2,76.0,8,4,Yes,High,Yes,0,10,58.6,Visual,95.5,A
2838,22,Male,3.3,76.6,4,8,Yes,Low,Yes,5,10,90.1,Reading/Writing,69.7,C
2839,24,Male,5.5,71.8,6,4,Yes,High,Yes,3,7,51.8,Kinesthetic,77.7,B
2840,27,Female,13.3,72.1,7,1,No,Low,Yes,5,6,49.1,Auditory,84.4,B
2841,27,Female,1.5,81.0,2,5,No,High,No,3,8,83.8,Visual,73.3,C
2842,21,Female,8.8,64.9,9,10,Yes,Low,No,1,0,68.4,Visual,79.8,B
2843,29,Male,4.8,66.8,5,9,Yes,Low,Yes,1,6,92.0,Visual,72.6,C
2844,26,Female,11.3,64.3,4,10,No,Low,Yes,2,10,54.3,Visual,64.2,C
2845,29,Male,11.1,89.8,6,3,No,High,No,0,6,40.4,Reading/Writing,83.4,B
2846,23,Female,17.7,54.0,9,10,No,High,Yes,5,3,65.9,Visual,97.9,A
2847,27,Female,1.2,52.5,7,2,No,Low,Yes,1,2,64.3,Auditory,60.2,C
2848,22,Male,14.7,65.0,6,2,Yes,High,No,3,3,68.6,Reading/Writing,98.3,A
2849,26,Female,5.0,70.4,4,5,Yes,Low,Yes,2,4,52.6,Reading/Writing,71.6,C
2850,29,Female,5.8,63.0,8,6,Yes,High,No,3,8,99.4,Visual,76.4,B
2851,22,Female,18.6,51.6,7,6,Yes,Low,No,5,9,56.6,Kinesthetic,97.3,A
2852,29,Male,7.2,70.8,7,10,No,High,No,2,8,94.1,Visual,73.0,C
2853,20,Male,5.3,81.3,7,8,No,High,Yes,0,5,53.1,Reading/Writing,70.3,C
2854,19,Male,15.3,84.3,1,9,Yes,High,Yes,3,6,90.5,Kinesthetic,89.4,B
2855,26,Male,7.8,56.8,8,7,No,Low,No,3,0,68.7,Kinesthetic,68.5,C
2856,21,Male,7.5,75.6,2,7,No,High,No,3,7,40.3,Reading/Writing,64.1,C
2857,26,Female,8.3,69.6,5,3,No,High,Yes,1,2,61.9,Reading/Writing,80.4,B
2858,19,Male,7.5,56.9,9,6,Yes,High,Yes,1,0,85.1,Visual,83.9,B
2859,27,Female,6.7,66.8,9,2,Yes,Low,No,5,4,48.3,Reading/Writing,72.7,C
2860,23,Male,4.9,79.1,6,4,No,High,No,4,0,93.3,Kinesthetic,84.9,B
2861,20,Female,13.0,63.0,7,2,No,High,Yes,4,10,40.7,Auditory,85.5,B
2862,18,Male,13.9,91.0,5,9,No,Low,No,4,8,98.8,Kinesthetic,96.8,A
2863,29,Female,1.5,53.5,10,1,No,Low,No,5,5,61.5,Visual,62.4,C
2864,26,Female,12.5,69.5,2,6,No,High,No,0,0,80.6,Reading/Writing,78.8,B
2865,18,Female,11.1,56.2,3,10,Yes,High,Yes,0,0,98.2,Kinesthetic,75.7,B
2866,25,Female,13.7,72.9,5,8,Yes,Low,Yes,3,3,40.5,Auditory,75.5,B
2867,29,Female,6.6,73.7,5,1,No,Low,Yes,5,9,79.9,Visual,77.9,B
2868,20,Male,12.1,52.3,9,5,Yes,Low,Yes,3,8,82.4,Reading/Writing,87.0,B
2869,19,Male,7.8,87.6,8,6,Yes,High,No,5,3,69.7,Reading/Writing,91.8,A
2870,22,Male,7.4,72.3,1,10,Yes,High,No,0,4,50.3,Reading/Writing,59.8,D
2871,24,Male,2.4,92.0,9,2,No,High,Yes,0,8,51.4,Reading/Writing,82.5,B
2872,25,Female,15.8,83.7,7,1,No,Low,Yes,0,1,81.6,Kinesthetic,89.5,B
2873,19,Female,14.8,54.4,1,3,No,High,Yes,2,7,49.5,Kinesthetic,75.0,B
2874,18,Male,2.4,87.8,8,9,No,High,No,4,2,74.3,Reading/Writing,66.9,C
2875,30,Female,9.9,71.9,10,7,No,High,No,3,7,41.6,Kinesthetic,82.1,B
2876,30,Female,16.5,57.0,9,9,No,Low,Yes,3,6,84.5,Visual,83.0,B
2877,27,Female,5.5,99.7,8,9,Yes,High,Yes,5,4,78.1,Visual,94.9,A
2878,29,Male,8.7,60.2,10,7,Yes,High,Yes,5,2,72.7,Visual,91.5,A
2879,25,Male,15.8,83.4,4,6,Yes,High,Yes,2,1,90.5,Reading/Writing,100,A
2880,28,Male,9.0,95.8,4,7,No,High,Yes,0,2,99.3,Visual,79.5,B
2881,23,Male,13.7,88.5,2,2,Yes,High,No,5,5,89.7,Auditory,95.9,A
2882,19,Male,8.0,94.2,2,8,No,High,No,5,0,56.7,Visual,69.9,C
2883,27,Male,20.0,65.9,10,9,Yes,Low,Yes,2,10,69.6,Visual,94.4,A
2884,28,Male,6.6,57.4,9,7,Yes,Low,No,4,1,72.1,Kinesthetic,77.5,B
2885,29,Female,17.5,89.9,6,4,No,Low,Yes,3,9,71.0,Reading/Writing,94.9,A
2886,21,Male,8.4,73.7,5,5,Yes,High,Yes,4,6,96.6,Auditory,80.1,B
2887,22,Female,2.9,76.5,10,6,Yes,Low,No,3,9,58.5,Auditory,68.3,C
2888,20,Female,4.1,94.1,5,9,No,High,No,3,6,70.2,Visual,67.0,C
2889,25,Female,2.7,97.7,6,10,No,High,Yes,1,8,53.4,Auditory,71.1,C
2890,22,Female,14.7,58.4,5,8,No,Low,No,2,8,97.6,Visual,87.0,B
2891,29,Male,7.6,82.5,10,10,No,High,No,5,3,70.5,Visual,79.6,B
2892,20,Male,8.3,69.5,7,10,Yes,High,No,3,1,58.8,Kinesthetic,72.7,C
2893,18,Male,15.1,59.3,8,7,Yes,High,No,2,5,54.0,Kinesthetic,93.0,A
2894,25,Male,15.2,85.7,3,3,No,High,No,4,7,86.5,Visual,93.2,A
2895,27,Female,9.4,51.6,2,8,No,High,Yes,0,8,96.9,Kinesthetic,66.3,C
2896,21,Male,19.8,55.2,2,1,Yes,High,Yes,2,7,42.6,Auditory,86.2,B
2897,18,Male,6.9,94.0,7,10,Yes,High,No,2,2,87.6,Visual,81.6,B
2898,19,Female,3.7,61.0,8,7,No,Low,Yes,1,9,96.7,Visual,72.3,C
2899,20,Female,19.2,70.9,8,5,No,Low,No,5,1,59.1,Auditory,96.7,A
2900,27,Male,5.7,58.9,10,2,Yes,Low,Yes,3,2,78.9,Visual,75.3,B
2901,24,Male,18.8,57.0,10,4,No,Low,No,2,2,68.4,Visual,91.3,A
2902,30,Male,1.5,52.9,3,6,No,Low,No,3,3,57.5,Auditory,44.0,F
2903,25,Female,9.1,52.6,3,8,Yes,High,No,3,9,49.6,Auditory,69.3,C
2904,26,Male,12.3,66.5,9,5,No,High,Yes,3,0,75.2,Auditory,90.1,A
2905,24,Female,7.5,63.2,1,5,Yes,Low,Yes,0,2,64.9,Reading/Writing,71.0,C
2906,23,Male,11.7,59.9,1,9,No,Low,No,5,4,69.4,Visual,61.1,C
2907,23,Male,4.0,99.3,8,7,Yes,High,Yes,3,8,69.5,Kinesthetic,85.8,B
2908,19,Male,6.1,58.8,4,9,Yes,Low,No,5,5,48.1,Visual,66.0,C
2909,30,Female,9.1,84.0,5,3,Yes,Low,Yes,5,9,90.3,Visual,92.0,A
2910,26,Male,15.3,57.1,3,9,Yes,High,No,4,4,55.7,Visual,79.8,B
2911,22,Female,8.3,61.7,4,6,Yes,High,No,4,3,99.2,Kinesthetic,77.4,B
2912,30,Male,15.9,90.6,10,5,Yes,High,No,5,5,91.7,Kinesthetic,100,A
2913,26,Female,1.1,52.4,5,1,Yes,Low,No,1,3,54.6,Visual,63.1,C
2914,19,Female,4.9,80.7,3,6,Yes,High,No,0,0,60.6,Kinesthetic,71.0,C
2915,24,Male,6.0,73.1,3,3,No,Low,Yes,3,10,59.3,Visual,73.0,C
2916,22,Female,10.7,94.6,9,6,Yes,High,No,4,10,47.8,Reading/Writing,100,A
2917,24,Female,13.8,74.3,9,1,Yes,Low,Yes,4,8,66.2,Reading/Writing,100,A
2918,18,Female,4.8,67.1,3,8,Yes,Low,No,0,4,62.5,Auditory,66.9,C
2919,30,Female,1.1,98.8,8,8,No,High,No,1,7,42.3,Kinesthetic,63.3,C
2920,19,Male,1.3,58.7,6,1,No,High,No,3,1,84.6,Visual,62.1,C
2921,30,Male,5.4,88.4,8,9,No,Low,Yes,3,7,62.7,Kinesthetic,66.0,C
2922,29,Female,14.8,61.6,10,2,Yes,Low,Yes,3,3,77.5,Reading/Writing,97.4,A
2923,23,Male,17.8,53.6,5,5,Yes,High,Yes,3,7,53.5,Auditory,89.9,B
2924,22,Female,12.1,69.6,10,7,Yes,High,No,4,2,75.8,Reading/Writing,100,A
2925,28,Female,2.5,61.3,4,7,No,Low,Yes,4,5,53.4,Auditory,57.8,D
2926,28,Female,5.7,85.0,10,6,No,Low,Yes,3,6,68.7,Visual,81.6,B
2927,25,Female,15.2,83.1,9,4,Yes,Low,No,3,4,78.1,Visual,97.6,A
2928,20,Male,17.0,67.8,6,7,No,Low,Yes,1,10,76.5,Visual,87.0,B
2929,27,Male,19.3,98.9,6,2,No,High,Yes,2,10,56.9,Visual,100,A
2930,19,Female,14.9,83.1,9,4,No,High,No,3,5,45.5,Kinesthetic,95.0,A
2931,22,Male,4.9,97.4,8,5,Yes,Low,Yes,2,1,80.6,Visual,79.9,B
2932,26,Male,10.1,90.3,9,9,Yes,High,No,2,8,73.6,Visual,100,A
2933,25,Female,2.2,62.0,8,3,Yes,High,No,5,6,81.9,Auditory,81.1,B
2934,20,Female,13.6,73.2,6,10,Yes,High,No,4,7,48.6,Reading/Writing,80.0,B
2935,22,Male,18.6,82.2,5,1,Yes,High,No,4,5,71.6,Kinesthetic,100,A
2936,18,Male,6.5,93.8,4,9,No,High,Yes,3,3,43.9,Auditory,69.0,C
2937,27,Female,18.0,64.0,8,8,Yes,High,Yes,5,8,59.0,Auditory,100,A
2938,24,Female,2.1,74.7,1,4,No,High,No,3,5,71.7,Reading/Writing,55.9,D
2939,22,Male,7.5,99.2,5,7,No,High,Yes,3,7,80.4,Reading/Writing,86.0,B
2940,28,Male,18.9,61.6,5,9,No,High,Yes,1,3,72.0,Auditory,83.6,B
2941,29,Male,4.3,92.2,4,8,No,High,Yes,5,10,98.7,Reading/Writing,82.3,B
2942,22,Female,8.3,53.0,4,5,No,High,No,0,5,67.2,Kinesthetic,69.7,C
2943,27,Male,4.8,93.1,9,5,Yes,Low,No,4,8,54.9,Reading/Writing,89.8,B
2944,23,Male,5.0,92.5,2,2,No,High,Yes,3,5,84.5,Visual,72.9,C
2945,21,Male,13.6,57.6,4,10,Yes,High,No,5,0,45.2,Kinesthetic,69.6,C
2946,21,Male,10.2,61.8,5,1,No,Low,Yes,3,7,86.4,Visual,77.6,B
2947,30,Male,3.4,97.9,1,7,No,High,No,3,9,52.7,Auditory,76.1,B
2948,23,Female,11.8,72.9,10,1,Yes,High,No,5,0,54.9,Auditory,93.4,A
2949,29,Male,2.9,74.5,3,6,Yes,Low,Yes,3,7,49.3,Kinesthetic,61.3,C
2950,21,Female,13.8,88.5,4,2,Yes,Low,Yes,0,9,91.5,Reading/Writing,97.2,A
2951,28,Male,6.6,59.5,4,3,No,High,No,0,6,91.4,Visual,70.2,C
2952,24,Female,14.5,62.8,5,3,Yes,Low,No,3,2,62.4,Reading/Writing,90.3,A
2953,25,Male,13.0,51.1,7,6,No,Low,No,3,9,93.8,Reading/Writing,86.2,B
2954,29,Male,18.4,61.6,1,7,No,High,Yes,3,10,52.4,Kinesthetic,87.6,B
2955,23,Male,7.3,88.7,6,6,No,Low,Yes,5,1,84.7,Visual,80.0,B
2956,18,Female,13.0,86.4,3,1,Yes,Low,No,3,10,55.7,Kinesthetic,86.2,B
2957,24,Male,4.8,54.7,7,4,No,High,No,1,5,86.6,Visual,66.0,C
2958,30,Female,10.9,93.8,2,2,Yes,High,Yes,4,5,49.8,Visual,90.0,A
2959,24,Male,18.3,93.2,3,1,Yes,Low,No,2,1,66.3,Kinesthetic,91.5,A
2960,22,Female,15.9,79.0,7,10,No,High,No,0,2,73.6,Visual,88.7,B
2961,26,Female,2.8,90.2,1,4,Yes,Low,No,2,9,66.6,Reading/Writing,74.6,C
2962,20,Female,10.7,86.3,7,2,Yes,Low,Yes,4,9,45.2,Visual,92.2,A
2963,21,Male,19.8,63.0,3,2,No,Low,No,1,10,55.2,Kinesthetic,93.5,A
2964,23,Female,4.5,89.4,2,8,Yes,High,Yes,4,9,41.9,Kinesthetic,76.1,B
2965,21,Male,14.8,69.3,3,4,Yes,Low,Yes,0,6,43.8,Reading/Writing,88.0,B
2966,27,Male,14.4,74.5,1,7,Yes,High,Yes,3,4,47.7,Reading/Writing,80.1,B
2967,26,Male,11.7,54.7,10,1,Yes,Low,Yes,2,2,73.7,Auditory,87.8,B
2968,23,Male,8.0,52.2,8,7,Yes,Low,Yes,5,2,94.4,Visual,82.4,B
2969,27,Male,18.9,55.1,1,9,No,High,Yes,5,8,88.5,Auditory,79.9,B
2970,18,Female,16.3,97.4,2,10,Yes,High,No,2,5,75.0,Kinesthetic,91.2,A
2971,22,Male,10.3,64.3,7,5,Yes,Low,Yes,4,1,79.0,Reading/Writing,75.5,B
2972,22,Female,2.7,96.1,5,3,Yes,Low,No,3,1,40.7,Reading/Writing,65.5,C
2973,22,Female,14.2,70.0,9,9,Yes,High,Yes,1,7,80.2,Visual,96.9,A
2974,27,Female,12.6,52.5,5,6,Yes,High,Yes,3,9,98.5,Visual,96.2,A
2975,27,Male,7.7,54.4,1,10,No,Low,Yes,3,0,66.2,Visual,47.4,F
2976,27,Male,13.9,86.5,1,5,No,Low,No,5,3,70.4,Auditory,89.2,B
2977,30,Female,1.3,87.5,6,7,Yes,Low,Yes,3,0,44.4,Auditory,59.7,D
2978,25,Female,10.2,99.1,1,6,Yes,High,Yes,5,4,65.4,Kinesthetic,80.1,B
2979,21,Female,12.8,63.3,5,7,No,Low,Yes,2,4,93.8,Reading/Writing,84.8,B
2980,29,Female,19.8,61.3,2,3,No,High,No,2,8,89.0,Reading/Writing,98.8,A
2981,30,Male,9.7,58.2,8,1,Yes,High,Yes,5,8,99.2,Reading/Writing,97.9,A
2982,22,Female,5.2,88.2,10,8,Yes,High,No,3,4,91.0,Reading/Writing,95.3,A
2983,22,Female,16.9,53.1,1,9,Yes,Low,Yes,0,1,89.0,Reading/Writing,78.3,B
2984,21,Female,8.0,54.8,9,2,No,High,Yes,2,1,50.6,Auditory,74.8,C
2985,27,Female,17.4,99.5,1,1,Yes,High,No,2,1,65.5,Visual,100,A
2986,29,Male,15.6,98.5,7,3,Yes,High,No,3,8,43.8,Kinesthetic,100,A
2987,24,Female,12.7,91.8,9,8,Yes,High,Yes,2,2,65.7,Kinesthetic,92.5,A
2988,18,Female,2.9,70.1,5,9,No,Low,No,4,1,47.2,Reading/Writing,53.1,D
2989,23,Female,13.4,72.7,10,8,No,High,Yes,5,1,53.7,Auditory,94.1,A
2990,18,Female,18.1,57.9,4,2,Yes,Low,No,4,9,46.2,Visual,97.1,A
2991,21,Male,5.2,87.2,8,10,Yes,High,Yes,5,1,71.5,Visual,76.5,B
2992,24,Female,1.8,64.3,7,10,Yes,High,No,0,0,40.3,Kinesthetic,55.1,D
2993,28,Male,4.1,85.8,1,3,No,High,No,1,6,87.7,Kinesthetic,67.3,C
2994,28,Female,9.0,72.1,9,1,No,High,Yes,3,1,74.4,Auditory,91.8,A
2995,18,Male,11.7,64.7,9,6,No,High,Yes,3,6,52.0,Visual,82.5,B
2996,24,Female,7.7,86.9,10,7,Yes,High,No,3,3,49.6,Visual,93.1,A
2997,19,Female,17.7,67.9,10,10,No,High,Yes,1,4,86.3,Auditory,100,A
2998,18,Male,12.2,98.8,6,6,Yes,Low,Yes,5,9,82.9,Reading/Writing,100,A
2999,19,Female,17.5,89.2,5,7,Yes,Low,No,3,8,99.8,Reading/Writing,100,A
3000,19,Male,1.9,79.9,8,8,No,High,Yes,3,3,74.4,Auditory,71.3,C
3001,28,Female,7.7,66.2,4,2,Yes,High,Yes,0,8,80.3,Kinesthetic,88.6,B
3002,18,Male,12.6,53.9,5,2,Yes,High,Yes,2,9,41.0,Auditory,84.2,B
3003,28,Female,2.7,90.0,2,8,No,High,No,5,7,42.7,Visual,61.7,C
3004,20,Male,5.9,74.7,7,5,Yes,High,Yes,0,0,45.1,Visual,74.1,C
3005,29,Male,9.2,65.6,10,8,Yes,High,Yes,0,7,61.4,Kinesthetic,77.8,B
3006,28,Male,10.3,62.4,6,2,No,Low,Yes,5,2,86.5,Kinesthetic,77.7,B
3007,24,Female,8.9,87.5,4,2,Yes,Low,No,5,6,66.1,Auditory,90.8,A
3008,24,Male,12.3,58.1,5,5,Yes,Low,No,5,7,77.1,Visual,88.3,B
3009,29,Male,12.9,99.4,8,2,Yes,Low,Yes,5,4,47.1,Reading/Writing,90.8,A
3010,28,Male,5.0,83.5,1,4,No,Low,No,5,6,46.5,Visual,66.2,C
3011,24,Female,2.9,61.8,3,4,Yes,High,No,2,9,93.0,Kinesthetic,66.2,C
3012,21,Female,18.6,65.5,8,8,No,Low,Yes,1,4,71.1,Kinesthetic,96.2,A
3013,28,Male,12.2,53.1,2,4,Yes,High,Yes,2,6,87.5,Kinesthetic,77.3,B
3014,19,Male,15.1,84.3,8,10,Yes,High,Yes,2,3,90.0,Auditory,95.5,A
3015,24,Female,3.5,69.8,5,6,Yes,High,Yes,2,5,61.8,Reading/Writing,72.9,C
3016,24,Female,11.5,56.3,4,10,No,High,Yes,4,0,87.2,Visual,67.5,C
3017,26,Female,19.2,87.8,5,4,No,Low,No,0,7,95.8,Visual,99.4,A
3018,23,Female,15.9,70.0,2,10,Yes,Low,No,5,6,78.3,Visual,87.4,B
3019,23,Male,7.7,57.4,3,4,No,Low,No,2,4,94.1,Visual,67.1,C
3020,18,Female,16.5,67.1,6,3,No,Low,No,4,3,49.2,Visual,93.8,A
3021,18,Female,14.1,59.4,1,3,No,High,Yes,4,10,72.0,Kinesthetic,87.7,B
3022,25,Female,11.4,65.7,6,9,Yes,High,Yes,3,4,83.9,Kinesthetic,78.0,B
3023,27,Female,8.4,97.0,10,4,No,Low,No,4,2,86.0,Visual,87.8,B
3024,20,Female,19.9,79.8,3,8,No,Low,No,0,10,70.3,Reading/Writing,92.2,A
3025,21,Male,18.9,55.4,3,9,No,Low,Yes,1,2,70.0,Visual,84.8,B
3026,25,Female,6.6,76.2,9,6,No,High,Yes,5,1,82.3,Reading/Writing,85.5,B
3027,22,Female,17.1,92.2,8,4,No,Low,No,5,6,89.3,Visual,100,A
3028,21,Female,13.2,64.7,5,2,No,High,No,0,4,45.7,Visual,86.8,B
3029,24,Female,16.6,60.0,3,5,No,Low,Yes,3,7,43.0,Auditory,79.4,B
3030,21,Male,13.5,61.2,4,6,No,Low,Yes,4,8,55.4,Kinesthetic,79.9,B
3031,23,Female,14.3,96.6,2,10,Yes,High,No,3,2,58.4,Auditory,82.3,B
3032,25,Female,9.1,84.7,6,4,Yes,Low,Yes,5,10,52.6,Auditory,88.8,B
3033,26,Female,19.6,51.3,3,10,No,Low,Yes,2,6,55.0,Kinesthetic,75.7,B
3034,21,Female,8.4,50.7,6,1,No,Low,No,1,8,43.7,Kinesthetic,61.3,C
3035,30,Male,15.4,51.8,4,5,Yes,Low,Yes,5,6,43.4,Auditory,75.2,B
3036,29,Male,2.2,53.0,3,9,No,Low,Yes,4,0,98.0,Kinesthetic,52.0,D
3037,22,Female,18.1,98.2,9,3,Yes,High,Yes,5,1,58.7,Visual,100,A
3038,29,Female,17.0,56.7,9,4,Yes,High,No,5,0,87.4,Kinesthetic,100,A
3039,30,Female,19.7,86.5,5,5,Yes,Low,Yes,2,9,45.0,Auditory,97.3,A
3040,27,Male,4.0,97.6,6,7,No,Low,No,3,2,78.1,Auditory,79.2,B
3041,29,Female,3.0,74.4,10,7,No,Low,No,1,1,94.3,Kinesthetic,75.5,B
3042,22,Female,5.7,75.8,2,7,Yes,High,No,5,4,67.6,Auditory,64.9,C
3043,25,Female,19.3,96.0,10,1,Yes,High,No,2,0,51.0,Visual,100,A
3044,27,Male,3.2,80.2,5,3,Yes,High,No,3,2,79.1,Kinesthetic,76.2,B
3045,21,Male,16.5,92.2,6,4,Yes,Low,No,2,2,73.1,Kinesthetic,94.2,A
3046,23,Male,6.7,53.4,3,4,Yes,High,Yes,2,4,69.6,Auditory,67.9,C
3047,25,Male,15.4,59.8,6,3,Yes,High,Yes,5,9,96.3,Auditory,97.5,A
3048,23,Male,4.1,96.1,5,3,Yes,High,Yes,2,3,42.6,Kinesthetic,83.3,B
3049,20,Male,3.7,70.5,9,9,Yes,Low,Yes,2,9,42.7,Kinesthetic,75.0,B
3050,27,Female,18.4,79.4,8,7,No,Low,Yes,0,8,87.1,Visual,94.4,A
3051,27,Male,17.2,93.6,8,3,Yes,Low,Yes,0,9,76.3,Auditory,100,A
3052,22,Female,19.7,69.8,3,7,Yes,Low,No,2,1,69.9,Auditory,92.4,A
3053,30,Male,4.0,95.7,9,1,No,High,Yes,3,4,69.1,Visual,81.1,B
3054,25,Male,4.0,76.1,5,6,Yes,Low,No,4,7,72.7,Auditory,66.8,C
3055,25,Female,5.5,91.3,4,1,Yes,High,No,3,6,83.2,Kinesthetic,84.5,B
3056,20,Female,6.3,97.6,8,2,No,Low,No,0,6,63.2,Visual,76.9,B
3057,29,Female,17.3,99.5,8,8,No,Low,Yes,0,4,61.6,Kinesthetic,94.4,A
3058,23,Female,12.8,74.7,1,10,No,Low,No,0,7,66.2,Auditory,70.9,C
3059,18,Female,18.1,86.7,7,1,No,Low,Yes,2,0,56.3,Reading/Writing,100,A
3060,23,Female,18.3,77.7,7,5,No,Low,Yes,1,0,85.6,Visual,87.7,B
3061,21,Male,8.8,51.6,7,4,No,Low,Yes,3,1,63.7,Auditory,67.0,C
3062,23,Female,15.2,83.4,7,4,No,High,Yes,2,5,81.4,Visual,95.2,A
3063,19,Female,13.8,96.3,6,4,Yes,High,No,2,9,47.8,Visual,96.0,A
3064,26,Male,15.3,50.3,7,2,Yes,Low,No,3,0,68.1,Visual,82.0,B
3065,20,Female,1.1,57.4,2,4,No,Low,Yes,4,0,68.9,Visual,58.3,D
3066,23,Female,4.5,92.9,4,4,No,Low,Yes,5,10,81.4,Kinesthetic,73.4,C
3067,28,Female,10.1,94.2,1,10,Yes,High,Yes,1,9,71.8,Reading/Writing,79.6,B
3068,22,Male,19.9,76.2,5,7,Yes,Low,No,0,4,85.3,Kinesthetic,100,A
3069,19,Female,1.9,82.9,5,3,Yes,High,Yes,0,7,43.2,Auditory,65.9,C
3070,20,Female,13.0,76.7,6,9,Yes,High,Yes,5,8,95.5,Kinesthetic,89.2,B
3071,21,Male,8.0,63.6,7,9,No,High,Yes,4,8,81.4,Kinesthetic,77.4,B
3072,29,Female,7.9,63.5,9,2,No,Low,No,5,1,43.5,Kinesthetic,77.4,B
3073,28,Male,2.9,65.1,8,3,Yes,Low,Yes,1,3,94.5,Kinesthetic,80.4,B
3074,30,Male,9.5,61.6,3,8,Yes,Low,Yes,4,1,93.9,Auditory,80.4,B
3075,25,Female,11.3,80.5,4,3,Yes,Low,Yes,5,7,46.9,Reading/Writing,80.5,B
3076,25,Male,4.6,88.1,5,5,Yes,High,Yes,5,6,71.1,Reading/Writing,87.8,B
3077,21,Female,15.9,63.5,6,5,No,Low,No,3,1,90.7,Visual,89.1,B
3078,21,Female,4.4,61.1,1,8,No,Low,Yes,1,7,82.6,Reading/Writing,55.8,D
3079,26,Female,19.2,51.1,5,1,Yes,High,No,0,7,53.4,Visual,90.6,A
3080,23,Female,8.1,93.2,7,3,Yes,Low,Yes,0,0,98.6,Auditory,87.3,B
3081,18,Female,10.5,70.2,1,7,No,High,Yes,1,8,79.3,Visual,78.2,B
3082,19,Male,11.1,51.2,5,6,No,Low,Yes,0,5,66.1,Reading/Writing,69.6,C
3083,20,Male,8.9,56.8,7,3,Yes,Low,No,2,2,49.8,Visual,68.2,C
3084,25,Female,20.0,80.6,2,3,Yes,High,Yes,4,10,44.5,Visual,100,A
3085,19,Female,14.8,89.3,4,6,Yes,Low,No,0,1,84.6,Visual,86.0,B
3086,21,Male,7.3,85.1,10,3,No,Low,Yes,4,1,87.9,Kinesthetic,83.8,B
3087,20,Female,17.5,87.3,1,7,Yes,Low,No,2,7,71.1,Kinesthetic,95.4,A
3088,29,Female,6.4,62.7,5,5,No,High,No,4,0,99.7,Kinesthetic,78.3,B
3089,26,Female,2.8,60.3,4,2,Yes,High,Yes,3,5,86.7,Reading/Writing,68.5,C
3090,28,Male,1.6,66.7,6,1,No,High,Yes,2,5,54.5,Kinesthetic,60.4,C
3091,30,Female,4.0,77.8,1,6,Yes,Low,Yes,4,0,50.5,Kinesthetic,59.1,D
3092,28,Female,2.2,68.9,3,10,No,Low,No,1,5,53.9,Kinesthetic,47.8,F
3093,27,Male,7.2,52.0,7,5,Yes,Low,Yes,0,6,56.5,Visual,75.2,B
3094,28,Female,1.7,68.1,3,7,No,High,No,2,8,81.4,Visual,57.8,D
3095,19,Male,9.6,58.9,1,9,Yes,High,No,4,9,50.7,Visual,72.9,C
3096,19,Male,17.3,58.6,9,3,Yes,Low,Yes,3,9,63.2,Reading/Writing,93.0,A
3097,20,Male,7.5,76.9,4,10,No,Low,No,2,7,73.4,Auditory,66.0,C
3098,29,Male,16.2,73.1,1,4,No,Low,Yes,4,0,67.6,Auditory,84.9,B
3099,20,Female,14.6,74.5,5,7,Yes,Low,Yes,3,6,98.2,Auditory,88.2,B
3100,18,Male,17.2,51.6,6,2,No,High,Yes,3,1,49.6,Visual,92.7,A
3101,29,Male,14.5,67.6,10,3,No,High,Yes,3,1,94.0,Visual,99.9,A
3102,28,Female,16.0,74.6,5,1,Yes,Low,Yes,2,7,50.0,Visual,100,A
3103,28,Female,11.6,87.1,5,3,Yes,Low,No,2,4,40.6,Kinesthetic,90.1,A
3104,25,Female,4.5,58.3,7,3,Yes,Low,Yes,4,2,97.8,Kinesthetic,75.5,B
3105,20,Female,18.9,91.9,1,9,Yes,Low,No,0,4,65.5,Kinesthetic,83.0,B
3106,26,Male,6.0,79.2,4,7,No,Low,Yes,1,6,78.4,Kinesthetic,65.4,C
3107,25,Male,7.8,76.0,10,5,No,Low,No,0,10,52.3,Visual,81.5,B
3108,29,Male,18.7,91.8,4,1,No,Low,Yes,2,10,54.6,Auditory,92.7,A
3109,24,Female,3.4,62.3,4,3,Yes,Low,No,0,9,53.6,Reading/Writing,60.4,C
3110,21,Male,13.4,85.3,10,2,Yes,High,Yes,3,7,60.8,Auditory,100,A
3111,18,Male,1.9,54.4,9,8,Yes,High,No,2,8,73.5,Kinesthetic,77.4,B
3112,23,Female,13.7,78.8,1,4,No,Low,No,3,1,70.8,Auditory,81.7,B
3113,20,Male,13.3,50.4,3,9,No,Low,No,4,10,76.3,Auditory,66.2,C
3114,30,Male,1.5,92.2,7,10,No,High,Yes,1,9,98.2,Reading/Writing,73.4,C
3115,26,Male,10.2,53.8,9,2,No,Low,Yes,2,7,56.9,Auditory,82.0,B
3116,25,Male,12.8,83.1,3,8,Yes,High,Yes,5,4,79.5,Reading/Writing,94.3,A
3117,21,Male,12.5,93.6,4,4,Yes,Low,No,4,5,46.6,Kinesthetic,90.3,A
3118,18,Female,11.8,81.4,6,3,No,High,No,5,0,53.6,Visual,90.6,A
3119,30,Male,14.4,81.0,4,2,Yes,High,No,0,9,66.0,Reading/Writing,95.9,A
3120,25,Female,2.5,65.5,10,2,Yes,High,Yes,2,8,58.0,Reading/Writing,81.8,B
3121,30,Male,18.9,71.3,1,2,No,Low,Yes,5,3,63.7,Visual,85.4,B
3122,22,Male,4.2,88.8,8,3,Yes,High,No,0,10,74.2,Reading/Writing,81.7,B
3123,23,Female,19.6,62.1,7,4,No,Low,Yes,0,0,62.5,Reading/Writing,89.1,B
3124,26,Female,7.3,77.6,5,2,Yes,Low,No,0,4,57.2,Auditory,69.3,C
3125,19,Male,8.4,73.9,2,1,No,High,Yes,3,10,68.1,Auditory,82.2,B
3126,21,Female,3.7,82.9,6,8,No,Low,No,5,1,81.5,Reading/Writing,66.5,C
3127,18,Male,7.7,84.4,3,8,Yes,High,No,2,5,65.4,Reading/Writing,73.7,C
3128,27,Female,18.3,79.2,10,6,No,Low,Yes,5,7,85.1,Visual,98.1,A
3129,21,Male,13.5,58.0,6,8,Yes,High,No,2,3,86.2,Kinesthetic,88.1,B
3130,22,Male,11.6,97.9,9,6,Yes,High,Yes,4,6,53.6,Auditory,100,A
3131,26,Male,18.8,91.3,1,5,No,Low,Yes,1,2,89.8,Kinesthetic,89.1,B
3132,27,Female,9.4,96.8,8,5,No,High,Yes,2,9,57.8,Kinesthetic,88.0,B
3133,23,Female,19.5,68.9,3,9,No,High,No,0,1,80.4,Reading/Writing,86.8,B
3134,30,Male,1.6,86.3,2,7,Yes,Low,Yes,3,6,78.8,Auditory,57.7,D
3135,24,Female,11.4,63.6,2,1,No,Low,No,1,0,46.0,Kinesthetic,76.2,B
3136,24,Female,5.3,63.9,3,2,No,High,Yes,5,5,64.9,Kinesthetic,69.5,C
3137,19,Male,19.8,65.2,7,3,No,Low,No,2,3,65.5,Auditory,90.7,A
3138,18,Male,18.1,78.0,3,4,Yes,Low,Yes,0,3,57.1,Visual,93.8,A
3139,28,Female,15.8,65.2,7,4,No,Low,Yes,0,5,97.2,Visual,90.1,A
3140,29,Female,14.9,75.4,10,4,Yes,Low,No,2,2,70.1,Visual,100,A
3141,23,Female,11.6,55.5,9,8,Yes,Low,No,2,4,84.7,Auditory,78.2,B
3142,18,Female,19.9,64.5,4,7,No,High,Yes,2,1,56.8,Auditory,94.6,A
3143,26,Male,5.7,59.3,10,7,No,High,No,4,10,98.7,Reading/Writing,81.8,B
3144,22,Female,4.4,50.5,6,5,No,High,No,3,3,51.6,Auditory,67.5,C
3145,28,Female,13.2,86.5,8,8,Yes,Low,Yes,5,8,88.1,Kinesthetic,91.7,A
3146,25,Male,19.4,77.1,7,10,Yes,Low,No,5,1,76.5,Reading/Writing,92.8,A
3147,28,Female,8.5,79.9,6,5,Yes,High,No,4,4,86.5,Auditory,87.0,B
3148,29,Female,16.4,62.5,3,5,No,Low,No,2,1,60.9,Auditory,72.5,C
3149,29,Male,15.6,98.5,4,8,No,High,Yes,4,9,90.3,Kinesthetic,95.4,A
3150,18,Female,2.9,63.0,6,1,Yes,High,Yes,2,4,89.2,Auditory,82.8,B
3151,21,Male,9.7,74.3,10,1,Yes,Low,No,4,2,89.8,Auditory,99.5,A
3152,19,Male,5.8,82.3,9,3,No,High,No,0,7,47.6,Kinesthetic,76.1,B
3153,28,Male,19.3,87.6,6,3,No,High,Yes,3,6,48.3,Visual,96.2,A
3154,28,Female,18.1,68.8,2,2,No,Low,No,0,0,88.1,Auditory,91.2,A
3155,24,Female,12.0,64.6,2,1,Yes,Low,Yes,3,8,86.3,Kinesthetic,84.9,B
3156,19,Male,5.5,50.0,5,3,No,High,No,0,8,46.2,Reading/Writing,59.0,D
3157,22,Female,15.2,52.6,7,5,Yes,Low,Yes,2,5,91.2,Kinesthetic,95.5,A
3158,30,Female,9.0,56.8,1,10,Yes,Low,No,3,5,42.7,Kinesthetic,64.8,C
3159,25,Female,18.9,50.9,8,8,No,High,No,1,7,43.6,Kinesthetic,85.1,B
3160,29,Male,3.2,57.4,4,1,No,High,Yes,1,0,67.8,Kinesthetic,60.8,C
3161,28,Female,19.7,92.7,6,10,Yes,Low,No,4,6,85.9,Reading/Writing,100,A
3162,27,Male,10.5,52.7,9,4,Yes,Low,No,1,9,47.8,Kinesthetic,72.7,C
3163,29,Male,8.7,68.3,9,9,No,Low,No,3,2,55.4,Auditory,68.8,C
3164,29,Male,19.7,91.4,10,1,Yes,High,Yes,4,1,61.8,Kinesthetic,100,A
3165,18,Male,9.2,65.7,2,10,Yes,Low,No,5,6,73.0,Visual,74.9,C
3166,24,Male,11.4,81.6,1,8,No,High,No,2,5,47.6,Visual,80.7,B
3167,26,Female,9.9,78.6,9,7,No,High,No,0,3,46.0,Kinesthetic,74.5,C
3168,27,Female,13.5,62.8,8,3,Yes,High,No,3,9,59.0,Auditory,90.2,A
3169,24,Male,1.6,96.9,2,9,Yes,Low,Yes,4,0,87.4,Reading/Writing,65.1,C
3170,23,Male,10.1,88.3,1,1,No,High,No,5,10,44.1,Visual,89.6,B
3171,24,Male,3.9,74.3,1,7,No,High,Yes,1,8,68.1,Visual,55.3,D
3172,29,Male,13.3,55.4,4,3,Yes,High,No,2,10,74.3,Visual,84.9,B
3173,21,Female,12.2,70.0,2,3,Yes,High,No,0,2,91.3,Kinesthetic,83.0,B
3174,23,Female,3.3,79.5,10,7,Yes,High,No,1,4,79.6,Auditory,86.7,B
3175,24,Male,13.0,51.7,3,5,No,Low,Yes,1,3,49.4,Auditory,65.3,C
3176,23,Male,12.8,77.8,7,10,Yes,High,Yes,1,4,49.4,Kinesthetic,93.5,A
3177,26,Female,10.1,71.4,9,4,No,Low,Yes,4,3,91.9,Visual,84.2,B
3178,29,Female,12.0,89.4,7,6,No,Low,Yes,5,5,77.2,Auditory,95.0,A
3179,19,Female,10.9,94.4,1,9,Yes,Low,Yes,2,5,53.9,Visual,77.5,B
3180,19,Male,6.2,97.4,5,1,No,Low,No,2,6,74.4,Visual,82.5,B
3181,18,Female,1.1,69.2,6,4,Yes,Low,No,5,1,68.6,Auditory,67.2,C
3182,25,Male,18.6,69.8,5,10,No,Low,No,1,1,89.0,Visual,89.5,B
3183,25,Male,7.4,55.0,9,3,Yes,Low,Yes,5,8,60.5,Reading/Writing,74.9,C
3184,21,Male,14.7,86.8,3,10,Yes,High,No,4,3,68.7,Auditory,87.0,B
3185,26,Female,1.6,73.7,1,2,Yes,High,Yes,3,0,57.8,Visual,70.0,C
3186,28,Male,10.0,64.3,2,1,Yes,High,Yes,0,6,79.1,Auditory,80.8,B
3187,27,Female,13.7,81.1,4,6,No,Low,Yes,4,9,42.5,Auditory,73.6,C
3188,26,Male,14.8,67.3,7,5,No,Low,No,1,8,98.1,Kinesthetic,83.6,B
3189,30,Female,1.9,98.6,7,10,Yes,High,Yes,5,4,91.8,Reading/Writing,73.8,C
3190,28,Male,14.4,95.6,3,1,No,High,No,5,4,70.5,Reading/Writing,94.1,A
3191,24,Male,3.7,84.7,4,1,No,High,No,5,10,95.5,Kinesthetic,80.2,B
3192,29,Male,19.7,94.6,4,10,Yes,Low,Yes,5,3,91.3,Visual,100,A
3193,30,Female,1.0,91.0,8,1,Yes,Low,Yes,3,7,95.2,Visual,87.2,B
3194,27,Male,12.7,82.0,3,9,No,High,No,2,4,45.1,Auditory,71.0,C
3195,29,Male,16.7,55.0,9,10,No,High,No,2,8,88.8,Visual,94.2,A
3196,28,Female,8.4,74.2,8,2,No,High,Yes,1,1,55.5,Auditory,75.8,B
3197,22,Male,17.9,57.4,4,4,Yes,High,No,5,9,60.8,Kinesthetic,88.2,B
3198,26,Female,1.0,99.8,5,9,Yes,Low,No,5,7,72.9,Auditory,79.3,B
3199,25,Female,8.2,55.4,10,3,No,High,No,0,8,77.3,Reading/Writing,75.2,B
3200,26,Male,10.7,61.1,3,10,Yes,Low,Yes,2,4,87.9,Auditory,67.5,C
3201,23,Female,8.9,97.1,5,10,No,Low,Yes,4,9,79.4,Kinesthetic,76.7,B
3202,30,Female,17.0,58.5,3,4,No,Low,Yes,1,0,67.5,Kinesthetic,78.7,B
3203,18,Female,4.4,67.3,4,3,No,Low,No,5,7,90.4,Auditory,70.6,C
3204,29,Male,14.7,76.0,5,3,Yes,High,No,2,10,89.3,Auditory,100,A
3205,29,Male,3.2,52.4,5,8,No,Low,No,5,8,95.2,Reading/Writing,62.0,C
3206,24,Female,13.2,67.9,8,8,No,High,No,1,7,82.1,Auditory,81.4,B
3207,20,Male,13.0,54.8,10,5,Yes,High,Yes,0,4,52.8,Auditory,82.4,B
3208,24,Female,16.3,55.8,5,3,No,Low,No,3,3,43.9,Kinesthetic,78.7,B
3209,29,Male,17.9,91.8,7,2,No,High,No,5,9,77.0,Kinesthetic,100,A
3210,20,Male,10.1,84.1,8,10,Yes,High,No,0,10,88.6,Auditory,95.1,A
3211,19,Male,19.1,59.2,2,3,No,High,No,1,5,88.3,Reading/Writing,85.4,B
3212,27,Male,5.8,54.9,2,1,Yes,Low,No,3,8,86.5,Reading/Writing,65.6,C
3213,24,Male,10.8,89.4,10,9,Yes,Low,No,0,6,88.4,Auditory,89.7,B
3214,30,Male,18.1,55.7,10,5,Yes,High,No,3,6,59.5,Kinesthetic,98.5,A
3215,19,Male,12.6,61.2,5,5,Yes,Low,Yes,4,4,69.3,Kinesthetic,81.3,B
3216,29,Male,13.1,62.7,1,7,Yes,High,Yes,3,2,77.2,Visual,87.0,B
3217,24,Male,12.9,65.0,2,2,Yes,High,No,2,5,97.3,Auditory,86.8,B
3218,19,Female,16.5,64.4,7,3,No,Low,Yes,1,9,71.1,Kinesthetic,86.1,B
3219,27,Male,14.7,74.2,4,5,Yes,Low,Yes,4,6,63.7,Reading/Writing,80.3,B
3220,18,Male,4.4,95.1,9,6,Yes,High,Yes,2,9,88.4,Kinesthetic,90.8,A
3221,27,Male,5.7,62.7,3,10,No,Low,No,4,5,96.8,Visual,55.9,D
3222,21,Female,19.4,93.1,8,8,Yes,High,No,2,5,68.2,Visual,100,A
3223,21,Male,10.7,93.0,4,9,Yes,High,Yes,2,0,63.4,Visual,77.2,B
3224,28,Male,10.5,66.6,10,7,No,High,No,2,8,60.9,Reading/Writing,78.8,B
3225,30,Female,6.4,68.6,6,9,No,Low,No,4,0,63.2,Visual,70.5,C
3226,22,Male,8.3,82.3,6,6,No,High,Yes,3,2,83.8,Visual,90.4,A
3227,24,Female,15.8,70.7,8,4,No,Low,Yes,4,9,76.1,Reading/Writing,100,A
3228,18,Male,3.4,93.8,5,3,No,Low,No,0,6,59.9,Visual,77.7,B
3229,27,Female,3.3,54.8,3,6,Yes,Low,Yes,1,1,63.0,Reading/Writing,55.7,D
3230,30,Male,11.1,97.5,3,9,No,Low,Yes,5,4,55.5,Auditory,78.7,B
3231,25,Female,10.1,75.9,5,7,No,Low,No,1,5,55.6,Visual,74.9,C
3232,23,Female,14.0,81.3,2,4,Yes,High,Yes,0,4,84.5,Kinesthetic,89.3,B
3233,19,Male,5.7,91.2,7,3,No,High,Yes,2,10,80.8,Kinesthetic,81.1,B
3234,22,Male,3.6,61.5,6,9,Yes,High,Yes,3,6,56.5,Auditory,69.1,C
3235,19,Female,12.9,92.8,2,6,Yes,Low,No,1,5,89.1,Auditory,85.4,B
3236,30,Male,16.5,92.2,10,10,Yes,Low,No,3,9,86.4,Visual,100,A
3237,21,Male,13.0,89.5,6,8,No,High,Yes,5,10,56.1,Auditory,95.3,A
3238,18,Female,16.3,82.1,1,4,Yes,High,No,2,5,75.1,Kinesthetic,100,A
3239,21,Male,7.7,50.9,9,7,No,Low,Yes,2,10,77.9,Visual,67.5,C
3240,26,Female,9.8,94.1,9,10,No,Low,Yes,3,10,97.0,Auditory,91.6,A
3241,27,Male,16.1,60.3,2,3,No,Low,Yes,4,1,88.8,Kinesthetic,83.6,B
3242,19,Male,3.5,91.5,10,6,No,Low,No,5,1,46.4,Auditory,70.6,C
3243,27,Male,18.0,99.3,2,4,Yes,Low,No,0,4,63.3,Reading/Writing,97.8,A
3244,27,Female,18.2,99.3,10,6,Yes,High,Yes,5,8,54.3,Visual,100,A
3245,25,Female,19.2,73.1,3,5,Yes,High,Yes,5,2,43.7,Reading/Writing,97.9,A
3246,28,Male,10.1,78.0,8,4,No,Low,Yes,2,5,74.2,Visual,87.3,B
3247,23,Male,17.9,79.6,5,8,Yes,High,No,5,6,89.9,Reading/Writing,100,A
3248,25,Female,19.8,76.8,3,7,No,Low,Yes,3,2,82.5,Kinesthetic,89.1,B
3249,30,Female,18.8,50.5,2,3,No,High,No,1,3,98.6,Visual,88.2,B
3250,27,Male,14.9,77.1,4,3,Yes,High,Yes,2,5,41.1,Visual,90.4,A
3251,26,Male,4.2,94.6,9,10,Yes,Low,No,2,3,42.7,Visual,72.6,C
3252,18,Male,18.0,62.5,3,10,Yes,High,Yes,5,7,72.2,Kinesthetic,85.9,B
3253,24,Female,12.1,73.3,8,2,Yes,Low,Yes,1,6,53.5,Auditory,81.1,B
3254,30,Male,14.0,60.0,8,1,No,High,Yes,5,4,65.3,Kinesthetic,94.6,A
3255,30,Male,13.4,77.7,6,6,No,High,Yes,2,6,41.4,Kinesthetic,82.7,B
3256,23,Male,11.1,62.1,7,6,No,High,Yes,5,6,98.4,Reading/Writing,82.3,B
3257,26,Female,13.6,54.2,8,9,No,High,Yes,0,3,45.8,Kinesthetic,78.2,B
3258,20,Male,17.9,90.1,8,1,No,High,Yes,1,4,42.0,Auditory,97.6,A
3259,28,Male,4.2,89.5,3,8,No,High,Yes,5,9,76.7,Auditory,81.9,B
3260,30,Male,20.0,92.6,4,8,No,High,Yes,5,2,78.8,Reading/Writing,100,A
3261,29,Male,4.8,55.5,8,4,No,High,No,5,8,83.9,Auditory,75.7,B
3262,24,Female,19.7,66.5,2,5,No,Low,No,3,9,77.9,Kinesthetic,87.0,B
3263,26,Female,18.8,88.7,5,7,No,High,Yes,1,1,60.8,Auditory,100,A
3264,20,Male,19.7,75.2,8,7,No,Low,No,2,9,45.7,Kinesthetic,93.2,A
3265,21,Male,11.4,61.6,10,9,No,High,No,2,0,65.4,Auditory,84.3,B
3266,28,Female,19.4,92.8,6,9,No,Low,No,3,10,68.8,Kinesthetic,100,A
3267,27,Female,14.1,98.9,5,6,Yes,High,Yes,2,2,46.5,Kinesthetic,96.2,A
3268,30,Female,8.4,64.7,10,3,No,High,No,1,10,40.3,Kinesthetic,78.0,B
3269,24,Male,12.1,80.7,10,3,Yes,Low,No,4,8,97.1,Reading/Writing,100,A
3270,22,Male,19.4,68.3,9,3,No,High,No,4,8,78.8,Visual,100,A
3271,20,Female,19.8,89.7,10,8,No,Low,Yes,5,0,58.4,Visual,96.6,A
3272,21,Female,17.5,55.4,7,6,No,Low,Yes,2,2,74.9,Reading/Writing,78.9,B
3273,25,Male,18.9,65.3,9,6,No,Low,Yes,4,5,93.7,Visual,97.6,A
3274,21,Male,6.9,76.7,10,10,Yes,Low,Yes,3,7,97.0,Reading/Writing,89.7,B
3275,18,Male,15.5,52.9,6,1,No,High,No,2,1,45.2,Kinesthetic,88.7,B
3276,27,Female,12.6,58.2,4,1,Yes,Low,No,2,8,98.6,Auditory,84.6,B
3277,20,Female,11.6,84.3,5,2,No,High,Yes,4,3,97.5,Kinesthetic,87.9,B
3278,22,Female,1.3,64.1,10,8,No,High,No,0,10,81.7,Kinesthetic,69.1,C
3279,30,Female,3.9,75.8,4,2,No,Low,No,1,3,61.9,Kinesthetic,68.8,C
3280,18,Male,19.6,89.3,5,1,Yes,Low,No,2,8,53.6,Visual,100,A
3281,21,Female,8.1,85.2,1,5,No,Low,No,0,5,65.4,Auditory,74.8,C
3282,24,Female,16.8,70.6,6,2,No,High,No,5,6,92.5,Auditory,100,A
3283,20,Female,12.3,61.0,2,5,Yes,Low,Yes,1,6,55.8,Auditory,73.2,C
3284,26,Male,2.5,55.4,4,5,No,Low,No,2,2,57.2,Visual,52.2,D
3285,21,Male,2.7,78.6,8,1,No,Low,No,4,5,44.2,Reading/Writing,77.1,B
3286,27,Male,10.2,95.2,9,4,No,High,No,5,9,57.7,Auditory,88.4,B
3287,21,Male,6.5,78.0,8,3,Yes,Low,Yes,5,0,46.7,Visual,73.5,C
3288,19,Female,18.6,78.7,5,6,No,Low,Yes,5,3,71.8,Visual,89.0,B
3289,20,Female,14.1,77.5,9,9,No,Low,No,1,8,83.4,Reading/Writing,90.8,A
3290,20,Female,2.0,95.6,4,10,No,High,No,3,2,95.7,Reading/Writing,72.0,C
3291,29,Male,5.0,63.8,10,4,No,High,Yes,4,8,83.9,Visual,84.9,B
3292,23,Male,3.7,95.2,7,4,Yes,Low,No,1,4,87.6,Auditory,83.1,B
3293,18,Male,11.0,62.5,10,5,Yes,High,No,4,1,61.6,Reading/Writing,84.0,B
3294,21,Female,9.0,71.2,9,5,Yes,High,No,0,7,71.0,Reading/Writing,95.5,A
3295,23,Male,7.9,76.9,9,6,No,High,Yes,3,2,83.4,Reading/Writing,83.8,B
3296,19,Female,6.0,64.6,8,4,No,Low,No,4,1,41.8,Kinesthetic,58.7,D
3297,19,Female,7.9,94.0,10,7,No,High,No,0,9,45.5,Auditory,93.4,A
3298,26,Female,9.3,87.5,9,6,Yes,High,Yes,5,3,90.4,Visual,100,A
3299,18,Male,8.3,85.6,1,1,Yes,High,No,4,10,97.6,Kinesthetic,92.8,A
3300,25,Male,12.3,68.9,9,1,No,High,No,2,7,63.2,Kinesthetic,90.0,A
3301,29,Female,14.2,66.9,5,10,Yes,High,No,3,9,50.6,Reading/Writing,84.5,B
3302,21,Female,2.4,65.8,4,4,No,Low,Yes,4,8,47.7,Kinesthetic,60.8,C
3303,20,Male,9.4,65.5,9,4,Yes,High,Yes,2,0,77.9,Kinesthetic,80.7,B
3304,30,Female,1.2,55.4,7,9,Yes,Low,No,1,8,90.2,Kinesthetic,61.4,C
3305,27,Female,10.8,92.8,4,10,Yes,Low,Yes,2,5,41.8,Auditory,80.7,B
3306,20,Male,4.8,90.2,5,4,No,Low,Yes,1,3,72.0,Kinesthetic,68.2,C
3307,28,Female,12.6,62.3,9,10,Yes,High,Yes,4,5,44.1,Kinesthetic,86.8,B
3308,26,Male,4.6,74.2,9,8,No,Low,No,4,5,54.5,Kinesthetic,71.5,C
3309,22,Female,6.3,61.8,1,5,Yes,Low,Yes,1,0,71.3,Reading/Writing,63.3,C
3310,22,Female,14.6,64.3,9,7,Yes,Low,Yes,3,10,44.0,Visual,91.8,A
3311,21,Female,5.0,62.1,8,1,Yes,Low,No,3,9,67.1,Kinesthetic,76.8,B
3312,20,Female,3.7,52.7,6,2,No,Low,Yes,5,7,44.5,Auditory,62.3,C
3313,23,Male,10.6,52.2,8,4,No,Low,Yes,3,3,54.0,Auditory,73.1,C
3314,20,Female,14.0,77.3,6,9,Yes,Low,No,0,3,99.0,Reading/Writing,83.3,B
3315,27,Male,12.3,84.2,9,9,Yes,High,Yes,1,0,96.5,Kinesthetic,92.6,A
3316,25,Female,7.0,77.7,1,6,No,Low,No,5,10,69.0,Auditory,69.1,C
3317,30,Male,1.6,79.5,1,1,Yes,Low,Yes,1,9,74.7,Reading/Writing,70.4,C
3318,19,Female,3.5,94.6,2,4,Yes,High,Yes,1,3,74.1,Reading/Writing,74.6,C
3319,22,Female,9.0,97.9,4,2,Yes,Low,No,5,9,95.5,Kinesthetic,89.3,B
3320,18,Female,3.4,84.7,7,4,Yes,Low,No,1,1,77.6,Kinesthetic,66.9,C
3321,19,Male,2.8,58.9,6,9,Yes,Low,No,2,0,53.4,Reading/Writing,61.5,C
3322,23,Male,16.2,92.9,7,10,No,High,Yes,5,5,60.3,Auditory,89.2,B
3323,23,Female,7.3,54.8,1,3,No,Low,No,2,8,56.9,Auditory,63.5,C
3324,20,Female,15.6,67.4,3,3,Yes,Low,No,4,10,55.6,Auditory,90.8,A
3325,29,Female,7.2,67.7,7,10,Yes,Low,Yes,2,0,75.4,Reading/Writing,77.7,B
3326,28,Female,19.5,70.8,5,2,Yes,Low,No,3,10,77.0,Auditory,100,A
3327,30,Male,1.2,68.5,7,3,No,Low,No,2,3,46.6,Kinesthetic,58.4,D
3328,20,Male,5.5,87.7,4,10,No,High,No,2,2,49.6,Auditory,74.4,C
3329,29,Male,16.1,79.4,7,2,No,Low,No,1,5,70.8,Auditory,88.0,B
3330,20,Male,13.3,58.9,6,3,Yes,High,Yes,3,2,73.7,Auditory,93.0,A
3331,19,Male,1.6,78.5,2,9,Yes,Low,Yes,5,0,44.0,Auditory,57.8,D
3332,27,Female,17.9,60.4,5,2,No,Low,No,0,1,70.0,Kinesthetic,92.6,A
3333,29,Female,5.9,81.3,4,4,No,High,No,1,3,44.2,Auditory,77.8,B
3334,22,Male,19.1,61.8,3,4,No,High,No,1,5,86.0,Auditory,89.3,B
3335,21,Male,3.3,56.1,3,1,Yes,High,Yes,2,6,69.6,Reading/Writing,63.4,C
3336,22,Male,19.0,69.9,10,2,Yes,Low,No,3,2,55.3,Auditory,100,A
3337,20,Female,9.6,85.5,1,8,No,Low,No,4,7,77.0,Kinesthetic,76.3,B
3338,30,Female,17.5,80.4,10,3,Yes,High,No,2,9,61.5,Reading/Writing,100,A
3339,25,Male,17.1,75.2,4,10,No,High,Yes,3,7,46.8,Visual,82.3,B
3340,22,Female,1.5,82.5,2,1,No,High,No,5,9,97.4,Kinesthetic,81.2,B
3341,20,Male,7.7,79.6,7,7,Yes,Low,No,5,8,53.4,Visual,81.1,B
3342,19,Male,3.5,68.7,1,8,Yes,High,No,3,6,56.9,Kinesthetic,62.4,C
3343,19,Female,13.7,62.8,2,10,Yes,High,No,3,3,42.2,Visual,77.3,B
3344,22,Male,17.8,60.8,10,8,No,Low,No,0,6,60.1,Reading/Writing,81.6,B
3345,19,Female,19.3,79.8,4,8,Yes,High,No,1,10,86.2,Visual,100,A
3346,26,Female,3.8,64.6,7,10,No,High,Yes,1,10,53.9,Reading/Writing,69.8,C
3347,20,Female,3.2,55.6,10,3,No,Low,Yes,5,6,69.0,Kinesthetic,77.2,B
3348,20,Male,16.4,50.1,5,7,No,High,No,5,5,86.2,Kinesthetic,92.5,A
3349,28,Female,9.4,72.7,6,1,Yes,High,Yes,3,1,75.2,Kinesthetic,86.9,B
3350,20,Male,10.0,63.7,9,7,Yes,Low,No,0,6,60.1,Visual,71.6,C
3351,29,Male,4.6,71.1,9,5,Yes,Low,Yes,0,6,60.9,Visual,81.4,B
3352,29,Female,14.5,59.0,5,6,No,Low,No,0,2,44.8,Kinesthetic,80.9,B
3353,25,Female,16.3,95.0,6,6,Yes,High,No,1,0,61.8,Visual,96.7,A
3354,25,Male,8.8,82.2,7,4,No,Low,No,3,5,91.1,Auditory,79.9,B
3355,26,Male,9.6,50.7,3,4,No,Low,No,4,8,62.4,Auditory,61.0,C
3356,22,Female,20.0,78.7,9,6,No,High,No,0,0,42.0,Kinesthetic,90.8,A
3357,20,Female,10.9,80.8,6,4,No,Low,No,2,4,90.2,Reading/Writing,85.7,B
3358,23,Male,14.3,72.0,6,9,Yes,Low,No,0,5,65.1,Visual,82.4,B
3359,29,Male,8.9,90.4,7,3,No,Low,No,2,4,41.4,Visual,83.7,B
3360,29,Male,2.9,77.1,3,7,No,High,Yes,4,3,63.1,Kinesthetic,67.9,C
3361,26,Female,17.2,50.5,2,6,Yes,High,Yes,4,2,82.8,Reading/Writing,87.7,B
3362,23,Male,3.9,51.7,2,9,No,High,Yes,2,5,63.0,Auditory,49.9,F
3363,22,Male,14.9,63.2,9,3,No,High,No,1,1,70.6,Kinesthetic,99.6,A
3364,29,Male,12.4,73.1,8,8,Yes,High,No,2,1,96.6,Auditory,100,A
3365,20,Female,4.5,78.6,9,8,Yes,Low,No,3,4,87.8,Auditory,84.3,B
3366,26,Female,3.5,73.9,5,9,No,High,No,2,2,90.7,Visual,60.5,C
3367,25,Female,9.1,86.0,9,3,Yes,Low,Yes,1,3,77.3,Auditory,85.1,B
3368,22,Male,1.7,82.3,2,5,Yes,High,Yes,3,6,96.7,Visual,65.9,C
3369,26,Female,14.7,99.1,9,10,No,High,Yes,2,9,89.5,Reading/Writing,98.6,A
3370,22,Female,11.7,65.7,5,5,No,Low,Yes,5,6,43.7,Auditory,82.3,B
3371,23,Female,18.5,87.2,5,2,Yes,Low,Yes,4,4,87.9,Reading/Writing,100,A
3372,28,Male,6.6,51.5,6,2,Yes,Low,Yes,3,3,98.9,Reading/Writing,72.6,C
3373,28,Male,9.1,99.1,5,9,No,Low,Yes,5,4,44.6,Kinesthetic,76.7,B
3374,25,Male,1.9,64.1,2,8,Yes,High,Yes,4,7,95.1,Visual,68.9,C
3375,27,Male,7.3,78.3,1,1,No,Low,Yes,3,8,52.9,Auditory,64.0,C
3376,29,Male,18.7,88.3,7,5,No,Low,No,3,3,78.7,Reading/Writing,93.6,A
3377,27,Male,18.5,67.5,3,7,Yes,High,No,2,4,46.6,Visual,83.5,B
3378,23,Male,3.5,75.0,6,1,Yes,Low,Yes,1,4,91.4,Reading/Writing,70.3,C
3379,29,Female,15.0,92.1,10,3,Yes,High,No,3,2,95.7,Kinesthetic,100,A
3380,30,Male,17.5,88.4,8,2,No,High,No,0,8,77.6,Reading/Writing,100,A
3381,19,Male,19.8,70.3,7,1,No,Low,No,0,2,79.9,Kinesthetic,94.1,A
3382,21,Male,2.6,90.2,9,2,Yes,High,No,2,5,96.7,Visual,83.6,B
3383,29,Female,19.3,78.1,5,3,No,Low,No,2,6,51.7,Kinesthetic,86.1,B
3384,24,Male,9.3,92.1,2,6,Yes,High,Yes,5,0,52.4,Reading/Writing,75.3,B
3385,26,Male,19.4,97.7,7,5,Yes,Low,No,1,5,54.1,Reading/Writing,100,A
3386,28,Female,5.1,64.2,1,7,No,High,Yes,0,5,97.1,Reading/Writing,71.5,C
3387,18,Male,3.7,78.7,6,5,Yes,High,Yes,0,10,94.3,Auditory,79.4,B
3388,29,Male,8.8,59.7,3,4,Yes,High,Yes,0,5,47.8,Kinesthetic,77.8,B
3389,27,Female,12.4,70.4,4,1,Yes,Low,Yes,0,8,83.3,Kinesthetic,88.0,B
3390,29,Female,3.7,81.7,5,10,No,Low,No,5,8,46.6,Reading/Writing,55.3,D
3391,29,Male,15.5,61.4,9,2,Yes,Low,No,5,3,76.5,Reading/Writing,92.9,A
3392,22,Male,16.1,83.5,5,9,Yes,Low,Yes,2,0,57.7,Auditory,82.0,B
3393,18,Male,18.9,53.8,7,5,Yes,Low,No,3,5,79.3,Visual,100,A
3394,25,Female,15.2,84.6,6,9,No,Low,Yes,4,0,86.4,Reading/Writing,92.0,A
3395,30,Female,6.6,60.4,3,9,Yes,Low,Yes,1,5,97.4,Reading/Writing,62.0,C
3396,29,Male,3.9,77.0,5,3,Yes,High,No,0,7,69.9,Visual,74.4,C
3397,23,Male,9.4,83.0,8,7,No,High,No,4,2,56.9,Visual,90.1,A
3398,28,Female,20.0,80.2,1,6,No,Low,No,4,5,79.6,Auditory,84.6,B
3399,30,Male,13.1,99.8,8,4,Yes,High,No,1,6,95.6,Auditory,100,A
3400,27,Female,6.5,76.8,4,4,No,High,Yes,5,2,50.6,Reading/Writing,74.9,C
3401,27,Female,16.8,77.9,7,1,Yes,Low,No,0,3,79.3,Kinesthetic,100,A
3402,28,Male,6.8,93.0,7,6,No,High,No,3,6,91.8,Reading/Writing,91.9,A
3403,20,Male,17.9,99.1,3,4,Yes,High,No,0,4,54.8,Auditory,100,A
3404,18,Male,16.6,50.4,5,7,Yes,High,Yes,0,3,53.9,Reading/Writing,82.9,B
3405,28,Male,2.7,95.0,7,5,Yes,High,Yes,4,4,47.2,Visual,82.1,B
3406,19,Male,1.0,77.9,6,3,No,High,Yes,4,6,80.8,Reading/Writing,75.6,B
3407,22,Male,7.5,68.7,4,9,No,Low,No,2,7,73.4,Reading/Writing,70.1,C
3408,24,Male,19.1,52.9,6,2,No,High,Yes,4,1,85.6,Reading/Writing,91.9,A
3409,22,Female,1.8,60.9,2,2,No,Low,Yes,4,8,73.0,Reading/Writing,55.7,D
3410,29,Male,17.7,89.6,4,4,No,High,Yes,3,3,63.9,Visual,91.8,A
3411,24,Male,1.5,83.2,7,1,No,High,Yes,2,10,63.9,Reading/Writing,69.9,C
3412,24,Male,6.4,76.4,7,2,Yes,High,No,5,8,98.8,Kinesthetic,90.7,A
3413,19,Male,9.7,71.6,8,6,No,Low,No,0,1,50.2,Kinesthetic,68.6,C
3414,20,Male,14.6,72.5,6,8,No,High,Yes,5,0,76.8,Visual,90.5,A
3415,26,Male,18.5,55.4,1,1,Yes,High,Yes,4,8,43.2,Auditory,91.6,A
3416,18,Female,4.6,96.7,1,9,Yes,Low,Yes,0,4,67.1,Reading/Writing,58.5,D
3417,23,Male,15.8,61.3,2,4,Yes,High,No,4,2,67.4,Visual,84.3,B
3418,25,Male,11.8,80.8,4,10,No,Low,Yes,4,10,58.8,Auditory,79.9,B
3419,29,Male,4.3,88.5,8,1,Yes,High,No,1,2,82.1,Reading/Writing,87.1,B
3420,26,Female,14.4,75.9,8,7,Yes,Low,Yes,2,5,59.7,Reading/Writing,86.4,B
3421,27,Male,8.2,84.8,1,2,No,High,No,3,3,97.8,Auditory,80.3,B
3422,19,Female,12.4,93.8,8,9,No,High,Yes,0,6,73.6,Reading/Writing,93.1,A
3423,20,Male,9.5,62.7,5,7,Yes,Low,Yes,1,6,90.0,Visual,78.3,B
3424,25,Male,10.5,61.4,9,4,No,High,No,2,3,90.2,Visual,81.9,B
3425,21,Female,11.2,65.0,1,1,No,High,No,5,7,77.3,Auditory,75.4,B
3426,23,Male,10.8,94.5,2,8,No,Low,No,4,8,85.5,Reading/Writing,77.3,B
3427,24,Male,12.5,90.0,3,6,Yes,High,No,2,3,73.1,Reading/Writing,88.1,B
3428,21,Female,15.7,97.2,3,7,No,High,Yes,3,7,87.2,Auditory,95.1,A
3429,24,Male,4.9,97.9,2,9,Yes,High,Yes,4,7,89.7,Kinesthetic,79.6,B
3430,27,Female,9.1,57.8,3,4,Yes,Low,No,1,0,40.7,Kinesthetic,64.0,C
3431,19,Male,5.3,84.5,7,8,Yes,High,Yes,0,10,91.1,Visual,88.9,B
3432,25,Male,12.9,86.4,1,5,Yes,High,No,3,7,80.2,Auditory,87.5,B
3433,24,Male,4.9,76.7,5,7,No,High,Yes,5,10,51.9,Kinesthetic,73.1,C
3434,23,Male,4.2,83.8,5,10,No,High,No,2,9,76.9,Auditory,71.1,C
3435,22,Male,9.2,81.5,2,5,No,High,Yes,4,0,74.7,Reading/Writing,79.2,B
3436,28,Female,3.7,68.9,7,5,Yes,Low,No,0,2,42.3,Reading/Writing,70.7,C
3437,20,Male,3.8,58.3,8,1,No,Low,Yes,4,7,50.7,Reading/Writing,73.0,C
3438,29,Male,8.1,86.5,3,10,Yes,Low,Yes,2,7,63.9,Auditory,73.4,C
3439,19,Male,14.4,77.0,8,2,No,High,No,2,8,40.7,Reading/Writing,96.9,A
3440,21,Female,11.8,83.2,10,7,No,High,No,5,2,82.4,Reading/Writing,88.9,B
3441,30,Male,13.4,72.6,5,4,Yes,Low,No,0,5,69.6,Auditory,87.0,B
3442,23,Male,13.7,68.7,1,3,Yes,Low,Yes,0,5,71.3,Auditory,74.4,C
3443,22,Male,7.0,72.2,2,3,No,Low,Yes,4,4,64.7,Visual,70.7,C
3444,19,Female,5.3,70.9,7,8,Yes,High,No,5,1,76.6,Visual,85.2,B
3445,19,Male,1.4,94.0,4,5,Yes,Low,No,4,7,45.0,Visual,74.8,C
3446,23,Male,13.4,50.8,7,3,No,Low,No,2,6,52.6,Reading/Writing,73.5,C
3447,30,Female,18.8,91.8,6,1,Yes,Low,No,0,7,48.3,Visual,95.0,A
3448,20,Male,13.2,83.6,5,8,Yes,Low,No,1,3,50.1,Reading/Writing,85.0,B
3449,29,Male,18.1,97.5,6,9,Yes,High,Yes,2,6,67.1,Visual,100,A
3450,20,Male,19.4,71.5,1,10,Yes,High,No,4,7,91.6,Auditory,100,A
3451,24,Male,18.0,84.1,5,10,Yes,High,Yes,3,7,46.2,Auditory,100,A
3452,29,Female,17.3,50.2,7,8,Yes,Low,No,0,8,57.1,Visual,91.5,A
3453,23,Male,14.6,65.0,5,2,No,Low,Yes,4,3,41.4,Kinesthetic,74.9,C
3454,30,Female,10.4,72.4,6,9,No,Low,Yes,5,6,46.5,Visual,71.2,C
3455,25,Female,10.8,97.1,3,1,No,Low,No,5,1,91.9,Kinesthetic,80.0,B
3456,28,Female,14.3,56.7,4,10,Yes,Low,No,2,4,44.5,Reading/Writing,69.0,C
3457,30,Male,15.4,75.0,1,6,Yes,Low,Yes,0,7,63.6,Kinesthetic,74.3,C
3458,21,Male,17.8,82.7,5,3,No,Low,No,1,0,43.0,Auditory,92.0,A
3459,25,Male,11.4,88.2,10,5,Yes,High,No,3,10,87.2,Auditory,98.4,A
3460,27,Male,10.5,67.4,9,5,No,High,No,0,9,96.4,Reading/Writing,82.8,B
3461,29,Female,11.0,77.0,3,2,No,High,Yes,1,2,78.7,Auditory,83.3,B
3462,26,Male,10.6,53.6,2,8,Yes,Low,Yes,1,3,68.7,Kinesthetic,70.8,C
3463,25,Male,16.7,68.0,1,10,Yes,High,Yes,5,0,97.6,Auditory,90.3,A
3464,25,Male,15.6,62.2,3,2,No,Low,No,0,3,51.7,Reading/Writing,84.9,B
3465,23,Male,7.3,99.1,2,10,No,Low,Yes,5,6,48.1,Auditory,67.5,C
3466,19,Female,11.3,87.4,5,8,Yes,High,Yes,0,2,52.7,Visual,90.6,A
3467,26,Male,11.7,72.9,7,9,No,Low,Yes,5,7,69.0,Auditory,73.8,C
3468,29,Male,13.2,92.7,10,10,No,High,No,5,9,62.3,Visual,100,A
3469,20,Male,10.5,58.1,9,6,Yes,High,Yes,1,9,52.1,Kinesthetic,83.4,B
3470,27,Female,7.7,82.3,6,1,No,High,No,3,4,83.3,Kinesthetic,85.9,B
3471,26,Female,11.0,65.1,1,3,No,High,Yes,5,8,77.8,Visual,77.8,B
3472,18,Female,10.6,78.5,1,1,No,High,Yes,5,0,62.2,Visual,85.3,B
3473,26,Female,17.4,55.5,8,1,Yes,Low,No,4,9,40.0,Auditory,100,A
3474,26,Female,3.1,75.7,9,4,Yes,High,No,5,6,46.8,Auditory,83.9,B
3475,25,Male,18.6,62.3,4,3,No,High,No,1,10,78.6,Kinesthetic,99.2,A
3476,22,Male,12.6,58.1,9,9,No,High,No,3,2,49.0,Kinesthetic,77.1,B
3477,25,Male,2.6,53.5,1,6,Yes,High,Yes,4,9,91.1,Visual,61.9,C
3478,29,Female,12.9,98.3,8,7,Yes,Low,Yes,5,7,45.0,Kinesthetic,94.5,A
3479,29,Male,18.8,92.0,2,6,No,High,No,5,10,64.9,Visual,100,A
3480,28,Female,5.5,67.6,6,4,No,Low,No,0,7,81.3,Reading/Writing,73.9,C
3481,26,Male,12.6,72.5,2,1,No,High,Yes,0,7,87.1,Kinesthetic,92.4,A
3482,26,Female,8.1,74.0,1,1,Yes,High,Yes,1,5,84.5,Visual,83.6,B
3483,30,Male,3.9,70.6,10,6,Yes,Low,No,5,9,90.1,Auditory,84.4,B
3484,28,Male,14.0,71.2,7,5,Yes,High,Yes,1,7,95.7,Kinesthetic,100,A
3485,27,Female,6.3,55.2,9,5,Yes,Low,Yes,4,10,44.2,Visual,79.5,B
3486,21,Male,7.7,69.7,4,5,No,Low,Yes,1,10,42.9,Auditory,64.8,C
3487,28,Female,16.2,61.9,3,8,No,High,Yes,0,7,93.0,Auditory,91.8,A
3488,23,Female,17.6,51.5,6,1,Yes,Low,Yes,0,10,69.6,Auditory,87.7,B
3489,29,Male,14.5,57.3,7,5,No,Low,No,5,6,99.1,Kinesthetic,96.1,A
3490,18,Male,4.2,86.1,1,3,No,High,Yes,5,2,74.0,Reading/Writing,78.5,B
3491,23,Female,6.1,92.3,5,6,Yes,High,Yes,2,4,40.8,Kinesthetic,84.7,B
3492,25,Male,7.6,74.9,8,10,No,Low,Yes,3,9,60.7,Visual,66.0,C
3493,28,Male,14.9,83.0,3,8,No,Low,Yes,1,1,61.0,Visual,76.2,B
3494,28,Female,9.0,70.9,4,3,No,Low,Yes,0,7,90.4,Reading/Writing,79.1,B
3495,28,Female,5.6,81.4,6,10,No,Low,Yes,4,2,62.7,Auditory,61.2,C
3496,18,Female,8.9,50.3,2,7,No,Low,No,0,9,47.8,Kinesthetic,60.4,C
3497,29,Male,18.2,57.8,7,3,Yes,High,No,3,10,94.0,Kinesthetic,100,A
3498,20,Female,10.7,65.8,9,3,No,Low,No,1,2,68.4,Auditory,87.1,B
3499,24,Female,14.5,59.7,7,6,Yes,High,Yes,3,5,72.8,Reading/Writing,96.7,A
3500,28,Male,3.1,68.5,3,5,No,High,No,3,6,69.8,Kinesthetic,58.5,D
3501,21,Female,16.3,80.7,5,5,No,High,No,5,8,49.5,Kinesthetic,91.2,A
3502,28,Female,14.0,67.3,8,8,No,Low,Yes,1,8,58.1,Auditory,80.5,B
3503,20,Female,9.6,72.7,9,3,Yes,Low,No,4,8,71.3,Visual,83.8,B
3504,30,Female,15.4,65.7,2,8,No,Low,Yes,1,6,55.8,Auditory,77.3,B
3505,30,Male,6.3,83.3,7,8,No,Low,No,0,10,40.7,Kinesthetic,75.8,B
3506,20,Female,10.7,91.2,3,9,No,High,Yes,1,2,55.5,Visual,78.4,B
3507,29,Female,4.4,85.8,8,9,Yes,High,Yes,0,3,59.8,Kinesthetic,76.6,B
3508,29,Male,3.0,56.6,7,2,No,Low,No,1,1,49.6,Kinesthetic,57.3,D
3509,30,Female,2.2,91.6,2,3,No,High,No,5,4,44.1,Reading/Writing,66.8,C
3510,24,Male,4.8,96.7,2,10,No,Low,No,1,2,69.7,Visual,62.2,C
3511,18,Male,19.9,81.5,2,2,No,High,Yes,0,9,68.9,Reading/Writing,98.8,A
3512,18,Male,10.3,65.2,5,3,No,High,Yes,5,0,50.2,Auditory,73.8,C
3513,26,Female,9.7,56.9,6,6,No,Low,Yes,2,6,64.4,Visual,63.1,C
3514,25,Male,7.9,74.0,5,2,No,Low,No,1,3,43.3,Visual,71.1,C
3515,27,Male,19.2,87.6,9,9,No,Low,No,1,1,55.6,Visual,96.4,A
3516,20,Male,9.6,57.4,1,4,No,Low,Yes,3,0,67.2,Kinesthetic,68.3,C
3517,24,Male,2.8,50.7,2,2,Yes,Low,No,2,0,88.7,Reading/Writing,61.7,C
3518,20,Male,15.5,76.1,7,10,Yes,Low,Yes,1,8,91.5,Auditory,86.2,B
3519,20,Male,19.0,97.5,2,9,No,Low,No,1,9,93.0,Auditory,98.7,A
3520,23,Male,18.5,99.0,1,2,No,Low,Yes,0,3,82.4,Kinesthetic,94.5,A
3521,23,Male,8.5,52.3,4,9,No,High,No,3,5,42.9,Kinesthetic,66.7,C
3522,28,Female,6.7,90.0,6,7,No,High,No,3,4,54.2,Kinesthetic,85.0,B
3523,25,Male,12.0,99.4,9,3,No,High,Yes,3,7,85.4,Kinesthetic,98.2,A
3524,29,Female,7.8,75.1,6,4,Yes,High,No,5,5,76.4,Auditory,88.2,B
3525,19,Female,16.3,89.9,9,1,No,Low,Yes,3,0,65.3,Visual,100,A
3526,24,Male,10.9,56.5,1,8,Yes,High,Yes,3,1,44.3,Auditory,73.8,C
3527,23,Male,16.3,86.3,6,5,No,High,No,2,10,88.6,Visual,100,A
3528,28,Male,4.4,87.6,5,1,No,High,Yes,3,7,40.6,Auditory,82.0,B
3529,23,Female,5.7,79.7,2,9,Yes,Low,Yes,1,7,60.4,Reading/Writing,66.8,C
3530,27,Female,19.9,89.2,4,7,No,Low,Yes,5,10,45.6,Reading/Writing,89.3,B
3531,21,Male,4.4,59.1,2,8,No,High,No,2,2,79.9,Kinesthetic,53.0,D
3532,20,Male,7.5,53.7,6,4,No,Low,No,0,5,56.4,Kinesthetic,60.0,C
3533,18,Male,19.5,96.8,4,1,No,High,Yes,4,4,76.7,Auditory,100,A
3534,21,Female,7.0,66.7,8,4,Yes,High,Yes,5,9,48.2,Kinesthetic,80.8,B
3535,20,Female,16.8,65.7,3,9,Yes,Low,No,0,1,70.8,Auditory,80.6,B
3536,20,Male,15.2,50.7,8,2,Yes,Low,Yes,4,2,63.4,Visual,83.1,B
3537,30,Male,3.9,57.3,3,7,No,Low,No,1,1,61.6,Reading/Writing,49.9,F
3538,29,Female,18.3,70.2,1,4,No,High,No,2,9,84.2,Visual,99.3,A
3539,25,Female,17.9,52.8,1,3,No,Low,No,2,2,93.1,Auditory,82.5,B
3540,25,Male,10.9,92.3,2,1,Yes,Low,No,0,5,46.2,Kinesthetic,86.5,B
3541,22,Female,19.6,71.2,4,8,No,Low,No,5,5,92.3,Kinesthetic,97.3,A
3542,18,Male,11.7,62.1,3,9,Yes,High,Yes,4,1,87.6,Kinesthetic,78.1,B
3543,26,Male,17.2,91.9,7,5,No,High,No,0,7,63.1,Auditory,100,A
3544,28,Male,7.1,68.2,4,3,No,High,No,1,9,62.7,Reading/Writing,72.7,C
3545,19,Female,16.2,87.0,4,1,No,Low,No,3,9,56.6,Auditory,87.6,B
3546,27,Male,9.9,58.8,8,8,Yes,Low,No,4,6,60.2,Auditory,75.5,B
3547,19,Female,19.0,63.7,10,8,No,High,Yes,0,3,41.4,Auditory,96.2,A
3548,29,Male,1.7,78.7,6,10,No,Low,No,5,3,75.1,Visual,55.1,D
3549,22,Female,8.1,99.6,3,7,No,Low,No,1,4,57.8,Kinesthetic,75.3,B
3550,26,Male,12.5,90.5,2,1,Yes,Low,No,3,7,56.9,Visual,93.1,A
3551,25,Female,7.0,68.2,4,5,Yes,Low,Yes,3,9,55.9,Auditory,70.5,C
3552,23,Female,19.7,87.2,10,2,Yes,High,Yes,3,5,71.3,Visual,100,A
3553,27,Male,5.4,74.0,1,10,Yes,High,Yes,5,7,64.0,Kinesthetic,64.5,C
3554,27,Female,11.0,52.4,3,1,Yes,High,Yes,4,8,49.6,Visual,73.3,C
3555,20,Male,14.1,51.7,1,7,Yes,High,Yes,5,6,99.0,Auditory,89.2,B
3556,19,Female,15.6,70.5,10,3,No,High,No,2,0,64.2,Reading/Writing,97.4,A
3557,30,Female,6.4,81.8,9,1,Yes,Low,No,5,7,76.1,Auditory,87.5,B
3558,21,Male,9.2,62.7,10,8,Yes,High,Yes,5,7,71.9,Kinesthetic,82.7,B
3559,22,Female,8.6,86.4,3,10,No,High,Yes,1,10,56.1,Auditory,77.1,B
3560,22,Male,7.5,84.7,10,3,No,Low,No,0,8,85.4,Kinesthetic,84.8,B
3561,29,Female,19.5,86.8,8,6,No,High,Yes,3,5,84.1,Visual,100,A
3562,30,Female,9.7,62.0,3,3,Yes,High,No,3,3,79.0,Reading/Writing,78.9,B
3563,22,Female,5.1,54.2,2,10,No,Low,Yes,2,6,78.6,Auditory,58.0,D
3564,20,Female,19.4,70.1,7,8,Yes,High,Yes,5,5,93.3,Reading/Writing,100,A
3565,29,Female,5.1,85.2,3,6,No,High,Yes,2,0,66.4,Kinesthetic,66.0,C
3566,23,Female,8.4,61.0,5,1,Yes,High,Yes,4,7,81.7,Auditory,77.6,B
3567,27,Male,7.1,76.1,8,8,Yes,Low,Yes,2,8,99.4,Auditory,90.9,A
3568,28,Male,12.4,97.8,7,10,Yes,Low,No,2,7,99.1,Auditory,92.6,A
3569,18,Male,13.9,51.7,9,9,Yes,Low,No,3,10,87.8,Auditory,83.2,B
3570,30,Female,18.8,68.6,10,7,Yes,Low,Yes,1,9,90.9,Auditory,100,A
3571,23,Male,10.1,71.6,8,5,Yes,High,No,0,1,79.6,Auditory,93.9,A
3572,18,Male,16.3,84.0,1,8,No,Low,Yes,1,1,77.1,Auditory,77.0,B
3573,19,Male,19.7,69.9,2,10,No,Low,No,3,0,77.2,Visual,77.7,B
3574,24,Male,19.5,79.4,7,8,Yes,Low,Yes,0,7,59.6,Kinesthetic,90.8,A
3575,24,Male,17.5,80.0,7,3,Yes,High,Yes,5,10,99.4,Kinesthetic,100,A
3576,30,Male,16.9,73.9,2,9,No,Low,Yes,4,1,99.5,Visual,83.1,B
3577,24,Male,2.9,55.9,3,8,No,High,No,4,1,100.0,Visual,54.9,D
3578,21,Male,11.8,91.5,4,6,Yes,Low,Yes,1,3,57.7,Kinesthetic,78.8,B
3579,22,Male,3.9,54.2,2,3,Yes,Low,No,4,10,48.7,Visual,60.9,C
3580,19,Female,6.6,63.6,7,6,Yes,High,No,2,6,67.0,Kinesthetic,76.8,B
3581,27,Female,17.2,80.3,10,8,Yes,Low,No,4,7,40.3,Kinesthetic,100,A
3582,23,Male,17.7,89.8,6,1,Yes,Low,No,4,2,96.2,Reading/Writing,99.5,A
3583,18,Male,12.4,86.9,10,7,Yes,High,Yes,1,4,78.5,Reading/Writing,100,A
3584,27,Male,2.1,59.7,4,8,No,Low,No,1,5,78.5,Auditory,61.3,C
3585,20,Male,15.6,95.3,7,3,No,High,Yes,1,8,53.9,Reading/Writing,100,A
3586,23,Female,20.0,74.1,10,7,No,High,Yes,1,10,42.5,Reading/Writing,96.0,A
3587,29,Female,18.2,84.1,4,4,No,High,Yes,3,3,90.5,Reading/Writing,100,A
3588,18,Male,19.5,80.5,5,2,Yes,Low,No,2,3,67.7,Auditory,100,A
3589,25,Female,2.6,98.5,7,2,No,Low,Yes,2,3,47.5,Visual,77.8,B
3590,28,Male,1.4,78.3,8,3,Yes,Low,Yes,0,7,67.6,Auditory,73.3,C
3591,26,Male,5.0,82.1,9,6,Yes,High,No,1,8,60.6,Reading/Writing,87.9,B
3592,23,Female,3.1,99.3,3,1,Yes,High,No,0,9,47.9,Reading/Writing,79.2,B
3593,26,Male,10.9,63.0,1,3,No,Low,No,1,5,58.1,Auditory,69.6,C
3594,26,Female,19.4,64.0,2,6,Yes,High,Yes,5,7,100.0,Kinesthetic,100,A
3595,22,Male,8.4,64.9,5,5,Yes,Low,Yes,1,8,55.0,Auditory,69.0,C
3596,29,Male,19.9,94.7,4,1,No,High,No,3,1,73.6,Kinesthetic,100,A
3597,30,Male,8.6,99.8,2,8,No,Low,Yes,1,8,95.8,Reading/Writing,81.1,B
3598,22,Male,14.3,63.8,5,8,No,High,Yes,0,10,78.3,Reading/Writing,85.9,B
3599,22,Female,19.3,73.8,1,4,Yes,Low,No,3,7,56.6,Reading/Writing,92.4,A
3600,23,Female,12.9,50.9,4,4,Yes,Low,Yes,1,9,45.7,Auditory,80.1,B
3601,30,Male,14.4,90.2,8,4,Yes,Low,No,0,2,75.2,Auditory,98.6,A
3602,28,Male,13.6,95.0,5,4,Yes,Low,Yes,0,6,74.9,Kinesthetic,93.0,A
3603,24,Male,15.9,97.8,10,3,No,High,No,3,9,52.4,Kinesthetic,100,A
3604,30,Female,7.8,82.0,6,1,No,High,No,3,0,42.7,Visual,82.6,B
3605,20,Female,15.8,83.8,7,7,No,High,Yes,1,0,61.9,Reading/Writing,86.3,B
3606,24,Male,2.4,85.8,8,10,Yes,High,Yes,5,2,82.2,Reading/Writing,84.1,B
3607,19,Female,10.9,55.7,1,1,Yes,Low,Yes,2,3,80.6,Visual,72.0,C
3608,28,Male,13.6,82.8,10,10,Yes,Low,No,1,0,57.7,Visual,84.5,B
3609,18,Male,6.7,87.9,6,10,Yes,High,Yes,0,4,98.0,Auditory,87.7,B
3610,21,Male,3.0,84.6,6,2,Yes,Low,Yes,0,6,67.3,Kinesthetic,79.9,B
3611,19,Male,12.1,59.6,1,8,Yes,Low,No,1,9,75.6,Kinesthetic,73.9,C
3612,27,Male,9.3,90.4,6,2,Yes,Low,Yes,4,10,85.1,Visual,91.3,A
3613,25,Male,8.5,72.5,4,6,Yes,Low,Yes,1,1,70.2,Visual,76.3,B
3614,22,Female,5.1,92.9,6,2,No,High,No,1,7,73.7,Reading/Writing,90.1,A
3615,24,Male,5.8,85.4,6,2,Yes,High,Yes,3,3,75.9,Kinesthetic,82.0,B
3616,20,Female,1.9,74.7,1,5,No,Low,Yes,1,9,60.4,Reading/Writing,58.5,D
3617,18,Male,17.2,70.8,7,4,Yes,Low,Yes,4,3,44.9,Kinesthetic,88.8,B
3618,27,Female,4.9,56.6,7,7,Yes,Low,Yes,2,1,42.9,Auditory,60.5,C
3619,18,Male,17.1,64.6,3,2,No,Low,Yes,3,6,99.5,Reading/Writing,91.6,A
3620,27,Male,8.5,52.6,4,10,Yes,High,Yes,2,3,63.3,Auditory,63.3,C
3621,29,Female,16.3,91.2,6,5,Yes,Low,No,0,9,93.7,Auditory,95.1,A
3622,24,Female,2.4,65.5,7,2,No,High,Yes,4,5,62.7,Kinesthetic,75.4,B
3623,20,Male,6.1,77.7,5,8,Yes,High,No,3,0,42.1,Auditory,65.0,C
3624,21,Female,8.0,99.3,3,2,No,High,No,3,9,87.7,Visual,91.6,A
3625,20,Female,7.0,98.3,10,5,No,Low,No,5,10,66.3,Reading/Writing,82.5,B
3626,21,Female,11.7,75.3,10,2,Yes,Low,Yes,2,9,50.6,Kinesthetic,86.2,B
3627,24,Male,19.1,87.9,7,3,Yes,High,Yes,1,2,87.5,Visual,100,A
3628,24,Male,2.1,99.5,9,4,Yes,Low,No,5,2,58.1,Visual,84.5,B
3629,18,Male,2.0,87.2,3,7,No,High,Yes,0,4,67.4,Reading/Writing,58.9,D
3630,18,Male,12.6,77.2,7,3,Yes,High,Yes,0,5,57.7,Visual,88.3,B
3631,18,Female,12.5,53.9,6,4,Yes,High,Yes,0,1,96.8,Reading/Writing,91.4,A
3632,22,Male,19.7,87.0,1,2,No,High,No,5,3,91.3,Kinesthetic,100,A
3633,21,Male,19.7,62.9,1,6,Yes,Low,No,3,1,58.9,Auditory,85.5,B
3634,24,Female,19.2,91.9,10,5,Yes,High,Yes,4,7,63.3,Reading/Writing,100,A
3635,29,Female,2.0,94.8,9,9,No,Low,No,1,10,79.5,Reading/Writing,67.2,C
3636,25,Female,4.5,94.4,7,2,Yes,High,No,0,7,98.7,Auditory,93.4,A
3637,29,Female,14.0,81.9,1,6,Yes,Low,No,1,3,73.2,Reading/Writing,86.2,B
3638,21,Female,3.8,83.7,6,1,Yes,High,Yes,4,2,61.9,Visual,84.1,B
3639,23,Male,5.5,57.8,6,10,No,High,No,2,4,97.1,Auditory,70.1,C
3640,24,Male,2.6,59.7,5,6,No,Low,Yes,4,2,94.6,Auditory,60.9,C
3641,24,Female,11.0,93.2,6,6,No,Low,No,1,10,71.8,Visual,92.3,A
3642,27,Female,16.2,51.0,6,6,No,Low,No,0,6,71.2,Visual,84.5,B
3643,19,Male,8.8,71.7,1,8,No,High,No,1,0,59.3,Kinesthetic,72.8,C
3644,25,Female,9.7,86.5,2,10,Yes,High,No,2,0,52.6,Kinesthetic,71.9,C
3645,25,Female,3.2,56.9,4,5,No,High,No,3,3,71.6,Reading/Writing,64.9,C
3646,25,Male,3.1,98.0,8,6,No,Low,No,3,0,59.6,Reading/Writing,67.8,C
3647,20,Male,19.5,79.4,1,7,Yes,High,Yes,5,4,99.0,Reading/Writing,94.1,A
3648,18,Male,6.9,64.4,4,2,No,Low,No,4,4,93.1,Kinesthetic,78.0,B
3649,30,Female,10.6,86.8,7,7,No,Low,No,2,5,50.5,Visual,87.1,B
3650,20,Male,6.1,51.3,5,4,No,High,Yes,2,7,93.7,Visual,68.5,C
3651,21,Male,5.8,70.9,9,6,No,Low,Yes,5,4,96.2,Kinesthetic,79.2,B
3652,20,Female,16.1,95.0,8,8,No,Low,No,3,10,41.0,Kinesthetic,98.9,A
3653,25,Female,17.5,54.8,8,6,No,High,Yes,5,6,85.9,Kinesthetic,89.7,B
3654,20,Female,12.6,72.5,2,4,No,High,Yes,1,8,94.7,Kinesthetic,79.7,B
3655,25,Female,3.5,99.3,9,9,No,High,Yes,0,1,55.9,Auditory,75.9,B
3656,24,Female,8.4,95.6,10,3,No,Low,Yes,1,6,86.1,Visual,89.4,B
3657,28,Female,6.7,68.9,5,6,Yes,Low,No,3,0,43.3,Reading/Writing,72.2,C
3658,19,Female,12.5,87.5,2,5,No,High,Yes,2,4,41.1,Auditory,82.4,B
3659,22,Male,2.3,78.4,2,8,Yes,Low,Yes,5,5,57.1,Visual,61.6,C
3660,27,Female,1.8,51.7,3,7,No,High,Yes,2,2,97.8,Visual,61.7,C
3661,20,Female,18.5,79.9,6,9,Yes,High,Yes,2,7,56.5,Reading/Writing,100,A
3662,27,Male,4.4,62.6,5,7,Yes,High,Yes,2,2,84.0,Reading/Writing,64.2,C
3663,22,Male,1.6,96.9,3,7,Yes,Low,Yes,0,0,50.0,Reading/Writing,60.4,C
3664,29,Female,9.6,58.1,2,8,No,High,No,2,9,99.3,Kinesthetic,76.3,B
3665,21,Male,2.9,73.1,9,3,Yes,Low,No,0,0,81.0,Kinesthetic,80.5,B
3666,29,Male,7.7,71.1,6,9,No,Low,Yes,3,9,65.4,Auditory,76.2,B
3667,27,Male,8.5,82.7,1,7,Yes,High,Yes,3,0,50.4,Kinesthetic,69.3,C
3668,23,Male,18.9,71.4,7,4,Yes,Low,Yes,2,3,57.2,Visual,92.4,A
3669,20,Male,19.4,98.9,9,1,No,High,No,5,7,59.8,Reading/Writing,100,A
3670,19,Female,12.2,99.9,6,6,Yes,High,No,2,5,79.2,Kinesthetic,94.3,A
3671,26,Female,9.2,73.6,8,2,Yes,High,No,2,1,79.1,Kinesthetic,88.2,B
3672,18,Male,10.7,73.0,10,3,Yes,High,Yes,2,8,69.7,Visual,89.6,B
3673,26,Male,7.7,75.2,9,7,Yes,High,Yes,4,3,88.7,Kinesthetic,85.6,B
3674,26,Female,1.8,92.4,6,2,No,Low,Yes,4,10,96.6,Kinesthetic,82.6,B
3675,20,Female,7.6,67.6,6,9,No,Low,Yes,5,9,97.1,Auditory,70.5,C
3676,19,Female,14.4,91.9,2,2,No,Low,Yes,0,2,90.8,Kinesthetic,83.0,B
3677,20,Female,19.0,56.7,2,5,No,Low,No,2,2,54.0,Visual,73.1,C
3678,27,Male,11.1,55.7,4,9,Yes,Low,No,5,4,80.3,Auditory,67.3,C
3679,28,Female,18.5,70.7,5,1,Yes,High,Yes,4,5,83.5,Visual,100,A
3680,23,Female,9.5,69.5,6,8,No,Low,No,2,1,74.5,Auditory,64.7,C
3681,26,Female,15.2,87.7,7,8,Yes,High,Yes,1,4,52.2,Reading/Writing,90.5,A
3682,29,Male,14.8,98.9,9,5,Yes,Low,Yes,2,6,92.6,Visual,99.6,A
3683,18,Male,13.8,80.3,10,10,No,High,No,3,6,74.4,Kinesthetic,92.3,A
3684,26,Male,9.6,53.8,4,8,No,High,No,5,8,60.0,Reading/Writing,74.9,C
3685,30,Male,7.7,78.8,10,1,Yes,Low,No,1,4,76.8,Auditory,81.9,B
3686,25,Male,2.9,78.6,3,10,Yes,Low,Yes,4,5,40.8,Kinesthetic,59.9,D
3687,20,Female,3.2,87.3,6,9,No,Low,No,5,1,66.3,Visual,58.3,D
3688,18,Male,5.7,70.0,1,1,No,Low,Yes,1,8,78.9,Kinesthetic,65.5,C
3689,23,Male,12.3,95.4,10,8,Yes,Low,Yes,0,0,70.8,Auditory,88.6,B
3690,30,Male,10.0,68.3,4,7,Yes,High,No,0,3,98.5,Kinesthetic,85.5,B
3691,27,Male,19.6,81.7,10,4,No,High,No,2,2,94.0,Reading/Writing,100,A
3692,20,Female,14.3,76.1,2,1,No,Low,Yes,3,3,68.3,Visual,84.6,B
3693,27,Male,12.4,63.0,2,6,No,Low,No,2,0,45.4,Kinesthetic,73.1,C
3694,19,Female,13.1,85.8,1,3,No,High,No,1,8,82.2,Reading/Writing,84.1,B
3695,24,Female,15.8,57.4,2,5,No,Low,Yes,4,2,52.4,Visual,75.4,B
3696,19,Female,1.4,55.6,10,9,No,Low,Yes,3,9,41.7,Visual,54.1,D
3697,18,Male,3.9,59.0,6,6,No,Low,No,4,7,69.8,Kinesthetic,56.2,D
3698,18,Female,2.2,55.9,9,10,No,High,Yes,1,1,88.9,Visual,69.9,C
3699,20,Female,19.5,50.7,4,8,No,High,No,2,0,65.5,Reading/Writing,91.6,A
3700,27,Male,12.2,79.2,10,4,No,High,No,1,8,67.7,Visual,91.5,A
3701,21,Female,12.2,52.4,8,2,Yes,High,Yes,2,1,44.0,Kinesthetic,87.8,B
3702,25,Female,16.7,58.9,3,9,Yes,High,Yes,0,7,48.4,Visual,83.3,B
3703,30,Male,6.6,79.5,3,1,No,Low,Yes,5,2,41.7,Visual,69.5,C
3704,23,Female,3.2,97.8,8,6,Yes,Low,No,0,8,50.1,Auditory,69.6,C
3705,20,Female,3.1,89.7,5,5,No,High,Yes,3,5,49.4,Visual,71.5,C
3706,24,Male,14.5,75.0,6,6,No,Low,No,5,9,43.0,Kinesthetic,88.2,B
3707,24,Male,2.1,88.2,10,5,Yes,Low,Yes,4,9,80.2,Auditory,89.2,B
3708,30,Male,6.2,81.9,1,7,Yes,High,No,4,1,58.6,Reading/Writing,66.3,C
3709,25,Male,7.5,98.7,4,2,No,High,No,0,6,50.8,Reading/Writing,81.5,B
3710,28,Female,19.0,80.4,9,10,Yes,High,Yes,3,4,92.3,Auditory,100,A
3711,30,Male,6.9,89.0,4,5,Yes,Low,Yes,4,9,51.2,Reading/Writing,75.6,B
3712,26,Male,15.2,52.0,4,2,No,Low,No,4,9,96.5,Reading/Writing,83.8,B
3713,30,Male,16.5,67.6,1,5,No,High,No,1,0,64.7,Kinesthetic,77.5,B
3714,30,Male,18.2,79.9,2,4,Yes,High,Yes,2,0,66.3,Visual,93.2,A
3715,24,Female,5.6,59.1,7,8,Yes,High,Yes,1,0,94.2,Auditory,69.6,C
3716,21,Male,9.0,80.5,2,1,Yes,Low,No,4,2,90.2,Auditory,74.2,C
3717,22,Male,11.4,81.5,5,7,No,Low,Yes,2,7,87.1,Reading/Writing,88.8,B
3718,27,Female,3.7,82.7,3,3,Yes,High,No,1,0,47.1,Auditory,67.6,C
3719,19,Male,1.9,50.6,8,5,No,Low,Yes,4,4,49.9,Auditory,50.1,D
3720,18,Male,9.7,58.5,5,9,No,High,No,0,2,70.7,Kinesthetic,72.9,C
3721,20,Male,2.9,97.4,6,1,No,Low,No,4,5,50.5,Visual,67.2,C
3722,18,Female,15.8,70.7,2,2,Yes,High,No,5,2,70.0,Kinesthetic,93.8,A
3723,24,Male,2.8,99.8,8,5,Yes,Low,Yes,3,5,67.5,Auditory,86.7,B
3724,23,Female,11.6,74.8,5,2,No,Low,Yes,3,0,45.2,Kinesthetic,76.3,B
3725,26,Female,12.1,98.0,1,5,Yes,Low,Yes,1,6,86.6,Auditory,86.3,B
3726,29,Male,9.9,61.0,9,7,Yes,High,No,2,5,69.3,Auditory,78.7,B
3727,22,Male,14.6,69.8,7,8,Yes,Low,No,5,8,88.9,Auditory,89.8,B
3728,21,Female,18.1,72.6,8,7,No,Low,Yes,4,10,77.1,Visual,96.3,A
3729,28,Male,10.1,69.9,4,4,No,Low,No,4,10,54.6,Kinesthetic,67.6,C
3730,22,Female,3.2,68.3,10,4,Yes,Low,Yes,2,4,45.1,Visual,73.3,C
3731,21,Male,15.0,79.9,1,7,Yes,Low,No,2,8,84.5,Auditory,91.8,A
3732,18,Male,10.1,76.0,9,8,Yes,High,Yes,2,3,86.2,Auditory,83.8,B
3733,22,Female,18.2,77.8,1,7,Yes,Low,No,0,7,52.5,Kinesthetic,81.9,B
3734,21,Male,14.2,80.9,9,10,No,High,No,0,3,58.3,Reading/Writing,88.7,B
3735,29,Male,2.3,81.9,2,9,Yes,High,Yes,0,6,68.6,Reading/Writing,68.1,C
3736,27,Female,8.9,64.8,6,8,No,Low,Yes,0,9,40.2,Auditory,73.8,C
3737,26,Female,13.8,82.7,10,9,Yes,High,Yes,4,0,68.0,Reading/Writing,92.2,A
3738,18,Male,15.3,83.9,8,5,Yes,High,Yes,3,4,52.7,Visual,95.7,A
3739,30,Female,6.7,86.2,2,1,No,Low,No,1,4,52.4,Reading/Writing,63.1,C
3740,23,Male,17.7,68.3,6,10,No,High,Yes,0,9,76.9,Auditory,87.3,B
3741,29,Female,19.5,62.5,8,5,No,Low,No,2,9,81.6,Kinesthetic,99.3,A
3742,21,Female,5.2,84.5,6,6,No,High,No,2,8,43.2,Reading/Writing,74.0,C
3743,25,Male,4.8,85.1,5,4,No,Low,No,4,1,79.9,Reading/Writing,78.5,B
3744,25,Male,16.7,67.6,1,2,Yes,High,No,5,5,75.0,Visual,100,A
3745,20,Female,3.3,99.8,2,8,Yes,Low,No,3,0,51.5,Reading/Writing,59.0,D
3746,18,Male,6.3,92.4,4,7,Yes,High,Yes,2,3,80.5,Kinesthetic,75.3,B
3747,29,Female,1.7,76.7,4,1,Yes,Low,No,0,5,54.4,Visual,63.5,C
3748,25,Female,19.9,74.8,9,2,Yes,Low,Yes,1,2,44.1,Reading/Writing,93.1,A
3749,29,Male,13.0,53.7,7,3,Yes,High,Yes,5,5,49.8,Auditory,86.4,B
3750,21,Male,15.6,74.2,10,2,No,Low,No,3,0,72.1,Visual,91.5,A
3751,26,Male,17.9,51.2,9,8,No,Low,Yes,3,3,47.7,Visual,78.5,B
3752,22,Female,13.1,96.8,5,4,Yes,Low,No,3,9,54.3,Visual,96.7,A
3753,21,Male,19.8,62.4,3,2,Yes,Low,Yes,4,2,75.6,Auditory,97.5,A
3754,19,Male,3.0,50.7,2,10,No,High,No,2,2,63.1,Visual,44.2,F
3755,22,Male,4.4,57.1,10,6,Yes,High,Yes,1,8,48.1,Kinesthetic,81.6,B
3756,29,Female,16.9,98.9,9,10,No,High,No,5,9,87.1,Auditory,100,A
3757,28,Male,1.7,80.2,6,9,Yes,Low,Yes,5,4,63.4,Visual,64.3,C
3758,18,Male,17.1,71.9,10,6,No,Low,No,0,5,76.2,Kinesthetic,92.2,A
3759,29,Female,7.8,66.9,5,2,No,Low,No,1,2,55.7,Visual,63.4,C
3760,25,Male,2.7,74.9,9,5,No,High,No,5,5,40.7,Auditory,68.9,C
3761,28,Male,10.9,85.9,7,8,Yes,High,No,5,6,45.7,Auditory,84.8,B
3762,20,Female,9.0,80.3,4,8,Yes,Low,Yes,3,1,45.3,Reading/Writing,79.0,B
3763,25,Male,11.9,76.9,8,10,No,Low,Yes,4,9,89.0,Visual,81.1,B
3764,23,Male,4.6,86.2,5,7,No,High,Yes,4,9,61.9,Kinesthetic,77.4,B
3765,26,Male,15.0,79.0,9,8,No,Low,Yes,4,7,84.1,Reading/Writing,88.9,B
3766,23,Female,6.4,87.3,6,5,Yes,High,No,4,1,68.1,Reading/Writing,86.9,B
3767,30,Male,16.2,98.3,3,1,Yes,Low,Yes,2,10,56.6,Auditory,91.9,A
3768,27,Female,14.6,61.5,3,7,No,Low,No,0,7,64.4,Visual,76.2,B
3769,20,Female,3.0,51.8,7,7,No,Low,Yes,5,7,46.4,Auditory,59.2,D
3770,19,Female,19.2,52.8,8,9,No,High,Yes,4,2,54.8,Reading/Writing,85.4,B
3771,29,Male,9.4,92.9,5,10,No,High,Yes,0,1,41.6,Reading/Writing,79.0,B
3772,19,Female,4.5,66.8,10,10,Yes,Low,No,5,0,66.0,Reading/Writing,74.4,C
3773,30,Female,8.6,62.6,3,7,Yes,Low,No,4,2,78.2,Visual,70.0,C
3774,23,Male,11.9,65.0,3,5,Yes,High,Yes,2,4,88.8,Kinesthetic,87.0,B
3775,21,Female,2.8,71.7,7,2,No,Low,Yes,4,8,48.4,Auditory,72.8,C
3776,23,Female,1.3,57.5,6,7,Yes,High,No,2,7,98.8,Kinesthetic,67.1,C
3777,29,Female,3.7,87.5,7,6,Yes,Low,No,3,2,69.9,Visual,74.7,C
3778,29,Male,16.0,71.2,8,4,Yes,Low,Yes,2,6,74.3,Kinesthetic,88.7,B
3779,30,Male,8.6,50.1,6,6,Yes,High,No,1,6,99.5,Kinesthetic,81.5,B
3780,25,Male,3.2,79.6,5,7,Yes,Low,Yes,3,3,94.1,Reading/Writing,65.3,C
3781,22,Male,4.0,62.2,4,3,Yes,Low,No,0,4,57.9,Kinesthetic,65.6,C
3782,24,Male,3.2,50.4,5,8,Yes,High,No,0,0,94.5,Kinesthetic,66.4,C
3783,21,Male,7.0,56.7,2,1,Yes,Low,No,1,4,70.2,Kinesthetic,72.0,C
3784,21,Male,7.1,92.2,9,6,Yes,Low,Yes,5,0,75.0,Visual,82.8,B
3785,28,Female,4.1,58.1,3,10,Yes,Low,Yes,3,7,97.2,Kinesthetic,60.4,C
3786,18,Female,1.7,81.1,7,7,No,Low,No,2,10,88.7,Auditory,76.7,B
3787,29,Female,13.2,96.0,9,9,Yes,High,Yes,3,3,67.7,Visual,94.5,A
3788,29,Female,4.6,85.3,8,8,No,Low,No,4,1,94.0,Kinesthetic,82.5,B
3789,19,Male,8.1,76.8,5,9,Yes,High,No,5,8,84.8,Visual,76.9,B
3790,25,Male,14.1,74.2,10,3,No,Low,Yes,0,6,62.5,Auditory,86.1,B
3791,28,Male,16.3,50.4,10,1,Yes,Low,Yes,5,8,53.1,Kinesthetic,100,A
3792,28,Male,7.2,75.7,3,8,No,High,Yes,0,4,61.6,Reading/Writing,73.3,C
3793,20,Female,10.7,65.5,6,2,Yes,Low,No,5,2,53.6,Kinesthetic,78.1,B
3794,22,Male,7.1,72.5,6,5,Yes,High,Yes,1,8,91.6,Reading/Writing,81.4,B
3795,23,Female,1.8,96.1,4,6,No,Low,Yes,0,2,57.6,Visual,64.5,C
3796,22,Male,11.3,83.9,2,2,Yes,Low,Yes,4,1,55.2,Reading/Writing,87.9,B
3797,23,Female,15.2,73.2,5,6,Yes,High,Yes,0,10,57.7,Auditory,98.2,A
3798,21,Female,14.9,75.4,1,4,No,High,No,2,9,42.4,Visual,86.3,B
3799,20,Male,4.5,96.3,3,8,Yes,High,Yes,0,2,57.3,Auditory,71.0,C
3800,20,Male,20.0,99.8,4,6,Yes,High,No,0,5,65.8,Visual,100,A
3801,21,Male,9.3,85.6,1,4,No,High,No,1,2,82.8,Visual,84.4,B
3802,18,Male,13.8,85.3,5,7,No,Low,Yes,0,2,78.0,Kinesthetic,82.8,B
3803,26,Female,9.9,55.8,2,5,No,High,Yes,3,3,72.8,Reading/Writing,63.5,C
3804,23,Male,18.9,57.2,6,2,Yes,High,Yes,5,4,79.9,Reading/Writing,99.1,A
3805,26,Female,14.5,72.5,6,9,No,High,Yes,0,4,64.2,Kinesthetic,83.0,B
3806,22,Male,18.8,73.1,9,5,Yes,High,No,0,9,77.3,Kinesthetic,100,A
3807,19,Female,4.4,70.9,10,3,Yes,High,Yes,1,0,88.7,Kinesthetic,85.7,B
3808,23,Female,11.2,56.0,1,4,Yes,High,Yes,0,10,51.6,Reading/Writing,74.0,C
3809,22,Male,9.4,99.9,2,5,Yes,High,No,2,9,53.5,Reading/Writing,83.5,B
3810,30,Female,14.0,66.3,9,8,Yes,Low,No,4,5,73.8,Visual,91.2,A
3811,26,Female,15.1,75.5,10,9,Yes,Low,No,5,4,41.2,Kinesthetic,83.9,B
3812,25,Female,4.6,65.4,10,8,Yes,Low,Yes,3,6,62.8,Visual,70.2,C
3813,20,Male,5.2,67.7,1,10,Yes,Low,No,3,1,71.3,Kinesthetic,59.8,D
3814,28,Male,13.3,96.5,9,5,Yes,High,Yes,3,3,56.5,Auditory,100,A
3815,28,Male,10.3,72.9,10,5,Yes,Low,No,0,1,63.0,Visual,90.3,A
3816,22,Male,19.9,90.1,1,1,No,High,Yes,5,1,62.3,Reading/Writing,100,A
3817,24,Male,6.9,95.4,9,1,No,High,No,1,7,40.5,Auditory,87.7,B
3818,23,Male,13.1,74.3,1,2,No,High,No,2,7,85.4,Reading/Writing,93.9,A
3819,22,Female,16.1,57.8,3,3,No,High,Yes,4,6,53.9,Visual,87.5,B
3820,23,Male,6.9,76.0,2,3,No,High,Yes,4,9,86.6,Reading/Writing,82.0,B
3821,22,Male,7.9,91.5,1,5,No,High,Yes,4,6,97.8,Reading/Writing,86.8,B
3822,22,Male,18.8,65.4,6,9,No,Low,No,2,6,67.1,Reading/Writing,92.4,A
3823,18,Male,20.0,51.5,5,10,Yes,Low,Yes,0,5,77.2,Kinesthetic,84.0,B
3824,19,Male,4.1,71.2,9,6,Yes,Low,No,5,3,78.9,Visual,73.1,C
3825,28,Male,5.8,63.6,6,6,No,High,No,5,5,72.9,Reading/Writing,79.4,B
3826,18,Female,2.0,76.0,6,4,No,High,Yes,3,0,71.9,Auditory,69.9,C
3827,29,Female,1.0,79.9,10,1,Yes,High,Yes,1,4,51.6,Kinesthetic,78.5,B
3828,27,Female,14.9,72.0,8,7,Yes,High,No,0,2,65.4,Visual,88.9,B
3829,30,Male,6.7,91.2,5,9,No,High,No,0,10,49.0,Reading/Writing,70.2,C
3830,28,Male,4.2,61.3,5,8,Yes,Low,Yes,2,10,59.7,Reading/Writing,65.4,C
3831,30,Male,9.4,82.5,10,1,Yes,Low,Yes,4,7,62.5,Visual,99.8,A
3832,26,Female,13.3,99.6,6,7,Yes,Low,No,3,7,44.9,Auditory,91.6,A
3833,26,Female,13.9,77.4,2,3,No,High,Yes,1,2,98.3,Visual,85.2,B
3834,23,Male,9.8,87.6,4,5,Yes,High,Yes,5,5,82.1,Visual,87.5,B
3835,27,Female,11.7,75.0,4,6,Yes,Low,No,2,9,40.3,Kinesthetic,71.1,C
3836,20,Female,5.0,70.1,2,5,Yes,Low,Yes,2,7,61.5,Reading/Writing,58.8,D
3837,28,Male,7.1,81.9,9,1,No,Low,No,5,4,48.1,Visual,74.1,C
3838,19,Female,4.9,73.5,10,3,Yes,Low,Yes,1,8,91.1,Auditory,83.8,B
3839,22,Male,11.4,87.9,1,9,No,Low,No,1,4,68.2,Reading/Writing,69.6,C
3840,18,Male,16.1,77.6,10,4,Yes,Low,No,1,9,75.7,Visual,100,A
3841,22,Male,11.8,68.6,9,1,Yes,High,Yes,2,6,90.2,Kinesthetic,100,A
3842,26,Male,5.6,86.5,7,3,Yes,Low,No,1,0,61.9,Visual,83.6,B
3843,25,Male,18.7,92.2,10,1,No,High,Yes,0,3,40.5,Reading/Writing,100,A
3844,29,Female,3.8,75.0,3,5,No,High,No,1,7,63.2,Reading/Writing,70.3,C
3845,23,Male,14.3,64.8,1,3,Yes,High,No,0,1,41.5,Visual,84.6,B
3846,21,Male,14.9,89.7,9,1,No,Low,No,0,10,52.6,Visual,94.2,A
3847,29,Female,2.4,69.5,4,5,No,Low,Yes,3,4,93.8,Auditory,61.4,C
3848,23,Male,14.2,87.4,6,3,No,Low,No,4,8,80.2,Reading/Writing,97.4,A
3849,19,Male,17.2,94.7,10,9,Yes,Low,Yes,4,7,84.0,Visual,100,A
3850,24,Female,14.3,58.6,10,3,Yes,High,No,3,5,48.2,Auditory,98.1,A
3851,18,Female,3.6,68.0,10,3,Yes,High,Yes,3,3,75.6,Visual,84.0,B
3852,28,Male,13.0,99.2,8,9,Yes,High,No,5,3,63.4,Auditory,100,A
3853,24,Male,16.5,85.2,3,4,No,Low,No,0,2,50.4,Kinesthetic,76.5,B
3854,29,Female,9.3,97.4,10,10,Yes,High,No,4,10,68.0,Reading/Writing,97.9,A
3855,22,Female,5.8,53.3,9,3,No,Low,Yes,1,4,76.3,Reading/Writing,74.5,C
3856,30,Male,16.9,71.7,1,3,No,Low,No,1,2,94.2,Kinesthetic,79.2,B
3857,27,Male,16.2,63.6,6,9,No,High,No,2,5,44.0,Visual,84.7,B
3858,19,Male,6.1,54.7,9,10,No,High,No,5,7,46.7,Reading/Writing,77.0,B
3859,24,Male,13.1,99.4,2,6,No,Low,No,1,0,56.2,Auditory,80.8,B
3860,30,Male,11.6,77.8,10,2,No,High,Yes,3,2,64.4,Reading/Writing,93.1,A
3861,25,Female,16.4,95.2,8,5,No,High,No,1,7,99.2,Kinesthetic,100,A
3862,27,Male,10.8,51.4,1,2,Yes,Low,Yes,2,4,84.4,Reading/Writing,73.0,C
3863,28,Female,10.0,88.2,5,5,No,High,Yes,1,7,82.6,Auditory,83.5,B
3864,24,Male,10.6,74.3,10,9,No,Low,Yes,2,5,97.1,Kinesthetic,83.3,B
3865,22,Female,4.2,69.6,4,6,No,High,Yes,2,9,50.5,Visual,69.3,C
3866,23,Male,1.7,70.1,7,10,Yes,High,No,0,1,54.7,Reading/Writing,65.5,C
3867,26,Female,4.9,98.1,10,6,No,Low,No,1,2,88.4,Reading/Writing,74.9,C
3868,18,Female,1.2,92.6,6,4,No,High,No,0,6,64.9,Visual,73.5,C
3869,28,Female,11.7,88.1,1,2,Yes,Low,No,0,1,52.3,Visual,85.5,B
3870,19,Male,5.7,73.1,3,6,No,Low,Yes,4,2,43.3,Auditory,58.8,D
3871,23,Female,1.3,75.3,4,8,Yes,High,Yes,4,3,92.3,Kinesthetic,69.8,C
3872,20,Female,1.8,55.4,10,10,No,High,Yes,2,6,69.6,Auditory,61.4,C
3873,26,Female,3.0,61.1,3,7,No,High,Yes,2,10,65.4,Auditory,65.1,C
3874,19,Female,17.0,61.9,1,3,No,High,Yes,2,5,77.2,Reading/Writing,80.2,B
3875,24,Female,16.9,84.8,4,8,Yes,Low,Yes,5,9,84.6,Kinesthetic,93.7,A
3876,20,Male,8.9,55.0,9,4,Yes,High,Yes,0,3,73.4,Auditory,83.1,B
3877,29,Male,2.6,87.7,3,5,No,High,No,2,5,48.2,Kinesthetic,68.3,C
3878,19,Male,14.9,89.6,1,6,Yes,Low,Yes,4,9,95.4,Visual,92.3,A
3879,24,Female,4.7,53.7,3,8,No,Low,No,5,10,67.5,Visual,53.0,D
3880,27,Male,14.6,51.5,5,10,Yes,High,Yes,1,3,64.8,Reading/Writing,77.7,B
3881,26,Female,14.2,68.9,8,10,Yes,High,No,3,6,59.9,Auditory,84.9,B
3882,30,Female,18.0,54.5,4,8,No,High,No,5,1,47.0,Kinesthetic,82.8,B
3883,27,Female,17.3,54.9,1,3,No,High,Yes,4,9,59.0,Kinesthetic,87.1,B
3884,28,Female,18.7,76.3,7,1,Yes,High,No,5,8,56.5,Kinesthetic,100,A
3885,19,Female,18.9,90.3,1,1,No,High,Yes,1,5,40.7,Reading/Writing,99.2,A
3886,25,Male,14.6,99.8,10,6,Yes,High,No,3,0,50.7,Kinesthetic,100,A
3887,19,Male,12.6,70.6,5,9,No,High,No,5,7,78.0,Visual,84.9,B
3888,26,Female,19.8,96.8,4,1,No,Low,No,4,10,85.4,Kinesthetic,100,A
3889,30,Female,19.4,67.5,8,8,Yes,High,Yes,1,0,94.5,Visual,100,A
3890,26,Female,1.2,60.8,3,9,No,High,No,4,0,95.4,Visual,55.3,D
3891,29,Male,13.3,94.8,4,10,No,High,Yes,3,7,94.4,Kinesthetic,87.6,B
3892,24,Male,7.7,84.8,2,4,Yes,Low,No,0,10,55.5,Visual,68.6,C
3893,19,Male,11.6,69.7,8,2,No,High,Yes,1,5,93.3,Reading/Writing,88.2,B
3894,27,Male,13.1,76.6,10,5,No,High,Yes,1,4,57.3,Reading/Writing,87.1,B
3895,20,Male,15.3,90.4,3,10,No,High,No,5,4,88.3,Kinesthetic,98.3,A
3896,22,Male,16.8,85.8,8,6,No,Low,Yes,2,9,44.9,Kinesthetic,98.1,A
3897,19,Male,15.9,56.2,4,9,No,Low,Yes,1,4,76.1,Kinesthetic,76.2,B
3898,30,Female,12.5,59.3,8,3,Yes,Low,Yes,1,4,43.1,Reading/Writing,74.6,C
3899,20,Female,4.0,89.5,2,8,Yes,High,No,5,5,89.2,Auditory,73.0,C
3900,30,Female,19.7,87.1,8,8,Yes,Low,No,1,3,84.5,Visual,100,A
3901,18,Male,8.6,82.2,4,4,No,High,No,3,1,71.0,Auditory,84.1,B
3902,27,Female,13.9,63.2,2,1,Yes,Low,No,5,4,52.6,Kinesthetic,85.3,B
3903,19,Male,5.1,66.0,10,8,Yes,Low,No,3,3,71.0,Reading/Writing,72.1,C
3904,22,Male,9.5,55.1,1,9,Yes,High,Yes,1,5,64.3,Reading/Writing,68.0,C
3905,20,Male,10.8,91.5,7,3,Yes,Low,No,0,4,81.9,Reading/Writing,99.1,A
3906,22,Female,4.9,70.2,7,9,Yes,Low,No,2,10,51.3,Reading/Writing,67.8,C
3907,23,Female,20.0,85.2,10,6,Yes,High,No,4,9,71.0,Kinesthetic,100,A
3908,18,Female,1.2,86.3,1,2,Yes,High,Yes,5,2,74.2,Kinesthetic,69.9,C
3909,27,Male,9.6,87.9,2,3,No,Low,Yes,4,9,49.5,Reading/Writing,84.1,B
3910,19,Female,16.7,55.0,9,2,No,High,Yes,0,1,76.3,Auditory,89.5,B
3911,26,Male,2.4,86.5,7,6,No,High,Yes,4,9,42.2,Visual,72.7,C
3912,26,Male,15.8,69.6,4,5,Yes,High,No,4,3,99.6,Kinesthetic,91.2,A
3913,27,Female,19.5,64.9,1,6,Yes,Low,No,4,10,98.8,Visual,91.2,A
3914,30,Female,9.2,98.4,1,6,No,High,No,2,7,69.4,Visual,79.4,B
3915,30,Female,17.2,63.8,10,9,No,Low,Yes,0,10,56.7,Auditory,90.2,A
3916,19,Female,13.5,67.5,9,1,No,High,Yes,0,1,86.2,Visual,88.4,B
3917,25,Male,2.7,58.7,2,7,No,Low,Yes,1,7,56.1,Reading/Writing,48.8,F
3918,25,Male,9.2,99.7,3,10,No,High,Yes,4,3,77.1,Visual,83.8,B
3919,28,Female,3.0,85.4,2,2,No,Low,No,0,10,84.4,Auditory,63.6,C
3920,29,Female,11.3,90.8,6,3,Yes,High,Yes,3,10,49.5,Kinesthetic,89.0,B
3921,22,Female,8.5,76.8,6,6,No,High,No,4,7,61.0,Reading/Writing,82.3,B
3922,19,Female,7.0,61.9,8,1,Yes,High,Yes,0,1,91.3,Kinesthetic,83.4,B
3923,30,Male,11.2,63.6,10,6,No,Low,No,5,4,85.7,Auditory,92.5,A
3924,28,Female,2.0,98.5,8,8,No,High,No,1,1,52.3,Auditory,69.6,C
3925,23,Male,18.6,83.7,9,10,Yes,High,Yes,3,8,92.9,Visual,100,A
3926,19,Female,2.3,75.5,4,1,Yes,Low,No,4,0,90.5,Auditory,67.3,C
3927,24,Male,10.5,70.9,9,3,Yes,High,No,2,8,99.8,Auditory,100,A
3928,18,Male,10.5,98.8,4,10,Yes,High,Yes,5,7,75.6,Reading/Writing,91.8,A
3929,20,Female,19.2,83.7,2,8,No,High,No,5,2,82.3,Kinesthetic,97.5,A
3930,23,Male,7.4,83.7,6,6,Yes,High,Yes,0,8,72.8,Visual,76.8,B
3931,25,Male,8.7,97.6,3,5,No,Low,No,4,8,82.4,Visual,74.4,C
3932,21,Female,16.2,51.5,9,4,Yes,High,No,5,8,60.3,Auditory,91.0,A
3933,22,Male,7.6,62.6,2,6,No,High,No,1,9,92.8,Visual,75.4,B
3934,23,Male,3.3,52.1,4,2,Yes,High,Yes,4,3,88.6,Visual,66.0,C
3935,24,Male,4.4,51.0,1,9,Yes,High,No,2,1,66.5,Visual,56.4,D
3936,25,Male,9.9,76.0,5,5,Yes,Low,No,1,7,62.1,Kinesthetic,73.4,C
3937,18,Female,2.3,57.1,4,2,Yes,Low,Yes,2,6,43.5,Visual,60.5,C
3938,23,Female,9.8,77.7,4,4,No,High,No,4,0,78.4,Auditory,80.3,B
3939,27,Male,9.0,95.6,1,3,Yes,High,Yes,5,1,97.7,Reading/Writing,94.6,A
3940,25,Female,5.3,83.1,7,4,Yes,High,Yes,0,5,46.2,Kinesthetic,73.2,C
3941,19,Male,9.8,79.9,1,2,No,Low,Yes,5,4,46.4,Reading/Writing,79.2,B
3942,30,Male,4.0,70.1,4,9,No,High,Yes,1,3,42.1,Auditory,58.7,D
3943,23,Female,16.3,95.8,9,3,No,Low,Yes,0,0,44.0,Kinesthetic,99.9,A
3944,21,Female,1.4,96.1,3,1,Yes,High,No,3,5,72.3,Auditory,78.0,B
3945,22,Female,12.4,80.7,8,2,No,Low,Yes,5,1,54.4,Kinesthetic,83.7,B
3946,29,Female,1.8,96.6,5,2,Yes,High,Yes,0,0,90.8,Visual,86.5,B
3947,27,Female,9.6,96.0,2,9,Yes,High,No,2,3,49.4,Reading/Writing,81.9,B
3948,21,Male,18.9,63.3,1,7,No,Low,No,0,9,80.8,Visual,88.6,B
3949,25,Male,12.5,87.0,6,7,Yes,High,Yes,5,0,55.8,Reading/Writing,85.3,B
3950,22,Male,2.3,76.3,4,10,Yes,Low,No,4,5,43.2,Kinesthetic,65.8,C
3951,25,Female,1.8,55.9,2,8,No,High,Yes,4,3,68.2,Reading/Writing,48.4,F
3952,27,Female,17.8,50.2,10,9,Yes,Low,Yes,3,10,57.3,Visual,90.3,A
3953,27,Male,17.9,98.1,7,4,Yes,High,No,0,2,82.1,Kinesthetic,100,A
3954,25,Female,5.7,84.7,8,8,Yes,High,Yes,4,7,62.9,Auditory,80.1,B
3955,22,Female,13.4,54.4,4,4,Yes,Low,Yes,0,10,55.1,Auditory,85.4,B
3956,24,Female,17.8,99.8,2,9,No,Low,No,5,6,78.4,Visual,89.6,B
3957,25,Female,2.5,82.2,3,8,Yes,Low,No,5,6,41.6,Reading/Writing,54.0,D
3958,22,Male,17.5,87.9,2,8,Yes,High,No,1,8,60.7,Reading/Writing,91.0,A
3959,28,Male,4.6,81.4,6,9,No,High,No,3,2,77.3,Auditory,67.0,C
3960,20,Female,16.1,78.2,10,10,No,High,Yes,2,0,100.0,Reading/Writing,98.3,A
3961,20,Male,18.1,68.7,2,8,Yes,High,No,5,0,63.2,Reading/Writing,84.8,B
3962,29,Female,19.5,54.0,7,6,Yes,Low,No,1,3,60.4,Kinesthetic,95.0,A
3963,19,Female,14.9,92.5,1,10,No,Low,Yes,4,6,48.7,Reading/Writing,75.4,B
3964,28,Male,1.3,51.4,3,9,No,Low,Yes,5,2,75.0,Auditory,55.0,D
3965,25,Female,1.8,76.3,7,1,Yes,Low,Yes,2,9,55.2,Kinesthetic,66.0,C
3966,18,Female,12.5,91.8,6,8,Yes,High,Yes,5,7,62.8,Reading/Writing,95.1,A
3967,21,Male,17.2,85.3,1,9,Yes,High,Yes,4,6,70.3,Reading/Writing,98.2,A
3968,26,Male,11.9,57.3,4,3,Yes,High,Yes,4,0,52.7,Kinesthetic,73.0,C
3969,21,Male,3.1,53.8,5,7,No,High,No,3,7,94.9,Reading/Writing,58.4,D
3970,19,Male,5.8,62.4,5,7,Yes,High,Yes,3,7,92.7,Kinesthetic,71.8,C
3971,26,Female,13.2,61.2,8,4,No,High,Yes,3,1,81.1,Visual,89.7,B
3972,23,Female,3.4,66.8,10,8,Yes,High,Yes,3,1,71.5,Visual,82.4,B
3973,27,Male,11.8,54.5,3,9,Yes,High,No,4,6,95.7,Reading/Writing,85.2,B
3974,20,Male,8.0,75.6,3,7,No,High,Yes,5,5,75.1,Visual,76.1,B
3975,18,Male,19.1,95.4,9,4,No,High,No,5,4,77.7,Visual,100,A
3976,19,Female,5.8,70.2,4,9,Yes,Low,Yes,0,2,75.4,Kinesthetic,66.1,C
3977,24,Female,17.1,68.6,9,5,Yes,Low,No,4,8,87.9,Visual,100,A
3978,21,Male,5.3,85.1,5,8,No,High,Yes,0,4,96.2,Kinesthetic,68.6,C
3979,26,Male,6.7,76.4,10,2,No,Low,Yes,0,1,82.3,Auditory,86.0,B
3980,22,Male,13.0,57.8,4,5,No,High,No,0,4,55.6,Visual,76.4,B
3981,25,Female,19.4,52.6,8,10,Yes,High,Yes,2,8,47.2,Auditory,99.6,A
3982,24,Female,14.0,92.9,1,3,No,High,Yes,2,9,67.1,Kinesthetic,90.7,A
3983,28,Male,9.8,62.3,7,8,Yes,Low,Yes,4,7,43.5,Kinesthetic,74.2,C
3984,30,Male,11.9,84.1,2,3,Yes,High,No,3,5,87.7,Kinesthetic,97.5,A
3985,26,Male,8.3,63.6,1,2,No,High,No,1,2,98.3,Auditory,68.6,C
3986,23,Male,4.4,82.2,5,8,Yes,Low,Yes,3,1,97.2,Kinesthetic,67.6,C
3987,22,Female,2.1,91.3,6,2,Yes,Low,Yes,1,8,42.2,Reading/Writing,64.1,C
3988,22,Female,18.5,96.7,3,10,Yes,High,No,2,4,72.7,Kinesthetic,97.0,A
3989,26,Female,19.9,93.5,5,2,No,High,Yes,4,10,97.7,Reading/Writing,100,A
3990,19,Female,1.1,53.7,7,3,No,High,Yes,5,9,50.1,Auditory,57.3,D
3991,20,Male,10.4,73.9,2,10,No,Low,Yes,3,7,88.5,Kinesthetic,68.1,C
3992,30,Male,9.0,51.8,5,8,Yes,Low,No,0,6,52.4,Reading/Writing,72.8,C
3993,21,Male,15.7,59.3,4,3,No,Low,No,2,9,40.2,Visual,75.3,B
3994,27,Female,15.1,56.8,2,3,Yes,Low,No,0,1,51.8,Visual,75.3,B
3995,30,Male,11.7,56.6,1,7,No,Low,No,2,0,82.1,Reading/Writing,71.6,C
3996,29,Female,16.6,51.0,5,1,Yes,High,No,1,7,56.1,Auditory,87.0,B
3997,26,Male,6.6,89.5,4,7,No,High,No,3,4,50.2,Kinesthetic,66.1,C
3998,19,Male,10.6,64.9,10,6,Yes,High,Yes,5,9,97.3,Kinesthetic,100,A
3999,23,Female,16.2,87.7,4,9,Yes,Low,No,2,10,66.8,Auditory,99.5,A
4000,28,Female,8.2,70.8,9,6,No,High,No,0,8,84.9,Reading/Writing,85.2,B
4001,23,Male,17.4,96.7,1,1,No,High,Yes,2,4,92.7,Auditory,97.4,A
4002,30,Female,17.3,73.3,7,4,No,Low,No,0,7,62.1,Reading/Writing,90.4,A
4003,18,Female,14.4,64.7,3,10,Yes,Low,Yes,1,6,72.8,Visual,79.4,B
4004,19,Female,3.1,69.9,5,7,No,High,No,2,9,42.1,Reading/Writing,57.1,D
4005,19,Male,3.2,58.3,9,8,No,Low,Yes,3,4,95.8,Auditory,63.2,C
4006,19,Female,1.5,91.0,9,4,Yes,Low,No,2,7,59.6,Visual,70.0,C
4007,25,Male,8.1,92.2,10,9,Yes,High,No,4,6,43.3,Reading/Writing,92.3,A
4008,22,Female,16.9,63.5,8,3,No,High,Yes,0,1,53.9,Auditory,97.7,A
4009,26,Male,14.6,61.0,7,4,No,Low,Yes,2,1,58.0,Auditory,74.4,C
4010,18,Female,11.7,69.4,8,10,No,High,No,4,8,52.6,Auditory,83.0,B
4011,29,Female,12.4,82.2,4,6,No,Low,No,1,8,80.2,Reading/Writing,83.0,B
4012,23,Male,4.4,83.8,8,9,Yes,Low,No,1,10,79.2,Auditory,76.7,B
4013,24,Male,2.4,81.0,8,4,No,Low,Yes,0,3,76.8,Auditory,66.4,C
4014,30,Female,15.8,68.3,8,10,No,Low,Yes,5,9,40.9,Visual,77.2,B
4015,21,Male,8.0,97.7,7,5,Yes,Low,No,2,7,58.4,Auditory,77.9,B
4016,21,Female,14.0,89.9,6,10,Yes,Low,No,3,5,97.4,Auditory,93.7,A
4017,24,Female,18.1,91.4,2,5,No,High,No,1,5,99.8,Auditory,94.3,A
4018,24,Female,7.7,81.8,5,4,No,Low,Yes,0,9,72.1,Reading/Writing,81.5,B
4019,23,Female,10.9,74.7,9,4,No,Low,No,0,6,66.4,Auditory,84.5,B
4020,30,Male,9.7,67.4,5,1,No,Low,Yes,0,8,68.5,Reading/Writing,82.5,B
4021,23,Male,14.0,90.8,6,10,Yes,Low,Yes,3,0,78.5,Auditory,88.7,B
4022,30,Male,10.8,89.6,4,4,No,High,No,2,1,76.9,Visual,89.1,B
4023,20,Male,9.2,79.5,5,3,No,Low,No,0,9,59.4,Visual,72.2,C
4024,23,Female,18.8,90.0,7,6,No,High,Yes,0,2,87.2,Auditory,100,A
4025,22,Male,7.3,97.6,7,3,No,High,Yes,0,2,91.2,Reading/Writing,87.7,B
4026,21,Female,4.1,96.2,9,9,No,Low,No,5,4,80.3,Kinesthetic,76.7,B
4027,29,Female,12.3,78.6,5,5,Yes,High,No,0,0,92.1,Auditory,89.5,B
4028,25,Male,5.7,89.6,8,8,No,Low,No,3,3,73.9,Reading/Writing,77.8,B
4029,23,Female,18.9,94.2,6,9,Yes,Low,No,3,2,90.9,Visual,100,A
4030,29,Male,15.2,51.3,5,10,No,Low,No,4,8,70.3,Kinesthetic,79.4,B
4031,25,Male,17.1,77.8,9,1,No,Low,Yes,1,6,57.4,Auditory,95.4,A
4032,22,Male,8.4,62.9,10,7,Yes,Low,No,1,1,72.7,Kinesthetic,78.3,B
4033,29,Female,17.6,52.5,10,8,No,High,Yes,4,10,60.9,Kinesthetic,100,A
4034,27,Male,12.8,88.5,7,3,No,High,No,0,0,91.3,Auditory,100,A
4035,27,Female,15.8,96.6,10,7,No,High,Yes,0,2,59.5,Auditory,94.9,A
4036,19,Female,6.6,55.3,8,9,Yes,Low,No,4,5,96.6,Auditory,82.0,B
4037,26,Male,4.4,90.5,6,8,No,High,No,4,3,68.4,Auditory,81.6,B
4038,20,Female,9.2,68.5,5,6,No,High,No,4,2,52.7,Visual,75.4,B
4039,25,Female,18.4,71.4,4,9,No,Low,No,2,3,74.3,Visual,80.9,B
4040,26,Female,14.8,89.1,7,3,No,Low,No,2,4,45.2,Reading/Writing,82.2,B
4041,24,Female,15.6,77.6,5,3,No,Low,Yes,0,10,85.5,Reading/Writing,90.0,A
4042,21,Female,4.5,73.3,9,1,No,Low,Yes,1,5,79.6,Kinesthetic,77.4,B
4043,24,Female,16.8,60.4,3,4,Yes,High,No,5,10,60.7,Auditory,88.7,B
4044,20,Female,5.1,52.9,9,10,No,Low,Yes,2,5,73.2,Kinesthetic,64.1,C
4045,22,Female,16.3,74.5,10,3,No,Low,No,0,2,98.9,Kinesthetic,96.1,A
4046,30,Male,14.4,98.4,9,5,Yes,Low,Yes,2,8,66.6,Visual,100,A
4047,22,Male,17.5,61.9,1,2,No,High,No,3,0,60.4,Kinesthetic,83.9,B
4048,30,Female,2.9,62.9,7,3,Yes,High,Yes,3,7,81.3,Reading/Writing,76.7,B
4049,26,Male,9.6,60.0,6,9,Yes,Low,No,2,2,68.7,Auditory,74.1,C
4050,26,Female,16.7,92.7,1,6,No,Low,Yes,5,4,88.3,Kinesthetic,83.7,B
4051,23,Female,1.6,50.3,1,7,No,Low,Yes,1,10,52.7,Visual,42.8,F
4052,27,Female,12.6,50.4,7,5,No,Low,No,5,2,71.5,Visual,73.6,C
4053,22,Male,15.6,73.9,1,6,Yes,High,No,0,8,78.0,Reading/Writing,94.8,A
4054,30,Female,5.3,86.2,9,7,Yes,High,Yes,1,7,65.4,Kinesthetic,89.4,B
4055,28,Female,9.1,73.8,3,6,Yes,Low,No,5,7,69.1,Kinesthetic,80.4,B
4056,27,Female,14.7,62.4,5,2,No,Low,No,3,0,63.2,Kinesthetic,87.3,B
4057,20,Female,12.5,88.1,7,1,Yes,Low,No,2,10,88.7,Auditory,100,A
4058,25,Male,1.3,77.4,9,10,No,High,Yes,0,7,85.7,Auditory,69.2,C
4059,18,Female,1.4,70.9,8,6,No,Low,Yes,4,6,83.8,Visual,74.2,C
4060,24,Male,10.8,96.1,1,1,No,High,Yes,0,10,69.7,Reading/Writing,81.9,B
4061,25,Female,19.9,95.0,6,9,No,Low,Yes,2,7,52.6,Auditory,96.2,A
4062,22,Male,16.2,65.4,1,7,No,Low,Yes,1,8,79.6,Kinesthetic,82.5,B
4063,24,Female,6.7,73.9,1,7,Yes,Low,No,1,9,45.0,Auditory,65.8,C
4064,19,Male,17.0,70.1,8,1,No,High,No,1,6,99.1,Reading/Writing,100,A
4065,25,Female,3.5,51.7,5,3,No,Low,Yes,4,10,86.0,Auditory,61.5,C
4066,27,Male,12.8,54.1,3,8,No,High,Yes,3,8,49.5,Kinesthetic,65.5,C
4067,27,Male,8.4,66.9,6,3,No,High,Yes,3,3,57.9,Kinesthetic,74.7,C
4068,30,Female,15.9,55.5,10,8,No,High,No,3,1,50.6,Auditory,84.5,B
4069,22,Female,6.1,66.0,6,2,Yes,Low,No,2,7,46.2,Reading/Writing,67.2,C
4070,20,Female,9.3,55.9,3,7,No,High,No,5,7,57.5,Reading/Writing,73.1,C
4071,18,Male,15.0,95.8,3,8,Yes,Low,No,2,9,63.1,Auditory,90.5,A
4072,22,Female,3.8,66.2,3,6,Yes,High,No,5,7,58.1,Visual,75.5,B
4073,22,Male,19.1,97.7,8,7,Yes,High,No,0,6,46.1,Kinesthetic,100,A
4074,18,Female,4.8,81.8,10,3,Yes,Low,No,4,6,92.5,Auditory,88.1,B
4075,27,Male,9.9,85.0,7,8,Yes,Low,No,2,3,40.4,Kinesthetic,79.5,B
4076,27,Female,7.7,83.6,4,8,No,Low,Yes,0,8,94.1,Kinesthetic,81.2,B
4077,21,Female,15.7,60.4,10,10,No,Low,Yes,2,4,74.3,Reading/Writing,87.0,B
4078,24,Male,13.5,55.0,3,1,No,Low,No,4,7,54.1,Kinesthetic,78.0,B
4079,21,Female,8.3,55.0,3,6,No,Low,No,1,1,54.5,Auditory,51.7,D
4080,24,Male,11.6,93.8,8,6,Yes,Low,Yes,4,8,96.3,Auditory,93.8,A
4081,20,Male,17.9,55.9,6,7,Yes,High,No,4,8,95.2,Visual,100,A
4082,28,Male,11.6,68.6,5,7,No,High,No,1,7,85.4,Reading/Writing,82.5,B
4083,21,Female,3.2,87.6,9,1,Yes,Low,No,3,8,63.3,Auditory,87.3,B
4084,22,Male,20.0,67.3,8,1,Yes,Low,Yes,1,8,50.8,Kinesthetic,100,A
4085,18,Male,3.5,81.0,4,3,No,Low,No,1,3,97.7,Auditory,68.3,C
4086,22,Male,4.0,76.7,9,1,Yes,High,Yes,3,9,85.4,Auditory,95.1,A
4087,22,Male,13.0,76.4,6,6,No,High,No,0,7,96.7,Reading/Writing,87.5,B
4088,22,Female,17.9,76.4,1,7,No,Low,Yes,5,3,65.7,Visual,85.3,B
4089,18,Female,9.1,88.3,5,4,Yes,High,Yes,2,1,70.5,Reading/Writing,85.3,B
4090,24,Female,19.3,74.0,5,10,Yes,High,No,0,10,64.7,Visual,100,A
4091,18,Female,14.0,89.0,7,9,Yes,Low,No,5,2,40.5,Auditory,83.5,B
4092,20,Female,14.6,57.9,10,3,No,Low,Yes,1,7,91.0,Kinesthetic,94.0,A
4093,28,Female,3.8,56.7,7,7,Yes,High,Yes,0,5,57.8,Auditory,64.3,C
4094,26,Male,18.9,71.3,1,10,No,High,Yes,4,4,81.9,Kinesthetic,89.1,B
4095,23,Male,4.8,63.7,7,4,No,Low,Yes,1,7,61.5,Reading/Writing,64.4,C
4096,27,Female,14.8,73.5,9,8,No,High,Yes,1,6,68.2,Reading/Writing,91.4,A
4097,23,Female,16.3,72.3,3,2,No,Low,Yes,4,2,89.5,Visual,94.2,A
4098,28,Male,1.6,97.2,8,1,Yes,Low,No,0,4,54.3,Kinesthetic,77.8,B
4099,21,Female,2.6,58.8,7,7,No,Low,Yes,2,9,94.8,Visual,63.8,C
4100,30,Female,10.6,80.6,7,2,Yes,Low,Yes,0,4,63.7,Reading/Writing,81.2,B
4101,25,Male,2.8,70.3,2,4,No,High,Yes,2,10,77.9,Visual,74.1,C
4102,26,Female,19.3,59.4,3,4,No,Low,Yes,5,2,77.5,Reading/Writing,81.1,B
4103,18,Male,19.3,70.1,8,5,Yes,Low,No,4,1,89.5,Kinesthetic,97.6,A
4104,27,Male,3.1,70.7,2,6,No,High,Yes,5,5,81.1,Kinesthetic,72.5,C
4105,19,Female,3.0,85.2,6,7,No,High,No,5,5,48.4,Reading/Writing,69.1,C
4106,26,Male,14.3,56.0,4,9,Yes,High,Yes,5,5,78.6,Visual,78.1,B
4107,18,Female,6.7,95.5,5,9,Yes,Low,Yes,3,2,53.2,Auditory,70.3,C
4108,25,Female,17.9,81.3,3,9,Yes,Low,No,0,5,82.4,Visual,84.6,B
4109,28,Female,12.7,50.2,2,6,Yes,Low,No,2,3,48.8,Reading/Writing,63.9,C
4110,28,Male,5.4,96.6,2,5,Yes,High,Yes,0,8,92.3,Visual,78.3,B
4111,27,Male,19.4,52.4,3,10,Yes,Low,Yes,4,8,56.9,Kinesthetic,88.5,B
4112,18,Female,5.8,52.9,3,10,No,High,Yes,4,6,75.3,Visual,68.0,C
4113,21,Female,13.3,88.2,10,9,No,High,No,2,0,85.8,Kinesthetic,100,A
4114,27,Male,5.0,96.6,7,1,No,Low,Yes,5,5,70.8,Auditory,87.5,B
4115,28,Male,3.7,76.9,10,6,Yes,High,No,1,3,52.9,Visual,78.3,B
4116,20,Male,4.9,66.1,10,8,Yes,High,No,1,5,62.0,Auditory,81.4,B
4117,18,Male,18.6,88.8,7,3,Yes,High,Yes,3,10,75.9,Kinesthetic,100,A
4118,21,Female,10.3,54.1,6,6,Yes,High,No,4,10,77.8,Reading/Writing,80.9,B
4119,29,Female,13.7,97.6,4,7,No,Low,No,5,4,50.5,Visual,82.2,B
4120,26,Female,16.1,66.9,5,2,Yes,High,No,3,8,69.7,Visual,94.9,A
4121,21,Male,18.9,71.7,6,2,Yes,Low,No,4,2,50.0,Reading/Writing,93.5,A
4122,19,Female,12.7,65.5,1,7,No,High,Yes,5,6,46.3,Reading/Writing,70.2,C
4123,20,Female,19.5,71.3,3,4,No,Low,No,0,3,83.4,Auditory,95.3,A
4124,29,Female,17.5,59.1,5,3,Yes,Low,No,5,3,74.7,Kinesthetic,88.7,B
4125,19,Male,1.5,96.3,2,6,Yes,Low,Yes,5,10,66.1,Kinesthetic,67.6,C
4126,28,Male,5.1,70.5,4,10,Yes,High,No,1,7,72.2,Visual,71.6,C
4127,30,Female,10.8,69.7,1,2,No,Low,Yes,2,6,93.9,Auditory,81.1,B
4128,22,Female,11.3,70.1,3,10,Yes,Low,Yes,1,7,73.4,Auditory,68.0,C
4129,25,Male,5.7,53.5,4,8,No,Low,No,1,8,68.8,Kinesthetic,55.0,D
4130,24,Female,9.9,79.3,8,3,Yes,High,Yes,2,1,94.3,Reading/Writing,94.2,A
4131,27,Female,3.6,57.7,1,8,No,Low,Yes,4,6,87.7,Visual,54.0,D
4132,21,Male,3.7,71.5,2,6,Yes,Low,No,1,3,91.6,Kinesthetic,70.7,C
4133,29,Female,1.8,78.0,9,3,Yes,High,No,4,4,74.9,Auditory,87.5,B
4134,20,Male,19.3,79.7,2,6,Yes,Low,Yes,3,5,91.7,Auditory,100,A
4135,25,Male,16.6,68.0,8,5,No,Low,Yes,5,8,58.7,Visual,87.6,B
4136,22,Female,3.4,90.3,4,4,No,High,Yes,3,8,76.8,Reading/Writing,73.8,C
4137,19,Male,10.7,86.0,7,9,No,High,Yes,0,10,69.4,Auditory,82.2,B
4138,24,Female,17.5,77.9,8,10,Yes,Low,No,4,9,55.4,Kinesthetic,92.0,A
4139,23,Male,8.9,84.5,7,10,No,High,No,4,7,97.7,Kinesthetic,82.8,B
4140,26,Female,19.6,58.7,3,8,Yes,High,Yes,0,1,60.1,Visual,91.8,A
4141,19,Male,6.8,86.0,5,6,No,High,No,0,6,77.0,Auditory,84.5,B
4142,20,Male,6.4,77.1,1,9,No,High,Yes,3,1,93.6,Auditory,71.8,C
4143,20,Male,18.3,82.8,6,4,Yes,Low,No,4,4,43.5,Kinesthetic,94.5,A
4144,24,Female,9.5,55.3,3,3,No,Low,Yes,0,5,86.1,Auditory,73.8,C
4145,25,Female,14.9,54.8,1,10,Yes,Low,No,0,9,68.0,Reading/Writing,68.4,C
4146,18,Male,16.9,69.0,10,6,Yes,High,No,4,8,77.7,Kinesthetic,100,A
4147,23,Male,17.9,77.7,7,3,Yes,Low,No,1,8,84.8,Reading/Writing,100,A
4148,19,Female,7.9,91.3,10,10,No,Low,Yes,5,2,48.2,Visual,79.0,B
4149,18,Male,14.7,71.1,2,7,Yes,Low,Yes,4,2,91.6,Visual,90.1,A
4150,19,Male,4.0,71.4,6,4,No,Low,Yes,3,0,68.9,Visual,64.1,C
4151,26,Male,16.3,76.1,10,1,Yes,Low,No,1,5,83.8,Visual,100,A
4152,25,Female,19.2,94.4,2,1,Yes,High,Yes,3,2,77.3,Auditory,100,A
4153,22,Female,4.7,68.9,5,5,No,High,No,0,1,94.7,Auditory,73.6,C
4154,18,Female,1.0,75.9,10,1,Yes,High,Yes,0,4,50.4,Kinesthetic,82.4,B
4155,30,Male,2.0,89.8,5,4,No,High,Yes,2,9,52.9,Reading/Writing,72.6,C
4156,19,Female,11.6,81.7,10,8,No,Low,No,1,0,91.3,Auditory,84.4,B
4157,30,Male,4.7,66.7,5,3,Yes,High,Yes,2,9,92.0,Reading/Writing,80.2,B
4158,21,Male,12.4,69.8,6,8,No,Low,No,1,6,57.7,Reading/Writing,80.3,B
4159,26,Female,11.5,70.0,9,10,No,Low,No,1,8,52.6,Visual,72.5,C
4160,24,Male,3.1,88.2,3,8,No,Low,No,2,3,94.4,Reading/Writing,69.2,C
4161,20,Female,8.9,85.9,9,9,Yes,High,No,0,4,94.9,Auditory,85.0,B
4162,24,Female,1.2,80.2,5,1,No,Low,Yes,2,2,91.2,Auditory,61.8,C
4163,30,Male,14.1,97.1,9,7,No,High,No,1,8,72.3,Auditory,100,A
4164,27,Female,4.0,99.8,10,8,Yes,Low,No,3,7,92.4,Visual,94.7,A
4165,29,Female,18.0,73.8,2,10,No,Low,No,1,6,88.0,Auditory,90.4,A
4166,19,Female,11.1,88.5,1,8,Yes,Low,No,0,5,81.2,Kinesthetic,76.3,B
4167,28,Male,3.5,89.0,2,7,Yes,High,Yes,2,9,99.1,Visual,71.0,C
4168,25,Female,8.0,57.0,8,5,Yes,Low,No,0,2,76.0,Kinesthetic,81.4,B
4169,23,Male,1.7,93.7,6,9,Yes,Low,No,4,9,94.0,Reading/Writing,81.6,B
4170,21,Male,4.2,65.4,7,3,No,Low,Yes,5,6,90.4,Kinesthetic,69.5,C
4171,23,Female,5.3,59.8,4,3,Yes,Low,Yes,5,4,50.3,Visual,66.7,C
4172,21,Male,19.0,69.7,3,3,No,Low,No,5,0,84.1,Auditory,91.4,A
4173,18,Male,4.7,93.1,8,2,No,Low,Yes,2,4,50.0,Reading/Writing,83.4,B
4174,27,Male,10.0,51.8,5,7,Yes,Low,No,4,1,68.8,Reading/Writing,79.1,B
4175,27,Female,17.5,55.6,5,7,No,High,No,4,9,63.1,Reading/Writing,82.7,B
4176,22,Male,6.5,82.0,6,5,No,Low,Yes,1,9,40.5,Visual,69.9,C
4177,27,Female,18.9,86.5,9,2,Yes,High,Yes,2,7,66.4,Auditory,100,A
4178,27,Female,15.3,67.2,10,2,No,High,No,1,6,80.1,Reading/Writing,100,A
4179,18,Male,7.5,69.3,6,9,No,Low,No,5,2,51.3,Reading/Writing,61.1,C
4180,26,Female,17.8,64.2,1,9,No,Low,Yes,2,2,74.9,Reading/Writing,79.1,B
4181,25,Male,18.6,52.2,9,1,Yes,Low,Yes,2,9,74.4,Kinesthetic,98.4,A
4182,19,Male,3.2,60.5,5,6,No,Low,Yes,4,9,77.8,Reading/Writing,68.7,C
4183,18,Male,12.5,78.1,2,3,Yes,Low,No,0,2,74.7,Auditory,80.0,B
4184,24,Female,4.8,64.0,8,2,No,High,No,0,8,41.0,Kinesthetic,74.8,C
4185,20,Female,12.3,55.1,10,10,No,High,No,3,1,63.8,Reading/Writing,79.2,B
4186,21,Male,12.0,95.6,1,9,No,Low,No,5,2,85.4,Kinesthetic,80.5,B
4187,28,Female,10.2,86.5,10,4,Yes,Low,Yes,4,7,64.5,Reading/Writing,99.8,A
4188,21,Male,6.7,52.9,7,5,No,Low,No,4,9,76.8,Auditory,75.2,B
4189,25,Male,4.6,98.4,9,3,No,High,Yes,3,7,80.8,Visual,84.4,B
4190,18,Female,12.4,87.1,4,5,Yes,Low,No,4,5,69.3,Auditory,83.0,B
4191,28,Male,19.6,90.4,4,2,Yes,High,No,0,10,75.8,Auditory,100,A
4192,28,Male,18.7,53.6,4,4,Yes,High,No,0,2,75.6,Kinesthetic,84.7,B
4193,30,Female,18.8,70.0,5,8,No,Low,No,4,8,77.5,Visual,96.2,A
4194,28,Female,19.1,70.5,1,7,No,High,Yes,2,10,46.5,Auditory,82.0,B
4195,19,Female,5.7,75.2,6,9,Yes,Low,Yes,4,9,45.6,Auditory,74.9,C
4196,22,Female,10.1,91.4,4,4,Yes,Low,No,5,4,75.8,Visual,82.5,B
4197,29,Male,16.2,73.3,4,8,No,Low,No,4,4,92.2,Auditory,90.3,A
4198,21,Male,14.1,56.7,10,2,Yes,High,Yes,3,2,85.8,Visual,91.6,A
4199,19,Female,10.3,87.4,3,5,No,High,Yes,5,7,55.8,Reading/Writing,84.2,B
4200,26,Female,14.8,58.3,2,6,Yes,Low,Yes,4,1,67.4,Visual,77.3,B
4201,19,Female,13.9,76.7,1,1,No,High,Yes,5,6,72.6,Visual,90.3,A
4202,25,Female,14.8,68.4,7,9,Yes,Low,Yes,3,4,44.8,Auditory,83.8,B
4203,25,Male,18.4,51.7,6,7,No,Low,Yes,1,10,95.2,Kinesthetic,95.0,A
4204,26,Male,16.2,54.5,10,10,Yes,Low,Yes,3,10,61.4,Kinesthetic,91.2,A
4205,28,Female,13.3,94.6,1,1,No,High,No,3,3,53.0,Auditory,83.1,B
4206,27,Male,15.0,55.3,7,8,Yes,High,Yes,4,1,90.2,Auditory,94.9,A
4207,22,Male,5.1,57.4,5,5,No,High,Yes,4,1,61.1,Auditory,61.9,C
4208,30,Male,3.2,78.9,1,5,Yes,Low,No,2,9,77.6,Reading/Writing,68.7,C
4209,20,Female,1.2,75.4,5,5,No,Low,No,3,10,60.3,Auditory,55.5,D
4210,26,Female,4.8,93.0,2,1,Yes,High,Yes,2,4,87.5,Kinesthetic,75.4,B
4211,19,Male,13.5,62.5,2,7,No,High,No,3,3,46.9,Visual,82.1,B
4212,18,Female,8.5,59.7,7,10,No,Low,No,2,9,84.5,Visual,65.7,C
4213,19,Female,5.8,94.7,2,5,No,Low,Yes,3,1,77.7,Auditory,67.7,C
4214,22,Female,5.0,68.4,9,2,No,Low,No,5,6,44.0,Auditory,70.3,C
4215,30,Male,17.0,52.1,4,9,No,High,No,5,4,46.5,Kinesthetic,78.3,B
4216,23,Female,11.6,51.5,4,4,Yes,Low,Yes,3,4,95.8,Auditory,81.2,B
4217,20,Female,4.4,72.1,2,8,Yes,Low,Yes,3,3,48.0,Reading/Writing,62.5,C
4218,27,Female,7.3,73.5,9,10,Yes,Low,Yes,5,1,44.3,Reading/Writing,72.7,C
4219,28,Female,14.4,55.0,9,8,Yes,Low,No,1,5,62.3,Kinesthetic,80.0,B
4220,23,Female,11.4,67.8,6,9,No,Low,Yes,5,5,50.1,Auditory,76.7,B
4221,23,Female,9.3,52.1,4,6,Yes,Low,No,3,1,40.9,Kinesthetic,69.5,C
4222,20,Female,18.3,74.0,6,6,No,High,No,2,8,77.8,Reading/Writing,100,A
4223,21,Female,8.0,57.0,8,10,Yes,Low,Yes,4,3,47.1,Kinesthetic,70.5,C
4224,23,Female,13.2,90.6,5,3,No,Low,No,4,4,83.6,Kinesthetic,86.1,B
4225,25,Female,19.3,88.9,9,9,Yes,Low,No,3,4,96.7,Auditory,100,A
4226,23,Female,3.1,51.5,7,6,No,High,No,0,1,55.2,Reading/Writing,58.8,D
4227,28,Male,18.2,91.8,3,7,No,High,No,3,4,67.1,Reading/Writing,97.1,A
4228,28,Female,11.5,86.3,4,4,No,High,No,4,5,88.0,Reading/Writing,88.2,B
4229,27,Male,18.0,95.4,6,6,No,High,Yes,3,8,56.0,Kinesthetic,97.7,A
4230,30,Female,5.9,84.0,3,5,No,High,Yes,5,1,83.8,Auditory,79.5,B
4231,24,Male,19.4,54.4,1,1,No,Low,Yes,3,3,85.9,Visual,81.1,B
4232,26,Male,11.4,61.5,1,9,No,Low,No,4,0,64.8,Kinesthetic,72.0,C
4233,18,Female,8.0,62.2,2,3,Yes,Low,Yes,4,3,82.2,Reading/Writing,80.0,B
4234,22,Male,9.6,78.2,9,8,Yes,Low,Yes,3,1,50.9,Kinesthetic,83.8,B
4235,19,Female,7.2,87.6,2,10,No,Low,No,3,8,65.2,Kinesthetic,66.9,C
4236,28,Female,15.0,87.8,5,3,Yes,Low,Yes,4,1,92.0,Auditory,99.0,A
4237,21,Male,11.1,80.3,2,1,Yes,High,No,2,8,51.2,Reading/Writing,89.9,B
4238,29,Male,5.0,94.9,2,6,Yes,Low,Yes,5,2,88.4,Reading/Writing,82.3,B
4239,20,Female,6.0,82.8,4,5,No,Low,Yes,5,1,86.9,Reading/Writing,71.2,C
4240,28,Female,6.2,82.7,2,6,Yes,Low,No,2,7,77.1,Auditory,75.9,B
4241,22,Male,5.5,56.5,6,4,Yes,High,No,3,3,91.4,Kinesthetic,80.9,B
4242,27,Male,7.6,53.9,3,3,No,High,No,3,5,82.1,Auditory,78.6,B
4243,19,Male,13.6,68.7,3,5,No,High,No,2,10,77.0,Visual,82.9,B
4244,25,Male,16.9,94.6,2,9,Yes,High,Yes,3,5,93.1,Visual,94.0,A
4245,18,Female,13.7,87.6,6,9,Yes,Low,Yes,2,0,99.1,Reading/Writing,86.4,B
4246,28,Male,5.3,79.8,2,4,No,High,No,4,1,67.0,Kinesthetic,63.8,C
4247,19,Female,12.2,90.9,7,4,Yes,Low,Yes,3,3,97.6,Reading/Writing,91.3,A
4248,27,Male,3.6,87.3,5,7,Yes,High,Yes,2,5,54.9,Auditory,72.1,C
4249,21,Male,15.8,60.6,3,7,No,High,No,1,0,52.2,Auditory,80.1,B
4250,27,Female,17.6,58.6,8,3,No,High,No,1,3,57.5,Reading/Writing,85.8,B
4251,30,Male,9.2,63.9,7,3,Yes,Low,Yes,2,8,96.3,Auditory,82.1,B
4252,24,Male,8.3,55.4,10,3,No,Low,No,4,6,96.0,Visual,88.2,B
4253,21,Male,2.4,83.3,5,8,Yes,High,No,5,8,85.6,Visual,79.7,B
4254,29,Male,18.0,68.4,7,6,No,Low,No,4,7,88.7,Kinesthetic,93.9,A
4255,18,Female,9.7,96.1,9,9,No,High,No,4,5,48.9,Kinesthetic,92.2,A
4256,28,Male,17.0,78.4,9,3,Yes,High,No,1,8,96.9,Kinesthetic,100,A
4257,26,Female,4.0,68.6,10,4,No,Low,No,2,7,87.0,Visual,78.4,B
4258,19,Female,6.5,63.1,4,3,No,High,Yes,4,6,96.5,Reading/Writing,72.1,C
4259,29,Female,6.0,80.3,1,4,Yes,Low,Yes,1,1,59.6,Reading/Writing,63.7,C
4260,24,Female,2.5,93.1,3,1,No,High,No,2,6,77.5,Auditory,67.6,C
4261,25,Female,9.6,58.3,4,9,No,Low,Yes,1,8,50.0,Reading/Writing,67.7,C
4262,18,Female,18.8,52.6,8,4,Yes,High,No,4,1,48.7,Reading/Writing,98.6,A
4263,26,Male,18.9,74.2,8,2,Yes,Low,No,1,8,80.8,Visual,100,A
4264,22,Male,10.9,61.9,7,2,Yes,Low,No,3,10,79.2,Kinesthetic,83.5,B
4265,20,Female,14.4,73.8,6,4,No,Low,No,0,10,94.0,Kinesthetic,88.6,B
4266,24,Female,2.8,83.2,8,7,No,High,Yes,5,10,92.0,Kinesthetic,79.9,B
4267,26,Male,4.3,51.5,3,5,Yes,Low,Yes,2,10,84.5,Reading/Writing,58.3,D
4268,19,Female,3.4,72.1,3,1,No,High,Yes,0,9,64.7,Auditory,73.0,C
4269,18,Female,1.9,55.8,4,5,Yes,Low,Yes,0,8,79.0,Kinesthetic,65.3,C
4270,26,Male,11.6,85.8,5,8,Yes,Low,No,5,1,91.1,Visual,85.3,B
4271,18,Female,13.9,71.3,3,1,No,Low,No,4,8,90.1,Visual,83.7,B
4272,21,Female,14.9,60.3,8,10,Yes,High,Yes,2,3,94.1,Reading/Writing,90.4,A
4273,27,Female,2.8,100.0,1,10,Yes,Low,No,0,8,62.5,Visual,71.6,C
4274,23,Male,3.3,54.0,3,9,Yes,Low,No,5,4,86.4,Visual,60.4,C
4275,26,Female,14.3,95.8,9,3,No,High,Yes,0,5,70.2,Visual,100,A
4276,21,Male,11.3,73.4,5,1,No,Low,No,2,2,81.4,Auditory,88.4,B
4277,21,Female,15.6,50.0,1,4,Yes,Low,Yes,3,6,49.1,Kinesthetic,73.4,C
4278,26,Female,15.6,98.1,4,6,Yes,High,No,3,8,91.8,Auditory,100,A
4279,27,Female,1.6,92.8,7,1,No,Low,No,5,8,65.9,Auditory,69.4,C
4280,26,Female,12.2,88.5,4,2,Yes,High,Yes,3,3,80.4,Kinesthetic,100,A
4281,30,Female,6.1,82.8,9,1,No,Low,No,5,3,90.4,Kinesthetic,83.9,B
4282,25,Female,17.0,66.3,10,3,Yes,High,Yes,5,2,81.4,Auditory,100,A
4283,24,Female,10.0,59.9,1,5,No,Low,No,3,2,71.6,Reading/Writing,67.5,C
4284,20,Male,6.5,80.5,1,3,No,Low,No,3,0,56.7,Visual,67.6,C
4285,28,Male,5.8,72.8,4,8,No,Low,Yes,0,0,99.2,Visual,59.3,D
4286,23,Male,1.5,68.6,2,3,No,High,Yes,5,9,58.2,Kinesthetic,58.1,D
4287,22,Male,16.0,99.8,6,10,Yes,Low,Yes,2,9,71.6,Auditory,100,A
4288,24,Male,6.0,85.0,2,8,No,Low,Yes,1,0,49.4,Kinesthetic,61.0,C
4289,22,Male,8.9,74.1,5,7,No,High,No,1,0,71.7,Visual,67.6,C
4290,25,Male,15.2,55.1,9,5,Yes,Low,No,4,6,88.2,Auditory,95.4,A
4291,26,Female,2.4,63.3,10,4,No,Low,Yes,2,9,53.2,Visual,66.3,C
4292,19,Female,1.8,72.0,9,2,No,High,Yes,3,8,69.0,Kinesthetic,79.0,B
4293,21,Female,14.8,51.6,4,7,No,Low,Yes,3,7,78.1,Kinesthetic,84.4,B
4294,23,Female,8.2,94.0,2,1,No,High,Yes,5,6,73.5,Reading/Writing,81.6,B
4295,25,Male,6.2,75.3,10,3,Yes,High,No,2,9,75.5,Visual,87.5,B
4296,20,Male,2.4,80.7,8,8,No,High,Yes,1,10,98.5,Kinesthetic,75.1,B
4297,25,Male,14.7,73.8,6,5,No,Low,No,2,5,66.8,Kinesthetic,86.7,B
4298,21,Male,13.2,71.1,3,7,No,High,No,0,4,90.1,Kinesthetic,82.9,B
4299,25,Male,6.6,93.2,9,1,Yes,Low,Yes,3,4,53.6,Auditory,85.5,B
4300,19,Male,1.3,68.4,9,5,Yes,High,Yes,4,9,62.6,Visual,75.4,B
4301,25,Male,6.5,99.3,9,7,Yes,Low,No,1,5,92.9,Auditory,84.1,B
4302,26,Female,16.4,90.6,7,2,Yes,High,Yes,0,0,84.7,Kinesthetic,100,A
4303,26,Male,19.8,59.1,10,2,Yes,High,No,2,6,65.4,Reading/Writing,100,A
4304,27,Male,15.3,74.0,1,9,No,Low,No,2,2,86.0,Reading/Writing,77.5,B
4305,22,Male,1.9,77.6,5,10,No,Low,Yes,4,8,63.0,Reading/Writing,60.7,C
4306,19,Female,18.7,64.6,2,7,Yes,Low,Yes,0,3,71.1,Reading/Writing,83.1,B
4307,29,Female,17.6,65.4,10,9,Yes,High,Yes,2,7,52.2,Auditory,96.9,A
4308,19,Male,6.4,68.5,10,9,No,High,Yes,1,1,76.5,Kinesthetic,71.0,C
4309,18,Male,14.4,62.1,8,10,Yes,High,No,3,2,64.1,Reading/Writing,92.1,A
4310,20,Male,3.5,85.7,7,8,Yes,High,No,2,5,81.9,Kinesthetic,81.4,B
4311,30,Male,11.4,93.7,10,4,Yes,High,Yes,2,6,75.4,Auditory,98.8,A
4312,28,Male,14.0,75.9,7,6,No,High,No,4,8,66.0,Reading/Writing,99.3,A
4313,20,Male,16.9,62.1,6,9,Yes,High,No,3,7,73.7,Auditory,99.0,A
4314,29,Male,8.0,74.1,10,6,No,Low,Yes,2,1,72.2,Auditory,85.0,B
4315,22,Female,13.3,52.1,1,9,No,Low,No,0,4,85.2,Auditory,71.1,C
4316,30,Female,2.2,69.7,1,1,Yes,Low,Yes,4,7,74.3,Reading/Writing,69.4,C
4317,27,Male,2.1,81.4,6,1,Yes,Low,No,3,9,48.7,Reading/Writing,74.1,C
4318,19,Female,13.5,50.1,8,6,Yes,High,Yes,4,9,95.4,Kinesthetic,89.5,B
4319,19,Male,7.7,79.3,6,2,No,Low,Yes,3,9,45.1,Reading/Writing,68.8,C
4320,20,Female,15.6,88.1,5,6,Yes,Low,Yes,2,5,52.9,Auditory,92.7,A
4321,23,Female,8.4,50.5,9,10,Yes,High,Yes,3,6,98.9,Auditory,74.6,C
4322,21,Female,19.2,97.6,10,10,No,Low,Yes,3,3,71.2,Visual,100,A
4323,26,Female,4.6,87.8,3,7,Yes,High,No,2,0,74.6,Auditory,71.4,C
4324,29,Male,3.6,53.5,9,4,Yes,Low,No,4,3,88.9,Kinesthetic,75.4,B
4325,18,Female,6.2,84.0,10,3,No,Low,No,4,9,72.6,Visual,90.6,A
4326,25,Male,13.4,79.0,10,3,No,High,Yes,3,1,82.9,Reading/Writing,99.9,A
4327,29,Male,11.8,86.5,9,3,Yes,Low,No,2,10,52.5,Auditory,90.1,A
4328,21,Female,8.7,53.4,8,10,No,High,Yes,5,8,83.8,Reading/Writing,80.3,B
4329,25,Female,13.0,83.4,1,2,No,Low,Yes,2,0,48.3,Kinesthetic,77.4,B
4330,23,Female,18.0,51.4,1,10,Yes,Low,No,5,7,91.3,Auditory,88.0,B
4331,18,Female,1.0,68.4,10,9,Yes,High,Yes,0,4,69.0,Visual,76.5,B
4332,20,Male,7.0,60.0,5,2,No,High,No,0,7,52.0,Reading/Writing,78.3,B
4333,19,Female,14.0,58.3,7,8,Yes,High,Yes,4,9,75.9,Auditory,87.4,B
4334,24,Male,19.5,82.2,5,8,No,High,Yes,3,0,73.1,Auditory,91.6,A
4335,23,Male,3.6,92.2,7,4,No,High,No,1,1,75.3,Visual,78.8,B
4336,19,Male,13.2,65.1,6,4,No,High,No,3,2,77.2,Kinesthetic,91.5,A
4337,29,Female,4.5,84.3,1,7,Yes,Low,Yes,5,8,77.4,Reading/Writing,62.6,C
4338,21,Female,4.0,85.4,2,4,Yes,Low,No,3,8,92.5,Auditory,73.9,C
4339,28,Male,2.4,80.1,5,9,No,High,No,5,8,57.5,Visual,60.2,C
4340,20,Female,4.5,88.7,5,8,No,High,No,5,3,74.0,Visual,71.1,C
4341,21,Male,12.0,96.3,2,8,No,Low,No,0,3,85.0,Auditory,80.4,B
4342,21,Male,9.4,67.4,10,5,No,Low,No,0,0,70.6,Visual,76.1,B
4343,19,Female,19.4,50.6,4,3,No,Low,Yes,2,5,74.3,Visual,87.1,B
4344,29,Male,14.5,73.9,10,9,Yes,Low,No,5,0,42.2,Auditory,81.1,B
4345,26,Male,10.5,59.0,1,2,Yes,Low,No,2,8,82.3,Kinesthetic,76.5,B
4346,26,Male,11.5,82.4,8,2,Yes,High,Yes,4,2,89.3,Reading/Writing,100,A
4347,22,Male,4.1,54.3,2,5,Yes,High,No,5,4,97.0,Visual,74.1,C
4348,18,Female,9.8,81.6,6,4,Yes,Low,Yes,1,0,92.7,Auditory,79.8,B
4349,18,Female,10.5,53.0,7,4,No,Low,No,3,0,74.9,Kinesthetic,72.6,C
4350,30,Male,5.9,69.5,5,8,No,Low,Yes,3,7,52.8,Visual,63.9,C
4351,25,Male,13.0,63.8,9,2,Yes,Low,Yes,5,4,52.1,Visual,96.7,A
4352,18,Female,13.5,95.3,10,8,Yes,Low,Yes,3,4,78.4,Visual,98.7,A
4353,30,Male,9.3,81.2,2,8,Yes,Low,No,1,10,47.4,Kinesthetic,65.9,C
4354,27,Male,3.7,62.4,9,10,Yes,Low,No,3,5,52.4,Visual,69.8,C
4355,19,Female,13.7,86.7,7,3,No,Low,No,5,1,63.9,Auditory,88.1,B
4356,20,Female,12.8,97.7,2,6,No,Low,Yes,0,3,98.1,Visual,79.3,B
4357,27,Female,7.6,53.0,7,5,No,Low,No,3,4,57.6,Visual,60.8,C
4358,27,Male,1.2,58.1,1,5,No,High,Yes,5,10,89.8,Auditory,53.8,D
4359,22,Female,9.4,66.2,4,10,No,Low,Yes,1,2,68.4,Auditory,60.7,C
4360,27,Male,19.1,71.1,2,6,Yes,Low,Yes,3,4,84.4,Kinesthetic,85.0,B
4361,29,Female,2.1,76.4,3,7,No,Low,Yes,1,9,60.2,Reading/Writing,60.2,C
4362,25,Male,9.2,72.3,7,8,No,High,Yes,0,0,89.8,Visual,77.8,B
4363,26,Male,8.0,62.5,8,3,Yes,Low,No,1,7,57.1,Visual,75.5,B
4364,18,Female,4.1,92.6,10,6,Yes,High,Yes,3,2,59.8,Reading/Writing,84.2,B
4365,27,Male,4.8,59.5,6,1,No,Low,No,4,9,60.4,Visual,73.2,C
4366,21,Male,18.9,50.8,4,10,No,High,Yes,5,5,71.6,Kinesthetic,87.3,B
4367,28,Female,11.3,97.3,9,2,Yes,High,No,1,5,68.7,Visual,99.9,A
4368,23,Female,4.7,61.0,3,4,Yes,High,Yes,4,5,41.0,Kinesthetic,64.6,C
4369,24,Male,2.8,84.5,10,8,No,High,No,4,1,85.1,Visual,74.0,C
4370,18,Female,19.0,87.2,6,3,Yes,Low,Yes,3,6,99.3,Visual,100,A
4371,30,Male,9.4,63.1,9,9,No,High,Yes,1,9,81.3,Visual,87.0,B
4372,21,Male,1.0,68.7,8,6,Yes,High,No,1,6,71.8,Reading/Writing,65.2,C
4373,26,Female,16.5,61.0,3,4,No,High,No,3,4,81.7,Visual,88.4,B
4374,19,Female,5.4,80.4,6,8,No,High,Yes,5,8,88.6,Kinesthetic,81.3,B
4375,22,Male,8.8,82.1,1,6,No,High,Yes,0,7,40.5,Auditory,71.7,C
4376,20,Male,17.9,83.2,1,2,No,Low,Yes,0,9,82.3,Auditory,85.0,B
4377,22,Male,4.6,61.6,8,2,No,High,No,1,8,55.0,Visual,79.1,B
4378,21,Male,8.5,83.0,1,7,Yes,High,No,1,6,60.6,Kinesthetic,74.6,C
4379,28,Male,4.4,65.3,9,9,No,High,No,5,4,70.0,Kinesthetic,66.5,C
4380,24,Female,19.3,96.1,6,1,Yes,High,No,0,6,45.9,Visual,100,A
4381,21,Male,7.5,80.7,9,7,No,High,No,2,3,83.8,Reading/Writing,79.2,B
4382,22,Female,15.1,60.2,9,5,No,Low,No,0,10,95.9,Visual,91.3,A
4383,21,Male,15.1,55.9,2,5,No,Low,Yes,2,0,72.6,Reading/Writing,72.1,C
4384,24,Female,3.5,68.3,2,7,Yes,Low,Yes,1,9,70.5,Visual,58.3,D
4385,26,Female,8.9,98.8,8,9,Yes,High,Yes,5,1,49.7,Kinesthetic,86.0,B
4386,22,Male,18.0,98.5,1,7,Yes,Low,No,2,4,71.5,Reading/Writing,92.4,A
4387,18,Male,15.1,66.3,5,5,No,Low,No,2,3,84.3,Visual,81.7,B
4388,22,Male,15.8,54.8,3,6,Yes,Low,No,1,9,84.1,Auditory,78.5,B
4389,26,Female,14.6,62.0,10,4,No,High,No,4,2,94.3,Kinesthetic,98.7,A
4390,26,Male,14.8,58.3,9,6,Yes,Low,Yes,5,5,60.6,Reading/Writing,91.9,A
4391,29,Male,8.8,98.7,5,4,No,High,No,2,3,42.2,Kinesthetic,77.5,B
4392,25,Female,9.9,96.9,9,3,Yes,Low,No,5,1,58.1,Kinesthetic,91.8,A
4393,25,Male,10.1,58.0,1,8,Yes,Low,Yes,3,5,79.7,Kinesthetic,72.3,C
4394,30,Male,14.6,77.9,7,10,No,Low,No,4,0,63.2,Auditory,78.4,B
4395,24,Female,9.5,97.0,10,6,No,High,Yes,0,10,97.6,Visual,100,A
4396,20,Female,1.3,79.0,2,2,Yes,High,Yes,3,6,62.0,Auditory,66.5,C
4397,26,Female,3.2,92.1,10,10,No,Low,No,0,8,57.1,Visual,64.2,C
4398,30,Male,8.3,74.1,9,1,No,Low,No,1,3,68.1,Auditory,78.6,B
4399,23,Female,10.0,64.9,9,5,Yes,High,Yes,4,1,56.0,Auditory,81.6,B
4400,24,Male,14.1,74.8,5,4,Yes,High,No,1,10,80.1,Kinesthetic,94.9,A
4401,27,Male,10.3,99.9,4,6,No,High,No,4,10,60.1,Visual,90.6,A
4402,23,Male,13.4,97.1,3,1,Yes,Low,No,5,1,51.5,Kinesthetic,97.5,A
4403,22,Female,17.1,96.6,5,5,Yes,Low,No,1,10,77.6,Reading/Writing,96.3,A
4404,28,Male,8.8,98.1,2,5,No,Low,No,5,1,83.4,Reading/Writing,74.5,C
4405,25,Male,9.1,86.6,9,7,Yes,High,No,1,4,81.2,Kinesthetic,90.4,A
4406,19,Female,3.4,81.0,10,10,No,Low,Yes,1,3,69.7,Auditory,72.5,C
4407,28,Male,1.2,51.8,1,1,No,High,No,2,9,97.4,Auditory,58.6,D
4408,26,Female,16.5,89.2,3,4,No,Low,Yes,0,9,71.6,Reading/Writing,91.9,A
4409,26,Male,19.7,60.8,5,3,No,High,Yes,0,3,45.9,Visual,88.8,B
4410,19,Male,13.9,91.7,9,9,No,High,No,1,8,98.6,Reading/Writing,100,A
4411,19,Male,14.8,51.3,9,9,Yes,High,No,3,5,83.5,Kinesthetic,93.2,A
4412,26,Female,11.0,82.2,10,10,No,Low,No,1,3,43.8,Reading/Writing,82.7,B
4413,24,Female,18.4,68.4,5,7,No,High,Yes,2,10,82.8,Auditory,100,A
4414,28,Male,5.5,71.5,3,7,No,Low,No,1,6,77.0,Reading/Writing,65.4,C
4415,21,Male,1.6,83.7,7,3,No,Low,Yes,1,0,73.2,Auditory,72.2,C
4416,24,Female,12.3,92.2,7,5,Yes,High,No,0,6,44.0,Reading/Writing,90.6,A
4417,28,Female,2.7,73.2,7,3,No,Low,Yes,5,1,96.1,Auditory,78.1,B
4418,22,Male,14.0,51.4,9,5,Yes,Low,No,3,3,83.1,Reading/Writing,96.3,A
4419,23,Male,19.9,51.4,6,4,No,Low,Yes,0,9,49.3,Visual,92.8,A
4420,26,Female,16.3,63.2,6,10,No,High,Yes,1,8,47.4,Visual,89.9,B
4421,29,Male,13.7,60.0,9,8,Yes,High,Yes,1,10,52.5,Auditory,88.6,B
4422,30,Male,8.3,69.2,9,6,No,Low,No,4,0,66.7,Auditory,69.3,C
4423,30,Female,5.7,94.9,3,2,Yes,High,No,4,3,90.8,Kinesthetic,88.3,B
4424,29,Male,19.5,77.5,8,2,No,High,Yes,0,6,92.0,Reading/Writing,100,A
4425,25,Male,10.7,77.4,5,7,Yes,Low,No,1,10,61.8,Reading/Writing,75.7,B
4426,30,Male,3.3,64.5,7,1,Yes,High,Yes,5,9,87.8,Auditory,86.0,B
4427,25,Female,20.0,54.6,1,3,No,High,Yes,0,5,66.6,Auditory,88.4,B
4428,28,Female,8.1,70.8,10,9,No,High,Yes,1,8,59.7,Kinesthetic,79.2,B
4429,30,Male,3.7,69.8,5,8,No,Low,No,2,0,52.8,Visual,50.6,D
4430,29,Male,6.3,79.6,2,10,No,High,No,0,7,42.9,Visual,61.9,C
4431,26,Female,10.6,50.3,9,3,No,Low,No,4,0,62.1,Kinesthetic,82.6,B
4432,22,Female,13.9,71.0,1,6,Yes,High,Yes,4,0,60.1,Visual,86.0,B
4433,23,Male,11.4,90.1,1,1,Yes,High,No,3,2,55.0,Reading/Writing,83.7,B
4434,28,Male,3.1,74.1,2,8,Yes,High,No,5,1,57.3,Visual,62.6,C
4435,28,Female,10.6,76.6,10,9,Yes,Low,No,3,4,67.8,Auditory,85.9,B
4436,19,Female,16.7,51.1,9,5,No,High,No,0,1,41.4,Visual,86.9,B
4437,27,Male,19.3,79.3,6,1,Yes,High,Yes,3,2,58.4,Kinesthetic,100,A
4438,18,Male,9.1,83.7,2,10,No,High,Yes,4,8,71.8,Reading/Writing,69.0,C
4439,21,Male,11.7,92.1,1,2,No,Low,No,5,5,88.2,Kinesthetic,77.3,B
4440,19,Male,16.9,71.4,5,10,Yes,Low,Yes,3,3,56.3,Visual,87.0,B
4441,22,Female,11.5,91.1,8,7,Yes,Low,No,2,6,42.7,Kinesthetic,94.1,A
4442,28,Female,3.0,84.8,6,1,No,Low,No,1,7,75.9,Visual,76.7,B
4443,18,Female,15.0,82.0,5,1,Yes,High,No,3,6,74.2,Kinesthetic,100,A
4444,26,Female,17.7,61.0,3,4,Yes,High,Yes,2,3,89.6,Visual,92.3,A
4445,21,Female,15.1,74.8,5,1,No,High,No,2,2,73.8,Auditory,92.5,A
4446,19,Female,9.9,52.7,2,2,No,High,Yes,2,9,72.1,Reading/Writing,78.6,B
4447,18,Male,8.0,53.5,2,3,No,High,No,2,1,44.8,Visual,58.1,D
4448,26,Female,8.3,61.1,4,6,No,Low,No,5,1,97.4,Visual,67.6,C
4449,28,Male,6.2,63.1,10,5,No,High,No,5,8,62.9,Auditory,75.1,B
4450,26,Male,13.7,89.4,2,8,No,Low,Yes,3,9,97.9,Visual,91.8,A
4451,23,Male,2.5,90.7,7,8,No,Low,Yes,1,6,88.0,Visual,63.1,C
4452,25,Male,13.7,54.0,6,7,Yes,High,No,0,4,93.3,Auditory,93.4,A
4453,19,Male,2.0,70.4,8,10,Yes,High,Yes,1,6,99.4,Visual,73.3,C
4454,29,Female,18.1,91.1,7,4,No,High,No,3,7,72.2,Auditory,100,A
4455,19,Male,4.1,92.0,1,8,Yes,High,Yes,0,3,98.3,Reading/Writing,69.5,C
4456,22,Female,17.3,52.4,8,7,No,Low,Yes,3,1,74.1,Auditory,90.5,A
4457,20,Male,3.7,95.8,7,5,Yes,Low,Yes,2,0,73.1,Auditory,76.7,B
4458,19,Male,10.0,59.6,1,8,Yes,Low,Yes,5,9,89.2,Reading/Writing,80.2,B
4459,26,Female,15.0,58.0,6,4,No,High,No,3,5,59.3,Reading/Writing,83.3,B
4460,27,Female,5.5,80.9,6,6,Yes,High,Yes,3,8,93.3,Auditory,85.3,B
4461,27,Female,15.3,65.1,5,10,Yes,High,No,1,1,82.9,Kinesthetic,91.6,A
4462,24,Female,18.2,69.8,3,1,Yes,Low,No,5,9,77.6,Auditory,91.7,A
4463,24,Female,1.7,77.6,10,7,No,High,Yes,5,2,40.6,Reading/Writing,66.5,C
4464,19,Female,15.6,52.9,2,2,No,High,No,2,9,93.3,Auditory,86.6,B
4465,24,Female,14.2,82.6,1,8,No,High,No,4,0,41.8,Visual,81.7,B
4466,27,Male,4.0,65.0,10,10,No,Low,Yes,0,2,81.0,Reading/Writing,59.6,D
4467,24,Male,19.5,53.8,4,7,No,High,Yes,1,3,86.6,Reading/Writing,90.1,A
4468,19,Female,7.3,94.6,1,7,No,High,No,0,7,71.2,Auditory,67.0,C
4469,28,Male,6.8,89.5,5,10,Yes,Low,No,1,3,94.3,Auditory,84.3,B
4470,24,Female,18.5,87.0,8,3,No,Low,No,3,10,47.3,Kinesthetic,93.2,A
4471,26,Female,16.2,85.0,2,7,Yes,High,No,1,5,81.0,Auditory,91.1,A
4472,20,Female,19.3,66.0,9,3,No,Low,Yes,1,8,82.9,Auditory,100,A
4473,22,Male,5.9,64.0,7,10,Yes,Low,No,5,2,63.4,Kinesthetic,69.5,C
4474,28,Female,15.9,90.0,4,9,Yes,High,Yes,4,7,47.1,Kinesthetic,94.1,A
4475,24,Female,2.6,80.8,5,9,Yes,High,Yes,2,8,45.3,Auditory,72.1,C
4476,20,Female,7.9,55.0,6,3,No,High,No,2,9,84.7,Kinesthetic,78.6,B
4477,28,Male,1.7,56.4,3,9,Yes,High,Yes,3,4,40.9,Reading/Writing,47.5,F
4478,21,Male,8.0,72.5,1,4,Yes,High,No,3,3,76.1,Kinesthetic,71.4,C
4479,30,Female,12.5,69.1,1,9,Yes,Low,Yes,2,0,83.2,Auditory,71.3,C
4480,20,Male,11.9,69.9,4,6,Yes,Low,Yes,5,9,43.9,Visual,73.5,C
4481,22,Female,15.4,97.4,1,4,No,High,Yes,5,8,62.6,Auditory,87.1,B
4482,18,Female,19.6,81.0,3,4,Yes,High,Yes,4,5,85.2,Kinesthetic,100,A
4483,23,Male,18.7,66.0,5,2,Yes,High,Yes,1,4,58.7,Visual,95.6,A
4484,26,Male,12.2,58.8,9,9,Yes,High,Yes,5,1,80.3,Auditory,81.7,B
4485,23,Male,13.5,86.9,6,3,No,High,No,3,4,91.2,Kinesthetic,100,A
4486,21,Female,5.7,91.5,3,4,No,High,Yes,0,8,85.3,Kinesthetic,81.7,B
4487,26,Male,4.9,62.0,5,8,Yes,High,Yes,5,2,46.5,Kinesthetic,59.2,D
4488,19,Male,7.1,71.0,10,4,Yes,High,Yes,4,1,65.9,Auditory,81.5,B
4489,22,Male,7.8,73.0,10,5,Yes,Low,Yes,2,0,41.4,Visual,69.6,C
4490,24,Male,16.6,61.6,4,8,Yes,High,Yes,3,5,82.2,Kinesthetic,99.2,A
4491,23,Female,15.5,60.1,8,7,No,Low,Yes,5,0,73.8,Kinesthetic,79.8,B
4492,24,Female,1.7,71.9,10,7,Yes,High,No,2,4,59.2,Reading/Writing,69.3,C
4493,30,Male,7.3,99.9,3,8,Yes,Low,Yes,3,4,53.7,Visual,72.0,C
4494,30,Female,17.2,70.5,6,1,Yes,Low,No,0,0,50.5,Kinesthetic,93.3,A
4495,18,Female,14.7,62.6,5,2,No,High,Yes,4,3,72.7,Visual,86.6,B
4496,25,Female,3.6,88.6,8,1,No,High,Yes,2,4,52.7,Kinesthetic,73.1,C
4497,27,Female,16.9,72.9,5,9,Yes,High,No,0,8,81.6,Auditory,97.8,A
4498,25,Male,14.2,52.4,2,8,Yes,High,Yes,5,6,52.1,Kinesthetic,80.9,B
4499,24,Female,1.5,59.7,4,9,No,Low,No,4,7,42.0,Visual,45.5,F
4500,20,Female,15.5,88.9,10,4,Yes,Low,No,5,6,53.8,Reading/Writing,95.8,A
4501,22,Male,3.9,79.5,5,5,No,Low,No,1,6,50.5,Visual,64.0,C
4502,30,Male,6.3,55.3,1,8,No,High,No,1,0,61.4,Kinesthetic,50.5,D
4503,24,Male,9.3,57.5,7,10,Yes,Low,Yes,2,0,56.7,Visual,74.0,C
4504,24,Male,14.5,98.7,4,2,No,High,No,4,8,67.4,Visual,99.0,A
4505,30,Male,19.1,63.6,9,7,No,High,No,0,1,65.9,Auditory,100,A
4506,19,Female,6.4,88.8,4,10,No,Low,Yes,4,4,91.2,Kinesthetic,72.3,C
4507,19,Female,9.5,69.7,4,7,No,High,Yes,0,6,40.7,Visual,76.2,B
4508,24,Male,6.0,51.6,6,8,No,Low,Yes,4,7,47.4,Reading/Writing,63.9,C
4509,23,Female,9.2,85.7,2,4,Yes,Low,No,1,10,55.5,Auditory,77.1,B
4510,22,Female,5.3,65.6,4,9,No,High,No,2,8,66.9,Auditory,59.9,D
4511,25,Male,2.4,83.9,2,5,No,Low,No,3,5,42.5,Auditory,52.2,D
4512,28,Male,12.2,50.6,8,10,Yes,High,No,5,7,40.5,Auditory,75.1,B
4513,20,Male,18.3,73.9,10,2,Yes,Low,Yes,5,0,59.3,Visual,100,A
4514,18,Female,2.6,79.5,6,10,Yes,High,Yes,4,0,62.3,Kinesthetic,61.8,C
4515,23,Male,18.2,61.3,5,7,Yes,High,Yes,0,8,57.8,Reading/Writing,90.4,A
4516,18,Female,15.8,52.7,7,10,No,High,No,5,6,57.8,Auditory,91.5,A
4517,27,Male,4.2,73.5,5,9,Yes,Low,Yes,5,7,73.1,Visual,74.9,C
4518,28,Female,8.7,61.5,10,5,No,High,No,3,7,96.6,Reading/Writing,91.7,A
4519,20,Male,17.4,72.1,10,9,No,Low,No,3,8,61.2,Reading/Writing,100,A
4520,30,Male,18.1,53.7,10,1,No,Low,Yes,1,0,52.0,Visual,92.7,A
4521,29,Male,12.6,82.5,9,2,Yes,Low,No,4,4,88.1,Visual,100,A
4522,22,Male,14.0,90.7,2,8,No,High,No,1,7,67.7,Visual,90.7,A
4523,30,Male,11.1,61.8,1,5,No,Low,Yes,3,1,55.5,Reading/Writing,68.2,C
4524,24,Male,9.8,61.2,3,4,No,High,No,1,3,65.8,Kinesthetic,71.5,C
4525,20,Male,9.7,74.3,3,6,Yes,High,Yes,5,8,51.5,Auditory,82.0,B
4526,22,Male,10.2,86.0,10,9,Yes,High,Yes,3,0,92.5,Kinesthetic,100,A
4527,20,Female,10.3,83.6,2,8,No,Low,No,2,4,52.1,Kinesthetic,77.1,B
4528,20,Male,18.3,86.8,10,4,No,Low,Yes,0,5,80.0,Kinesthetic,100,A
4529,27,Male,5.3,86.5,9,3,Yes,Low,No,3,8,96.1,Visual,96.1,A
4530,28,Male,8.6,83.6,6,2,No,Low,No,4,3,80.6,Reading/Writing,75.4,B
4531,29,Female,6.9,88.6,9,10,No,High,Yes,0,3,73.7,Auditory,82.0,B
4532,29,Male,16.7,85.4,4,10,No,Low,Yes,5,9,99.6,Kinesthetic,91.3,A
4533,30,Male,2.2,96.8,8,4,Yes,Low,Yes,4,0,78.4,Kinesthetic,78.9,B
4534,30,Female,13.0,90.5,7,4,No,High,No,4,5,100.0,Reading/Writing,94.1,A
4535,20,Female,4.6,80.5,8,10,No,Low,Yes,2,5,41.2,Auditory,59.5,D
4536,29,Female,6.5,61.3,7,9,Yes,Low,Yes,0,1,43.1,Visual,55.7,D
4537,29,Male,17.4,89.3,8,4,No,Low,No,0,0,97.4,Auditory,98.8,A
4538,27,Female,8.6,59.9,10,9,Yes,Low,No,3,7,93.9,Visual,80.1,B
4539,18,Male,2.3,91.2,4,3,No,Low,No,1,5,62.3,Reading/Writing,73.2,C
4540,23,Male,14.1,76.1,1,1,Yes,High,No,0,1,99.4,Auditory,88.7,B
4541,22,Female,5.6,97.1,6,8,No,High,No,0,9,90.5,Reading/Writing,79.3,B
4542,23,Male,10.0,78.7,4,9,No,High,Yes,5,6,54.6,Auditory,81.0,B
4543,21,Female,7.1,71.5,10,2,No,Low,Yes,4,5,94.5,Visual,80.6,B
4544,29,Male,15.9,80.2,6,9,Yes,High,Yes,5,7,55.6,Visual,89.9,B
4545,25,Male,2.1,97.8,10,1,Yes,Low,No,1,6,56.7,Kinesthetic,86.4,B
4546,20,Female,1.8,65.5,9,10,No,Low,No,3,7,91.5,Kinesthetic,67.4,C
4547,29,Male,12.5,85.6,6,6,No,High,Yes,0,4,69.3,Reading/Writing,88.5,B
4548,29,Female,10.9,79.4,10,4,No,Low,Yes,4,10,64.0,Visual,89.4,B
4549,30,Female,19.9,66.4,9,6,No,Low,No,0,2,96.1,Auditory,95.4,A
4550,19,Male,8.2,81.0,10,4,No,High,Yes,1,0,89.6,Auditory,95.0,A
4551,19,Female,13.9,65.1,6,1,No,High,Yes,5,10,82.3,Kinesthetic,90.2,A
4552,30,Female,12.9,51.9,3,5,No,Low,No,3,3,66.4,Reading/Writing,72.8,C
4553,29,Male,4.3,72.8,10,6,No,High,Yes,0,2,43.4,Visual,71.8,C
4554,18,Female,8.9,81.6,7,8,Yes,Low,Yes,3,1,76.6,Kinesthetic,85.0,B
4555,18,Female,17.5,58.7,5,10,No,Low,Yes,4,9,62.5,Kinesthetic,89.0,B
4556,28,Male,13.9,63.9,4,2,Yes,High,No,2,9,85.6,Auditory,94.4,A
4557,21,Female,9.9,78.2,7,9,Yes,Low,No,4,0,98.9,Auditory,91.0,A
4558,22,Male,12.8,52.6,2,5,No,High,Yes,0,7,40.9,Auditory,72.9,C
4559,24,Male,17.2,96.5,5,9,Yes,High,Yes,1,0,85.4,Kinesthetic,100,A
4560,25,Male,1.1,77.3,3,6,No,Low,Yes,1,6,72.5,Visual,53.2,D
4561,30,Male,1.2,62.0,6,4,Yes,Low,Yes,4,6,99.5,Visual,76.6,B
4562,22,Female,7.2,76.1,10,5,Yes,Low,Yes,2,9,73.4,Reading/Writing,81.1,B
4563,19,Female,10.1,70.6,8,4,Yes,High,No,5,3,57.7,Visual,87.4,B
4564,23,Female,11.9,58.7,9,9,Yes,Low,Yes,4,9,60.4,Reading/Writing,87.7,B
4565,19,Male,7.3,50.8,4,8,No,High,Yes,2,0,85.2,Kinesthetic,69.5,C
4566,24,Male,19.7,84.4,10,1,Yes,High,No,2,10,78.3,Auditory,100,A
4567,20,Male,9.2,90.9,1,2,No,Low,Yes,1,4,94.1,Visual,84.4,B
4568,22,Male,9.4,75.3,2,5,No,High,Yes,0,4,40.4,Visual,73.5,C
4569,25,Male,1.7,97.1,3,10,No,Low,Yes,4,1,88.7,Visual,68.2,C
4570,20,Female,17.8,55.9,3,8,No,Low,No,1,4,53.2,Reading/Writing,83.7,B
4571,30,Male,7.8,78.7,7,6,Yes,High,Yes,0,2,42.9,Reading/Writing,81.6,B
4572,29,Male,7.2,85.9,1,1,Yes,Low,No,4,0,59.1,Visual,66.2,C
4573,30,Female,13.2,66.1,3,3,No,High,No,5,5,83.2,Reading/Writing,93.1,A
4574,30,Female,5.9,86.1,8,3,Yes,Low,No,0,9,47.0,Auditory,81.0,B
4575,21,Male,7.4,89.0,9,8,No,Low,Yes,2,2,94.0,Auditory,79.1,B
4576,27,Female,12.7,61.8,8,5,No,Low,Yes,2,1,56.9,Reading/Writing,78.6,B
4577,21,Female,6.8,64.5,5,7,Yes,Low,No,4,4,60.2,Reading/Writing,65.3,C
4578,18,Male,7.4,84.9,6,1,Yes,Low,Yes,2,10,95.3,Auditory,85.8,B
4579,27,Female,12.5,89.8,9,9,No,Low,Yes,5,4,45.7,Reading/Writing,86.7,B
4580,26,Male,6.6,76.7,9,9,Yes,Low,Yes,5,9,91.5,Auditory,84.8,B
4581,20,Male,17.5,78.2,8,8,No,High,Yes,5,10,60.4,Kinesthetic,94.4,A
4582,21,Female,4.7,88.8,5,7,No,High,Yes,1,9,87.6,Auditory,84.9,B
4583,27,Male,19.8,80.5,7,7,No,High,No,5,0,95.2,Auditory,100,A
4584,29,Male,9.4,89.8,3,8,Yes,High,Yes,3,4,84.6,Reading/Writing,82.2,B
4585,25,Male,11.7,72.0,5,4,Yes,Low,No,0,6,76.7,Visual,87.2,B
4586,25,Male,15.0,98.4,5,9,Yes,High,No,4,1,72.0,Kinesthetic,100,A
4587,27,Male,11.7,77.5,5,2,No,Low,No,5,4,96.1,Kinesthetic,88.4,B
4588,26,Female,12.7,69.4,9,7,No,Low,No,2,4,73.9,Visual,86.9,B
4589,19,Female,9.1,88.6,4,8,Yes,High,No,2,2,67.5,Kinesthetic,79.1,B
4590,30,Male,17.1,87.5,4,4,Yes,High,Yes,1,10,63.6,Kinesthetic,100,A
4591,26,Female,10.0,59.8,8,2,No,High,No,1,4,66.3,Reading/Writing,85.3,B
4592,27,Female,18.7,63.5,2,1,Yes,High,Yes,3,7,86.8,Visual,94.9,A
4593,21,Male,15.3,96.4,9,9,No,Low,No,4,5,73.8,Kinesthetic,89.0,B
4594,20,Female,6.5,97.1,9,7,Yes,Low,No,3,10,95.0,Kinesthetic,98.2,A
4595,29,Male,3.3,85.8,9,8,No,High,No,0,9,80.1,Reading/Writing,85.6,B
4596,30,Female,12.2,99.6,9,10,No,High,Yes,5,0,40.4,Kinesthetic,84.0,B
4597,22,Female,9.8,50.1,7,7,Yes,High,Yes,2,5,60.8,Auditory,81.8,B
4598,18,Female,3.8,58.6,4,6,No,Low,No,1,0,75.0,Auditory,63.3,C
4599,29,Female,12.7,79.0,8,4,No,High,Yes,0,1,80.2,Auditory,97.2,A
4600,30,Male,6.7,71.0,10,4,Yes,Low,No,1,8,70.5,Auditory,85.7,B
4601,24,Female,3.9,69.4,2,7,No,Low,Yes,3,4,69.2,Kinesthetic,60.4,C
4602,25,Male,12.5,59.2,4,9,No,Low,No,0,9,78.9,Reading/Writing,75.9,B
4603,28,Female,2.0,88.6,2,6,No,High,Yes,3,9,41.7,Reading/Writing,68.5,C
4604,30,Female,6.2,98.1,4,1,No,High,No,5,9,58.7,Auditory,77.9,B
4605,21,Female,5.6,77.6,4,2,Yes,High,No,4,3,73.5,Auditory,78.1,B
4606,24,Female,17.7,99.1,5,9,No,Low,Yes,1,5,84.9,Auditory,92.5,A
4607,30,Male,19.6,78.5,6,1,Yes,Low,Yes,5,1,62.2,Reading/Writing,99.6,A
4608,26,Male,19.6,61.9,6,6,Yes,High,No,1,9,76.4,Kinesthetic,98.0,A
4609,30,Female,5.4,89.4,5,8,Yes,High,Yes,2,7,90.0,Auditory,77.5,B
4610,24,Female,12.8,92.0,8,3,No,High,Yes,4,3,83.1,Auditory,97.9,A
4611,28,Male,16.4,70.5,3,9,No,High,Yes,3,3,71.4,Kinesthetic,91.2,A
4612,23,Female,19.0,99.7,9,3,Yes,High,No,2,9,45.0,Kinesthetic,100,A
4613,18,Male,13.6,50.6,9,7,Yes,Low,No,5,5,98.4,Visual,82.8,B
4614,26,Female,6.0,92.8,4,10,No,High,Yes,4,0,72.1,Kinesthetic,79.1,B
4615,24,Female,10.5,57.6,5,9,Yes,High,Yes,2,6,69.1,Visual,73.3,C
4616,28,Female,17.4,90.1,7,5,Yes,Low,No,5,2,66.0,Reading/Writing,97.3,A
4617,20,Female,9.3,54.3,8,1,No,High,No,2,10,72.2,Auditory,76.6,B
4618,30,Female,2.8,79.8,2,1,Yes,High,No,2,8,58.0,Visual,65.8,C
4619,21,Female,13.0,70.3,4,6,No,High,Yes,1,6,90.7,Kinesthetic,89.8,B
4620,28,Male,5.4,62.9,8,2,No,Low,No,5,2,63.8,Reading/Writing,73.8,C
4621,25,Male,12.0,80.0,7,9,No,High,No,3,6,69.5,Auditory,82.8,B
4622,20,Female,8.3,84.3,6,4,Yes,Low,No,5,2,52.4,Visual,87.1,B
4623,20,Female,7.6,64.5,7,3,No,High,Yes,5,4,94.2,Auditory,75.6,B
4624,22,Female,15.6,59.0,1,9,No,High,No,1,3,70.7,Kinesthetic,73.5,C
4625,20,Male,8.3,94.5,8,1,Yes,High,Yes,1,5,70.2,Auditory,98.0,A
4626,24,Female,18.9,51.8,9,4,Yes,Low,No,0,8,66.0,Visual,97.5,A
4627,20,Female,8.0,69.8,9,9,No,Low,Yes,1,1,65.8,Reading/Writing,70.0,C
4628,22,Male,4.5,95.1,6,8,Yes,Low,Yes,4,7,47.8,Visual,66.4,C
4629,28,Male,4.4,75.1,8,10,No,High,Yes,3,9,69.6,Kinesthetic,71.5,C
4630,24,Male,19.6,53.2,1,8,No,Low,No,0,8,45.7,Auditory,77.6,B
4631,20,Male,15.9,76.3,6,5,Yes,High,No,4,2,48.5,Reading/Writing,88.5,B
4632,22,Male,16.2,51.0,5,10,No,Low,Yes,0,3,63.1,Auditory,73.0,C
4633,25,Male,5.0,64.4,2,4,No,High,Yes,0,0,47.5,Reading/Writing,65.6,C
4634,28,Female,1.6,86.3,5,2,Yes,High,Yes,4,9,66.0,Kinesthetic,70.4,C
4635,24,Male,13.4,79.3,8,1,Yes,Low,No,5,3,68.6,Kinesthetic,93.4,A
4636,25,Female,12.6,83.0,3,3,Yes,High,No,1,9,43.1,Kinesthetic,83.8,B
4637,28,Male,5.8,81.4,4,1,No,High,Yes,5,8,79.2,Kinesthetic,85.4,B
4638,19,Female,18.0,51.5,6,4,Yes,High,No,2,0,93.3,Reading/Writing,100,A
4639,28,Male,19.3,98.9,3,2,Yes,High,No,0,2,44.0,Kinesthetic,96.8,A
4640,21,Male,14.2,56.8,9,3,Yes,High,No,2,10,50.7,Visual,86.9,B
4641,24,Female,14.2,91.4,10,3,Yes,Low,Yes,4,10,51.4,Kinesthetic,97.9,A
4642,23,Female,4.4,64.2,3,6,No,High,Yes,5,10,87.2,Reading/Writing,69.3,C
4643,22,Female,12.5,76.4,3,10,Yes,Low,No,4,7,87.7,Kinesthetic,89.1,B
4644,18,Male,16.7,82.2,5,4,Yes,Low,No,4,8,74.9,Reading/Writing,97.5,A
4645,28,Female,9.3,74.0,1,5,Yes,High,No,4,0,56.8,Visual,68.5,C
4646,21,Male,9.4,73.6,4,4,No,High,Yes,5,7,93.7,Kinesthetic,79.7,B
4647,21,Female,4.2,51.0,6,5,Yes,Low,No,5,8,56.7,Reading/Writing,63.3,C
4648,30,Female,6.9,57.7,3,6,Yes,High,Yes,3,2,47.0,Kinesthetic,60.3,C
4649,22,Female,1.5,92.0,8,6,No,High,No,0,3,87.1,Kinesthetic,83.2,B
4650,29,Female,1.4,76.4,7,3,Yes,High,No,0,3,59.0,Visual,66.3,C
4651,28,Male,17.9,94.0,8,5,No,Low,No,4,3,44.9,Visual,100,A
4652,22,Male,1.2,63.9,4,8,Yes,High,Yes,5,9,69.4,Auditory,66.0,C
4653,22,Male,5.9,91.8,3,8,Yes,Low,No,0,0,83.6,Visual,74.5,C
4654,22,Male,13.3,79.3,8,6,Yes,High,Yes,3,1,99.7,Visual,100,A
4655,26,Male,17.8,74.6,10,2,No,Low,Yes,2,5,80.1,Visual,99.9,A
4656,27,Female,8.5,84.6,2,4,No,High,No,1,2,87.4,Auditory,74.3,C
4657,28,Male,9.9,92.6,5,7,No,Low,No,5,9,50.4,Reading/Writing,75.9,B
4658,23,Male,13.1,53.4,5,1,No,Low,No,0,4,63.7,Auditory,75.9,B
4659,22,Male,7.9,55.9,4,8,Yes,Low,Yes,4,2,67.2,Visual,59.2,D
4660,21,Male,13.3,96.9,2,1,Yes,Low,Yes,1,5,53.7,Reading/Writing,90.1,A
4661,24,Female,2.3,81.8,3,5,No,Low,Yes,1,9,41.6,Reading/Writing,55.0,D
4662,24,Male,2.8,63.1,6,1,No,High,No,2,9,56.3,Auditory,75.7,B
4663,21,Male,14.2,85.3,8,8,No,High,Yes,0,9,73.9,Reading/Writing,94.6,A
4664,30,Female,1.6,51.7,9,5,No,Low,Yes,4,10,61.9,Visual,62.4,C
4665,23,Male,19.4,91.0,6,5,No,High,Yes,3,1,53.8,Visual,96.5,A
4666,27,Male,12.1,82.3,6,10,Yes,High,No,2,2,81.0,Auditory,90.4,A
4667,18,Female,8.6,77.0,8,9,No,Low,No,4,2,69.9,Reading/Writing,73.5,C
4668,25,Female,3.2,55.7,3,5,No,High,No,1,3,52.4,Reading/Writing,62.1,C
4669,21,Female,11.9,66.8,7,6,Yes,Low,Yes,2,8,64.8,Auditory,90.9,A
4670,19,Female,10.6,81.1,6,9,Yes,Low,No,1,5,87.2,Auditory,77.6,B
4671,21,Female,13.4,64.8,3,7,Yes,High,No,3,2,81.2,Visual,86.4,B
4672,23,Female,12.4,70.3,9,5,Yes,Low,No,4,10,93.1,Auditory,100,A
4673,19,Male,9.5,52.8,2,5,Yes,Low,Yes,3,1,86.1,Visual,68.8,C
4674,30,Male,4.6,90.9,9,7,No,Low,Yes,2,4,58.1,Reading/Writing,72.2,C
4675,24,Female,1.6,93.9,8,7,Yes,Low,Yes,1,4,67.8,Reading/Writing,76.5,B
4676,23,Female,1.5,57.7,6,10,Yes,Low,Yes,2,9,96.0,Kinesthetic,60.8,C
4677,24,Female,18.1,71.1,5,9,No,High,Yes,2,7,75.6,Auditory,99.6,A
4678,28,Female,11.5,75.2,5,1,Yes,Low,No,2,10,87.7,Auditory,98.7,A
4679,23,Female,14.9,87.2,2,3,Yes,High,No,2,9,78.2,Reading/Writing,97.4,A
4680,22,Female,19.4,78.9,10,8,Yes,High,Yes,5,10,62.1,Reading/Writing,100,A
4681,24,Female,2.0,93.0,2,6,Yes,High,Yes,1,0,48.4,Reading/Writing,69.3,C
4682,22,Male,19.7,63.8,4,4,Yes,Low,Yes,4,7,99.6,Reading/Writing,100,A
4683,21,Female,3.0,77.7,7,2,Yes,High,No,2,3,61.0,Visual,69.3,C
4684,20,Male,7.9,79.6,2,5,No,High,No,4,5,59.5,Visual,69.2,C
4685,27,Male,15.0,93.6,8,6,No,High,No,2,10,62.8,Auditory,100,A
4686,28,Female,7.9,81.1,1,10,No,Low,Yes,1,6,48.4,Visual,63.0,C
4687,19,Female,4.4,93.1,4,2,Yes,High,No,3,7,61.8,Reading/Writing,78.2,B
4688,19,Female,9.2,55.6,8,3,No,Low,No,1,2,83.0,Kinesthetic,83.5,B
4689,25,Male,19.4,61.5,8,4,Yes,High,No,4,5,76.9,Auditory,100,A
4690,28,Female,9.6,86.1,4,5,No,High,No,5,7,71.4,Auditory,92.0,A
4691,22,Male,5.0,69.5,2,1,Yes,High,No,2,7,77.2,Auditory,71.6,C
4692,29,Male,19.2,64.1,1,5,Yes,High,Yes,1,4,92.9,Reading/Writing,98.4,A
4693,20,Male,7.1,67.5,3,2,Yes,High,Yes,0,6,87.8,Auditory,75.2,B
4694,28,Male,7.1,73.4,7,1,Yes,High,Yes,5,3,51.5,Auditory,80.4,B
4695,22,Female,18.4,80.2,7,4,Yes,High,No,2,6,92.0,Reading/Writing,100,A
4696,20,Female,10.6,75.1,9,6,Yes,Low,No,0,0,52.4,Reading/Writing,87.5,B
4697,21,Female,15.1,59.6,7,6,Yes,Low,Yes,2,7,89.6,Visual,83.3,B
4698,21,Female,9.6,77.2,2,2,Yes,High,Yes,1,5,59.1,Kinesthetic,80.0,B
4699,26,Female,17.3,83.8,1,8,No,Low,Yes,3,7,61.7,Reading/Writing,84.6,B
4700,24,Female,7.1,71.7,5,9,Yes,High,No,1,7,93.2,Kinesthetic,73.8,C
4701,27,Male,2.4,65.7,2,2,No,Low,No,2,4,88.1,Kinesthetic,53.6,D
4702,22,Male,2.9,76.3,9,8,Yes,High,No,3,9,94.1,Visual,75.4,B
4703,27,Female,12.7,82.4,1,2,No,Low,Yes,4,3,67.9,Visual,73.4,C
4704,28,Female,16.2,64.9,10,8,Yes,Low,Yes,0,2,51.7,Visual,95.6,A
4705,23,Female,3.8,98.2,4,10,No,High,Yes,5,10,91.0,Auditory,78.3,B
4706,19,Male,14.9,69.8,7,5,No,Low,Yes,1,6,93.3,Auditory,94.9,A
4707,22,Male,18.7,61.5,9,9,Yes,High,Yes,1,7,95.2,Auditory,100,A
4708,22,Female,17.0,56.6,2,6,No,Low,Yes,1,8,48.1,Visual,77.0,B
4709,18,Female,6.3,54.1,3,10,No,High,No,1,3,44.8,Kinesthetic,57.2,D
4710,29,Female,15.4,78.1,4,10,Yes,High,No,0,9,71.3,Reading/Writing,97.8,A
4711,26,Male,4.5,73.1,4,7,No,Low,No,2,1,41.7,Auditory,50.0,D
4712,21,Female,2.7,82.1,9,4,Yes,High,Yes,1,4,41.3,Auditory,74.9,C
4713,22,Male,5.9,51.3,8,9,Yes,High,No,5,8,54.5,Visual,70.3,C
4714,29,Female,7.4,62.0,7,3,No,Low,No,0,3,56.0,Reading/Writing,66.1,C
4715,28,Female,7.6,73.5,8,2,Yes,High,No,5,4,68.3,Auditory,93.2,A
4716,23,Female,19.4,60.4,4,2,Yes,High,No,1,5,56.1,Reading/Writing,90.9,A
4717,28,Female,11.2,76.7,1,5,No,Low,No,0,9,91.1,Auditory,72.8,C
4718,19,Male,6.9,72.1,10,6,Yes,Low,No,5,8,57.5,Visual,79.7,B
4719,19,Female,16.1,93.4,4,10,Yes,High,No,4,8,61.8,Reading/Writing,100,A
4720,27,Male,1.3,83.5,8,6,No,Low,Yes,5,8,54.7,Auditory,74.8,C
4721,18,Male,2.7,77.1,3,6,No,High,Yes,3,6,66.8,Visual,60.7,C
4722,19,Female,9.3,99.9,7,10,Yes,High,Yes,4,8,99.7,Auditory,99.8,A
4723,26,Male,15.9,57.6,3,2,Yes,Low,Yes,0,6,44.3,Kinesthetic,74.7,C
4724,25,Female,9.5,85.1,9,1,No,Low,No,1,7,80.8,Kinesthetic,92.5,A
4725,18,Male,18.6,76.5,1,10,Yes,High,Yes,3,6,53.4,Reading/Writing,93.7,A
4726,30,Female,7.0,87.2,7,3,Yes,Low,No,4,6,51.6,Reading/Writing,82.6,B
4727,23,Male,9.6,70.0,8,10,No,High,Yes,0,0,59.3,Reading/Writing,76.8,B
4728,28,Female,16.4,68.6,4,2,Yes,High,Yes,2,3,93.3,Kinesthetic,99.4,A
4729,19,Female,7.2,56.8,2,9,Yes,Low,No,4,6,44.7,Visual,63.4,C
4730,18,Male,14.7,92.2,9,8,Yes,High,Yes,5,1,79.4,Kinesthetic,97.9,A
4731,26,Male,10.3,60.5,9,9,No,High,Yes,4,0,43.6,Visual,72.0,C
4732,21,Male,4.5,51.0,8,10,No,Low,Yes,2,7,75.1,Kinesthetic,66.1,C
4733,22,Female,8.1,55.3,3,3,Yes,Low,No,3,3,73.5,Reading/Writing,74.7,C
4734,25,Male,12.4,73.3,3,9,No,Low,No,5,0,85.6,Auditory,72.9,C
4735,26,Female,18.9,55.7,2,10,Yes,Low,Yes,2,4,66.7,Kinesthetic,75.4,B
4736,18,Female,5.7,59.6,5,1,Yes,High,No,0,3,73.5,Reading/Writing,71.5,C
4737,25,Male,8.8,54.1,7,8,Yes,Low,Yes,3,4,62.2,Kinesthetic,75.4,B
4738,28,Male,18.4,68.9,8,6,No,Low,No,2,2,85.2,Visual,95.5,A
4739,30,Female,2.4,50.6,5,2,No,Low,Yes,5,3,78.6,Reading/Writing,63.7,C
4740,26,Male,1.1,79.0,1,9,Yes,Low,No,3,5,43.1,Kinesthetic,58.0,D
4741,26,Male,18.1,69.8,9,3,No,High,Yes,0,6,74.1,Kinesthetic,100,A
4742,28,Female,9.5,56.3,5,6,Yes,High,No,3,9,89.7,Auditory,79.0,B
4743,26,Female,14.8,69.5,5,4,No,Low,Yes,3,5,78.5,Reading/Writing,90.1,A
4744,20,Male,18.7,96.0,1,6,Yes,Low,No,1,9,48.6,Visual,97.4,A
4745,27,Male,7.5,94.4,2,5,Yes,High,No,3,0,73.6,Kinesthetic,80.8,B
4746,18,Female,4.8,89.2,8,10,No,Low,Yes,5,7,42.7,Visual,69.4,C
4747,18,Male,14.8,75.5,2,3,Yes,High,Yes,3,3,59.1,Visual,94.8,A
4748,28,Male,12.1,95.2,10,1,No,Low,Yes,2,8,92.0,Kinesthetic,100,A
4749,27,Male,8.9,53.9,3,3,Yes,Low,No,2,8,51.4,Auditory,77.2,B
4750,22,Male,15.0,59.2,4,3,No,High,Yes,5,8,92.2,Auditory,88.7,B
4751,30,Female,15.6,76.2,4,7,No,High,Yes,5,9,97.5,Reading/Writing,90.6,A
4752,20,Male,3.2,69.1,4,3,No,High,Yes,1,8,95.0,Visual,67.9,C
4753,26,Male,12.6,87.4,4,10,Yes,Low,Yes,1,0,47.7,Reading/Writing,75.5,B
4754,29,Female,17.6,97.6,9,7,Yes,High,Yes,5,2,43.9,Auditory,100,A
4755,27,Male,3.2,89.9,3,3,No,High,No,3,8,89.7,Visual,81.5,B
4756,20,Male,11.9,86.0,9,9,Yes,Low,No,0,8,76.3,Kinesthetic,88.1,B
4757,20,Female,2.7,65.2,1,7,Yes,High,No,0,9,42.3,Kinesthetic,63.6,C
4758,21,Female,5.4,53.5,9,4,No,High,Yes,0,7,67.3,Auditory,69.3,C
4759,29,Female,7.9,84.5,3,4,No,High,No,0,0,55.7,Reading/Writing,77.2,B
4760,22,Male,10.0,76.3,1,10,No,High,No,2,4,77.5,Visual,69.8,C
4761,24,Male,11.3,50.0,7,3,No,High,Yes,3,3,86.4,Auditory,88.6,B
4762,29,Male,8.2,81.9,6,1,No,High,No,3,1,47.8,Reading/Writing,88.3,B
4763,25,Female,2.6,65.7,8,3,No,Low,Yes,3,6,87.8,Kinesthetic,72.2,C
4764,24,Female,3.6,84.3,3,9,No,High,No,2,10,92.1,Auditory,76.8,B
4765,22,Male,3.7,98.1,8,2,No,High,No,4,8,55.4,Reading/Writing,79.4,B
4766,18,Male,8.1,75.6,1,3,No,High,No,3,5,40.6,Auditory,71.6,C
4767,19,Male,9.3,78.5,6,5,Yes,High,Yes,0,8,62.6,Kinesthetic,90.1,A
4768,30,Male,4.0,65.5,7,1,No,Low,Yes,2,10,91.2,Visual,81.4,B
4769,23,Male,10.5,83.7,7,5,No,Low,No,2,2,65.3,Visual,83.9,B
4770,19,Female,18.3,95.0,9,3,Yes,Low,Yes,0,6,99.3,Auditory,100,A
4771,26,Female,7.1,88.3,9,10,No,High,Yes,2,7,48.7,Auditory,77.8,B
4772,25,Female,2.5,66.4,2,4,No,Low,No,4,2,92.1,Kinesthetic,62.4,C
4773,26,Female,6.8,51.9,2,10,No,Low,No,4,0,55.1,Kinesthetic,57.1,D
4774,27,Male,3.1,89.5,4,3,No,Low,No,1,4,82.6,Reading/Writing,72.4,C
4775,20,Male,13.2,61.0,6,7,Yes,Low,Yes,1,4,65.7,Kinesthetic,81.8,B
4776,19,Male,11.6,66.3,10,6,No,Low,No,3,9,44.7,Kinesthetic,84.5,B
4777,22,Female,3.4,61.4,1,9,No,High,No,4,4,71.9,Kinesthetic,52.5,D
4778,27,Female,6.2,92.8,10,6,Yes,Low,Yes,0,3,85.9,Kinesthetic,94.2,A
4779,24,Female,14.7,53.7,7,5,Yes,Low,Yes,1,0,79.6,Visual,91.8,A
4780,22,Male,4.7,79.0,2,9,Yes,High,No,3,4,82.0,Kinesthetic,75.7,B
4781,20,Male,7.9,90.2,1,7,Yes,Low,Yes,1,8,65.0,Visual,66.1,C
4782,30,Male,1.7,79.6,1,1,No,High,Yes,0,9,50.9,Visual,65.9,C
4783,18,Female,14.6,81.6,8,9,No,Low,Yes,1,2,69.6,Visual,92.5,A
4784,24,Female,8.5,70.7,3,4,No,Low,Yes,5,3,98.5,Kinesthetic,71.0,C
4785,29,Female,12.1,73.0,2,5,Yes,Low,No,4,8,97.7,Reading/Writing,89.7,B
4786,22,Male,19.8,93.7,3,6,Yes,Low,No,3,10,45.9,Visual,97.0,A
4787,28,Female,18.3,66.6,5,9,Yes,High,Yes,4,9,84.1,Auditory,93.4,A
4788,23,Female,4.8,60.2,7,3,Yes,Low,No,2,10,87.5,Kinesthetic,82.6,B
4789,23,Female,5.1,72.2,1,9,Yes,High,No,3,9,78.5,Visual,66.2,C
4790,27,Female,3.0,87.0,8,8,Yes,Low,No,5,3,86.1,Visual,80.0,B
4791,27,Female,15.8,90.4,3,1,No,Low,Yes,0,1,66.6,Reading/Writing,93.2,A
4792,19,Male,3.0,69.1,7,5,No,High,No,2,9,93.4,Auditory,75.6,B
4793,28,Female,11.6,50.2,10,6,No,High,No,3,6,44.3,Auditory,74.9,C
4794,29,Male,16.4,66.3,10,2,Yes,Low,Yes,4,9,79.0,Reading/Writing,100,A
4795,27,Female,15.7,89.9,2,1,Yes,High,Yes,1,6,76.9,Reading/Writing,95.7,A
4796,25,Male,1.7,56.3,1,8,No,Low,No,0,4,59.8,Auditory,51.6,D
4797,27,Female,19.7,77.3,4,8,Yes,Low,Yes,0,5,47.3,Auditory,92.1,A
4798,25,Female,16.6,78.3,5,2,No,High,No,0,2,92.0,Visual,95.5,A
4799,24,Female,2.5,91.3,2,3,No,High,No,3,5,83.8,Reading/Writing,68.4,C
4800,18,Female,8.6,54.5,2,2,No,Low,No,5,10,92.4,Kinesthetic,72.6,C
4801,24,Female,15.2,95.7,2,9,No,High,Yes,2,4,61.6,Visual,91.1,A
4802,25,Male,8.0,86.3,9,8,No,Low,Yes,3,8,42.9,Visual,79.5,B
4803,21,Female,13.0,72.6,4,2,Yes,High,Yes,3,7,70.9,Kinesthetic,94.8,A
4804,22,Female,10.6,92.6,4,1,No,Low,No,4,8,81.2,Kinesthetic,92.7,A
4805,24,Female,11.6,63.2,4,7,No,Low,Yes,1,10,67.6,Visual,70.5,C
4806,29,Female,7.2,61.2,1,3,Yes,Low,Yes,5,3,85.0,Visual,72.8,C
4807,25,Male,15.7,71.9,4,5,No,High,Yes,1,6,95.4,Kinesthetic,99.7,A
4808,23,Male,13.9,79.4,4,3,Yes,Low,Yes,5,0,54.3,Auditory,79.6,B
4809,18,Female,1.5,75.0,9,4,Yes,High,No,5,4,56.2,Kinesthetic,74.9,C
4810,30,Female,1.5,64.6,10,3,No,High,Yes,4,1,71.7,Kinesthetic,78.5,B
4811,23,Male,15.4,67.5,10,5,Yes,High,No,3,4,58.6,Auditory,97.2,A
4812,30,Female,12.9,82.2,8,8,No,High,No,4,1,85.6,Visual,90.4,A
4813,24,Male,17.3,83.9,7,9,Yes,Low,Yes,4,7,76.3,Visual,100,A
4814,20,Female,6.0,57.4,10,4,Yes,Low,No,4,2,77.5,Kinesthetic,78.8,B
4815,22,Male,14.2,75.5,9,8,Yes,Low,No,4,4,90.0,Visual,88.3,B
4816,24,Female,11.6,81.9,6,7,Yes,Low,No,5,9,69.2,Visual,91.5,A
4817,20,Female,8.5,94.3,2,6,No,High,Yes,0,0,88.9,Visual,72.6,C
4818,24,Male,19.9,62.2,5,9,No,Low,No,1,8,94.0,Auditory,95.9,A
4819,24,Male,15.0,66.7,5,1,Yes,Low,No,0,10,46.1,Auditory,82.5,B
4820,28,Male,6.2,64.4,4,7,No,Low,Yes,0,1,86.7,Kinesthetic,63.0,C
4821,26,Male,14.1,64.2,4,9,No,Low,No,4,1,90.9,Reading/Writing,77.8,B
4822,26,Female,11.1,94.3,4,1,No,High,No,1,10,63.8,Kinesthetic,89.5,B
4823,30,Male,17.1,57.3,4,3,No,High,Yes,5,10,66.6,Kinesthetic,92.1,A
4824,29,Female,19.7,92.4,7,3,Yes,High,No,5,10,74.5,Visual,100,A
4825,29,Female,17.5,55.6,1,9,No,Low,Yes,5,0,73.0,Visual,82.9,B
4826,29,Female,6.4,56.7,2,3,No,High,No,4,10,86.3,Visual,75.8,B
4827,22,Male,19.3,79.6,8,8,Yes,High,Yes,4,5,71.1,Reading/Writing,99.0,A
4828,20,Female,2.7,54.6,8,6,No,Low,No,0,1,59.6,Reading/Writing,52.2,D
4829,29,Female,19.8,82.0,10,2,Yes,High,No,2,3,40.5,Kinesthetic,100,A
4830,26,Female,15.1,97.8,4,5,Yes,Low,Yes,3,0,61.9,Kinesthetic,92.9,A
4831,20,Female,19.4,59.4,3,8,No,Low,No,2,1,41.8,Kinesthetic,81.2,B
4832,19,Male,11.9,92.0,8,7,No,High,No,5,6,84.8,Visual,100,A
4833,18,Female,5.9,64.6,10,10,No,Low,No,4,3,74.8,Visual,64.3,C
4834,22,Male,12.7,65.4,9,4,No,Low,Yes,4,5,40.2,Reading/Writing,87.1,B
4835,26,Male,17.4,56.9,9,3,Yes,High,Yes,2,1,59.8,Reading/Writing,94.5,A
4836,30,Female,2.3,97.5,3,10,No,Low,No,0,7,49.1,Kinesthetic,64.8,C
4837,29,Female,15.1,64.8,4,7,Yes,High,No,3,3,85.3,Kinesthetic,93.3,A
4838,22,Male,9.6,61.2,1,10,No,Low,Yes,0,9,97.7,Kinesthetic,69.5,C
4839,20,Female,5.4,54.3,9,5,Yes,High,Yes,5,9,54.6,Visual,70.1,C
4840,29,Male,8.0,70.5,4,6,No,High,No,1,10,75.3,Reading/Writing,71.4,C
4841,21,Male,18.7,98.9,10,6,No,High,No,2,4,94.3,Kinesthetic,100,A
4842,20,Male,18.6,66.4,5,9,Yes,Low,Yes,0,7,81.8,Kinesthetic,95.5,A
4843,19,Female,17.9,98.0,2,2,Yes,High,Yes,0,3,83.1,Auditory,100,A
4844,21,Female,4.3,75.5,2,6,Yes,High,Yes,5,5,94.0,Auditory,81.5,B
4845,27,Male,11.2,72.6,6,4,No,High,No,4,4,83.1,Reading/Writing,82.6,B
4846,21,Female,6.0,76.4,9,2,Yes,High,No,1,5,72.0,Reading/Writing,84.0,B
4847,18,Male,2.4,86.9,1,6,No,Low,Yes,2,5,78.4,Auditory,61.2,C
4848,24,Female,14.1,98.8,10,2,No,High,No,3,0,69.0,Auditory,99.5,A
4849,25,Male,3.1,77.8,1,7,No,Low,No,1,5,63.6,Kinesthetic,55.9,D
4850,18,Female,5.5,80.9,5,7,Yes,High,Yes,4,4,49.5,Reading/Writing,83.1,B
4851,21,Female,14.1,51.9,7,9,Yes,Low,Yes,0,7,49.7,Kinesthetic,80.7,B
4852,19,Female,10.7,67.5,5,9,No,Low,No,0,3,73.6,Auditory,64.3,C
4853,23,Female,18.0,52.4,8,4,Yes,Low,No,4,3,93.0,Visual,96.7,A
4854,22,Male,9.5,97.3,9,7,No,Low,Yes,4,7,46.2,Auditory,87.6,B
4855,20,Male,9.0,71.9,10,1,No,High,Yes,3,5,40.2,Reading/Writing,82.5,B
4856,20,Male,5.0,62.8,10,2,No,Low,Yes,2,7,94.2,Reading/Writing,84.8,B
4857,20,Female,7.7,55.5,3,3,Yes,High,No,3,5,46.2,Visual,72.6,C
4858,24,Female,16.1,92.4,8,10,Yes,High,No,3,6,59.9,Reading/Writing,100,A
4859,24,Male,15.8,68.7,2,7,No,High,Yes,2,2,84.2,Reading/Writing,85.0,B
4860,30,Male,9.5,89.2,3,6,No,Low,No,1,8,85.8,Auditory,82.6,B
4861,26,Male,11.2,75.0,7,7,No,High,Yes,1,8,70.6,Auditory,79.8,B
4862,23,Female,6.8,69.2,4,2,No,High,Yes,2,7,73.8,Visual,70.6,C
4863,29,Male,9.5,88.2,3,7,No,Low,Yes,1,4,61.2,Auditory,73.9,C
4864,21,Female,7.0,60.3,3,8,No,High,No,2,4,90.2,Visual,70.0,C
4865,26,Male,15.1,81.5,5,7,No,Low,Yes,3,1,87.4,Visual,87.6,B
4866,27,Male,16.1,68.5,7,5,No,High,Yes,0,9,98.6,Reading/Writing,100,A
4867,29,Male,16.0,89.0,4,7,No,High,No,4,0,70.3,Kinesthetic,89.2,B
4868,18,Female,16.5,85.3,6,4,Yes,Low,Yes,0,2,69.8,Reading/Writing,98.1,A
4869,27,Female,14.6,55.8,9,3,Yes,Low,No,3,5,48.3,Visual,87.4,B
4870,28,Female,6.9,57.3,6,2,Yes,Low,No,3,0,58.5,Kinesthetic,74.8,C
4871,24,Male,17.4,60.1,1,1,Yes,High,No,5,6,46.9,Kinesthetic,95.6,A
4872,29,Male,19.9,76.5,1,8,Yes,High,Yes,4,9,50.3,Reading/Writing,100,A
4873,29,Female,6.6,72.1,7,4,No,Low,Yes,3,7,96.4,Visual,78.7,B
4874,19,Male,10.1,90.1,6,9,No,High,Yes,3,3,61.4,Visual,78.6,B
4875,23,Male,5.2,80.3,4,6,Yes,High,Yes,0,6,55.7,Reading/Writing,81.0,B
4876,29,Male,3.2,74.3,8,5,No,High,Yes,4,0,65.6,Visual,76.1,B
4877,24,Female,17.0,75.2,5,10,Yes,High,Yes,5,1,86.2,Visual,100,A
4878,22,Female,13.6,94.1,10,3,No,High,Yes,5,5,68.5,Kinesthetic,96.3,A
4879,23,Male,3.6,83.0,8,2,Yes,High,No,1,0,53.0,Kinesthetic,79.0,B
4880,27,Male,4.3,79.1,7,8,No,High,No,5,3,51.5,Reading/Writing,72.5,C
4881,22,Male,19.9,65.2,3,7,No,Low,No,1,7,96.6,Visual,94.7,A
4882,24,Female,10.7,91.8,6,3,Yes,High,Yes,1,10,75.4,Reading/Writing,89.6,B
4883,20,Male,7.1,99.9,3,3,Yes,High,No,2,4,72.1,Auditory,94.2,A
4884,29,Female,6.4,98.4,2,3,No,Low,No,4,6,52.3,Reading/Writing,67.9,C
4885,18,Male,19.6,50.6,8,8,Yes,High,Yes,4,9,73.0,Visual,100,A
4886,21,Male,14.4,69.9,8,5,No,High,No,2,7,98.0,Visual,100,A
4887,21,Female,8.0,58.2,6,9,No,Low,No,2,6,57.2,Kinesthetic,68.7,C
4888,27,Male,9.2,87.5,10,2,No,High,No,0,3,47.5,Visual,87.8,B
4889,21,Female,12.8,54.2,4,3,Yes,High,No,4,1,90.1,Kinesthetic,94.3,A
4890,23,Male,15.8,55.5,3,3,Yes,High,Yes,2,4,56.6,Auditory,84.1,B
4891,23,Male,7.4,51.3,8,2,No,Low,No,0,9,76.2,Kinesthetic,68.3,C
4892,18,Female,4.4,55.1,8,5,No,High,No,4,3,81.7,Kinesthetic,70.0,C
4893,30,Female,10.8,62.8,2,4,Yes,Low,No,3,0,50.7,Kinesthetic,72.8,C
4894,19,Male,3.0,64.6,4,7,Yes,High,No,5,8,89.8,Kinesthetic,77.9,B
4895,20,Male,4.1,79.2,5,8,No,Low,Yes,4,2,45.9,Reading/Writing,64.5,C
4896,26,Male,4.1,92.1,2,6,No,Low,Yes,0,6,79.9,Visual,73.8,C
4897,18,Male,4.2,89.8,2,10,No,High,Yes,3,2,78.8,Auditory,62.3,C
4898,30,Male,12.7,85.3,2,9,No,Low,Yes,2,0,94.6,Kinesthetic,73.3,C
4899,23,Male,1.2,50.9,9,8,No,High,Yes,1,9,54.1,Auditory,60.7,C
4900,21,Male,3.1,92.5,8,8,No,High,No,3,4,82.4,Auditory,74.1,C
4901,30,Female,11.3,80.2,4,7,Yes,High,No,1,9,87.9,Kinesthetic,90.4,A
4902,18,Male,2.1,86.3,9,10,Yes,High,Yes,3,6,84.8,Kinesthetic,72.7,C
4903,24,Male,15.5,56.7,6,8,No,Low,No,2,6,67.4,Visual,74.5,C
4904,29,Female,11.3,72.5,3,3,Yes,High,Yes,2,1,47.7,Auditory,76.4,B
4905,22,Female,5.1,60.5,9,5,Yes,Low,No,0,2,79.8,Visual,77.8,B
4906,19,Female,16.2,64.6,9,9,Yes,High,Yes,3,9,53.7,Auditory,99.1,A
4907,21,Male,19.1,88.2,8,7,Yes,High,No,2,1,51.8,Visual,100,A
4908,28,Male,8.6,96.2,1,5,Yes,High,Yes,0,6,79.6,Kinesthetic,77.1,B
4909,22,Female,11.9,72.1,10,9,Yes,Low,No,2,3,99.6,Visual,83.5,B
4910,19,Male,12.4,67.8,10,4,No,High,No,3,7,74.5,Reading/Writing,95.5,A
4911,21,Female,7.4,75.6,8,3,Yes,High,No,1,5,89.2,Kinesthetic,92.2,A
4912,23,Male,5.0,73.7,2,7,No,Low,No,2,3,50.6,Kinesthetic,59.7,D
4913,30,Male,7.5,87.1,4,10,Yes,Low,No,3,8,96.9,Auditory,83.6,B
4914,26,Female,18.5,56.9,7,10,Yes,High,No,1,7,99.1,Reading/Writing,100,A
4915,27,Female,10.3,84.1,6,7,No,Low,Yes,2,3,74.2,Reading/Writing,81.6,B
4916,24,Female,1.5,81.9,4,7,Yes,Low,Yes,1,4,74.9,Kinesthetic,70.2,C
4917,26,Male,16.8,63.2,2,10,Yes,Low,Yes,5,3,80.8,Reading/Writing,78.3,B
4918,24,Male,4.0,76.2,6,2,Yes,High,No,5,9,45.1,Visual,76.6,B
4919,24,Male,14.4,91.0,7,6,No,Low,Yes,1,10,62.1,Auditory,86.6,B
4920,29,Female,14.4,84.3,9,1,Yes,Low,No,0,9,45.5,Auditory,100,A
4921,30,Male,7.3,85.4,5,5,No,High,Yes,2,1,43.8,Visual,67.6,C
4922,21,Male,13.4,71.7,5,6,Yes,High,Yes,0,9,91.2,Reading/Writing,97.6,A
4923,20,Male,13.2,69.9,2,6,Yes,High,Yes,3,6,60.3,Reading/Writing,79.6,B
4924,27,Male,9.0,52.6,3,8,No,High,Yes,0,8,48.8,Auditory,66.8,C
4925,27,Male,2.5,51.4,2,3,No,Low,No,5,3,55.4,Kinesthetic,54.0,D
4926,29,Male,19.4,97.2,9,4,Yes,High,Yes,4,1,85.8,Kinesthetic,100,A
4927,28,Female,11.2,74.7,4,7,Yes,High,Yes,3,9,52.8,Reading/Writing,91.4,A
4928,19,Male,5.1,86.3,3,9,Yes,High,No,0,4,86.5,Reading/Writing,75.1,B
4929,20,Male,17.9,73.7,3,4,Yes,Low,No,1,1,51.3,Auditory,90.8,A
4930,25,Female,12.1,79.8,5,5,Yes,High,No,2,1,64.5,Kinesthetic,90.7,A
4931,24,Female,11.5,98.5,4,3,Yes,High,Yes,4,10,79.0,Kinesthetic,100,A
4932,24,Female,2.2,83.3,5,1,No,Low,Yes,3,2,92.2,Auditory,69.9,C
4933,24,Female,3.3,50.4,10,10,Yes,Low,No,0,9,56.4,Kinesthetic,69.8,C
4934,19,Male,10.9,60.9,3,2,No,High,Yes,4,5,50.7,Kinesthetic,82.3,B
4935,26,Female,1.4,68.8,5,1,Yes,Low,No,5,4,89.0,Auditory,67.3,C
4936,21,Male,12.2,76.9,4,6,Yes,High,No,2,4,78.4,Kinesthetic,90.6,A
4937,18,Male,13.1,92.1,9,8,Yes,Low,No,5,0,68.3,Kinesthetic,88.1,B
4938,23,Female,9.8,73.7,6,6,No,Low,No,0,4,65.7,Kinesthetic,75.2,B
4939,22,Male,19.7,79.4,2,5,Yes,Low,Yes,2,8,95.8,Reading/Writing,99.6,A
4940,24,Male,11.4,70.5,4,5,No,High,No,1,3,78.8,Kinesthetic,84.6,B
4941,28,Male,17.2,89.3,7,10,No,Low,No,2,5,45.6,Visual,84.9,B
4942,21,Male,4.0,82.9,8,3,Yes,Low,Yes,3,8,75.6,Auditory,77.5,B
4943,25,Male,12.8,76.6,1,1,Yes,High,Yes,0,4,48.1,Visual,89.8,B
4944,24,Female,19.2,95.1,6,2,Yes,High,Yes,1,1,59.2,Reading/Writing,100,A
4945,19,Female,12.0,76.5,8,6,No,High,Yes,3,9,76.2,Reading/Writing,91.7,A
4946,18,Male,11.9,77.1,1,6,Yes,Low,Yes,2,2,74.7,Auditory,74.4,C
4947,27,Female,11.8,69.3,6,9,No,High,Yes,4,0,41.4,Kinesthetic,77.7,B
4948,27,Female,4.4,94.6,4,3,Yes,High,No,0,3,58.8,Kinesthetic,78.8,B
4949,29,Female,13.2,77.3,6,7,No,High,No,1,8,79.8,Kinesthetic,86.2,B
4950,28,Male,9.1,51.4,2,1,No,Low,No,2,2,60.6,Visual,66.1,C
4951,25,Female,5.0,95.9,6,9,Yes,Low,Yes,2,0,85.2,Reading/Writing,77.6,B
4952,23,Female,2.1,68.3,7,9,Yes,High,No,5,0,45.0,Visual,60.2,C
4953,19,Female,19.7,88.9,6,4,No,Low,No,1,2,43.5,Kinesthetic,97.5,A
4954,19,Female,10.9,73.3,8,3,No,Low,No,3,0,84.5,Reading/Writing,81.1,B
4955,24,Male,5.2,98.0,3,6,No,High,No,1,3,73.6,Visual,67.7,C
4956,20,Female,18.9,72.1,9,2,Yes,Low,No,5,1,60.8,Reading/Writing,100,A
4957,29,Male,5.4,66.9,6,6,No,High,No,4,9,50.7,Reading/Writing,63.3,C
4958,23,Female,19.7,69.7,7,2,Yes,Low,Yes,2,5,56.2,Kinesthetic,100,A
4959,26,Female,15.7,57.1,8,2,No,Low,Yes,3,5,91.8,Visual,98.2,A
4960,29,Male,9.3,61.6,9,9,No,High,No,2,2,79.1,Reading/Writing,83.5,B
4961,18,Male,3.9,79.5,4,10,Yes,Low,Yes,4,6,80.6,Visual,64.9,C
4962,29,Male,4.6,91.2,9,3,Yes,High,No,4,5,76.7,Auditory,89.1,B
4963,18,Female,9.8,80.5,6,5,No,High,Yes,0,8,91.1,Reading/Writing,87.1,B
4964,23,Male,11.7,83.6,7,2,No,High,No,0,10,61.3,Kinesthetic,98.1,A
4965,27,Male,5.8,73.1,4,9,No,High,No,5,2,84.8,Auditory,73.1,C
4966,29,Female,13.3,62.7,6,7,Yes,High,Yes,3,2,71.2,Visual,88.8,B
4967,30,Male,12.7,57.3,2,3,Yes,Low,No,1,9,91.7,Auditory,73.6,C
4968,22,Female,5.6,88.3,6,1,No,Low,Yes,1,6,70.7,Visual,77.0,B
4969,26,Female,5.2,90.8,10,10,No,High,No,1,10,84.9,Reading/Writing,77.3,B
4970,26,Male,2.6,96.8,4,10,Yes,High,Yes,2,4,92.2,Visual,73.6,C
4971,19,Female,17.5,62.8,4,8,Yes,Low,No,5,4,94.9,Reading/Writing,98.6,A
4972,21,Male,3.5,76.3,6,4,No,High,Yes,5,1,70.7,Kinesthetic,71.9,C
4973,22,Male,11.4,86.4,9,6,Yes,Low,Yes,2,4,54.7,Kinesthetic,85.8,B
4974,28,Female,6.1,65.9,9,9,Yes,Low,No,0,2,49.0,Visual,60.4,C
4975,29,Female,12.1,77.4,8,8,No,Low,Yes,1,7,99.7,Kinesthetic,95.4,A
4976,29,Male,9.9,100.0,6,2,Yes,High,Yes,1,5,78.3,Auditory,97.1,A
4977,29,Male,18.4,61.4,5,1,No,High,No,2,10,91.9,Reading/Writing,95.8,A
4978,25,Female,18.7,62.6,5,9,Yes,Low,Yes,3,1,80.7,Kinesthetic,92.0,A
4979,18,Female,14.2,64.5,1,2,No,Low,No,0,7,69.0,Auditory,77.0,B
4980,21,Male,10.7,97.8,6,7,No,High,No,5,3,67.8,Auditory,96.4,A
4981,25,Female,11.1,80.7,8,5,Yes,Low,No,3,1,88.2,Reading/Writing,96.5,A
4982,26,Female,2.3,71.6,3,7,Yes,High,Yes,0,2,53.0,Auditory,64.0,C
4983,19,Female,6.0,64.3,8,10,No,High,No,1,5,43.8,Kinesthetic,72.7,C
4984,26,Female,11.6,81.9,10,4,Yes,High,No,3,2,58.2,Auditory,94.5,A
4985,21,Male,15.9,82.0,8,10,Yes,High,Yes,0,3,47.0,Visual,94.4,A
4986,21,Male,10.2,91.2,2,5,No,High,No,5,1,88.9,Kinesthetic,84.9,B
4987,29,Female,11.0,89.1,2,3,Yes,High,Yes,0,4,88.6,Auditory,88.4,B
4988,26,Female,18.7,98.4,2,6,Yes,High,Yes,4,2,57.5,Visual,97.4,A
4989,21,Male,16.2,80.8,1,9,No,High,No,4,8,76.6,Kinesthetic,87.1,B
4990,23,Male,14.0,84.0,8,9,No,High,No,1,2,86.5,Kinesthetic,90.0,A
4991,19,Male,7.8,98.9,8,5,No,High,Yes,2,4,81.9,Reading/Writing,96.3,A
4992,22,Male,7.8,71.7,3,2,No,High,Yes,2,4,58.0,Reading/Writing,68.5,C
4993,27,Male,1.1,62.1,1,3,Yes,Low,No,5,9,56.4,Auditory,56.8,D
4994,25,Male,12.5,64.2,4,3,Yes,High,Yes,4,1,60.8,Reading/Writing,78.5,B
4995,30,Female,2.4,54.9,9,2,Yes,Low,Yes,2,5,85.7,Kinesthetic,77.6,B
4996,26,Female,5.3,95.4,1,9,No,High,No,4,0,48.9,Visual,68.9,C
4997,20,Male,3.3,50.7,9,9,Yes,Low,Yes,1,3,67.8,Kinesthetic,69.8,C
4998,26,Male,13.6,84.8,1,10,Yes,High,Yes,5,4,83.0,Visual,82.0,B
4999,20,Female,4.3,77.4,3,2,No,Low,Yes,0,3,92.7,Visual,66.8,C
5000,23,Female,14.6,93.9,2,4,Yes,Low,Yes,2,6,88.7,Kinesthetic,92.6,A
5001,23,Female,6.1,89.8,10,5,No,High,Yes,5,3,90.5,Visual,85.2,B
5002,20,Male,8.8,85.1,10,9,Yes,Low,Yes,4,0,55.9,Auditory,87.8,B
5003,19,Female,5.1,56.4,9,6,Yes,Low,Yes,4,10,56.4,Auditory,77.4,B
5004,20,Female,4.3,50.7,10,5,No,High,Yes,5,3,97.6,Kinesthetic,70.0,C
5005,28,Male,15.9,56.7,8,5,Yes,High,Yes,0,7,42.7,Reading/Writing,90.7,A
5006,24,Male,3.3,68.5,3,1,No,High,Yes,1,8,47.0,Visual,63.7,C
5007,24,Male,1.4,72.2,8,3,Yes,Low,No,3,2,48.1,Visual,67.4,C
5008,18,Female,5.9,69.6,4,5,No,High,No,2,10,51.1,Visual,75.0,B
5009,28,Male,7.2,88.2,1,4,No,High,Yes,5,5,54.4,Reading/Writing,80.3,B
5010,20,Male,6.3,55.4,2,6,No,Low,Yes,1,6,54.7,Reading/Writing,59.6,D
5011,18,Male,14.2,96.7,3,10,No,Low,No,3,7,96.7,Auditory,95.8,A
5012,30,Female,14.5,96.5,7,2,Yes,Low,Yes,0,4,79.5,Reading/Writing,94.5,A
5013,20,Female,10.2,96.0,6,2,No,Low,No,4,0,98.8,Visual,94.6,A
5014,24,Female,16.8,91.4,4,9,No,Low,Yes,5,1,45.6,Auditory,81.9,B
5015,22,Male,2.4,83.7,3,5,Yes,Low,No,3,4,72.1,Reading/Writing,72.7,C
5016,23,Female,1.1,53.7,3,3,No,High,Yes,2,3,70.4,Visual,57.5,D
5017,21,Male,19.7,71.2,8,8,No,High,No,1,2,69.7,Kinesthetic,100,A
5018,28,Female,19.1,85.3,5,3,Yes,Low,No,3,6,57.9,Kinesthetic,100,A
5019,29,Male,19.0,92.3,10,7,No,High,Yes,4,0,60.1,Reading/Writing,100,A
5020,27,Male,4.0,93.2,6,4,No,Low,No,2,9,95.3,Visual,82.5,B
5021,25,Female,12.1,70.8,4,1,Yes,High,Yes,0,4,42.5,Visual,78.2,B
5022,20,Female,18.1,72.7,2,10,Yes,Low,Yes,1,0,98.3,Reading/Writing,88.0,B
5023,24,Female,16.2,83.8,3,7,Yes,Low,Yes,3,3,88.5,Auditory,93.9,A
5024,20,Female,7.3,79.0,7,7,Yes,High,No,5,4,79.3,Auditory,84.5,B
5025,21,Female,2.6,99.0,8,6,Yes,Low,No,1,8,49.6,Auditory,76.4,B
5026,27,Female,19.0,51.6,9,10,No,High,No,0,10,40.5,Auditory,89.7,B
5027,26,Female,10.4,72.1,5,8,No,High,No,3,7,49.9,Reading/Writing,78.7,B
5028,22,Male,8.1,52.4,1,5,No,Low,No,4,6,85.4,Kinesthetic,70.9,C
5029,18,Male,5.8,54.3,2,5,No,Low,Yes,5,7,99.1,Kinesthetic,61.4,C
5030,21,Male,5.5,59.8,10,5,Yes,High,No,0,5,75.2,Kinesthetic,82.4,B
5031,25,Male,8.4,60.4,9,4,No,High,No,3,9,82.9,Auditory,86.6,B
5032,24,Male,6.6,62.7,5,7,No,High,No,2,6,82.2,Visual,70.7,C
5033,27,Female,1.3,62.3,1,6,No,High,No,4,10,55.0,Auditory,57.9,D
5034,28,Male,19.7,50.4,8,4,No,Low,Yes,0,3,74.5,Reading/Writing,98.7,A
5035,22,Male,8.3,99.2,2,10,Yes,Low,No,3,2,70.9,Reading/Writing,73.2,C
5036,29,Male,12.6,51.0,8,9,No,Low,Yes,1,1,81.7,Reading/Writing,74.9,C
5037,24,Female,2.8,70.1,6,5,Yes,High,Yes,5,10,61.1,Auditory,74.8,C
5038,19,Male,14.3,69.9,2,1,Yes,Low,No,1,4,54.4,Reading/Writing,74.7,C
5039,28,Male,16.0,79.5,5,10,No,High,No,5,3,88.9,Kinesthetic,100,A
5040,27,Male,12.7,56.4,7,3,Yes,Low,No,2,6,42.4,Kinesthetic,79.0,B
5041,25,Female,16.0,94.2,9,6,No,High,Yes,1,4,52.9,Kinesthetic,100,A
5042,23,Male,16.9,84.6,6,3,Yes,Low,No,3,5,61.3,Reading/Writing,95.9,A
5043,24,Female,6.7,72.2,3,3,No,Low,Yes,2,3,95.6,Visual,67.0,C
5044,18,Male,15.4,76.4,10,9,Yes,High,No,4,7,44.1,Auditory,100,A
5045,23,Female,9.6,99.5,4,10,No,Low,No,4,4,47.2,Visual,77.6,B
5046,25,Male,14.5,72.8,8,2,No,Low,No,3,4,51.2,Visual,87.9,B
5047,25,Female,8.1,71.9,5,5,No,Low,No,0,2,70.2,Visual,66.4,C
5048,21,Male,5.3,53.9,4,9,Yes,High,Yes,0,2,44.7,Auditory,58.5,D
5049,30,Male,11.1,64.5,2,1,Yes,Low,No,1,5,75.9,Auditory,71.3,C
5050,29,Male,3.6,83.8,2,1,No,Low,Yes,3,6,89.4,Kinesthetic,71.9,C
5051,24,Female,16.1,61.4,9,2,Yes,High,No,5,5,69.8,Visual,100,A
5052,26,Male,2.1,63.1,10,1,Yes,High,Yes,0,3,66.5,Kinesthetic,75.0,B
5053,25,Female,14.7,55.7,8,8,No,Low,Yes,2,6,96.3,Reading/Writing,78.1,B
5054,23,Female,15.8,64.8,10,8,Yes,Low,Yes,2,0,42.4,Kinesthetic,82.6,B
5055,20,Male,19.0,85.4,2,9,No,Low,Yes,4,2,75.7,Auditory,94.7,A
5056,20,Female,3.0,86.3,2,10,No,High,No,0,7,80.7,Reading/Writing,71.5,C
5057,22,Male,1.9,70.4,10,5,Yes,High,Yes,1,4,88.2,Kinesthetic,79.6,B
5058,20,Male,18.2,77.6,4,5,No,High,No,2,9,45.7,Auditory,91.7,A
5059,23,Male,15.3,56.0,4,1,Yes,Low,Yes,4,7,44.1,Visual,80.9,B
5060,29,Male,3.5,97.6,10,9,Yes,Low,Yes,2,7,59.8,Kinesthetic,73.5,C
5061,27,Male,6.8,74.1,6,3,Yes,High,No,3,5,43.3,Auditory,76.4,B
5062,18,Female,17.7,76.8,7,1,Yes,High,Yes,3,5,52.9,Visual,97.6,A
5063,22,Male,9.7,66.1,3,8,Yes,High,No,2,7,51.8,Visual,75.3,B
5064,29,Male,14.4,55.1,5,8,Yes,Low,No,3,10,64.1,Reading/Writing,80.0,B
5065,24,Female,9.7,79.8,3,6,Yes,High,No,0,2,93.0,Reading/Writing,85.7,B
5066,23,Female,10.0,75.1,2,9,Yes,Low,Yes,2,9,69.3,Auditory,68.6,C
5067,22,Female,2.8,59.1,10,4,No,Low,No,0,1,69.6,Auditory,63.5,C
5068,23,Male,13.0,76.1,9,1,Yes,High,No,4,10,40.3,Kinesthetic,99.5,A
5069,30,Female,10.6,98.1,6,1,No,High,Yes,4,7,75.4,Auditory,100,A
5070,23,Male,13.5,77.9,7,7,No,High,No,2,8,63.9,Kinesthetic,93.1,A
5071,24,Female,7.0,96.5,4,10,No,High,Yes,5,6,83.3,Visual,86.7,B
5072,22,Male,7.3,88.1,3,4,No,High,No,0,7,60.5,Reading/Writing,76.4,B
5073,21,Male,6.5,87.7,5,4,Yes,Low,Yes,5,7,64.9,Reading/Writing,86.0,B
5074,23,Female,10.8,94.2,2,1,No,Low,No,3,8,51.1,Reading/Writing,83.2,B
5075,20,Male,7.2,56.4,7,8,No,Low,Yes,0,4,46.1,Kinesthetic,62.4,C
5076,23,Male,1.1,84.5,10,8,No,Low,No,5,1,57.2,Kinesthetic,59.3,D
5077,23,Female,14.0,99.1,9,8,Yes,High,No,3,10,65.6,Kinesthetic,100,A
5078,28,Male,10.0,58.5,5,9,No,Low,Yes,3,8,99.5,Reading/Writing,81.4,B
5079,25,Male,13.7,66.2,4,5,No,Low,Yes,5,1,48.2,Reading/Writing,76.9,B
5080,25,Female,9.3,74.0,2,3,No,Low,Yes,3,3,67.5,Reading/Writing,64.5,C
5081,27,Female,5.2,65.2,9,10,No,High,No,0,1,90.0,Auditory,79.8,B
5082,22,Male,18.0,64.5,10,6,No,Low,Yes,3,5,43.5,Auditory,88.6,B
5083,21,Male,9.7,96.6,5,3,Yes,Low,No,5,10,76.4,Auditory,86.7,B
5084,22,Female,12.1,75.7,1,7,Yes,Low,Yes,4,3,57.3,Reading/Writing,82.5,B
5085,28,Male,7.1,93.3,7,7,No,Low,No,2,8,46.0,Reading/Writing,74.8,C
5086,21,Female,4.0,87.5,10,7,No,Low,No,4,8,70.4,Kinesthetic,85.1,B
5087,27,Male,5.4,90.8,6,4,No,Low,No,0,7,72.3,Auditory,68.5,C
5088,27,Female,1.4,51.5,10,6,No,Low,Yes,5,3,77.2,Visual,63.6,C
5089,28,Female,3.8,57.6,1,7,No,Low,Yes,4,1,95.2,Visual,63.1,C
5090,24,Male,6.1,59.3,8,2,Yes,High,Yes,5,6,66.6,Auditory,82.2,B
5091,24,Male,12.9,74.9,2,5,No,High,Yes,5,4,45.6,Auditory,81.5,B
5092,19,Female,19.8,90.4,6,10,Yes,Low,Yes,1,10,95.4,Visual,98.5,A
5093,30,Female,17.2,63.0,1,8,Yes,High,Yes,1,4,73.9,Auditory,87.0,B
5094,25,Male,7.4,94.0,5,10,Yes,Low,No,1,5,94.7,Visual,75.5,B
5095,24,Male,17.5,61.7,10,10,No,High,No,0,3,50.0,Kinesthetic,86.7,B
5096,27,Male,8.2,72.0,1,4,No,High,No,1,2,61.8,Visual,72.0,C
5097,25,Male,17.7,59.9,5,10,Yes,Low,Yes,0,9,41.8,Auditory,84.1,B
5098,24,Female,5.2,89.1,10,4,Yes,High,Yes,1,6,62.6,Auditory,82.2,B
5099,24,Female,15.7,62.7,5,1,No,High,No,1,4,68.0,Auditory,92.4,A
5100,19,Female,19.5,54.7,4,3,No,High,No,2,5,49.2,Reading/Writing,96.2,A
5101,20,Female,9.9,54.8,3,8,Yes,High,No,3,1,61.8,Visual,72.6,C
5102,18,Female,12.4,54.5,3,2,Yes,Low,No,3,6,67.4,Auditory,75.1,B
5103,20,Male,5.8,72.6,5,7,No,High,No,5,0,66.0,Reading/Writing,72.0,C
5104,24,Male,3.8,94.4,8,7,No,High,No,0,1,83.1,Auditory,77.6,B
5105,30,Male,17.3,83.8,5,8,Yes,Low,No,4,9,89.5,Reading/Writing,97.1,A
5106,19,Male,4.4,81.0,4,8,No,Low,Yes,3,8,91.9,Reading/Writing,73.8,C
5107,19,Male,8.3,77.1,6,9,Yes,High,No,0,4,49.5,Reading/Writing,74.3,C
5108,28,Male,8.9,56.3,9,5,No,High,No,5,8,65.2,Reading/Writing,82.1,B
5109,25,Male,7.8,80.6,5,9,Yes,High,No,4,6,94.2,Auditory,91.0,A
5110,25,Female,1.8,62.9,7,8,Yes,Low,No,5,7,70.7,Kinesthetic,72.3,C
5111,19,Male,18.2,68.4,10,6,No,High,No,1,5,72.3,Visual,100,A
5112,20,Male,15.6,83.3,3,10,No,Low,Yes,4,7,75.1,Reading/Writing,92.0,A
5113,21,Female,6.4,89.8,6,10,No,Low,Yes,4,3,42.5,Kinesthetic,63.7,C
5114,24,Male,2.4,89.1,2,2,No,High,No,3,5,62.8,Visual,67.0,C
5115,30,Female,18.9,65.9,8,9,Yes,Low,Yes,2,7,92.1,Visual,100,A
5116,21,Male,4.2,87.3,10,8,Yes,High,Yes,4,2,46.5,Reading/Writing,78.2,B
5117,30,Male,5.5,93.3,10,3,Yes,High,Yes,2,9,51.9,Reading/Writing,92.9,A
5118,18,Female,10.6,64.6,6,9,No,High,No,4,10,96.2,Auditory,91.4,A
5119,18,Male,9.7,53.1,4,4,Yes,High,Yes,4,1,64.7,Reading/Writing,77.6,B
5120,27,Female,5.5,85.6,9,6,Yes,Low,No,4,10,64.8,Auditory,88.2,B
5121,24,Female,3.6,97.7,7,5,Yes,Low,Yes,1,2,88.7,Visual,81.0,B
5122,20,Female,2.5,50.3,9,5,No,High,No,4,10,54.0,Kinesthetic,61.6,C
5123,27,Male,3.2,52.7,7,5,No,Low,Yes,4,6,70.7,Visual,59.3,D
5124,26,Female,6.5,88.6,8,3,No,High,No,3,10,70.3,Kinesthetic,86.1,B
5125,27,Female,8.1,69.8,8,7,Yes,High,No,4,3,75.3,Reading/Writing,90.4,A
5126,27,Male,12.2,97.2,6,4,Yes,Low,Yes,4,5,90.7,Auditory,91.9,A
5127,20,Female,6.0,92.1,1,8,No,High,Yes,2,4,74.3,Reading/Writing,73.7,C
5128,18,Male,9.0,71.8,10,5,No,Low,Yes,4,2,98.4,Reading/Writing,82.0,B
5129,18,Male,18.7,74.0,9,3,Yes,Low,No,4,7,66.7,Kinesthetic,100,A
5130,25,Female,5.8,69.8,10,4,Yes,Low,Yes,0,10,58.4,Reading/Writing,82.5,B
5131,30,Female,18.1,97.8,2,9,No,High,Yes,5,3,63.2,Reading/Writing,88.4,B
5132,20,Male,1.4,68.2,3,4,Yes,Low,Yes,3,2,90.3,Reading/Writing,67.3,C
5133,30,Male,11.5,91.9,1,3,Yes,High,No,1,10,94.8,Visual,92.9,A
5134,26,Female,1.7,54.9,6,5,No,Low,Yes,0,4,79.8,Reading/Writing,49.3,F
5135,26,Male,2.9,85.1,6,3,Yes,High,Yes,2,1,80.9,Auditory,83.1,B
5136,23,Male,2.7,90.0,2,9,Yes,High,No,1,3,42.2,Kinesthetic,62.8,C
5137,25,Female,13.8,63.4,8,1,Yes,Low,No,3,5,45.5,Visual,86.7,B
5138,29,Male,8.1,75.9,6,2,No,High,No,4,4,63.2,Reading/Writing,89.5,B
5139,18,Female,18.5,79.6,3,1,No,High,No,1,0,44.3,Auditory,86.2,B
5140,27,Male,1.8,78.7,5,2,Yes,High,Yes,0,5,53.9,Auditory,68.4,C
5141,27,Male,3.3,81.1,3,5,Yes,Low,No,2,1,47.2,Kinesthetic,54.8,D
5142,20,Male,4.6,80.0,6,8,Yes,Low,Yes,1,2,44.1,Visual,71.9,C
5143,29,Male,2.3,91.5,10,4,Yes,High,No,4,3,81.2,Auditory,82.8,B
5144,30,Female,15.0,67.4,1,8,No,High,No,4,10,40.6,Kinesthetic,84.0,B
5145,21,Female,6.0,80.7,9,9,Yes,High,No,1,8,97.6,Auditory,90.6,A
5146,22,Female,15.5,83.8,7,1,Yes,High,Yes,2,10,54.7,Reading/Writing,100,A
5147,26,Female,9.5,64.1,10,6,Yes,Low,Yes,1,6,97.6,Visual,86.3,B
5148,20,Female,14.5,84.1,4,5,Yes,Low,No,5,6,63.4,Kinesthetic,88.4,B
5149,28,Male,15.5,85.5,2,1,Yes,Low,No,3,2,48.2,Reading/Writing,82.5,B
5150,30,Female,15.8,55.1,5,3,No,High,No,4,6,92.4,Reading/Writing,97.6,A
5151,24,Male,15.3,69.6,9,4,Yes,High,Yes,3,7,77.9,Visual,100,A
5152,20,Female,5.3,93.9,3,8,No,Low,No,2,7,58.3,Auditory,65.3,C
5153,25,Male,18.0,89.0,8,2,Yes,High,No,3,2,86.3,Auditory,100,A
5154,19,Male,1.4,95.9,2,3,No,Low,No,1,3,63.7,Visual,60.7,C
5155,19,Female,7.0,92.2,6,1,No,Low,No,0,0,48.3,Reading/Writing,80.5,B
5156,29,Female,11.7,56.9,1,4,Yes,Low,No,4,5,55.9,Kinesthetic,73.8,C
5157,21,Female,16.6,54.4,8,10,Yes,High,Yes,2,7,73.0,Visual,85.1,B
5158,24,Female,14.2,65.0,1,4,No,Low,Yes,0,9,48.4,Reading/Writing,65.3,C
5159,21,Male,8.0,91.2,1,5,No,Low,Yes,3,0,78.3,Kinesthetic,64.7,C
5160,21,Male,10.1,50.6,1,10,No,Low,Yes,4,7,99.8,Kinesthetic,60.9,C
5161,30,Male,6.5,97.9,7,5,Yes,High,No,2,8,59.9,Kinesthetic,96.2,A
5162,25,Female,14.6,69.5,5,1,No,Low,No,0,1,92.6,Auditory,92.0,A
5163,23,Female,15.3,58.2,6,1,Yes,High,No,1,10,41.9,Visual,92.4,A
5164,23,Male,16.7,81.7,1,4,Yes,High,No,5,9,78.0,Reading/Writing,100,A
5165,22,Female,14.3,97.8,10,1,Yes,Low,No,2,6,81.8,Auditory,100,A
5166,27,Male,15.1,65.0,7,6,Yes,Low,No,5,2,42.8,Auditory,90.9,A
5167,23,Male,7.3,53.1,9,9,Yes,High,Yes,0,2,53.5,Auditory,64.8,C
5168,25,Female,8.4,86.9,7,7,Yes,Low,No,3,9,60.4,Auditory,86.1,B
5169,29,Female,14.7,82.3,1,1,No,High,Yes,0,5,63.2,Visual,94.1,A
5170,23,Female,16.5,57.6,6,5,Yes,Low,Yes,1,4,83.5,Visual,89.5,B
5171,25,Male,15.2,75.4,7,4,Yes,High,No,1,0,41.6,Kinesthetic,86.6,B
5172,23,Male,16.7,61.9,8,1,Yes,Low,No,1,10,99.8,Kinesthetic,95.4,A
5173,24,Female,14.1,99.0,5,6,Yes,High,Yes,0,0,66.9,Reading/Writing,94.0,A
5174,30,Female,14.5,97.5,8,8,Yes,Low,No,5,4,61.7,Kinesthetic,95.4,A
5175,25,Male,3.3,74.2,1,10,Yes,High,No,0,10,76.3,Kinesthetic,63.7,C
5176,23,Male,9.0,51.2,7,5,Yes,High,Yes,1,1,80.8,Reading/Writing,77.4,B
5177,25,Male,11.1,95.8,2,1,Yes,Low,No,1,4,72.6,Kinesthetic,92.2,A
5178,30,Male,14.8,64.9,2,4,Yes,Low,Yes,4,1,57.7,Auditory,77.2,B
5179,30,Male,18.2,78.3,7,9,No,High,Yes,2,3,67.8,Visual,94.9,A
5180,21,Female,2.7,74.7,10,8,Yes,Low,Yes,3,5,86.8,Kinesthetic,68.2,C
5181,23,Female,7.3,85.5,4,3,No,Low,Yes,3,0,52.9,Auditory,67.6,C
5182,23,Male,9.8,84.6,4,9,No,High,Yes,4,4,97.3,Reading/Writing,76.1,B
5183,21,Male,12.9,80.3,4,6,Yes,Low,Yes,1,5,74.2,Reading/Writing,83.8,B
5184,26,Female,1.7,65.3,9,7,No,High,Yes,1,8,43.3,Reading/Writing,70.0,C
5185,29,Female,2.8,58.8,9,1,Yes,Low,No,3,0,94.3,Auditory,79.6,B
5186,25,Female,19.0,99.5,1,3,Yes,High,No,4,8,55.3,Kinesthetic,100,A
5187,22,Male,8.2,92.2,8,4,No,High,No,1,7,43.2,Reading/Writing,88.6,B
5188,18,Female,15.8,64.8,8,9,Yes,Low,Yes,1,5,52.3,Reading/Writing,92.4,A
5189,28,Female,12.7,83.6,4,8,No,Low,No,1,2,47.0,Visual,82.8,B
5190,22,Male,12.3,93.2,10,8,Yes,High,No,2,0,99.2,Auditory,100,A
5191,22,Male,6.7,83.6,2,5,No,High,Yes,4,6,46.8,Kinesthetic,76.6,B
5192,25,Female,13.0,65.6,5,7,No,Low,Yes,5,10,51.2,Visual,83.5,B
5193,25,Female,15.3,86.3,2,6,Yes,High,No,4,1,73.9,Kinesthetic,97.2,A
5194,27,Male,3.9,85.8,8,2,No,High,No,4,0,75.5,Kinesthetic,74.3,C
5195,23,Female,16.2,57.8,9,6,Yes,High,Yes,1,0,42.4,Reading/Writing,82.1,B
5196,18,Female,14.1,99.5,1,1,No,Low,Yes,1,8,54.7,Kinesthetic,86.9,B
5197,21,Female,4.5,86.1,4,1,Yes,Low,Yes,3,9,98.2,Kinesthetic,86.2,B
5198,26,Female,2.0,56.3,3,8,Yes,Low,No,3,2,57.6,Auditory,58.4,D
5199,20,Female,16.9,66.4,5,7,Yes,Low,No,5,4,86.3,Visual,88.7,B
5200,30,Male,4.0,79.7,9,6,No,Low,No,0,7,61.2,Reading/Writing,76.2,B
5201,20,Female,15.5,67.2,9,6,Yes,Low,Yes,2,6,48.4,Auditory,91.2,A
5202,27,Female,9.1,94.0,10,3,Yes,High,Yes,5,9,58.9,Reading/Writing,94.7,A
5203,30,Female,13.6,90.2,9,10,No,High,Yes,5,2,84.0,Auditory,97.9,A
5204,27,Male,8.8,99.9,7,1,No,High,No,5,6,99.0,Kinesthetic,95.6,A
5205,23,Female,4.3,84.9,6,9,Yes,Low,No,0,6,65.1,Kinesthetic,62.6,C
5206,29,Female,9.4,97.8,8,3,No,Low,No,1,10,92.4,Auditory,90.4,A
5207,25,Female,6.7,87.9,1,6,No,High,No,1,1,94.0,Visual,75.5,B
5208,21,Female,7.7,58.3,3,10,No,High,No,1,1,64.6,Auditory,68.6,C
5209,18,Male,8.8,94.4,7,1,No,High,No,0,6,41.2,Reading/Writing,93.7,A
5210,21,Male,7.0,88.3,8,7,Yes,Low,Yes,2,7,85.3,Reading/Writing,79.6,B
5211,22,Male,14.1,67.3,5,5,No,Low,Yes,1,0,62.8,Auditory,75.9,B
5212,21,Male,9.5,85.9,6,8,Yes,High,Yes,5,2,66.6,Kinesthetic,84.8,B
5213,29,Female,1.9,62.4,1,5,No,High,No,3,7,96.3,Reading/Writing,58.1,D
5214,27,Female,17.7,52.7,9,3,No,Low,Yes,5,4,85.2,Kinesthetic,88.3,B
5215,19,Female,11.4,67.8,1,6,Yes,Low,No,4,0,89.5,Kinesthetic,69.7,C
5216,27,Male,5.9,85.7,8,10,Yes,Low,Yes,3,0,41.1,Auditory,71.8,C
5217,20,Female,11.8,91.2,1,6,No,High,No,1,1,99.3,Kinesthetic,80.4,B
5218,24,Male,13.8,63.2,8,3,Yes,High,Yes,0,7,59.4,Visual,85.7,B
5219,22,Male,9.0,79.3,9,9,No,Low,Yes,4,6,52.5,Auditory,81.3,B
5220,20,Male,11.7,87.2,8,3,No,High,No,5,9,90.3,Kinesthetic,100,A
5221,19,Female,2.5,78.7,5,8,No,High,No,1,8,50.0,Auditory,68.9,C
5222,21,Female,11.7,69.4,5,9,No,Low,No,3,6,85.0,Reading/Writing,84.9,B
5223,26,Male,14.1,83.9,9,7,No,Low,No,3,5,89.8,Kinesthetic,97.3,A
5224,26,Female,11.4,53.4,3,10,Yes,Low,No,4,10,88.3,Auditory,81.5,B
5225,29,Female,17.9,74.8,3,7,No,Low,No,4,5,57.3,Auditory,92.6,A
5226,22,Male,15.2,99.4,1,6,Yes,Low,No,2,4,55.2,Auditory,94.9,A
5227,28,Male,2.2,72.3,1,3,Yes,Low,Yes,2,1,88.4,Visual,68.6,C
5228,21,Female,14.1,89.6,10,6,No,Low,Yes,5,4,53.7,Visual,86.2,B
5229,21,Male,15.2,79.4,2,2,Yes,Low,Yes,4,8,91.1,Reading/Writing,93.6,A
5230,19,Female,11.7,59.3,5,2,Yes,Low,Yes,0,5,83.4,Visual,85.8,B
5231,20,Female,12.7,82.7,8,1,No,Low,Yes,4,10,64.0,Reading/Writing,95.6,A
5232,30,Male,14.3,52.2,1,7,No,Low,No,1,9,84.9,Auditory,68.0,C
5233,18,Female,17.3,87.7,7,10,No,Low,No,5,4,86.2,Kinesthetic,100,A
5234,24,Female,16.9,83.4,6,5,Yes,High,Yes,0,4,47.9,Reading/Writing,89.9,B
5235,20,Female,1.1,64.4,7,6,Yes,High,Yes,1,0,48.1,Visual,61.4,C
5236,29,Female,14.4,98.8,9,10,No,High,Yes,2,0,52.5,Reading/Writing,94.3,A
5237,28,Female,12.2,59.1,8,10,Yes,High,Yes,0,6,79.7,Visual,87.3,B
5238,26,Male,4.6,96.8,9,4,Yes,Low,No,0,5,54.7,Visual,81.4,B
5239,24,Male,7.0,77.5,8,3,No,Low,No,4,3,99.6,Visual,89.2,B
5240,23,Female,13.3,75.9,9,10,No,Low,Yes,3,3,88.9,Visual,82.3,B
5241,18,Female,16.5,74.0,1,10,No,Low,Yes,4,3,98.7,Reading/Writing,76.7,B
5242,19,Female,2.7,89.8,10,10,No,Low,No,3,7,68.0,Reading/Writing,64.6,C
5243,25,Female,1.7,98.2,10,4,Yes,Low,Yes,1,3,58.2,Reading/Writing,72.1,C
5244,27,Male,16.9,62.9,1,1,Yes,Low,Yes,3,3,66.2,Reading/Writing,79.1,B
5245,26,Female,11.6,83.0,6,10,No,Low,No,3,6,76.6,Visual,79.2,B
5246,24,Male,5.2,80.8,10,7,No,High,No,3,0,46.8,Kinesthetic,81.6,B
5247,18,Male,11.6,74.4,2,7,Yes,High,No,5,7,94.9,Reading/Writing,89.2,B
5248,23,Female,15.2,60.8,7,4,Yes,Low,Yes,1,3,46.7,Kinesthetic,84.8,B
5249,30,Female,11.1,78.3,5,3,Yes,Low,Yes,3,9,75.4,Kinesthetic,80.6,B
5250,24,Male,10.9,80.1,3,8,Yes,Low,No,0,10,62.1,Kinesthetic,84.2,B
5251,24,Female,5.3,88.5,6,10,Yes,High,No,2,9,90.9,Kinesthetic,86.5,B
5252,20,Female,11.8,85.5,5,1,No,High,No,3,10,59.1,Kinesthetic,92.6,A
5253,26,Female,3.0,74.8,10,5,Yes,High,Yes,1,5,84.4,Visual,84.2,B
5254,23,Male,19.2,68.3,7,6,No,Low,No,2,7,72.7,Visual,93.1,A
5255,19,Male,8.1,94.8,5,9,Yes,Low,No,2,1,83.4,Reading/Writing,74.3,C
5256,29,Female,12.1,83.9,10,9,Yes,Low,No,0,9,82.0,Auditory,97.5,A
5257,30,Female,13.8,71.6,9,10,Yes,High,Yes,0,8,96.1,Kinesthetic,92.3,A
5258,29,Female,5.0,62.7,7,10,No,Low,Yes,3,4,44.3,Visual,52.3,D
5259,30,Male,11.9,81.3,8,8,Yes,Low,Yes,5,7,52.5,Auditory,80.1,B
5260,24,Male,10.8,94.7,1,7,Yes,Low,Yes,4,10,47.9,Kinesthetic,83.7,B
5261,25,Female,6.5,59.7,5,6,Yes,Low,No,2,3,46.3,Reading/Writing,69.8,C
5262,26,Female,1.9,56.8,4,8,No,High,No,5,5,55.5,Visual,61.4,C
5263,21,Male,1.0,51.6,10,8,Yes,High,Yes,0,4,79.3,Visual,62.8,C
5264,19,Female,18.4,83.0,4,6,Yes,High,Yes,4,1,85.6,Visual,100,A
5265,29,Female,2.1,66.3,3,2,No,High,Yes,0,1,40.5,Visual,54.3,D
5266,21,Male,14.3,78.9,3,3,Yes,High,Yes,5,5,65.4,Kinesthetic,98.5,A
5267,26,Male,3.9,59.2,4,5,Yes,Low,Yes,0,0,87.3,Visual,61.1,C
5268,26,Female,8.6,65.1,1,2,No,Low,No,0,1,48.8,Kinesthetic,57.8,D
5269,21,Male,9.0,87.9,5,10,No,High,Yes,0,10,78.3,Auditory,83.9,B
5270,18,Female,19.8,69.1,4,4,Yes,High,Yes,3,4,47.4,Kinesthetic,92.3,A
5271,29,Female,5.1,74.8,10,3,Yes,Low,Yes,2,4,41.8,Kinesthetic,69.5,C
5272,24,Male,12.8,53.0,3,3,Yes,High,Yes,1,3,90.8,Auditory,89.0,B
5273,25,Male,1.1,75.9,6,9,Yes,High,Yes,1,6,40.9,Kinesthetic,71.3,C
5274,23,Female,5.6,83.0,1,9,Yes,High,Yes,3,2,73.7,Kinesthetic,66.7,C
5275,18,Male,4.2,77.3,5,9,No,High,Yes,4,4,96.9,Auditory,68.7,C
5276,25,Male,6.1,63.4,8,7,Yes,High,No,4,2,74.8,Auditory,81.0,B
5277,29,Male,15.9,94.4,6,7,Yes,Low,Yes,2,3,78.4,Auditory,89.4,B
5278,19,Male,19.6,51.5,1,10,Yes,High,No,5,8,79.5,Reading/Writing,97.2,A
5279,29,Male,17.2,53.5,10,2,No,Low,Yes,1,9,96.4,Auditory,92.0,A
5280,19,Male,12.1,82.8,1,4,No,Low,No,5,8,65.1,Kinesthetic,74.2,C
5281,19,Female,14.5,68.7,5,5,No,High,No,1,2,57.4,Auditory,80.1,B
5282,29,Male,8.1,89.2,1,2,Yes,High,Yes,3,7,89.0,Kinesthetic,85.4,B
5283,29,Male,15.8,90.3,2,1,Yes,High,No,0,10,40.3,Reading/Writing,96.5,A
5284,29,Male,13.2,97.7,5,8,No,Low,Yes,1,1,90.0,Visual,87.8,B
5285,23,Female,18.7,90.2,7,1,Yes,Low,No,3,2,83.4,Reading/Writing,100,A
5286,23,Female,14.1,85.8,7,9,No,High,No,0,3,64.7,Reading/Writing,94.1,A
5287,28,Female,8.3,65.3,1,5,Yes,High,No,0,4,69.3,Auditory,69.8,C
5288,29,Female,13.0,71.0,5,6,No,Low,No,3,7,76.2,Kinesthetic,77.3,B
5289,25,Male,13.3,57.1,10,2,No,Low,No,3,2,44.9,Visual,88.0,B
5290,19,Male,13.3,60.3,7,2,No,High,Yes,5,6,63.7,Kinesthetic,82.8,B
5291,18,Male,18.7,93.0,4,10,Yes,High,No,3,0,61.4,Reading/Writing,100,A
5292,22,Female,19.5,92.8,5,7,Yes,Low,No,3,10,48.0,Visual,98.1,A
5293,18,Male,9.7,93.8,1,4,No,Low,Yes,0,9,66.3,Auditory,71.7,C
5294,24,Male,18.7,69.1,4,8,Yes,Low,No,1,8,78.3,Auditory,87.3,B
5295,30,Male,10.4,66.9,6,9,No,Low,No,3,5,77.3,Kinesthetic,67.6,C
5296,19,Female,1.1,59.5,10,8,No,Low,No,2,5,85.1,Visual,61.9,C
5297,20,Female,15.1,68.0,2,1,Yes,High,Yes,2,5,46.8,Kinesthetic,89.1,B
5298,24,Female,13.2,83.0,3,2,Yes,Low,No,3,2,90.6,Reading/Writing,87.0,B
5299,25,Male,12.4,77.9,10,4,No,Low,Yes,4,6,89.2,Kinesthetic,86.8,B
5300,24,Female,5.4,93.5,3,2,Yes,High,No,2,2,92.1,Auditory,91.1,A
5301,26,Male,4.1,56.5,8,10,Yes,High,No,2,1,79.4,Kinesthetic,69.1,C
5302,25,Male,19.9,60.1,2,5,No,Low,No,4,3,68.7,Visual,87.5,B
5303,26,Female,4.4,75.1,10,6,Yes,High,No,4,1,69.3,Reading/Writing,84.9,B
5304,20,Female,15.5,87.4,6,3,No,High,No,1,5,58.2,Kinesthetic,100,A
5305,24,Female,15.6,96.1,2,2,No,Low,Yes,3,1,78.2,Auditory,96.6,A
5306,30,Female,15.8,52.2,7,8,No,High,No,0,6,81.8,Reading/Writing,82.4,B
5307,18,Female,7.1,67.8,4,4,No,Low,Yes,2,6,73.2,Visual,70.1,C
5308,19,Female,18.1,60.7,9,9,No,Low,Yes,1,6,63.6,Reading/Writing,95.4,A
5309,21,Female,17.5,77.4,2,9,Yes,High,No,4,5,78.4,Kinesthetic,89.7,B
5310,30,Male,19.9,96.0,3,9,Yes,High,No,5,2,42.5,Auditory,100,A
5311,25,Male,16.3,52.1,3,1,No,High,No,2,9,75.2,Kinesthetic,81.4,B
5312,23,Female,6.7,90.2,2,6,No,Low,Yes,1,5,80.7,Reading/Writing,72.3,C
5313,25,Female,5.8,72.4,5,6,Yes,Low,No,1,4,96.1,Reading/Writing,71.4,C
5314,21,Female,4.9,72.6,3,6,Yes,Low,Yes,4,3,66.9,Visual,67.0,C
5315,21,Male,19.8,97.4,3,4,No,High,No,1,10,71.6,Auditory,100,A
5316,27,Female,19.3,70.5,7,2,No,Low,No,2,6,97.1,Auditory,100,A
5317,26,Female,14.9,68.2,10,8,No,High,No,1,0,65.6,Kinesthetic,83.6,B
5318,25,Male,3.1,57.9,4,2,No,High,No,0,8,42.7,Visual,56.8,D
5319,27,Female,3.7,67.5,9,9,Yes,Low,No,3,1,67.6,Kinesthetic,67.2,C
5320,19,Male,3.8,71.4,4,5,Yes,Low,Yes,2,10,87.9,Visual,70.5,C
5321,23,Male,13.9,86.1,1,8,No,High,Yes,0,10,63.7,Reading/Writing,84.1,B
5322,29,Male,12.6,82.2,10,9,Yes,Low,No,0,6,48.8,Kinesthetic,92.3,A
5323,24,Female,9.1,77.1,1,7,No,High,No,2,9,80.3,Reading/Writing,75.4,B
5324,23,Female,16.1,93.0,10,5,Yes,High,Yes,0,5,95.1,Kinesthetic,100,A
5325,25,Female,1.4,96.7,9,9,No,High,No,3,2,60.5,Visual,76.4,B
5326,21,Male,9.9,74.3,3,6,No,Low,Yes,0,7,97.0,Reading/Writing,68.4,C
5327,29,Female,4.9,75.9,8,9,No,High,No,5,4,55.0,Kinesthetic,73.4,C
5328,23,Male,4.1,81.1,10,3,No,High,Yes,5,8,72.4,Auditory,79.0,B
5329,21,Male,4.0,59.5,9,7,No,Low,No,0,2,67.6,Visual,57.4,D
5330,18,Female,11.4,84.9,2,5,No,Low,Yes,3,9,55.7,Auditory,72.7,C
5331,20,Female,2.0,87.6,5,9,Yes,Low,Yes,1,3,74.4,Visual,58.2,D
5332,19,Male,4.1,83.9,7,7,Yes,High,Yes,0,3,79.2,Kinesthetic,73.5,C
5333,21,Female,7.0,63.1,6,4,Yes,High,No,4,3,40.2,Reading/Writing,68.9,C
5334,18,Male,7.9,68.8,8,5,No,Low,No,3,5,73.0,Auditory,78.8,B
5335,28,Female,4.0,55.0,3,4,No,High,No,0,5,94.5,Kinesthetic,63.8,C
5336,23,Female,7.9,73.4,8,1,No,Low,Yes,2,1,68.7,Visual,77.0,B
5337,22,Male,19.0,77.4,10,5,Yes,Low,No,3,7,83.9,Auditory,100,A
5338,19,Male,4.4,74.6,1,9,Yes,High,No,4,6,87.6,Kinesthetic,63.3,C
5339,28,Male,4.1,92.0,7,8,No,High,No,0,0,76.9,Auditory,72.4,C
5340,27,Female,3.8,64.3,7,7,No,Low,No,3,3,43.1,Auditory,62.7,C
5341,23,Female,10.4,81.4,7,1,No,Low,Yes,4,3,63.6,Reading/Writing,86.2,B
5342,24,Female,15.4,98.7,2,3,No,Low,No,0,9,52.7,Auditory,94.3,A
5343,30,Female,12.0,94.6,8,1,No,Low,Yes,4,8,81.5,Visual,99.9,A
5344,30,Female,5.7,73.2,2,1,Yes,High,No,4,7,40.2,Reading/Writing,66.0,C
5345,24,Male,12.1,73.3,4,7,Yes,Low,No,0,4,96.3,Reading/Writing,81.8,B
5346,26,Female,3.8,78.1,3,1,Yes,Low,Yes,0,8,55.5,Reading/Writing,63.8,C
5347,29,Female,2.2,72.3,1,10,Yes,Low,No,3,0,65.8,Auditory,58.0,D
5348,29,Male,11.0,85.6,6,1,Yes,High,No,4,6,66.0,Auditory,93.8,A
5349,21,Male,16.2,77.2,8,7,Yes,High,No,1,7,72.4,Auditory,98.2,A
5350,27,Female,16.7,96.6,7,1,No,High,No,3,8,60.8,Auditory,100,A
5351,30,Female,17.0,91.2,4,1,No,High,Yes,2,1,89.1,Auditory,100,A
5352,22,Female,8.3,73.5,7,2,Yes,Low,Yes,5,2,48.0,Auditory,77.3,B
5353,29,Female,1.6,88.5,3,8,Yes,High,Yes,2,5,58.6,Kinesthetic,60.8,C
5354,24,Male,13.1,81.1,6,6,Yes,High,Yes,5,5,67.9,Reading/Writing,98.3,A
5355,28,Female,1.1,69.6,6,10,Yes,High,No,3,9,60.0,Kinesthetic,73.0,C
5356,27,Female,5.3,72.1,5,3,No,Low,Yes,2,7,77.5,Visual,64.8,C
5357,25,Female,19.1,65.3,5,2,Yes,Low,Yes,3,4,41.2,Reading/Writing,98.2,A
5358,29,Female,12.8,99.4,5,9,No,Low,Yes,3,9,66.6,Visual,90.8,A
5359,22,Female,3.8,65.9,6,6,No,High,No,0,7,52.2,Auditory,59.2,D
5360,22,Male,5.3,74.6,10,1,No,Low,No,3,7,56.5,Visual,83.5,B
5361,19,Female,18.7,58.2,5,7,No,Low,No,2,8,59.8,Auditory,93.0,A
5362,22,Male,18.9,63.0,5,6,Yes,Low,Yes,2,4,85.9,Visual,95.6,A
5363,24,Male,4.3,97.8,3,3,No,Low,Yes,4,8,62.1,Reading/Writing,66.4,C
5364,20,Male,19.6,93.4,9,6,No,Low,No,0,10,61.2,Auditory,100,A
5365,23,Female,6.0,88.1,2,6,No,Low,Yes,4,5,50.9,Visual,60.1,C
5366,23,Male,5.9,97.5,8,4,Yes,High,No,5,9,40.6,Kinesthetic,95.2,A
5367,28,Female,5.6,59.7,1,8,Yes,Low,No,4,0,66.9,Kinesthetic,53.1,D
5368,24,Male,8.4,78.1,9,1,No,High,No,0,10,99.0,Auditory,95.2,A
5369,22,Female,3.5,67.5,9,4,No,Low,No,5,7,84.3,Reading/Writing,74.0,C
5370,25,Male,18.1,54.3,1,9,Yes,High,Yes,1,9,83.3,Kinesthetic,92.3,A
5371,30,Male,12.5,82.8,4,7,Yes,Low,Yes,0,6,93.1,Reading/Writing,80.7,B
5372,24,Female,15.1,78.6,3,3,Yes,High,No,4,2,88.9,Visual,96.5,A
5373,27,Female,15.2,50.1,4,5,No,Low,No,0,7,42.7,Reading/Writing,77.6,B
5374,30,Female,1.5,70.4,7,4,No,High,No,3,9,79.5,Reading/Writing,78.2,B
5375,21,Male,7.2,56.8,7,1,Yes,Low,Yes,3,0,40.8,Kinesthetic,78.0,B
5376,19,Female,4.1,64.5,10,4,Yes,High,Yes,5,8,41.5,Visual,80.3,B
5377,21,Female,13.3,78.3,3,8,Yes,Low,Yes,1,5,71.4,Reading/Writing,76.3,B
5378,18,Female,7.4,76.6,6,9,Yes,High,No,5,3,94.9,Auditory,83.0,B
5379,28,Female,7.8,55.4,8,9,Yes,Low,No,1,9,84.0,Reading/Writing,79.0,B
5380,24,Male,9.9,84.9,6,7,Yes,Low,No,2,10,73.7,Auditory,91.4,A
5381,27,Male,16.6,98.5,6,10,No,High,Yes,2,4,55.4,Visual,97.8,A
5382,20,Female,8.9,75.4,4,4,No,Low,Yes,4,4,79.7,Reading/Writing,82.3,B
5383,24,Female,13.4,58.4,3,5,No,Low,No,4,10,91.5,Kinesthetic,78.9,B
5384,29,Female,5.3,56.5,6,6,Yes,High,No,1,9,52.8,Auditory,65.7,C
5385,28,Female,13.5,58.1,7,7,No,Low,Yes,5,4,85.9,Auditory,90.2,A
5386,21,Male,19.7,54.9,5,2,No,High,Yes,5,10,41.5,Reading/Writing,91.6,A
5387,20,Female,10.1,77.6,7,10,No,High,No,0,9,79.8,Reading/Writing,76.3,B
5388,29,Male,3.8,53.7,8,3,Yes,Low,Yes,2,2,95.9,Auditory,70.2,C
5389,28,Male,12.7,80.8,7,1,No,High,No,4,3,96.2,Auditory,100,A
5390,24,Female,18.9,73.2,4,3,Yes,Low,Yes,4,5,83.2,Reading/Writing,100,A
5391,22,Female,9.7,55.6,7,10,No,High,No,5,10,85.6,Auditory,86.5,B
5392,30,Female,5.2,66.8,9,7,No,High,Yes,5,2,79.3,Auditory,80.3,B
5393,20,Female,5.8,87.0,9,4,Yes,High,Yes,2,1,66.6,Auditory,81.1,B
5394,29,Female,9.8,99.6,1,7,No,Low,No,1,10,67.9,Reading/Writing,77.9,B
5395,26,Male,10.5,58.7,6,5,Yes,Low,No,1,5,84.7,Reading/Writing,77.5,B
5396,18,Female,13.3,91.8,7,6,Yes,Low,No,5,7,57.1,Visual,91.6,A
5397,23,Female,5.7,85.6,2,9,No,Low,Yes,3,1,73.3,Auditory,69.7,C
5398,25,Female,1.8,62.2,7,6,No,Low,No,3,1,81.2,Visual,58.9,D
5399,29,Female,13.9,51.5,2,3,Yes,High,No,2,6,43.7,Reading/Writing,76.5,B
5400,21,Male,6.0,62.1,6,10,No,High,No,3,10,83.8,Reading/Writing,79.0,B
5401,26,Male,16.8,50.7,6,6,No,High,Yes,2,6,94.1,Visual,83.9,B
5402,24,Male,16.5,76.2,1,8,Yes,High,Yes,2,5,95.5,Auditory,89.0,B
5403,30,Male,15.7,75.0,7,9,No,Low,No,3,2,44.6,Kinesthetic,83.4,B
5404,23,Male,15.6,50.8,4,2,No,High,Yes,1,5,88.7,Reading/Writing,91.6,A
5405,25,Male,19.9,74.1,6,3,No,High,No,3,2,71.9,Visual,100,A
5406,25,Male,18.1,68.6,7,7,Yes,Low,No,3,2,72.4,Auditory,87.3,B
5407,22,Female,1.3,79.3,7,8,No,High,Yes,5,9,68.2,Auditory,68.8,C
5408,22,Female,2.0,89.1,8,6,No,High,No,0,3,45.5,Auditory,65.1,C
5409,23,Male,2.3,97.2,1,5,Yes,High,Yes,4,2,91.4,Visual,73.4,C
5410,21,Female,16.6,64.5,8,7,No,Low,Yes,1,9,86.3,Auditory,98.1,A
5411,20,Female,18.6,83.2,2,5,Yes,Low,Yes,5,9,62.2,Auditory,95.1,A
5412,27,Male,10.6,51.6,6,3,No,High,No,2,8,45.3,Auditory,69.2,C
5413,20,Female,17.3,99.6,5,3,Yes,Low,No,1,4,53.6,Visual,94.7,A
5414,18,Female,13.4,68.5,8,9,No,Low,No,5,0,49.5,Auditory,80.7,B
5415,21,Male,6.8,90.3,8,7,Yes,Low,Yes,1,5,95.3,Kinesthetic,86.6,B
5416,19,Female,16.6,95.6,6,9,Yes,High,Yes,3,9,51.4,Kinesthetic,100,A
5417,26,Female,14.5,65.2,8,8,No,Low,No,3,2,72.5,Reading/Writing,88.5,B
5418,25,Female,17.7,93.1,6,7,Yes,High,Yes,2,7,59.8,Visual,100,A
5419,19,Male,11.9,51.4,5,8,No,High,Yes,4,3,44.6,Kinesthetic,73.1,C
5420,27,Female,15.1,84.8,9,4,No,Low,No,4,1,77.2,Visual,91.6,A
5421,26,Male,4.9,54.6,4,8,No,Low,Yes,3,4,81.6,Kinesthetic,63.2,C
5422,23,Male,2.5,68.1,9,4,No,High,No,1,0,63.7,Visual,71.7,C
5423,21,Male,17.5,75.3,8,7,Yes,High,No,1,1,51.4,Kinesthetic,100,A
5424,28,Female,17.0,67.0,4,6,No,Low,No,0,7,96.7,Auditory,95.5,A
5425,25,Female,10.4,59.0,6,4,Yes,Low,No,1,6,59.8,Reading/Writing,83.1,B
5426,21,Female,2.6,82.4,3,9,Yes,Low,No,0,8,61.3,Visual,57.0,D
5427,27,Male,7.1,93.9,6,2,No,High,Yes,4,8,77.9,Visual,94.0,A
5428,25,Male,19.3,71.8,8,7,No,High,Yes,0,8,42.3,Auditory,88.8,B
5429,30,Female,14.5,55.3,7,10,No,Low,No,3,10,100.0,Reading/Writing,82.6,B
5430,22,Female,5.6,75.3,4,6,Yes,Low,No,4,8,61.4,Visual,75.9,B
5431,30,Male,6.9,98.6,1,1,No,High,Yes,4,5,74.4,Reading/Writing,78.5,B
5432,27,Female,8.0,85.8,2,1,Yes,High,No,1,5,83.7,Visual,81.2,B
5433,28,Male,10.0,64.7,2,6,Yes,Low,Yes,4,10,94.9,Kinesthetic,71.9,C
5434,26,Male,16.7,76.2,5,3,No,High,No,3,8,60.2,Auditory,100,A
5435,22,Male,15.8,57.2,5,5,Yes,Low,Yes,2,5,84.8,Reading/Writing,93.0,A
5436,28,Male,19.7,65.3,10,10,No,Low,No,2,2,43.7,Reading/Writing,91.1,A
5437,29,Female,2.5,96.9,2,6,Yes,High,No,1,3,95.6,Visual,68.1,C
5438,30,Male,16.5,65.5,5,7,No,Low,Yes,0,3,88.9,Auditory,90.6,A
5439,30,Female,7.6,87.7,6,7,Yes,Low,Yes,0,10,78.6,Kinesthetic,76.7,B
5440,26,Female,17.7,77.9,8,10,Yes,Low,No,1,5,54.5,Auditory,87.5,B
5441,19,Male,9.8,70.1,4,8,No,Low,No,5,3,64.3,Kinesthetic,76.4,B
5442,23,Male,14.1,70.5,2,2,No,High,Yes,5,5,91.4,Kinesthetic,88.3,B
5443,21,Male,8.0,69.2,9,2,Yes,Low,No,4,5,91.6,Visual,87.2,B
5444,29,Male,14.7,76.2,2,5,Yes,Low,Yes,5,3,86.9,Visual,82.6,B
5445,29,Female,18.6,63.7,6,9,Yes,Low,No,2,4,93.1,Kinesthetic,92.9,A
5446,29,Female,3.3,61.0,5,4,Yes,High,Yes,5,7,93.2,Visual,80.4,B
5447,18,Male,11.9,51.7,2,5,No,Low,Yes,2,0,47.5,Auditory,68.1,C
5448,27,Female,13.9,91.8,8,8,Yes,High,No,2,0,64.2,Reading/Writing,94.7,A
5449,23,Male,9.9,57.2,6,7,Yes,Low,No,5,2,73.8,Reading/Writing,69.9,C
5450,23,Male,1.3,98.7,8,10,No,High,Yes,4,5,46.5,Kinesthetic,69.3,C
5451,24,Female,13.0,68.1,7,4,No,Low,Yes,4,3,57.8,Visual,78.9,B
5452,27,Male,18.8,94.4,6,5,No,Low,Yes,4,9,97.7,Visual,100,A
5453,30,Female,19.1,67.5,4,3,Yes,High,Yes,2,2,48.9,Reading/Writing,99.6,A
5454,18,Female,13.0,88.5,2,5,Yes,High,Yes,4,6,70.1,Reading/Writing,96.5,A
5455,21,Female,8.5,72.1,1,2,No,High,No,5,4,95.5,Auditory,82.5,B
5456,30,Male,13.5,89.7,4,7,No,High,Yes,5,5,60.6,Auditory,91.4,A
5457,26,Male,1.3,77.6,4,3,No,High,Yes,3,9,80.1,Auditory,63.7,C
5458,26,Male,5.9,92.6,7,10,No,High,Yes,0,0,57.9,Reading/Writing,71.3,C
5459,26,Male,9.2,70.2,9,1,Yes,High,Yes,5,2,70.8,Reading/Writing,86.9,B
5460,20,Male,18.8,68.8,5,9,Yes,High,Yes,3,5,73.5,Visual,97.3,A
5461,30,Male,13.2,61.2,6,2,No,Low,No,0,5,93.6,Reading/Writing,89.3,B
5462,22,Male,4.5,57.1,9,3,No,High,Yes,0,10,78.8,Kinesthetic,76.6,B
5463,26,Male,9.3,76.2,3,5,No,Low,Yes,4,10,84.2,Visual,79.5,B
5464,26,Male,4.1,79.1,9,5,No,High,Yes,3,2,88.3,Visual,81.9,B
5465,28,Female,11.2,59.5,7,2,No,High,No,5,5,71.4,Kinesthetic,92.1,A
5466,24,Female,1.8,57.6,8,1,Yes,Low,No,1,10,79.5,Kinesthetic,63.6,C
5467,26,Female,10.1,52.1,4,3,Yes,High,No,0,6,78.1,Visual,74.1,C
5468,24,Female,8.6,90.3,3,7,No,Low,Yes,3,3,66.4,Reading/Writing,71.4,C
5469,28,Male,16.1,94.9,7,9,No,Low,Yes,1,6,56.3,Auditory,92.6,A
5470,26,Female,12.5,89.0,6,1,Yes,High,Yes,0,2,73.4,Auditory,100,A
5471,20,Male,8.6,81.9,2,5,No,Low,Yes,4,1,95.1,Reading/Writing,69.9,C
5472,20,Female,9.6,95.7,8,2,No,Low,Yes,5,8,87.0,Reading/Writing,97.0,A
5473,25,Male,12.2,56.3,4,3,No,High,No,3,8,97.4,Kinesthetic,88.0,B
5474,23,Male,11.0,94.3,7,1,No,Low,No,0,9,98.8,Kinesthetic,90.8,A
5475,30,Female,13.6,95.0,1,3,No,Low,Yes,0,6,98.3,Reading/Writing,88.9,B
5476,24,Male,12.7,94.5,10,4,No,High,Yes,3,2,91.6,Kinesthetic,100,A
5477,28,Male,16.6,59.6,3,1,No,High,Yes,2,0,67.4,Reading/Writing,91.2,A
5478,27,Female,6.6,55.2,8,9,No,High,No,3,9,75.0,Kinesthetic,68.8,C
5479,22,Male,16.9,99.1,5,8,Yes,High,Yes,2,2,91.6,Auditory,100,A
5480,28,Female,13.5,71.7,1,7,No,High,No,4,0,41.8,Visual,79.1,B
5481,30,Male,2.1,91.8,8,7,No,Low,Yes,1,4,48.5,Kinesthetic,64.9,C
5482,25,Male,16.2,80.3,1,1,Yes,Low,Yes,4,5,89.6,Reading/Writing,94.3,A
5483,28,Male,9.3,75.4,4,9,Yes,High,Yes,2,3,65.4,Reading/Writing,84.6,B
5484,26,Male,18.6,88.2,8,8,Yes,High,Yes,5,7,69.0,Kinesthetic,100,A
5485,19,Female,13.8,92.9,7,6,No,High,Yes,1,7,57.9,Kinesthetic,100,A
5486,28,Female,5.8,90.3,4,7,No,High,No,1,1,83.5,Kinesthetic,82.7,B
5487,30,Female,13.9,66.4,4,3,No,Low,No,5,0,76.3,Auditory,78.5,B
5488,18,Female,13.3,87.8,3,3,No,Low,Yes,4,5,94.5,Visual,82.3,B
5489,21,Male,3.0,62.0,3,1,Yes,High,No,4,6,99.1,Visual,81.3,B
5490,26,Male,12.0,64.9,5,9,No,Low,No,3,9,67.0,Reading/Writing,77.2,B
5491,23,Male,10.0,72.7,3,2,Yes,High,Yes,1,9,78.6,Auditory,90.4,A
5492,19,Female,4.6,98.9,8,4,No,High,Yes,3,3,77.2,Kinesthetic,86.0,B
5493,27,Female,8.7,78.4,3,7,Yes,Low,Yes,4,7,53.9,Reading/Writing,80.1,B
5494,30,Female,9.8,99.4,9,2,Yes,Low,No,3,0,73.0,Auditory,99.1,A
5495,28,Male,15.3,78.0,1,7,Yes,High,No,4,2,92.1,Reading/Writing,88.7,B
5496,18,Male,15.4,50.3,9,8,No,Low,Yes,5,9,99.4,Auditory,95.7,A
5497,29,Male,5.3,63.0,5,2,Yes,Low,No,1,0,95.4,Reading/Writing,71.5,C
5498,23,Male,14.9,71.5,5,1,No,Low,No,1,3,84.6,Visual,90.8,A
5499,22,Male,14.3,53.9,9,4,No,High,Yes,5,3,43.2,Auditory,85.1,B
5500,28,Female,13.6,83.3,7,3,Yes,Low,No,2,10,77.4,Auditory,100,A
5501,26,Female,9.4,85.8,4,2,No,Low,Yes,3,8,99.6,Reading/Writing,90.8,A
5502,22,Male,19.3,83.7,7,4,Yes,High,No,4,7,72.2,Kinesthetic,100,A
5503,22,Female,9.4,69.0,4,9,No,Low,Yes,5,8,91.0,Auditory,72.9,C
5504,27,Female,10.5,94.1,8,1,Yes,Low,Yes,0,9,61.1,Kinesthetic,92.2,A
5505,18,Female,19.4,70.1,5,4,No,Low,No,0,3,44.9,Visual,85.8,B
5506,21,Male,5.6,63.4,8,3,No,Low,Yes,1,6,43.6,Reading/Writing,75.1,B
5507,19,Female,14.3,66.3,7,8,Yes,Low,No,4,9,52.2,Auditory,78.3,B
5508,22,Female,12.5,60.3,10,4,No,Low,Yes,1,9,94.4,Visual,88.9,B
5509,28,Female,1.5,82.2,4,2,No,Low,Yes,4,9,40.2,Auditory,54.8,D
5510,26,Male,10.5,77.5,8,10,Yes,High,No,0,0,64.5,Auditory,84.5,B
5511,28,Male,13.1,59.7,10,1,Yes,High,No,4,2,60.9,Auditory,91.8,A
5512,25,Female,18.2,73.1,8,10,No,High,No,5,4,57.7,Reading/Writing,100,A
5513,28,Female,8.7,84.0,10,2,Yes,High,Yes,1,2,93.1,Kinesthetic,95.2,A
5514,21,Female,11.9,84.5,1,7,No,Low,No,0,7,90.9,Kinesthetic,72.3,C
5515,30,Female,8.8,55.7,7,9,No,Low,No,5,6,66.5,Reading/Writing,71.4,C
5516,18,Female,17.1,79.6,10,6,Yes,Low,No,4,2,80.8,Reading/Writing,100,A
5517,27,Female,13.7,87.3,2,10,No,Low,No,5,6,75.3,Kinesthetic,84.9,B
5518,28,Male,3.5,98.6,8,5,Yes,Low,Yes,5,10,69.3,Reading/Writing,83.5,B
5519,27,Male,12.6,87.7,9,4,Yes,High,No,2,1,69.2,Reading/Writing,100,A
5520,29,Male,1.1,77.5,10,7,No,High,Yes,0,6,83.0,Auditory,73.6,C
5521,30,Female,9.8,60.4,1,10,No,High,No,0,3,82.7,Kinesthetic,63.1,C
5522,19,Female,14.3,95.7,1,9,Yes,Low,No,1,10,56.2,Auditory,85.8,B
5523,22,Male,13.8,77.0,4,4,No,Low,No,4,5,55.2,Auditory,77.3,B
5524,25,Female,16.7,72.9,6,6,Yes,High,No,0,5,65.5,Kinesthetic,88.4,B
5525,23,Male,18.8,96.3,7,10,Yes,Low,No,4,5,85.1,Kinesthetic,100,A
5526,28,Male,3.0,53.4,2,9,No,High,Yes,1,2,96.7,Visual,54.8,D
5527,30,Male,3.1,68.1,9,4,Yes,High,No,2,5,58.3,Auditory,79.4,B
5528,19,Male,19.2,58.1,9,2,No,High,No,5,4,78.1,Auditory,100,A
5529,25,Female,15.0,75.6,7,6,No,Low,No,1,4,64.7,Visual,89.9,B
5530,28,Female,8.6,76.9,5,3,No,High,No,0,5,97.9,Reading/Writing,84.6,B
5531,26,Female,10.6,92.1,8,5,No,High,No,4,4,80.5,Kinesthetic,89.3,B
5532,22,Female,10.5,93.9,10,9,Yes,High,Yes,0,10,96.6,Visual,97.3,A
5533,23,Male,12.3,74.8,1,5,Yes,High,Yes,4,5,50.7,Visual,87.1,B
5534,26,Male,6.7,90.6,9,9,No,Low,Yes,0,4,93.0,Kinesthetic,86.4,B
5535,28,Male,19.6,96.2,5,3,Yes,High,Yes,1,8,74.7,Kinesthetic,100,A
5536,29,Female,5.8,95.5,1,7,No,Low,No,2,4,81.7,Visual,64.0,C
5537,26,Male,8.4,84.8,9,8,Yes,Low,No,3,8,93.2,Auditory,88.4,B
5538,26,Male,18.2,98.0,3,2,Yes,Low,No,4,8,42.2,Auditory,91.8,A
5539,20,Male,17.3,74.8,1,5,No,Low,No,2,3,71.1,Auditory,87.2,B
5540,23,Female,8.1,81.8,7,3,Yes,High,Yes,0,0,45.5,Auditory,79.5,B
5541,20,Female,2.9,76.3,6,2,Yes,Low,Yes,4,0,41.6,Auditory,64.9,C
5542,21,Male,11.5,53.8,6,6,No,High,No,3,4,83.9,Kinesthetic,85.7,B
5543,28,Female,7.9,77.2,2,10,No,High,No,3,7,90.7,Kinesthetic,78.6,B
5544,18,Male,17.8,88.5,5,5,No,High,Yes,4,8,92.2,Kinesthetic,100,A
5545,23,Female,6.4,97.0,9,10,Yes,Low,Yes,3,10,88.1,Visual,89.4,B
5546,21,Female,14.4,63.2,4,1,No,High,No,0,9,81.2,Auditory,95.7,A
5547,27,Male,12.8,83.1,10,6,Yes,High,Yes,1,7,93.7,Reading/Writing,95.9,A
5548,25,Male,15.1,78.7,3,9,Yes,High,Yes,5,5,55.1,Kinesthetic,96.7,A
5549,28,Male,19.8,55.1,9,7,No,Low,No,2,7,49.8,Reading/Writing,90.8,A
5550,18,Male,9.9,74.3,1,2,No,High,No,2,10,87.6,Auditory,84.0,B
5551,30,Female,15.0,85.8,8,1,Yes,High,Yes,0,3,83.3,Kinesthetic,100,A
5552,21,Female,18.7,90.0,7,6,Yes,High,No,4,10,69.8,Visual,100,A
5553,21,Female,7.0,60.8,6,2,No,Low,Yes,1,8,71.8,Auditory,77.1,B
5554,18,Male,2.0,66.6,9,8,No,High,No,0,7,92.8,Visual,71.2,C
5555,22,Male,3.4,69.0,7,8,Yes,High,Yes,0,6,48.5,Reading/Writing,72.6,C
5556,22,Male,9.4,73.6,2,4,Yes,Low,No,2,3,40.9,Reading/Writing,70.8,C
5557,20,Male,6.5,76.2,7,1,Yes,Low,Yes,1,9,48.7,Kinesthetic,75.9,B
5558,20,Female,1.9,98.6,4,1,Yes,High,No,5,9,99.0,Visual,92.5,A
5559,28,Male,2.9,59.9,9,8,Yes,High,Yes,5,3,59.8,Auditory,65.1,C
5560,18,Female,15.0,50.7,3,7,No,High,Yes,0,0,42.6,Kinesthetic,77.2,B
5561,25,Female,1.4,95.0,6,4,Yes,High,Yes,3,8,69.0,Visual,87.1,B
5562,30,Male,4.1,76.6,7,4,No,Low,No,1,8,66.8,Kinesthetic,70.3,C
5563,30,Male,18.3,97.6,9,7,Yes,High,No,1,7,92.6,Visual,100,A
5564,19,Male,9.4,64.1,8,2,Yes,Low,No,5,4,65.1,Auditory,87.7,B
5565,20,Female,3.1,52.1,8,4,Yes,High,Yes,5,2,60.5,Visual,68.2,C
5566,27,Male,5.4,72.8,5,2,No,Low,No,3,0,61.9,Auditory,73.5,C
5567,20,Female,19.6,78.8,3,1,No,High,Yes,3,9,89.6,Kinesthetic,100,A
5568,23,Female,7.1,50.9,3,2,Yes,High,No,0,2,76.1,Auditory,71.0,C
5569,20,Female,7.9,88.0,10,5,Yes,High,Yes,5,5,89.3,Auditory,100,A
5570,28,Female,1.3,72.0,7,4,Yes,Low,Yes,3,3,97.7,Kinesthetic,71.7,C
5571,20,Female,5.6,99.8,1,1,No,Low,Yes,2,8,64.8,Kinesthetic,76.5,B
5572,22,Male,15.2,98.6,7,10,No,Low,Yes,3,1,87.9,Auditory,91.3,A
5573,21,Female,9.8,69.6,2,5,No,High,Yes,0,3,90.3,Auditory,81.6,B
5574,27,Male,16.1,89.9,4,4,No,Low,No,1,1,68.6,Kinesthetic,83.1,B
5575,29,Male,13.9,54.7,3,3,No,High,No,0,5,53.5,Auditory,78.5,B
5576,28,Male,2.6,62.6,10,7,Yes,Low,Yes,2,6,96.5,Auditory,75.6,B
5577,20,Female,2.1,52.6,9,9,No,High,Yes,1,10,41.2,Auditory,62.7,C
5578,21,Female,14.9,85.1,9,3,No,High,Yes,2,6,62.1,Auditory,98.1,A
5579,26,Male,5.3,95.0,6,2,No,High,No,0,4,70.8,Auditory,78.3,B
5580,28,Male,13.7,90.4,6,1,No,Low,No,0,8,53.3,Reading/Writing,86.8,B
5581,24,Female,7.7,77.2,1,9,No,Low,No,3,1,95.4,Kinesthetic,65.4,C
5582,19,Male,18.1,63.5,2,7,Yes,Low,Yes,2,8,73.2,Visual,82.4,B
5583,18,Female,6.7,76.4,3,5,No,High,Yes,5,5,90.4,Visual,72.5,C
5584,19,Male,12.8,89.8,9,5,Yes,High,No,1,4,50.3,Auditory,98.7,A
5585,30,Female,14.5,68.1,9,5,Yes,High,No,3,2,57.2,Reading/Writing,94.6,A
5586,20,Female,6.1,62.9,8,3,No,Low,Yes,0,7,42.9,Reading/Writing,71.9,C
5587,30,Male,18.9,61.1,8,9,No,High,Yes,0,4,76.2,Auditory,92.7,A
5588,19,Female,4.8,87.5,8,1,No,High,Yes,5,10,48.5,Reading/Writing,85.1,B
5589,24,Male,17.0,95.6,10,1,No,High,Yes,5,0,99.1,Kinesthetic,100,A
5590,22,Female,3.5,59.5,8,3,Yes,High,No,5,0,43.1,Visual,71.5,C
5591,21,Female,7.3,90.7,8,4,Yes,Low,No,0,8,77.4,Visual,88.7,B
5592,28,Female,10.1,78.4,6,8,No,High,Yes,3,10,58.1,Kinesthetic,83.6,B
5593,19,Male,17.9,97.5,2,6,No,Low,No,3,3,78.9,Auditory,85.2,B
5594,26,Male,1.3,96.8,10,8,No,High,No,4,9,74.8,Auditory,78.1,B
5595,23,Male,12.3,79.6,8,6,Yes,Low,Yes,3,6,52.1,Kinesthetic,93.4,A
5596,18,Female,13.4,64.8,7,7,No,Low,Yes,2,3,75.3,Kinesthetic,78.3,B
5597,18,Male,4.3,52.8,10,4,Yes,Low,No,3,7,51.5,Auditory,63.0,C
5598,22,Male,5.8,64.5,3,7,Yes,Low,Yes,2,10,86.6,Kinesthetic,72.1,C
5599,24,Female,11.5,53.8,7,4,Yes,High,No,1,0,50.9,Reading/Writing,86.5,B
5600,19,Female,19.3,75.2,2,6,Yes,Low,No,2,4,40.0,Kinesthetic,80.3,B
5601,29,Male,2.1,66.8,7,6,No,Low,No,3,1,57.2,Auditory,61.2,C
5602,30,Male,5.4,84.9,2,8,Yes,Low,No,3,10,62.1,Auditory,66.5,C
5603,21,Male,1.0,72.5,8,10,Yes,High,No,1,4,46.5,Visual,72.5,C
5604,24,Female,13.7,93.2,1,4,Yes,Low,No,3,0,66.7,Auditory,84.0,B
5605,30,Female,14.3,73.7,2,4,No,Low,No,4,3,87.5,Auditory,81.9,B
5606,19,Female,3.7,81.5,4,10,Yes,Low,Yes,2,10,86.3,Visual,63.7,C
5607,30,Male,11.2,73.3,7,2,Yes,High,No,4,10,71.2,Kinesthetic,100,A
5608,19,Female,20.0,94.7,5,9,No,Low,Yes,5,7,43.0,Kinesthetic,100,A
5609,23,Male,5.5,88.0,4,8,Yes,High,No,4,7,90.6,Auditory,89.9,B
5610,25,Male,9.7,51.0,4,2,No,High,Yes,3,6,43.4,Visual,67.0,C
5611,23,Female,14.5,71.7,10,3,No,Low,No,4,9,61.6,Reading/Writing,95.4,A
5612,21,Female,14.5,72.4,5,3,Yes,High,No,4,7,42.9,Reading/Writing,93.8,A
5613,29,Male,10.7,61.8,10,4,No,High,Yes,2,4,65.9,Auditory,82.9,B
5614,23,Female,10.0,85.3,1,8,No,Low,Yes,0,1,69.4,Reading/Writing,67.6,C
5615,18,Female,3.8,79.0,3,5,Yes,High,Yes,4,1,40.2,Reading/Writing,65.4,C
5616,28,Male,2.0,67.9,10,8,Yes,Low,Yes,2,6,84.7,Auditory,66.1,C
5617,20,Male,14.1,59.8,1,7,Yes,Low,Yes,2,0,56.8,Auditory,69.1,C
5618,27,Female,17.0,69.2,1,6,No,Low,No,2,10,92.6,Reading/Writing,87.4,B
5619,28,Female,9.1,88.5,8,1,Yes,High,No,3,8,90.2,Kinesthetic,98.7,A
5620,22,Male,4.7,65.8,5,9,No,High,Yes,5,6,87.6,Auditory,71.4,C
5621,21,Male,10.3,77.3,6,3,No,High,Yes,2,2,66.9,Visual,91.0,A
5622,26,Male,2.4,83.2,5,6,No,High,Yes,5,1,68.7,Visual,63.2,C
5623,29,Female,18.9,98.9,3,10,Yes,High,Yes,1,0,96.8,Visual,100,A
5624,22,Female,4.4,72.8,1,1,No,High,Yes,3,8,98.8,Auditory,68.1,C
5625,26,Female,13.8,88.6,4,2,No,Low,Yes,1,6,40.3,Auditory,84.3,B
5626,25,Male,7.5,77.0,7,5,Yes,Low,Yes,5,1,90.5,Visual,89.5,B
5627,21,Female,15.3,62.9,6,3,Yes,Low,Yes,2,6,44.0,Reading/Writing,90.6,A
5628,26,Male,8.4,83.3,1,5,No,Low,Yes,0,10,83.7,Reading/Writing,76.6,B
5629,25,Female,5.0,67.9,5,8,No,Low,No,5,3,49.8,Auditory,54.2,D
5630,26,Male,10.1,90.7,4,4,Yes,High,Yes,3,7,56.1,Reading/Writing,96.8,A
5631,23,Male,10.3,69.1,2,3,Yes,High,Yes,1,7,58.3,Visual,78.9,B
5632,22,Male,11.1,88.5,10,8,Yes,Low,No,4,1,53.7,Reading/Writing,92.4,A
5633,24,Male,6.5,67.8,1,1,No,High,Yes,5,4,43.7,Auditory,67.6,C
5634,18,Female,12.5,84.0,4,2,Yes,High,Yes,3,9,99.6,Kinesthetic,100,A
5635,24,Female,10.3,53.9,4,6,No,Low,Yes,0,10,95.2,Kinesthetic,76.2,B
5636,22,Male,3.3,79.5,3,8,Yes,Low,Yes,3,10,96.6,Visual,63.7,C
5637,21,Male,9.4,77.4,6,4,Yes,High,No,2,9,43.8,Reading/Writing,92.6,A
5638,22,Female,12.8,93.8,9,10,Yes,Low,No,1,10,65.2,Auditory,86.7,B
5639,20,Female,16.6,58.7,5,7,No,High,No,1,9,86.5,Reading/Writing,83.8,B
5640,18,Male,15.7,99.9,10,10,No,Low,Yes,0,9,90.2,Auditory,100,A
5641,21,Female,7.0,65.4,8,3,No,Low,No,2,8,90.2,Kinesthetic,71.4,C
5642,19,Female,6.2,56.5,10,2,No,High,No,5,7,96.8,Auditory,81.2,B
5643,19,Male,4.7,73.4,2,2,No,Low,No,2,10,59.5,Kinesthetic,71.8,C
5644,28,Male,10.9,62.8,6,2,Yes,Low,Yes,4,4,76.3,Visual,83.2,B
5645,22,Female,14.4,86.7,4,2,Yes,Low,No,5,2,67.0,Reading/Writing,99.2,A
5646,27,Female,17.7,99.7,4,9,Yes,High,Yes,3,4,84.8,Visual,98.2,A
5647,27,Male,12.9,50.3,4,1,Yes,High,Yes,2,6,51.6,Reading/Writing,82.5,B
5648,22,Female,13.9,50.2,9,1,No,Low,Yes,1,10,63.8,Visual,79.9,B
5649,21,Male,12.8,71.7,9,2,No,Low,Yes,4,7,85.1,Kinesthetic,90.5,A
5650,25,Female,13.5,50.3,7,3,Yes,High,No,4,3,71.3,Reading/Writing,91.1,A
5651,21,Female,3.7,87.5,2,5,No,High,Yes,1,10,94.5,Kinesthetic,74.8,C
5652,26,Male,10.3,55.2,4,5,No,High,Yes,5,9,85.2,Visual,74.0,C
5653,19,Male,14.1,99.7,5,4,No,High,Yes,2,4,43.8,Kinesthetic,94.1,A
5654,23,Female,20.0,69.1,4,9,No,High,No,4,9,68.4,Auditory,90.0,A
5655,28,Female,8.0,71.5,5,8,No,Low,No,2,10,98.2,Kinesthetic,68.7,C
5656,20,Male,10.6,73.7,4,5,No,Low,Yes,5,1,50.8,Kinesthetic,78.3,B
5657,28,Female,6.5,56.6,7,3,No,Low,No,2,7,67.7,Visual,68.1,C
5658,28,Female,12.2,74.7,6,9,Yes,High,Yes,4,6,93.0,Reading/Writing,89.5,B
5659,23,Female,14.9,94.2,8,5,No,Low,Yes,5,8,97.0,Reading/Writing,96.9,A
5660,24,Female,1.5,81.3,2,6,Yes,High,Yes,1,7,69.1,Visual,69.7,C
5661,28,Male,8.5,94.1,2,6,No,High,Yes,4,3,66.1,Visual,77.6,B
5662,19,Female,13.5,98.4,5,2,Yes,High,Yes,3,10,95.3,Reading/Writing,100,A
5663,19,Male,14.2,93.8,2,6,Yes,High,No,0,6,43.8,Reading/Writing,95.0,A
5664,20,Female,2.7,66.0,2,3,Yes,Low,Yes,2,3,60.2,Kinesthetic,66.4,C
5665,19,Female,13.5,84.1,7,2,No,Low,No,2,5,83.9,Reading/Writing,86.2,B
5666,26,Male,1.6,56.6,6,9,No,High,Yes,5,8,93.1,Kinesthetic,72.3,C
5667,21,Female,6.8,71.1,8,5,Yes,High,No,5,10,54.8,Kinesthetic,82.9,B
5668,28,Male,18.5,75.0,6,9,Yes,High,No,4,4,66.2,Kinesthetic,97.5,A
5669,30,Male,13.6,63.1,7,4,No,Low,No,1,3,74.5,Visual,89.8,B
5670,19,Male,2.2,65.1,8,1,No,High,No,1,2,57.3,Kinesthetic,72.8,C
5671,25,Female,5.2,67.7,1,6,Yes,High,No,3,0,56.2,Kinesthetic,72.1,C
5672,26,Male,4.5,66.6,1,4,No,Low,Yes,5,3,61.2,Kinesthetic,55.8,D
5673,18,Male,13.4,81.1,7,2,Yes,High,No,0,0,75.0,Auditory,100,A
5674,22,Male,20.0,86.6,1,9,No,High,No,3,8,87.8,Reading/Writing,100,A
5675,27,Female,12.1,60.3,4,8,No,Low,No,3,10,66.8,Reading/Writing,75.9,B
5676,23,Female,6.9,79.3,8,1,Yes,Low,No,0,9,61.1,Auditory,85.4,B
5677,27,Male,11.9,72.8,10,4,No,High,No,4,4,65.2,Kinesthetic,99.8,A
5678,27,Female,10.0,51.2,2,9,Yes,High,Yes,0,3,68.7,Auditory,76.2,B
5679,27,Female,13.6,93.7,7,1,Yes,High,No,4,5,50.4,Reading/Writing,100,A
5680,28,Male,13.4,57.6,8,8,No,High,Yes,2,6,98.7,Reading/Writing,95.6,A
5681,30,Female,8.2,54.3,6,8,Yes,High,Yes,0,1,62.0,Auditory,75.0,B
5682,29,Female,4.9,79.1,1,3,No,Low,No,2,3,50.1,Visual,53.0,D
5683,19,Male,9.0,99.3,7,2,No,High,Yes,1,1,74.1,Visual,89.5,B
5684,18,Female,1.6,90.5,4,5,Yes,Low,No,4,8,64.2,Reading/Writing,69.9,C
5685,20,Male,10.2,71.8,6,4,Yes,High,Yes,5,9,90.3,Visual,100,A
5686,26,Female,12.6,59.2,10,4,No,Low,No,2,7,67.7,Visual,88.8,B
5687,18,Female,17.2,75.6,3,10,No,Low,No,0,6,82.7,Kinesthetic,80.7,B
5688,23,Female,6.3,89.6,9,8,No,Low,Yes,2,2,97.3,Auditory,83.9,B
5689,26,Female,5.7,58.5,1,8,No,Low,Yes,4,3,64.5,Kinesthetic,53.1,D
5690,18,Female,6.3,62.9,1,3,No,Low,No,1,7,83.6,Auditory,63.3,C
5691,30,Male,17.7,57.0,5,10,No,Low,Yes,1,7,40.8,Auditory,82.7,B
5692,29,Male,9.3,56.4,2,9,No,Low,Yes,5,10,83.2,Visual,75.2,B
5693,20,Female,15.4,64.0,3,10,No,High,No,3,0,65.3,Auditory,78.9,B
5694,23,Female,8.9,66.5,7,2,Yes,High,No,5,3,62.9,Auditory,92.7,A
5695,28,Male,15.6,97.6,1,8,Yes,Low,No,5,8,83.6,Visual,91.8,A
5696,30,Male,11.0,92.6,1,8,Yes,Low,Yes,1,4,56.5,Visual,74.5,C
5697,29,Female,8.5,94.3,6,8,No,Low,Yes,1,5,95.2,Visual,86.2,B
5698,26,Male,19.1,83.2,5,7,No,Low,Yes,0,4,87.3,Kinesthetic,89.4,B
5699,18,Male,16.7,60.0,7,7,Yes,High,No,2,6,75.8,Kinesthetic,96.2,A
5700,24,Male,4.0,51.6,3,4,No,Low,Yes,1,6,95.2,Auditory,66.9,C
5701,22,Female,7.9,53.6,4,10,No,Low,Yes,2,0,99.1,Kinesthetic,66.5,C
5702,27,Male,10.7,65.9,2,9,No,High,Yes,3,6,61.0,Kinesthetic,78.0,B
5703,20,Female,1.2,85.6,1,9,No,Low,No,0,2,96.5,Kinesthetic,51.8,D
5704,25,Female,19.4,63.1,7,6,No,High,Yes,2,0,62.1,Kinesthetic,91.6,A
5705,22,Female,18.0,72.8,4,3,Yes,High,No,5,0,53.9,Kinesthetic,91.6,A
5706,29,Female,10.4,54.1,8,3,No,High,Yes,3,10,87.6,Visual,92.6,A
5707,19,Male,12.4,86.6,10,2,Yes,High,No,0,9,80.3,Kinesthetic,100,A
5708,23,Female,5.9,97.0,9,1,Yes,High,Yes,1,9,66.5,Kinesthetic,88.7,B
5709,24,Female,15.3,71.3,3,3,No,Low,No,1,10,48.9,Kinesthetic,85.2,B
5710,24,Male,6.4,79.8,1,6,Yes,Low,No,5,1,65.6,Reading/Writing,75.0,B
5711,22,Male,4.5,90.0,8,1,No,High,No,1,4,47.7,Reading/Writing,86.3,B
5712,19,Male,12.5,94.1,7,6,No,Low,No,0,5,94.0,Visual,98.4,A
5713,25,Female,10.4,52.9,5,8,No,Low,Yes,3,4,62.7,Visual,61.3,C
5714,28,Male,2.0,56.0,5,9,No,High,No,3,2,67.5,Reading/Writing,50.5,D
5715,30,Female,1.1,82.9,1,9,No,Low,Yes,1,3,53.0,Reading/Writing,55.0,D
5716,28,Male,12.5,91.0,9,6,No,Low,Yes,2,10,93.3,Auditory,95.5,A
5717,25,Female,5.9,87.2,5,3,No,High,No,0,9,77.3,Auditory,78.6,B
5718,30,Female,1.3,57.6,9,7,Yes,Low,No,5,3,45.4,Auditory,61.2,C
5719,24,Female,18.1,61.1,9,4,No,Low,Yes,2,3,64.3,Visual,96.8,A
5720,30,Female,19.0,83.5,4,7,No,High,Yes,0,9,94.0,Auditory,94.9,A
5721,23,Female,6.3,64.5,9,7,No,Low,Yes,1,7,66.0,Visual,76.0,B
5722,25,Male,8.9,70.2,4,8,No,Low,No,4,0,97.9,Auditory,76.7,B
5723,26,Male,1.6,73.9,9,2,Yes,Low,Yes,5,3,54.4,Auditory,76.5,B
5724,18,Female,1.4,99.5,7,3,No,High,No,2,5,55.8,Kinesthetic,73.9,C
5725,26,Female,4.3,98.9,4,5,No,High,Yes,4,2,93.0,Visual,87.3,B
5726,18,Male,9.3,50.1,7,10,Yes,High,No,4,2,57.4,Auditory,77.5,B
5727,21,Female,12.2,97.5,9,10,No,Low,No,0,0,74.3,Auditory,80.5,B
5728,21,Male,11.9,80.3,6,4,No,High,Yes,4,5,50.8,Auditory,93.5,A
5729,19,Male,13.2,95.9,8,7,Yes,High,Yes,5,4,98.5,Auditory,100,A
5730,24,Male,18.1,75.8,8,4,Yes,Low,Yes,1,0,54.9,Visual,89.2,B
5731,24,Male,4.1,84.8,10,6,No,High,No,1,8,47.0,Visual,83.2,B
5732,19,Female,14.0,79.9,9,7,Yes,High,Yes,1,0,72.2,Kinesthetic,93.7,A
5733,26,Female,9.6,69.3,8,2,No,Low,No,4,8,75.8,Visual,89.8,B
5734,25,Female,19.5,77.5,9,10,Yes,High,No,2,4,85.9,Reading/Writing,100,A
5735,25,Male,15.6,73.8,4,10,No,High,No,0,10,96.1,Reading/Writing,86.6,B
5736,29,Male,3.8,97.7,9,5,Yes,Low,Yes,3,9,51.0,Auditory,77.4,B
5737,22,Male,2.8,54.8,2,9,No,Low,Yes,5,5,40.4,Visual,44.1,F
5738,29,Female,11.9,96.5,10,10,No,High,Yes,5,3,63.4,Auditory,90.1,A
5739,21,Female,2.9,97.8,3,7,Yes,Low,Yes,2,3,50.3,Reading/Writing,70.3,C
5740,30,Male,18.2,99.2,5,4,Yes,High,Yes,4,0,44.6,Visual,100,A
5741,23,Female,13.7,52.9,2,8,Yes,Low,Yes,4,10,74.4,Kinesthetic,78.9,B
5742,22,Male,18.4,93.8,1,8,Yes,Low,No,0,7,89.0,Auditory,97.7,A
5743,27,Male,3.4,89.8,1,8,Yes,High,Yes,0,6,47.6,Visual,70.3,C
5744,20,Female,6.9,61.9,2,7,Yes,Low,No,1,4,60.8,Kinesthetic,55.0,D
5745,18,Male,4.6,92.1,10,4,Yes,Low,Yes,5,6,86.1,Kinesthetic,89.1,B
5746,24,Male,2.3,58.6,7,6,No,Low,No,3,8,53.3,Visual,51.3,D
5747,28,Female,11.4,53.2,6,9,Yes,Low,Yes,2,5,89.9,Visual,79.7,B
5748,25,Female,11.8,77.7,7,5,Yes,High,Yes,4,10,88.2,Visual,100,A
5749,24,Male,3.4,95.9,6,2,No,Low,Yes,0,5,93.7,Kinesthetic,76.9,B
5750,27,Male,11.5,60.8,5,4,No,Low,No,2,8,89.7,Auditory,75.0,B
5751,29,Female,15.3,74.4,7,4,No,High,Yes,2,2,63.2,Visual,97.6,A
5752,20,Female,11.9,62.9,7,4,No,Low,Yes,3,9,75.5,Visual,79.2,B
5753,19,Male,18.1,63.1,8,6,No,Low,Yes,1,8,75.4,Auditory,96.3,A
5754,19,Female,2.1,79.8,1,10,No,High,Yes,4,6,86.9,Kinesthetic,60.7,C
5755,28,Male,2.4,91.9,3,5,Yes,Low,Yes,1,9,49.7,Reading/Writing,69.0,C
5756,18,Male,3.3,93.0,6,5,Yes,High,Yes,0,6,45.3,Auditory,74.4,C
5757,28,Female,6.8,89.7,2,6,No,Low,Yes,1,9,60.7,Auditory,73.9,C
5758,29,Female,8.1,69.5,1,3,No,High,Yes,1,6,50.3,Auditory,61.1,C
5759,28,Male,6.8,61.8,8,8,No,High,Yes,0,8,57.1,Kinesthetic,69.5,C
5760,21,Male,16.4,53.7,2,7,No,Low,Yes,4,8,99.2,Auditory,87.3,B
5761,29,Male,1.3,91.0,10,5,Yes,Low,No,1,2,50.6,Visual,67.1,C
5762,25,Female,3.9,79.6,6,8,Yes,High,No,1,8,96.4,Auditory,72.6,C
5763,26,Female,1.8,70.4,7,10,Yes,High,No,3,9,87.9,Kinesthetic,69.5,C
5764,23,Female,2.7,81.7,7,2,No,Low,Yes,5,7,46.5,Auditory,61.8,C
5765,26,Male,3.2,94.3,9,1,Yes,High,Yes,3,7,48.3,Auditory,86.3,B
5766,28,Female,7.1,92.8,7,3,Yes,High,Yes,3,7,69.8,Reading/Writing,87.3,B
5767,28,Male,15.6,68.9,5,4,Yes,High,No,4,1,72.0,Reading/Writing,87.2,B
5768,24,Male,13.8,59.9,8,8,No,High,No,4,6,72.7,Auditory,93.8,A
5769,20,Female,18.0,78.8,3,10,Yes,Low,No,2,5,99.2,Reading/Writing,88.7,B
5770,25,Female,15.6,61.4,6,9,Yes,High,No,4,6,94.4,Kinesthetic,98.8,A
5771,23,Female,13.7,59.5,3,10,No,High,Yes,4,7,41.6,Auditory,74.7,C
5772,20,Male,11.3,94.0,9,9,No,Low,Yes,2,1,42.1,Auditory,74.3,C
5773,23,Female,2.1,65.9,10,8,No,Low,No,5,7,64.3,Auditory,60.1,C
5774,30,Male,14.3,65.4,9,7,Yes,High,No,0,3,73.7,Reading/Writing,91.9,A
5775,28,Female,18.7,60.9,9,10,Yes,Low,Yes,4,8,47.5,Reading/Writing,87.9,B
5776,27,Male,10.0,69.9,3,6,Yes,Low,Yes,1,6,63.7,Visual,74.5,C
5777,27,Male,15.1,62.4,4,6,No,Low,Yes,2,3,99.1,Visual,75.2,B
5778,23,Female,17.3,64.4,3,3,No,Low,Yes,3,7,63.4,Reading/Writing,82.2,B
5779,23,Male,17.0,63.6,5,9,Yes,High,Yes,0,8,95.0,Visual,87.5,B
5780,18,Female,10.6,80.9,2,9,No,Low,No,3,3,69.1,Visual,71.6,C
5781,27,Male,4.5,83.9,7,7,No,Low,No,0,2,88.6,Kinesthetic,78.3,B
5782,22,Female,2.7,51.7,1,3,No,High,No,1,10,71.7,Reading/Writing,62.0,C
5783,29,Male,4.1,57.0,9,8,Yes,Low,Yes,5,2,97.3,Reading/Writing,80.4,B
5784,30,Male,18.7,63.9,6,9,Yes,Low,No,2,2,54.8,Reading/Writing,89.9,B
5785,23,Female,9.4,76.3,2,2,No,Low,No,1,1,60.1,Reading/Writing,67.6,C
5786,23,Female,10.5,76.1,9,4,Yes,High,Yes,5,3,79.9,Visual,100,A
5787,20,Male,16.3,79.7,8,3,No,Low,No,1,4,79.5,Kinesthetic,95.3,A
5788,18,Female,2.2,95.7,1,7,No,High,No,5,3,88.8,Kinesthetic,62.2,C
5789,28,Male,13.7,89.7,7,5,Yes,Low,No,5,1,43.6,Reading/Writing,96.6,A
5790,27,Female,11.2,62.9,2,4,No,Low,Yes,2,0,72.6,Kinesthetic,68.1,C
5791,22,Male,8.7,95.4,6,9,No,High,No,0,3,71.8,Visual,85.9,B
5792,26,Male,13.6,80.9,3,5,No,High,No,0,6,84.5,Reading/Writing,96.3,A
5793,28,Female,15.6,94.3,8,3,Yes,High,Yes,1,4,73.8,Visual,100,A
5794,28,Female,19.2,50.5,2,10,Yes,High,No,2,4,86.8,Visual,86.1,B
5795,21,Female,9.8,79.6,6,2,Yes,Low,No,0,6,47.2,Auditory,79.0,B
5796,27,Male,3.4,85.1,7,1,No,Low,No,4,3,63.7,Visual,79.5,B
5797,20,Male,19.7,98.8,10,9,No,Low,No,2,0,67.6,Auditory,95.8,A
5798,28,Female,3.6,63.9,10,6,No,Low,Yes,5,5,58.6,Reading/Writing,70.3,C
5799,29,Female,19.3,90.7,9,2,No,Low,Yes,3,4,82.0,Reading/Writing,100,A
5800,29,Female,4.3,85.4,5,6,No,Low,Yes,3,9,84.6,Auditory,67.2,C
5801,25,Female,7.4,70.6,2,7,No,Low,Yes,1,4,41.3,Auditory,55.8,D
5802,23,Female,3.1,84.1,4,10,No,High,Yes,0,10,93.8,Reading/Writing,75.3,B
5803,22,Female,15.2,99.8,9,3,No,High,Yes,2,10,56.6,Reading/Writing,100,A
5804,25,Male,10.7,78.2,1,1,Yes,Low,Yes,3,9,92.6,Visual,86.6,B
5805,21,Female,6.8,83.1,5,10,Yes,High,No,2,3,47.4,Kinesthetic,70.7,C
5806,25,Female,10.6,82.6,7,1,No,Low,Yes,2,6,99.4,Reading/Writing,86.5,B
5807,19,Male,15.0,77.6,8,5,No,Low,Yes,3,10,42.8,Kinesthetic,93.7,A
5808,18,Male,16.1,59.5,5,10,Yes,High,No,2,6,64.2,Auditory,91.0,A
5809,21,Male,15.2,98.7,6,9,Yes,High,Yes,4,6,98.2,Auditory,100,A
5810,25,Male,5.2,91.2,2,3,No,Low,No,1,3,57.1,Reading/Writing,61.5,C
5811,25,Male,3.2,79.4,5,7,No,Low,Yes,2,2,83.1,Reading/Writing,63.0,C
5812,24,Male,7.2,79.3,5,8,Yes,Low,No,1,7,41.0,Reading/Writing,67.0,C
5813,24,Male,2.4,93.1,1,8,No,Low,No,0,7,77.3,Visual,64.9,C
5814,22,Male,17.2,70.1,2,3,No,Low,No,0,4,46.3,Reading/Writing,73.7,C
5815,28,Male,12.5,64.3,9,9,No,High,No,3,0,62.2,Reading/Writing,88.7,B
5816,18,Female,12.7,93.8,9,8,Yes,Low,Yes,3,9,88.3,Visual,95.4,A
5817,30,Male,19.7,65.6,9,6,No,Low,Yes,1,8,44.6,Reading/Writing,86.5,B
5818,29,Female,13.8,59.3,7,4,No,High,No,4,9,54.5,Auditory,92.8,A
5819,18,Male,15.0,62.6,2,2,Yes,High,Yes,2,1,64.1,Visual,88.1,B
5820,25,Female,7.9,68.0,3,3,No,High,No,5,0,76.1,Kinesthetic,73.9,C
5821,29,Male,15.3,70.8,3,2,Yes,Low,No,3,1,60.2,Auditory,83.3,B
5822,25,Male,7.8,87.2,7,6,Yes,Low,Yes,2,5,69.6,Reading/Writing,84.5,B
5823,26,Female,9.7,70.0,9,7,No,Low,Yes,2,5,79.9,Reading/Writing,73.7,C
5824,28,Female,3.2,98.8,4,4,No,High,No,0,6,87.4,Reading/Writing,77.9,B
5825,30,Male,9.2,75.0,5,8,Yes,High,Yes,0,1,67.5,Kinesthetic,75.1,B
5826,30,Female,14.7,66.4,9,8,No,Low,No,0,7,85.0,Reading/Writing,93.7,A
5827,19,Female,19.0,61.2,8,7,Yes,High,Yes,5,1,45.9,Visual,95.0,A
5828,21,Male,4.6,92.1,5,4,Yes,High,Yes,0,7,87.8,Reading/Writing,88.0,B
5829,21,Female,14.5,66.2,2,9,Yes,High,No,4,7,88.5,Visual,81.7,B
5830,21,Female,12.4,71.2,8,6,Yes,Low,Yes,1,7,58.2,Visual,81.7,B
5831,27,Male,18.5,95.9,6,2,Yes,Low,No,5,10,53.4,Kinesthetic,100,A
5832,19,Female,7.0,63.6,3,5,Yes,Low,No,5,0,97.2,Kinesthetic,79.3,B
5833,27,Male,6.4,52.3,7,1,No,Low,Yes,1,0,69.8,Reading/Writing,69.9,C
5834,18,Male,20.0,63.1,6,1,No,Low,Yes,5,4,79.4,Visual,98.9,A
5835,25,Male,14.4,52.9,4,9,Yes,Low,Yes,3,10,58.8,Auditory,84.1,B
5836,29,Female,15.0,50.8,10,5,No,Low,Yes,1,3,87.5,Reading/Writing,89.8,B
5837,19,Female,17.7,60.9,3,10,No,Low,No,2,10,93.5,Reading/Writing,79.5,B
5838,23,Male,7.0,50.6,2,6,No,High,No,4,8,71.6,Visual,58.3,D
5839,18,Female,18.5,66.3,1,6,Yes,Low,No,0,3,55.5,Auditory,80.6,B
5840,28,Male,16.2,98.5,8,5,Yes,Low,No,2,8,64.0,Visual,97.0,A
5841,30,Female,11.9,58.0,7,4,No,High,No,0,6,96.1,Visual,82.3,B
5842,30,Female,7.9,99.3,1,1,Yes,High,No,4,9,58.8,Auditory,79.2,B
5843,25,Female,12.6,91.2,3,2,No,High,Yes,5,3,66.5,Auditory,89.4,B
5844,22,Female,6.9,94.4,8,2,Yes,Low,No,0,4,49.8,Auditory,84.2,B
5845,26,Female,12.6,83.6,6,7,Yes,High,No,4,3,97.8,Kinesthetic,97.5,A
5846,19,Male,19.5,61.3,6,7,Yes,High,Yes,0,1,56.1,Kinesthetic,87.8,B
5847,19,Male,19.0,72.9,7,2,Yes,High,No,5,10,83.8,Reading/Writing,100,A
5848,26,Female,16.8,53.0,9,2,Yes,High,Yes,5,6,61.9,Auditory,99.2,A
5849,19,Female,3.5,97.1,3,10,Yes,High,No,4,2,99.3,Kinesthetic,82.1,B
5850,29,Male,12.9,55.7,2,8,Yes,Low,Yes,4,4,48.0,Reading/Writing,77.6,B
5851,22,Male,3.3,58.2,10,1,Yes,Low,Yes,2,9,58.7,Visual,76.6,B
5852,18,Female,10.6,84.0,7,7,Yes,Low,Yes,3,9,74.1,Kinesthetic,87.5,B
5853,19,Female,1.5,64.0,4,1,Yes,Low,No,2,10,92.1,Visual,66.3,C
5854,30,Male,10.2,77.4,8,3,Yes,High,Yes,5,2,72.5,Visual,88.2,B
5855,22,Female,5.4,59.4,2,5,No,High,Yes,5,6,54.2,Visual,67.6,C
5856,22,Male,4.1,58.5,9,2,No,High,Yes,1,9,61.7,Visual,67.2,C
5857,30,Male,16.1,83.5,4,10,Yes,Low,Yes,4,7,75.3,Kinesthetic,86.6,B
5858,26,Female,12.2,95.8,9,2,Yes,Low,No,2,4,94.2,Kinesthetic,97.1,A
5859,28,Female,14.9,70.5,7,5,No,Low,No,5,0,88.8,Kinesthetic,91.2,A
5860,26,Female,14.7,80.9,4,1,Yes,Low,Yes,5,1,71.9,Visual,87.1,B
5861,24,Female,5.1,94.5,5,4,No,High,No,0,7,99.1,Auditory,84.5,B
5862,25,Male,18.4,82.0,7,1,No,Low,Yes,0,5,70.8,Reading/Writing,94.4,A
5863,23,Female,1.4,71.0,9,8,No,Low,No,0,5,73.5,Visual,65.6,C
5864,29,Female,6.4,87.8,10,10,No,Low,No,3,0,67.9,Kinesthetic,75.6,B
5865,19,Male,2.8,80.5,10,7,Yes,High,No,3,10,63.1,Kinesthetic,81.3,B
5866,19,Female,6.7,88.2,4,1,Yes,Low,Yes,5,3,68.7,Reading/Writing,83.2,B
5867,24,Female,3.8,75.5,8,2,No,High,No,3,1,94.1,Auditory,85.1,B
5868,24,Female,10.4,75.1,8,9,No,Low,No,5,6,85.4,Reading/Writing,78.7,B
5869,23,Female,9.3,50.9,5,10,No,Low,Yes,4,1,91.0,Visual,68.4,C
5870,29,Female,16.4,74.7,7,9,Yes,Low,No,0,10,69.7,Kinesthetic,90.9,A
5871,21,Male,16.7,68.9,5,7,No,Low,No,0,4,90.8,Reading/Writing,88.7,B
5872,19,Male,5.7,86.2,8,8,Yes,High,No,3,10,94.7,Auditory,89.2,B
5873,19,Female,16.1,76.7,10,7,No,Low,No,0,7,91.1,Reading/Writing,89.0,B
5874,24,Female,14.2,62.1,4,3,No,Low,No,2,2,41.4,Kinesthetic,78.6,B
5875,27,Male,18.6,71.8,9,8,No,Low,No,0,1,93.5,Visual,99.1,A
5876,23,Female,5.8,91.0,5,7,Yes,High,No,2,5,97.0,Kinesthetic,93.1,A
5877,18,Female,3.8,50.3,5,3,Yes,High,Yes,0,6,93.1,Auditory,72.4,C
5878,28,Female,3.1,70.2,1,1,Yes,High,Yes,1,8,50.1,Auditory,72.9,C
5879,29,Female,8.2,62.7,1,4,No,Low,No,3,4,61.1,Auditory,55.4,D
5880,25,Female,10.3,96.0,10,6,Yes,Low,Yes,2,8,51.9,Visual,88.9,B
5881,28,Female,8.7,73.2,10,10,No,Low,Yes,1,4,50.2,Kinesthetic,66.7,C
5882,21,Female,4.7,96.0,5,2,Yes,Low,Yes,2,8,75.4,Kinesthetic,79.8,B
5883,21,Female,9.2,90.6,3,2,Yes,High,No,1,2,50.6,Auditory,85.5,B
5884,20,Female,2.6,53.9,1,5,Yes,High,No,0,10,57.3,Kinesthetic,63.4,C
5885,29,Male,14.3,78.2,1,6,No,Low,Yes,2,9,73.3,Auditory,72.6,C
5886,26,Male,1.5,69.3,5,2,No,Low,Yes,3,2,40.5,Kinesthetic,57.7,D
5887,26,Female,18.7,78.4,10,10,Yes,Low,No,4,0,85.7,Auditory,100,A
5888,28,Male,8.5,75.6,2,7,Yes,Low,Yes,5,0,79.1,Kinesthetic,79.5,B
5889,22,Female,15.4,93.1,2,9,Yes,Low,No,2,1,83.1,Auditory,89.4,B
5890,27,Male,8.6,62.5,6,1,Yes,High,No,5,3,75.8,Visual,93.5,A
5891,29,Male,12.0,51.0,1,8,Yes,Low,Yes,0,7,65.3,Visual,68.0,C
5892,18,Male,17.7,75.3,2,3,Yes,High,No,5,10,64.4,Auditory,93.8,A
5893,25,Male,17.4,73.8,7,5,Yes,High,Yes,5,5,94.7,Reading/Writing,100,A
5894,30,Male,8.4,55.9,8,6,Yes,High,Yes,3,10,85.6,Auditory,83.9,B
5895,23,Female,4.3,74.4,7,10,No,Low,Yes,0,8,50.9,Auditory,59.6,D
5896,18,Male,19.7,83.0,3,2,Yes,High,No,4,2,79.4,Reading/Writing,100,A
5897,23,Male,4.4,65.8,3,4,Yes,Low,No,2,0,93.8,Kinesthetic,60.1,C
5898,18,Female,5.8,69.0,7,6,No,Low,Yes,4,4,50.5,Kinesthetic,73.3,C
5899,22,Male,13.3,96.9,8,7,No,High,No,3,1,93.7,Kinesthetic,97.2,A
5900,20,Male,17.2,59.2,6,2,No,Low,No,5,7,98.3,Visual,100,A
5901,19,Female,9.8,68.3,7,1,No,Low,Yes,0,4,89.3,Reading/Writing,85.1,B
5902,18,Female,12.0,64.9,10,10,Yes,Low,Yes,1,5,77.0,Visual,82.2,B
5903,18,Female,10.1,50.5,5,9,No,High,Yes,4,2,83.7,Visual,72.8,C
5904,18,Male,4.5,74.9,1,4,Yes,Low,No,5,0,72.9,Kinesthetic,73.2,C
5905,19,Female,4.9,93.9,8,5,No,Low,No,4,6,88.5,Visual,88.0,B
5906,29,Male,12.1,89.6,5,6,Yes,Low,No,0,0,80.9,Visual,82.2,B
5907,29,Male,7.0,97.9,2,2,Yes,Low,No,2,4,72.8,Auditory,80.9,B
5908,19,Female,5.6,64.2,3,2,No,Low,No,2,0,53.1,Reading/Writing,64.6,C
5909,30,Female,1.7,80.8,5,6,Yes,High,No,0,8,99.6,Auditory,78.9,B
5910,27,Male,19.5,80.7,10,8,Yes,High,Yes,2,3,67.2,Reading/Writing,100,A
5911,21,Male,10.1,76.6,2,5,Yes,Low,No,3,2,45.7,Visual,72.8,C
5912,26,Female,6.9,90.2,3,8,Yes,High,No,5,3,47.1,Auditory,75.9,B
5913,18,Male,19.9,71.1,6,8,Yes,High,No,2,6,92.9,Visual,100,A
5914,20,Female,4.0,65.1,8,1,No,High,No,5,9,84.1,Auditory,77.9,B
5915,20,Male,14.5,87.8,5,7,Yes,Low,No,4,0,97.8,Reading/Writing,98.2,A
5916,23,Male,14.3,58.3,2,5,No,Low,Yes,5,1,85.3,Kinesthetic,81.9,B
5917,30,Female,11.0,88.4,1,8,No,Low,No,4,8,42.6,Auditory,67.6,C
5918,29,Female,12.7,77.5,8,8,No,High,No,1,4,88.6,Visual,86.5,B
5919,20,Female,5.0,95.1,6,2,No,Low,Yes,1,10,83.1,Reading/Writing,74.0,C
5920,24,Male,11.2,50.0,5,2,No,High,No,0,10,58.2,Auditory,70.4,C
5921,28,Female,15.2,88.2,3,7,Yes,Low,No,3,7,50.8,Reading/Writing,91.6,A
5922,18,Male,7.4,78.6,3,5,No,Low,Yes,5,6,75.8,Auditory,75.6,B
5923,30,Female,2.5,91.3,1,9,No,High,Yes,0,3,89.9,Auditory,61.3,C
5924,30,Female,12.9,76.7,5,5,No,Low,No,3,5,55.6,Visual,84.7,B
5925,21,Male,10.7,96.2,3,3,No,Low,Yes,3,5,79.2,Visual,83.3,B
5926,23,Female,7.1,92.9,6,8,No,Low,Yes,2,7,69.4,Visual,83.3,B
5927,26,Female,10.3,67.4,9,2,Yes,Low,No,2,1,43.5,Visual,86.2,B
5928,19,Male,13.1,57.4,4,9,Yes,High,Yes,2,1,44.2,Kinesthetic,76.1,B
5929,19,Male,2.9,74.5,2,2,Yes,Low,Yes,2,9,59.1,Reading/Writing,59.3,D
5930,23,Female,8.5,50.6,8,4,No,Low,Yes,0,7,67.1,Kinesthetic,75.6,B
5931,30,Female,5.0,79.3,9,1,Yes,Low,Yes,5,0,75.0,Reading/Writing,79.0,B
5932,24,Male,7.0,59.4,2,6,Yes,High,Yes,2,8,61.7,Visual,67.1,C
5933,26,Male,7.7,52.1,1,9,No,High,No,5,9,99.1,Kinesthetic,76.3,B
5934,28,Female,9.1,87.6,4,7,No,Low,Yes,1,5,82.4,Visual,74.0,C
5935,25,Female,5.5,66.0,6,3,Yes,High,Yes,4,2,69.3,Reading/Writing,80.8,B
5936,23,Female,19.3,57.6,6,3,Yes,Low,No,2,0,44.3,Visual,85.3,B
5937,25,Female,18.1,98.0,10,2,No,Low,No,2,1,80.9,Visual,100,A
5938,24,Male,19.8,60.7,9,4,No,Low,Yes,5,4,67.7,Kinesthetic,91.8,A
5939,22,Female,12.2,71.3,8,5,No,Low,Yes,0,2,93.6,Reading/Writing,86.4,B
5940,29,Male,18.0,69.4,8,5,No,Low,Yes,4,0,85.7,Visual,94.0,A
5941,30,Male,15.9,86.9,8,2,No,Low,No,3,0,99.6,Reading/Writing,100,A
5942,20,Female,15.9,64.1,4,1,Yes,High,No,2,3,72.1,Auditory,100,A
5943,28,Male,5.0,63.4,8,8,No,High,No,3,10,57.2,Auditory,68.0,C
5944,22,Male,1.1,52.8,6,8,Yes,Low,Yes,2,1,59.0,Kinesthetic,49.5,F
5945,22,Male,19.2,94.5,10,1,Yes,Low,No,1,7,91.9,Auditory,100,A
5946,19,Male,4.8,63.2,8,5,Yes,High,No,3,7,88.0,Reading/Writing,87.0,B
5947,24,Male,20.0,59.4,2,2,No,Low,Yes,5,8,40.5,Auditory,93.1,A
5948,29,Female,14.5,98.5,1,9,Yes,Low,No,4,3,53.3,Visual,91.6,A
5949,30,Female,8.2,89.2,1,3,Yes,High,No,5,0,72.2,Auditory,79.4,B
5950,18,Female,1.9,74.0,8,4,No,Low,Yes,2,2,64.4,Kinesthetic,63.5,C
5951,30,Male,10.4,52.2,6,9,No,High,No,3,5,47.0,Reading/Writing,67.0,C
5952,26,Female,13.7,59.0,10,2,No,High,Yes,4,0,86.6,Kinesthetic,96.8,A
5953,20,Male,18.9,76.5,1,3,Yes,High,Yes,5,5,81.0,Reading/Writing,100,A
5954,30,Female,6.1,68.3,2,8,No,High,Yes,4,1,72.1,Visual,70.3,C
5955,30,Male,10.5,77.0,5,3,Yes,Low,Yes,3,9,72.8,Reading/Writing,79.0,B
5956,28,Female,16.7,73.6,7,7,No,Low,Yes,5,8,81.5,Visual,88.3,B
5957,19,Male,5.0,61.8,5,1,Yes,Low,Yes,5,4,43.7,Kinesthetic,69.4,C
5958,18,Female,4.4,87.3,4,4,Yes,High,Yes,0,2,63.8,Reading/Writing,68.8,C
5959,25,Female,6.7,82.0,9,2,No,High,Yes,1,10,57.3,Auditory,84.7,B
5960,30,Male,5.8,52.5,9,10,No,High,No,2,2,65.4,Kinesthetic,75.1,B
5961,25,Male,19.8,64.2,6,9,Yes,Low,Yes,5,3,67.6,Visual,91.1,A
5962,19,Female,9.0,68.4,4,8,Yes,High,Yes,5,2,49.6,Reading/Writing,73.4,C
5963,28,Female,6.0,72.2,6,10,Yes,Low,No,4,4,65.8,Reading/Writing,66.8,C
5964,21,Female,7.1,92.4,6,9,Yes,High,Yes,1,4,66.1,Reading/Writing,86.8,B
5965,18,Female,10.5,85.3,10,1,No,Low,Yes,5,4,50.6,Visual,90.4,A
5966,20,Male,10.9,60.0,9,9,No,High,Yes,0,2,55.1,Reading/Writing,79.6,B
5967,28,Male,2.8,65.5,2,6,Yes,High,Yes,3,2,90.1,Visual,72.4,C
5968,25,Male,13.9,89.0,5,10,No,High,No,4,9,67.8,Visual,85.9,B
5969,27,Female,3.0,95.5,6,5,Yes,Low,Yes,2,10,52.5,Kinesthetic,69.8,C
5970,22,Female,2.7,94.7,10,8,Yes,High,No,4,3,88.7,Auditory,86.4,B
5971,28,Female,14.9,80.7,4,8,Yes,High,Yes,4,6,81.4,Kinesthetic,100,A
5972,27,Female,2.2,61.3,4,8,Yes,High,No,3,7,80.3,Auditory,67.5,C
5973,30,Female,10.8,84.8,1,10,No,High,Yes,2,6,59.1,Visual,71.6,C
5974,28,Male,16.6,95.9,8,2,Yes,High,Yes,3,0,82.8,Reading/Writing,100,A
5975,19,Female,9.9,61.9,6,4,Yes,High,No,1,0,74.2,Reading/Writing,74.7,C
5976,22,Male,9.8,57.3,1,1,Yes,High,Yes,5,10,93.9,Visual,88.3,B
5977,29,Male,18.8,96.8,6,9,Yes,Low,Yes,2,8,94.3,Auditory,100,A
5978,25,Female,18.3,68.5,10,5,Yes,High,Yes,2,8,53.8,Auditory,100,A
5979,24,Male,10.3,58.6,5,10,No,High,No,0,9,47.4,Auditory,70.7,C
5980,29,Female,5.8,53.3,7,5,No,High,Yes,0,3,57.9,Kinesthetic,62.0,C
5981,18,Male,14.2,94.4,5,7,No,Low,No,2,9,60.3,Kinesthetic,95.8,A
5982,28,Male,16.5,85.9,2,9,Yes,High,Yes,4,5,41.5,Kinesthetic,95.9,A
5983,28,Male,14.4,53.5,1,8,No,Low,Yes,4,4,90.7,Visual,76.1,B
5984,24,Female,13.2,76.6,5,2,No,High,No,1,10,96.6,Visual,94.7,A
5985,27,Female,13.8,76.4,6,4,No,High,Yes,0,0,69.9,Reading/Writing,86.9,B
5986,18,Female,11.2,94.6,6,10,No,High,No,5,0,57.4,Visual,84.8,B
5987,21,Female,7.3,78.2,9,9,Yes,Low,Yes,1,2,56.7,Auditory,80.0,B
5988,28,Male,18.1,79.3,5,1,Yes,Low,No,1,5,83.3,Kinesthetic,100,A
5989,24,Male,8.0,65.7,8,10,Yes,Low,No,2,1,86.9,Visual,80.8,B
5990,25,Female,8.4,86.4,4,4,No,Low,No,2,0,54.6,Auditory,73.7,C
5991,18,Female,18.8,92.0,4,3,Yes,High,No,1,1,90.5,Reading/Writing,100,A
5992,21,Male,15.2,93.0,9,5,Yes,Low,No,3,2,96.1,Visual,100,A
5993,24,Male,15.8,67.5,10,9,Yes,High,No,0,7,86.1,Auditory,93.4,A
5994,19,Female,16.6,87.6,6,6,No,High,Yes,4,3,82.9,Visual,92.8,A
5995,20,Male,9.6,66.7,9,9,No,Low,No,4,2,60.5,Visual,69.8,C
5996,24,Male,5.3,79.9,6,7,Yes,Low,Yes,3,5,94.4,Reading/Writing,84.1,B
5997,25,Male,6.0,90.2,2,2,Yes,High,No,2,1,92.1,Kinesthetic,81.7,B
5998,25,Male,6.7,89.7,8,4,No,High,No,2,8,82.7,Reading/Writing,80.9,B
5999,24,Female,2.1,74.8,8,5,Yes,High,No,0,5,78.2,Reading/Writing,81.5,B
6000,28,Male,3.9,54.3,2,10,Yes,Low,No,5,7,44.4,Kinesthetic,46.9,F
6001,22,Male,16.0,51.1,10,8,No,Low,Yes,3,0,96.1,Visual,85.7,B
6002,20,Male,14.1,78.3,2,7,No,High,No,4,1,87.2,Reading/Writing,88.4,B
6003,28,Male,11.2,68.6,6,6,Yes,Low,No,0,0,91.8,Auditory,82.4,B
6004,29,Male,7.1,98.1,6,9,No,High,Yes,4,3,99.1,Auditory,88.1,B
6005,21,Male,9.2,57.0,4,7,No,High,No,5,3,51.1,Reading/Writing,77.1,B
6006,26,Female,19.8,98.3,5,6,Yes,Low,Yes,4,0,82.5,Auditory,100,A
6007,18,Male,2.3,76.7,9,7,No,Low,No,3,3,52.9,Visual,62.4,C
6008,19,Female,17.5,75.3,3,6,No,Low,No,3,4,77.1,Visual,89.3,B
6009,27,Female,3.7,90.9,3,7,No,Low,No,1,0,56.6,Kinesthetic,57.8,D
6010,20,Male,1.3,80.8,4,9,No,High,Yes,1,3,86.9,Auditory,59.5,D
6011,19,Female,10.8,65.0,9,3,Yes,Low,No,4,9,44.0,Auditory,81.9,B
6012,27,Female,11.0,82.8,2,7,No,High,No,5,4,62.4,Kinesthetic,77.0,B
6013,18,Female,17.9,66.5,4,3,No,Low,Yes,2,5,48.4,Auditory,92.9,A
6014,23,Male,18.0,91.3,10,7,Yes,High,Yes,0,3,77.0,Reading/Writing,100,A
6015,23,Male,19.1,90.0,1,4,Yes,Low,No,1,7,80.7,Kinesthetic,95.0,A
6016,30,Female,3.2,99.0,1,4,Yes,High,No,4,8,73.0,Reading/Writing,72.6,C
6017,21,Male,19.3,95.0,7,4,Yes,Low,No,3,1,84.1,Auditory,100,A
6018,21,Male,4.4,65.6,4,4,No,Low,No,4,3,50.8,Reading/Writing,65.3,C
6019,30,Female,12.6,79.9,7,6,Yes,High,Yes,0,3,58.3,Visual,87.2,B
6020,21,Male,11.0,50.4,7,2,Yes,Low,Yes,1,2,44.4,Kinesthetic,68.5,C
6021,28,Female,10.8,89.7,2,6,Yes,Low,No,4,6,78.4,Visual,88.7,B
6022,21,Female,13.8,50.3,1,7,Yes,High,Yes,4,0,72.7,Visual,75.6,B
6023,21,Male,4.1,65.1,5,3,No,High,Yes,2,8,43.3,Kinesthetic,73.8,C
6024,29,Female,8.1,59.8,7,6,Yes,Low,No,2,2,42.8,Reading/Writing,65.9,C
6025,24,Male,1.4,93.8,2,10,Yes,High,No,3,7,85.8,Reading/Writing,66.2,C
6026,24,Female,16.3,85.8,7,7,No,Low,No,1,5,77.7,Auditory,100,A
6027,23,Female,1.0,81.7,8,5,No,Low,Yes,0,5,55.0,Visual,55.6,D
6028,26,Male,11.3,53.2,3,2,Yes,High,No,1,4,50.0,Auditory,83.6,B
6029,18,Male,4.5,93.5,3,7,Yes,High,Yes,4,8,62.5,Auditory,72.8,C
6030,25,Female,13.7,55.1,10,2,Yes,Low,Yes,4,0,79.4,Auditory,92.8,A
6031,25,Female,6.5,70.4,8,5,Yes,High,Yes,1,9,85.3,Auditory,81.9,B
6032,29,Female,16.6,86.2,6,5,Yes,High,No,5,6,50.0,Auditory,97.4,A
6033,26,Male,13.2,60.7,1,5,No,Low,Yes,4,9,89.4,Kinesthetic,76.7,B
6034,23,Male,11.7,69.7,1,2,Yes,High,Yes,1,3,81.1,Auditory,82.6,B
6035,27,Female,4.7,93.6,9,8,Yes,High,No,2,7,98.1,Auditory,88.6,B
6036,29,Male,17.5,51.1,3,9,No,Low,No,4,4,68.7,Visual,79.9,B
6037,28,Female,6.7,75.3,8,4,Yes,Low,Yes,4,4,63.5,Visual,83.9,B
6038,30,Male,16.9,57.5,10,4,No,Low,No,5,10,56.0,Reading/Writing,92.5,A
6039,20,Male,19.3,75.0,8,10,No,High,No,1,3,85.3,Auditory,94.0,A
6040,22,Female,2.0,52.6,8,4,No,High,Yes,0,4,51.5,Auditory,59.8,D
6041,27,Male,8.4,56.1,10,1,Yes,Low,Yes,4,1,57.0,Reading/Writing,77.2,B
6042,22,Male,15.2,63.8,5,1,No,High,Yes,3,4,58.5,Visual,93.2,A
6043,21,Female,15.9,80.9,8,5,No,High,Yes,1,9,97.7,Reading/Writing,100,A
6044,30,Male,11.3,71.3,2,8,No,High,Yes,3,6,88.4,Auditory,74.3,C
6045,18,Female,17.9,59.8,1,2,Yes,Low,Yes,1,7,62.6,Auditory,81.7,B
6046,27,Male,13.3,72.4,3,6,No,Low,Yes,0,7,83.4,Reading/Writing,83.3,B
6047,28,Male,10.9,86.6,6,6,No,High,Yes,3,2,75.5,Kinesthetic,95.0,A
6048,30,Female,15.7,99.2,1,4,No,High,Yes,2,6,66.6,Reading/Writing,90.0,A
6049,24,Female,7.6,96.2,1,5,Yes,Low,No,3,10,43.3,Visual,82.5,B
6050,22,Male,19.9,77.9,7,4,Yes,Low,Yes,5,6,41.3,Reading/Writing,100,A
6051,30,Female,8.6,57.3,7,8,Yes,Low,No,5,2,76.8,Auditory,66.9,C
6052,24,Female,12.3,64.0,10,4,No,High,Yes,3,0,80.3,Visual,93.4,A
6053,28,Male,7.4,81.7,10,1,Yes,High,No,4,3,70.5,Visual,88.6,B
6054,28,Female,8.0,95.0,10,1,No,Low,No,1,5,48.1,Kinesthetic,87.3,B
6055,26,Female,8.5,51.8,8,3,Yes,High,No,4,0,96.4,Visual,87.7,B
6056,18,Male,18.0,62.0,7,3,No,Low,Yes,0,10,97.5,Reading/Writing,100,A
6057,25,Male,5.5,97.5,1,2,Yes,High,Yes,2,4,76.8,Auditory,83.7,B
6058,25,Male,14.8,66.9,5,2,No,High,Yes,1,8,81.2,Auditory,87.8,B
6059,25,Female,11.2,85.0,1,3,Yes,High,No,4,3,74.3,Auditory,94.4,A
6060,26,Male,3.2,52.1,6,6,Yes,High,Yes,1,4,48.7,Visual,57.0,D
6061,30,Female,9.1,72.9,7,7,No,High,No,4,4,62.9,Reading/Writing,77.5,B
6062,18,Female,17.6,50.1,10,9,No,High,Yes,1,8,63.7,Auditory,83.9,B
6063,28,Male,19.5,78.5,1,7,Yes,High,Yes,2,2,49.7,Reading/Writing,86.4,B
6064,24,Male,10.5,92.1,5,6,Yes,Low,Yes,2,4,93.9,Visual,88.2,B
6065,30,Male,9.8,91.6,9,6,Yes,Low,Yes,1,10,68.6,Kinesthetic,94.5,A
6066,23,Female,8.0,55.6,9,10,Yes,High,No,1,3,60.5,Kinesthetic,77.1,B
6067,25,Male,7.1,78.4,7,10,No,High,Yes,1,2,46.0,Reading/Writing,78.9,B
6068,28,Female,8.4,80.8,4,9,Yes,High,Yes,4,4,51.0,Auditory,80.4,B
6069,21,Female,19.2,86.1,1,10,No,High,No,2,6,49.0,Reading/Writing,90.0,A
6070,25,Female,9.3,91.7,3,7,No,High,No,5,10,64.8,Kinesthetic,85.4,B
6071,22,Male,5.2,73.3,8,2,Yes,Low,No,0,10,99.7,Auditory,89.3,B
6072,26,Female,18.8,78.7,10,9,No,Low,No,5,10,53.5,Reading/Writing,100,A
6073,22,Female,16.2,79.6,2,2,No,Low,No,0,0,70.6,Reading/Writing,89.1,B
6074,25,Male,19.6,80.3,6,10,No,High,Yes,3,1,97.9,Visual,95.5,A
6075,19,Male,4.6,62.6,2,9,Yes,Low,No,2,8,63.6,Auditory,64.8,C
6076,23,Female,18.7,58.4,1,2,Yes,Low,No,0,3,80.1,Reading/Writing,88.7,B
6077,19,Male,19.1,59.0,7,3,Yes,High,No,1,8,45.7,Kinesthetic,92.3,A
6078,23,Female,16.1,94.2,8,5,Yes,Low,No,1,10,49.2,Visual,94.0,A
6079,26,Female,5.6,69.3,5,1,No,High,Yes,2,7,79.3,Auditory,72.2,C
6080,20,Female,13.8,72.8,2,3,Yes,Low,No,2,10,65.3,Auditory,92.6,A
6081,28,Female,11.5,65.6,5,10,No,High,No,1,0,82.9,Kinesthetic,68.9,C
6082,28,Female,10.4,80.5,8,9,Yes,Low,Yes,3,8,89.5,Kinesthetic,82.1,B
6083,24,Female,19.8,98.1,7,10,No,Low,No,4,6,93.4,Visual,100,A
6084,25,Male,12.6,57.5,8,2,No,High,No,4,6,84.0,Kinesthetic,94.1,A
6085,22,Female,7.6,71.0,10,9,No,High,Yes,0,6,78.0,Auditory,81.8,B
6086,22,Male,19.0,50.1,6,1,Yes,High,Yes,4,5,62.1,Visual,100,A
6087,28,Male,12.0,90.6,6,7,Yes,Low,Yes,5,8,61.5,Reading/Writing,83.1,B
6088,30,Female,19.9,77.0,3,7,No,Low,No,2,0,68.0,Visual,95.4,A
6089,23,Female,15.8,69.3,5,2,No,High,Yes,2,8,64.4,Auditory,98.2,A
6090,22,Female,12.1,90.2,2,5,No,High,Yes,4,6,80.0,Auditory,89.4,B
6091,19,Male,4.9,79.2,7,9,Yes,High,No,1,4,48.8,Visual,67.1,C
6092,24,Female,18.7,59.1,4,7,No,High,Yes,3,7,43.9,Auditory,92.3,A
6093,25,Male,8.0,61.3,8,4,Yes,Low,No,4,10,54.4,Kinesthetic,75.9,B
6094,19,Female,7.1,66.2,7,1,Yes,High,Yes,4,2,53.8,Reading/Writing,76.8,B
6095,28,Male,2.4,83.4,6,9,Yes,High,No,4,6,79.0,Reading/Writing,80.5,B
6096,29,Male,20.0,83.2,7,4,No,Low,Yes,0,0,70.6,Reading/Writing,93.4,A
6097,21,Male,19.2,82.0,8,3,Yes,Low,No,5,1,75.4,Auditory,100,A
6098,26,Female,4.1,78.0,4,7,No,High,No,2,5,69.9,Visual,65.0,C
6099,27,Male,5.6,99.5,7,5,No,High,No,2,5,76.6,Auditory,84.3,B
6100,21,Male,6.8,54.1,6,8,Yes,Low,No,3,7,72.8,Visual,62.0,C
6101,20,Male,18.7,97.7,5,2,Yes,High,Yes,2,6,78.0,Reading/Writing,100,A
6102,18,Male,6.5,63.1,1,7,No,Low,Yes,4,5,41.8,Auditory,59.4,D
6103,30,Female,14.0,74.8,6,10,Yes,High,Yes,4,0,48.7,Kinesthetic,79.5,B
6104,18,Female,16.1,95.3,8,3,No,Low,Yes,1,9,71.5,Reading/Writing,100,A
6105,23,Female,19.4,52.9,5,10,Yes,High,No,0,0,51.3,Kinesthetic,93.9,A
6106,22,Female,2.2,84.7,1,3,Yes,High,Yes,2,8,86.0,Reading/Writing,66.7,C
6107,24,Male,9.0,84.3,8,1,Yes,High,No,5,9,50.4,Visual,98.6,A
6108,30,Female,15.2,51.2,4,3,No,Low,Yes,2,2,72.6,Kinesthetic,85.1,B
6109,23,Female,2.5,72.6,6,7,Yes,High,No,3,0,55.2,Reading/Writing,71.7,C
6110,18,Male,15.8,63.1,2,2,No,Low,No,4,0,77.6,Kinesthetic,81.7,B
6111,22,Male,2.5,96.9,10,1,Yes,Low,No,3,6,68.8,Kinesthetic,83.2,B
6112,21,Female,18.3,58.8,6,1,No,High,No,0,6,58.1,Reading/Writing,93.0,A
6113,26,Female,8.1,81.2,10,8,No,High,No,0,4,66.4,Auditory,85.2,B
6114,22,Male,14.7,53.8,7,7,Yes,Low,Yes,0,5,52.2,Kinesthetic,83.5,B
6115,24,Male,8.5,61.1,9,7,No,Low,Yes,3,8,61.0,Auditory,67.9,C
6116,25,Female,7.2,82.4,4,2,Yes,High,Yes,5,4,76.4,Kinesthetic,90.3,A
6117,23,Female,1.7,63.6,8,10,No,High,Yes,0,4,75.8,Visual,62.7,C
6118,21,Male,11.2,65.0,3,10,No,High,Yes,5,4,94.8,Auditory,72.9,C
6119,20,Male,5.5,73.5,10,2,Yes,High,Yes,4,3,49.0,Kinesthetic,84.5,B
6120,29,Female,15.9,79.3,5,3,Yes,High,No,3,3,71.5,Kinesthetic,91.6,A
6121,23,Female,8.5,90.6,4,8,No,High,Yes,2,0,43.8,Kinesthetic,76.7,B
6122,21,Female,10.4,98.6,1,5,Yes,High,Yes,0,5,71.8,Auditory,84.4,B
6123,27,Male,16.7,93.5,8,4,Yes,Low,No,0,6,94.3,Reading/Writing,100,A
6124,29,Male,14.7,86.1,4,9,No,Low,Yes,1,9,64.9,Visual,82.8,B
6125,19,Female,17.5,83.6,7,4,Yes,High,No,0,8,43.3,Visual,94.4,A
6126,25,Male,8.9,80.6,2,2,No,Low,Yes,0,2,93.2,Kinesthetic,77.8,B
6127,29,Male,13.0,63.3,2,2,Yes,High,Yes,2,9,78.3,Auditory,94.4,A
6128,22,Male,14.1,98.7,1,3,Yes,High,No,0,8,64.5,Reading/Writing,94.5,A
6129,24,Male,14.6,61.6,10,3,No,High,No,2,9,49.8,Auditory,100,A
6130,23,Female,19.2,87.4,4,5,Yes,Low,No,5,6,50.0,Auditory,100,A
6131,18,Male,19.6,70.0,4,5,Yes,Low,No,2,7,45.5,Visual,99.7,A
6132,26,Male,9.7,91.1,8,6,Yes,Low,No,4,10,97.0,Kinesthetic,100,A
6133,22,Male,15.9,94.8,9,1,No,High,Yes,5,2,69.0,Visual,100,A
6134,28,Male,9.7,93.4,8,9,No,Low,Yes,5,7,41.4,Auditory,78.3,B
6135,28,Female,7.3,52.4,10,4,No,High,No,2,3,73.5,Auditory,73.0,C
6136,25,Male,13.1,87.6,5,3,Yes,Low,Yes,4,1,41.4,Visual,81.4,B
6137,23,Male,11.3,50.7,5,6,Yes,Low,No,0,6,69.7,Auditory,79.1,B
6138,19,Male,13.9,74.8,3,5,Yes,High,No,5,2,87.0,Auditory,94.8,A
6139,26,Male,2.3,56.9,10,6,Yes,High,Yes,3,7,71.3,Kinesthetic,78.0,B
6140,28,Male,18.7,93.3,7,3,Yes,Low,Yes,5,2,55.4,Auditory,99.8,A
6141,18,Male,9.2,79.8,8,2,No,High,No,4,4,54.4,Visual,79.7,B
6142,28,Female,3.6,73.8,8,1,No,High,Yes,3,9,97.5,Reading/Writing,77.2,B
6143,27,Male,4.9,99.1,8,7,Yes,High,Yes,0,8,42.2,Visual,86.1,B
6144,21,Female,3.7,93.2,4,10,Yes,High,Yes,5,2,67.5,Kinesthetic,72.4,C
6145,24,Male,16.8,79.2,7,3,No,Low,No,2,8,83.6,Reading/Writing,98.1,A
6146,30,Female,2.7,82.1,1,1,No,High,No,2,6,46.8,Reading/Writing,70.7,C
6147,20,Female,7.0,67.5,2,1,Yes,Low,Yes,5,7,95.2,Kinesthetic,83.8,B
6148,19,Male,15.1,72.0,7,10,Yes,High,Yes,5,4,67.1,Visual,86.8,B
6149,19,Female,2.2,56.0,6,5,Yes,High,Yes,3,8,64.9,Kinesthetic,75.1,B
6150,20,Male,3.0,64.7,4,7,Yes,Low,No,2,7,94.3,Auditory,59.0,D
6151,18,Male,19.5,99.5,10,9,Yes,High,No,3,1,86.5,Auditory,100,A
6152,26,Male,10.5,94.9,9,3,Yes,High,No,1,5,50.9,Visual,93.1,A
6153,25,Male,19.9,81.9,4,5,Yes,High,Yes,4,10,90.9,Auditory,100,A
6154,29,Female,7.9,70.4,3,10,No,Low,No,0,10,64.9,Auditory,56.8,D
6155,20,Male,15.3,53.7,5,1,Yes,High,No,0,7,68.2,Visual,87.6,B
6156,19,Female,13.7,59.4,3,3,Yes,Low,No,3,0,81.7,Kinesthetic,77.2,B
6157,20,Female,9.1,83.4,3,9,No,Low,No,2,7,43.9,Reading/Writing,63.3,C
6158,24,Female,17.7,69.4,4,6,No,High,No,0,5,88.6,Kinesthetic,90.2,A
6159,22,Male,18.4,96.4,1,2,No,Low,No,4,9,94.7,Visual,100,A
6160,22,Male,12.5,57.4,6,3,Yes,High,No,2,2,47.6,Kinesthetic,86.1,B
6161,29,Male,9.2,89.8,4,6,Yes,High,No,4,6,97.3,Reading/Writing,99.3,A
6162,24,Female,1.0,51.3,7,4,No,High,No,4,0,43.2,Auditory,50.1,D
6163,20,Female,4.9,69.3,2,3,Yes,High,No,1,10,46.2,Reading/Writing,73.5,C
6164,28,Male,2.3,61.1,4,5,No,Low,Yes,0,8,59.2,Kinesthetic,54.0,D
6165,29,Female,12.7,53.1,7,4,No,High,Yes,5,9,63.7,Kinesthetic,84.4,B
6166,29,Female,5.0,78.8,9,8,Yes,Low,Yes,1,3,44.3,Visual,78.1,B
6167,26,Male,17.4,82.7,5,3,Yes,Low,No,1,7,59.8,Reading/Writing,100,A
6168,22,Male,11.6,60.2,10,2,No,High,Yes,4,7,88.1,Visual,95.1,A
6169,18,Male,4.6,59.9,5,7,Yes,High,No,0,9,82.3,Reading/Writing,70.4,C
6170,30,Male,2.9,50.9,9,3,Yes,Low,No,0,2,46.6,Kinesthetic,59.8,D
6171,19,Female,3.7,62.7,1,10,No,High,Yes,4,5,52.5,Reading/Writing,52.9,D
6172,25,Female,10.0,71.5,9,6,No,Low,No,5,3,80.7,Auditory,82.0,B
6173,20,Female,8.7,61.2,4,7,Yes,Low,No,0,10,65.3,Reading/Writing,66.5,C
6174,24,Female,14.5,52.5,5,5,Yes,Low,No,3,10,65.1,Kinesthetic,82.2,B
6175,26,Male,17.4,50.2,4,9,Yes,High,Yes,4,5,77.9,Visual,87.4,B
6176,18,Male,17.5,81.2,1,2,Yes,Low,Yes,4,5,96.6,Reading/Writing,96.0,A
6177,25,Female,14.1,97.4,2,9,Yes,Low,Yes,0,3,63.3,Auditory,84.9,B
6178,21,Female,10.2,69.0,9,9,Yes,High,No,0,10,47.7,Auditory,86.5,B
6179,24,Male,4.4,72.3,6,6,Yes,High,No,2,3,53.3,Auditory,79.6,B
6180,23,Female,6.8,85.7,5,3,No,High,No,2,0,54.5,Kinesthetic,70.2,C
6181,29,Male,10.5,84.2,1,2,No,High,Yes,2,7,42.0,Kinesthetic,72.9,C
6182,29,Female,1.1,54.6,1,5,No,Low,No,2,2,80.7,Visual,42.0,F
6183,30,Female,15.5,78.5,2,6,No,High,Yes,2,1,46.5,Kinesthetic,85.2,B
6184,30,Female,14.8,60.6,2,10,No,High,Yes,4,3,96.5,Auditory,86.3,B
6185,25,Female,5.6,82.5,9,9,Yes,Low,No,1,8,71.8,Visual,70.8,C
6186,27,Male,9.7,81.7,1,5,Yes,High,No,3,0,57.1,Reading/Writing,71.9,C
6187,30,Male,16.6,52.4,7,8,No,High,Yes,2,6,92.3,Kinesthetic,89.9,B
6188,26,Female,8.6,94.2,7,2,Yes,High,No,2,0,95.2,Auditory,93.6,A
6189,24,Female,17.5,87.6,2,10,Yes,High,No,5,4,85.0,Kinesthetic,96.1,A
6190,29,Male,15.5,66.7,5,8,No,Low,Yes,1,6,72.4,Reading/Writing,81.0,B
6191,30,Male,10.5,89.2,2,4,Yes,High,Yes,0,4,68.4,Visual,89.2,B
6192,18,Female,10.2,55.5,10,9,No,Low,Yes,1,1,56.7,Reading/Writing,70.7,C
6193,26,Female,15.7,98.5,5,9,Yes,Low,Yes,0,1,92.3,Reading/Writing,92.9,A
6194,23,Male,1.4,75.4,3,7,No,High,Yes,4,0,79.9,Reading/Writing,66.4,C
6195,25,Female,9.7,56.2,3,8,No,Low,No,2,3,95.1,Kinesthetic,74.3,C
6196,27,Female,9.0,57.2,1,2,No,Low,No,5,5,41.5,Visual,64.7,C
6197,25,Male,4.9,95.4,7,5,No,Low,No,2,9,86.9,Reading/Writing,80.1,B
6198,20,Male,3.4,95.1,7,4,Yes,Low,Yes,2,2,96.2,Kinesthetic,85.8,B
6199,21,Female,10.2,74.7,5,10,Yes,Low,No,0,4,45.1,Auditory,68.9,C
6200,21,Male,2.9,88.4,7,2,No,High,Yes,0,1,86.8,Auditory,77.3,B
6201,18,Female,11.3,70.9,1,7,Yes,Low,Yes,0,0,82.4,Auditory,70.4,C
6202,19,Male,5.3,79.8,1,2,No,High,No,4,9,46.6,Kinesthetic,78.0,B
6203,30,Male,11.2,61.8,3,4,Yes,High,Yes,2,6,65.3,Reading/Writing,87.6,B
6204,22,Male,5.8,63.6,5,7,Yes,Low,No,2,4,97.1,Visual,78.6,B
6205,24,Male,4.6,90.3,5,5,No,Low,Yes,2,0,49.2,Auditory,62.4,C
6206,23,Female,16.8,55.4,1,8,No,High,No,3,0,71.4,Kinesthetic,79.4,B
6207,26,Female,2.7,96.0,8,4,No,Low,No,5,10,68.1,Auditory,76.3,B
6208,23,Male,6.5,73.8,4,7,No,High,No,4,0,40.6,Kinesthetic,66.8,C
6209,21,Female,4.4,60.3,10,8,No,Low,No,1,1,59.5,Visual,56.2,D
6210,25,Male,13.9,73.5,9,10,No,Low,Yes,0,8,54.5,Visual,77.1,B
6211,27,Female,14.2,51.2,10,8,Yes,Low,No,3,3,84.3,Kinesthetic,90.0,A
6212,23,Male,4.8,55.2,1,2,No,Low,Yes,4,1,49.5,Kinesthetic,51.7,D
6213,23,Male,2.5,88.9,10,7,Yes,High,Yes,2,2,65.3,Visual,77.3,B
6214,29,Female,2.4,83.8,7,1,No,High,Yes,0,9,60.4,Kinesthetic,74.3,C
6215,30,Female,7.7,73.4,9,7,Yes,High,Yes,0,7,51.1,Kinesthetic,76.8,B
6216,18,Female,4.8,64.3,7,6,No,High,No,5,1,40.9,Kinesthetic,60.1,C
6217,23,Female,9.7,58.6,4,2,No,Low,No,5,9,77.1,Reading/Writing,69.8,C
6218,22,Male,15.7,80.0,9,10,No,Low,Yes,2,0,50.4,Reading/Writing,86.8,B
6219,29,Female,16.2,71.4,10,9,Yes,High,No,2,6,76.3,Kinesthetic,100,A
6220,27,Female,9.6,84.9,1,7,No,Low,No,2,6,84.8,Auditory,77.5,B
6221,30,Female,9.7,51.0,6,6,No,Low,No,5,1,83.8,Reading/Writing,64.3,C
6222,30,Female,10.8,53.9,9,10,Yes,Low,Yes,3,9,70.7,Visual,75.6,B
6223,25,Male,19.3,89.8,6,3,No,High,No,4,3,80.8,Visual,100,A
6224,19,Male,14.9,69.5,9,7,No,High,Yes,5,3,79.4,Visual,99.5,A
6225,19,Male,19.2,78.4,4,9,Yes,Low,No,1,0,95.1,Kinesthetic,98.0,A
6226,28,Male,18.7,58.1,10,2,Yes,Low,Yes,3,2,77.0,Reading/Writing,100,A
6227,30,Female,13.9,91.5,8,4,No,High,No,4,10,89.4,Reading/Writing,100,A
6228,18,Male,15.4,87.9,2,4,Yes,Low,No,2,0,40.8,Reading/Writing,76.8,B
6229,21,Male,12.3,83.5,7,4,Yes,High,No,5,9,91.2,Reading/Writing,100,A
6230,18,Male,18.0,62.4,3,4,Yes,Low,Yes,2,9,56.7,Kinesthetic,91.5,A
6231,30,Female,1.7,53.7,2,2,No,Low,Yes,5,5,98.6,Kinesthetic,65.2,C
6232,25,Male,6.8,91.1,3,9,Yes,Low,No,0,2,52.9,Auditory,64.5,C
6233,24,Male,19.8,77.0,5,8,Yes,High,Yes,5,2,45.0,Reading/Writing,92.6,A
6234,18,Male,3.7,55.0,1,7,No,Low,No,5,8,69.3,Kinesthetic,57.9,D
6235,27,Male,13.4,68.4,7,3,No,Low,Yes,3,2,42.5,Auditory,86.8,B
6236,29,Male,9.0,98.9,2,4,Yes,High,Yes,2,3,86.1,Auditory,92.0,A
6237,26,Female,9.9,84.1,7,2,Yes,Low,Yes,1,9,60.6,Auditory,87.6,B
6238,18,Female,15.7,60.1,3,2,Yes,High,Yes,2,3,79.8,Kinesthetic,91.7,A
6239,21,Male,3.0,88.1,8,3,Yes,High,No,3,8,70.1,Auditory,78.5,B
6240,25,Male,11.7,84.1,3,2,No,High,No,4,6,75.9,Kinesthetic,94.6,A
6241,28,Male,13.5,58.8,9,3,Yes,High,Yes,3,9,67.9,Visual,95.4,A
6242,22,Female,14.5,87.4,7,10,Yes,High,Yes,2,8,56.8,Auditory,88.1,B
6243,20,Female,6.0,72.1,8,5,Yes,Low,Yes,0,10,68.2,Auditory,77.7,B
6244,22,Female,6.3,73.0,6,4,No,High,No,2,0,91.7,Visual,69.8,C
6245,27,Female,4.6,73.2,8,1,Yes,High,Yes,4,0,43.9,Auditory,83.3,B
6246,18,Female,15.0,67.8,8,5,Yes,High,No,1,8,61.0,Kinesthetic,89.1,B
6247,23,Female,10.2,52.0,1,4,No,High,Yes,1,3,88.4,Auditory,76.4,B
6248,29,Female,3.3,99.5,5,1,No,Low,No,4,4,46.5,Auditory,79.9,B
6249,25,Male,6.8,61.1,2,10,No,High,Yes,0,8,90.8,Visual,61.2,C
6250,29,Male,5.4,59.6,4,3,No,Low,Yes,2,0,80.6,Visual,65.6,C
6251,28,Male,5.8,56.0,6,6,No,Low,No,3,5,58.3,Reading/Writing,59.7,D
6252,30,Female,14.1,96.7,4,8,Yes,High,No,4,0,91.4,Reading/Writing,91.6,A
6253,29,Female,5.5,96.7,6,1,No,High,Yes,2,8,43.1,Reading/Writing,73.9,C
6254,25,Male,19.6,64.1,5,8,No,High,No,0,0,80.9,Reading/Writing,93.7,A
6255,19,Male,12.8,50.6,1,6,No,High,Yes,5,4,86.5,Reading/Writing,79.3,B
6256,23,Male,9.7,63.5,1,1,Yes,Low,No,3,9,69.3,Reading/Writing,70.6,C
6257,23,Female,10.2,60.1,10,3,Yes,Low,No,0,2,94.6,Visual,87.5,B
6258,30,Male,14.4,55.8,4,1,Yes,Low,Yes,0,9,91.2,Reading/Writing,87.8,B
6259,29,Male,19.9,94.7,4,7,Yes,Low,Yes,0,8,99.6,Kinesthetic,100,A
6260,23,Male,1.2,82.4,2,9,Yes,Low,Yes,0,9,54.3,Reading/Writing,64.5,C
6261,23,Male,2.6,63.4,8,2,No,High,Yes,3,0,49.9,Reading/Writing,63.2,C
6262,29,Male,3.9,50.5,4,1,Yes,High,No,3,0,63.7,Visual,59.6,D
6263,26,Female,18.8,81.0,9,9,No,Low,Yes,5,5,85.5,Auditory,96.1,A
6264,19,Male,9.3,95.1,5,9,No,Low,No,3,7,53.7,Visual,69.2,C
6265,21,Female,2.4,95.7,1,3,No,Low,Yes,0,7,58.7,Kinesthetic,63.6,C
6266,24,Male,4.4,66.7,5,1,No,High,No,4,1,79.7,Visual,66.4,C
6267,29,Female,19.9,83.7,3,6,No,Low,No,5,9,67.8,Visual,92.4,A
6268,23,Male,9.7,80.5,5,1,No,Low,No,4,1,74.0,Kinesthetic,74.2,C
6269,22,Female,18.4,78.4,4,5,No,Low,No,3,7,85.7,Visual,96.9,A
6270,21,Male,8.0,63.9,1,2,Yes,Low,No,0,9,41.0,Kinesthetic,69.8,C
6271,27,Female,11.4,51.2,2,3,No,High,Yes,5,5,89.8,Kinesthetic,81.5,B
6272,21,Female,10.1,81.3,1,4,No,Low,Yes,1,4,77.0,Kinesthetic,74.7,C
6273,22,Female,17.3,50.9,10,4,No,Low,No,4,7,88.3,Reading/Writing,93.1,A
6274,27,Female,15.3,61.9,10,1,Yes,Low,No,5,4,92.4,Visual,96.6,A
6275,28,Male,5.2,70.4,9,2,No,High,No,1,3,86.3,Reading/Writing,78.4,B
6276,30,Male,18.8,65.5,7,5,Yes,Low,No,4,6,96.6,Kinesthetic,100,A
6277,20,Female,4.1,55.0,4,8,Yes,Low,Yes,0,1,46.0,Kinesthetic,49.5,F
6278,27,Male,17.0,54.2,1,6,No,Low,Yes,0,6,76.4,Kinesthetic,70.2,C
6279,20,Female,6.0,50.9,2,7,Yes,Low,No,4,6,53.7,Auditory,64.3,C
6280,29,Female,12.1,79.4,3,4,Yes,Low,Yes,5,10,93.1,Visual,88.2,B
6281,25,Male,19.1,51.6,10,8,Yes,High,No,1,10,54.1,Visual,97.1,A
6282,18,Male,2.3,73.3,3,8,No,High,No,2,5,91.2,Visual,58.3,D
6283,20,Female,9.3,83.0,1,8,Yes,High,Yes,2,5,97.5,Visual,80.4,B
6284,22,Male,12.5,72.6,6,5,No,High,No,0,3,78.5,Kinesthetic,89.3,B
6285,29,Male,6.1,90.1,6,7,Yes,Low,Yes,0,4,82.2,Kinesthetic,72.3,C
6286,18,Male,3.7,94.9,10,7,Yes,Low,Yes,2,2,65.6,Kinesthetic,82.0,B
6287,18,Male,1.8,61.8,1,1,No,High,Yes,3,9,80.0,Kinesthetic,61.4,C
6288,20,Female,17.3,99.5,2,10,Yes,High,Yes,5,6,95.5,Kinesthetic,100,A
6289,18,Female,15.1,86.0,3,9,Yes,Low,No,1,1,71.2,Kinesthetic,82.8,B
6290,28,Female,13.7,65.9,10,2,No,High,Yes,5,5,50.1,Kinesthetic,98.0,A
6291,19,Female,2.7,85.7,2,2,Yes,High,No,5,1,41.8,Kinesthetic,62.6,C
6292,29,Female,19.2,76.8,7,2,No,Low,No,2,8,81.6,Reading/Writing,100,A
6293,28,Female,17.1,67.7,3,10,No,High,Yes,3,2,55.3,Reading/Writing,82.4,B
6294,27,Female,4.9,55.4,4,10,No,High,No,2,7,80.8,Visual,65.6,C
6295,29,Female,10.5,97.6,1,3,No,Low,Yes,2,5,69.0,Reading/Writing,72.4,C
6296,30,Male,16.1,65.3,9,6,Yes,Low,Yes,0,5,66.3,Visual,93.7,A
6297,18,Female,10.9,57.8,2,9,No,Low,No,2,4,86.1,Visual,62.7,C
6298,30,Male,16.1,53.3,5,4,No,High,Yes,2,3,60.7,Reading/Writing,77.4,B
6299,30,Male,6.9,97.0,4,5,Yes,High,Yes,1,0,87.4,Kinesthetic,92.7,A
6300,19,Male,8.4,94.3,8,4,No,Low,Yes,2,7,67.6,Kinesthetic,90.9,A
6301,25,Female,7.9,90.2,3,7,Yes,Low,Yes,4,2,67.0,Reading/Writing,81.9,B
6302,19,Male,13.4,81.1,8,2,No,High,No,3,9,60.5,Visual,93.0,A
6303,30,Female,12.0,66.3,1,4,No,High,Yes,1,8,59.0,Auditory,78.7,B
6304,22,Female,6.4,62.3,10,10,No,Low,Yes,1,3,43.1,Reading/Writing,70.2,C
6305,29,Female,13.5,51.4,7,10,No,High,No,2,7,95.4,Kinesthetic,91.5,A
6306,29,Female,8.7,50.1,5,6,Yes,Low,Yes,3,5,47.5,Reading/Writing,72.5,C
6307,24,Male,19.1,80.1,10,4,Yes,High,Yes,5,1,89.2,Reading/Writing,100,A
6308,25,Male,11.5,66.3,4,4,No,High,Yes,4,10,70.4,Auditory,78.0,B
6309,21,Female,10.2,81.5,6,10,Yes,High,No,0,3,61.1,Auditory,75.4,B
6310,20,Female,10.2,68.7,4,9,Yes,Low,No,5,4,69.0,Reading/Writing,82.3,B
6311,23,Male,10.9,56.7,7,5,Yes,Low,Yes,5,9,98.2,Visual,84.4,B
6312,19,Male,14.1,80.9,4,5,Yes,Low,No,0,0,76.2,Reading/Writing,92.0,A
6313,22,Female,13.6,87.1,3,2,Yes,Low,Yes,4,5,84.8,Auditory,92.3,A
6314,22,Male,6.3,67.9,8,5,No,Low,No,5,10,87.9,Auditory,76.5,B
6315,18,Female,5.0,64.5,2,10,Yes,Low,No,1,2,90.8,Visual,60.1,C
6316,19,Female,3.2,82.9,8,6,No,Low,Yes,4,6,62.8,Reading/Writing,78.5,B
6317,29,Male,15.8,87.8,2,10,Yes,High,Yes,2,1,93.6,Kinesthetic,91.8,A
6318,20,Male,7.3,95.6,4,7,Yes,Low,Yes,5,1,71.2,Visual,73.0,C
6319,20,Male,18.5,59.7,2,8,No,High,No,5,3,55.9,Visual,84.6,B
6320,19,Male,10.1,63.5,4,10,Yes,Low,Yes,1,7,54.4,Visual,67.2,C
6321,24,Female,17.6,86.5,1,9,No,Low,Yes,1,3,78.7,Visual,86.7,B
6322,20,Female,15.7,75.1,4,6,Yes,High,Yes,1,0,64.4,Visual,96.9,A
6323,25,Female,10.4,81.0,2,2,Yes,Low,Yes,5,2,77.9,Reading/Writing,76.0,B
6324,19,Male,19.8,86.8,10,5,No,Low,No,2,2,99.5,Auditory,100,A
6325,26,Male,9.9,60.2,4,2,Yes,High,No,3,0,93.0,Visual,87.3,B
6326,24,Female,19.8,70.1,2,1,Yes,High,Yes,1,6,63.8,Visual,98.1,A
6327,19,Female,16.4,53.0,3,5,No,High,No,0,7,53.2,Auditory,77.6,B
6328,28,Male,19.9,61.0,6,5,Yes,High,Yes,3,9,52.4,Kinesthetic,100,A
6329,29,Female,9.1,58.4,3,4,No,High,Yes,0,7,66.9,Kinesthetic,80.0,B
6330,28,Female,13.6,53.4,5,2,No,Low,No,5,9,63.1,Kinesthetic,80.2,B
6331,23,Female,16.4,86.3,2,9,Yes,Low,No,0,2,72.4,Auditory,80.2,B
6332,19,Male,10.3,95.7,7,4,Yes,Low,No,4,2,70.3,Visual,96.3,A
6333,19,Male,6.9,67.8,6,7,No,Low,Yes,3,2,46.3,Auditory,56.7,D
6334,28,Female,8.6,73.0,6,10,Yes,High,No,4,3,83.8,Kinesthetic,81.0,B
6335,29,Male,16.9,82.0,1,10,No,High,Yes,5,5,95.9,Reading/Writing,84.2,B
6336,19,Male,12.3,88.8,3,8,Yes,High,No,0,4,49.7,Auditory,88.6,B
6337,21,Female,8.4,57.9,1,3,No,High,No,2,2,41.5,Kinesthetic,58.6,D
6338,26,Male,2.3,69.8,3,5,Yes,Low,No,0,3,58.0,Auditory,62.6,C
6339,18,Female,5.4,64.1,2,7,No,Low,Yes,4,10,57.9,Auditory,55.4,D
6340,29,Male,9.1,51.0,9,9,No,High,Yes,0,5,85.0,Auditory,84.5,B
6341,22,Female,15.9,76.3,2,4,No,High,No,4,5,84.0,Auditory,90.9,A
6342,24,Female,8.1,50.7,10,5,No,Low,No,0,4,87.0,Kinesthetic,76.2,B
6343,29,Male,18.7,51.8,8,7,Yes,Low,Yes,4,5,94.2,Reading/Writing,98.9,A
6344,30,Female,14.4,58.1,3,6,Yes,High,Yes,1,8,82.6,Kinesthetic,81.3,B
6345,21,Male,4.3,82.4,9,7,Yes,High,Yes,5,6,46.3,Kinesthetic,87.6,B
6346,28,Female,19.0,59.5,9,7,Yes,High,Yes,1,5,90.4,Reading/Writing,98.8,A
6347,30,Female,5.0,65.9,10,7,No,Low,Yes,5,10,61.6,Kinesthetic,66.3,C
6348,18,Female,7.6,95.8,5,2,No,High,Yes,5,7,45.7,Kinesthetic,89.9,B
6349,28,Female,12.9,77.2,7,8,No,Low,Yes,1,8,48.1,Auditory,78.8,B
6350,24,Male,8.4,54.0,9,7,Yes,Low,Yes,4,1,57.1,Reading/Writing,69.3,C
6351,21,Female,18.4,92.2,10,4,Yes,High,No,2,0,49.4,Reading/Writing,100,A
6352,23,Male,14.3,90.9,6,8,No,High,Yes,0,5,73.3,Kinesthetic,84.8,B
6353,26,Male,6.4,64.4,6,4,Yes,High,Yes,3,2,72.5,Reading/Writing,75.7,B
6354,30,Male,6.9,88.4,9,3,No,High,No,2,9,44.7,Auditory,88.2,B
6355,19,Male,9.3,77.0,1,1,Yes,Low,Yes,1,0,75.0,Visual,75.0,B
6356,21,Male,8.3,62.1,10,1,No,Low,No,5,6,72.6,Reading/Writing,81.0,B
6357,21,Male,19.0,78.4,9,4,Yes,High,No,5,1,64.7,Kinesthetic,100,A
6358,26,Male,5.5,76.5,2,1,Yes,Low,Yes,3,5,90.4,Reading/Writing,74.4,C
6359,18,Male,16.3,90.6,10,3,Yes,Low,No,0,1,74.7,Auditory,100,A
6360,20,Female,18.4,89.1,3,2,No,High,No,0,10,98.6,Reading/Writing,98.0,A
6361,28,Female,19.2,92.5,9,1,Yes,High,Yes,3,6,50.8,Reading/Writing,100,A
6362,20,Male,3.7,70.0,5,10,No,High,Yes,0,6,71.3,Auditory,64.5,C
6363,23,Male,13.3,70.8,4,10,No,High,No,2,7,61.5,Auditory,85.4,B
6364,29,Male,3.0,63.2,4,8,Yes,Low,Yes,5,6,93.1,Reading/Writing,63.9,C
6365,21,Female,1.0,92.2,1,10,No,Low,Yes,5,7,63.4,Visual,60.0,C
6366,20,Male,12.2,57.1,8,1,No,High,Yes,5,10,58.3,Auditory,93.3,A
6367,26,Male,6.3,79.7,6,9,No,High,No,3,0,50.0,Reading/Writing,72.8,C
6368,29,Female,9.2,64.4,6,7,No,High,No,2,3,99.8,Reading/Writing,77.1,B
6369,23,Male,10.8,86.3,2,2,Yes,Low,Yes,3,3,69.2,Kinesthetic,85.0,B
6370,27,Male,6.6,78.8,10,4,Yes,High,No,4,1,50.6,Visual,79.1,B
6371,30,Female,16.1,84.6,1,10,Yes,High,No,5,2,61.5,Kinesthetic,93.5,A
6372,21,Male,3.6,94.3,10,5,Yes,Low,Yes,2,4,51.2,Auditory,76.5,B
6373,18,Male,19.1,56.3,7,6,Yes,Low,No,0,4,99.5,Auditory,96.4,A
6374,29,Female,10.2,68.0,9,7,Yes,Low,Yes,2,2,96.8,Visual,92.0,A
6375,23,Female,8.3,89.7,8,5,Yes,Low,Yes,2,0,63.5,Reading/Writing,75.8,B
6376,19,Female,1.8,62.3,4,7,Yes,High,No,5,1,76.7,Kinesthetic,67.7,C
6377,18,Female,17.8,84.9,2,9,No,High,No,4,6,78.4,Reading/Writing,89.2,B
6378,23,Male,1.2,63.2,2,5,No,Low,No,0,3,94.8,Kinesthetic,51.8,D
6379,23,Male,10.7,58.0,7,2,No,High,Yes,2,9,76.4,Auditory,92.5,A
6380,20,Male,5.9,76.5,5,1,Yes,Low,No,5,7,53.4,Kinesthetic,74.4,C
6381,26,Female,2.7,99.8,6,10,Yes,Low,No,2,6,60.2,Auditory,65.5,C
6382,27,Male,19.4,89.2,2,10,Yes,Low,No,0,7,54.1,Visual,96.6,A
6383,27,Male,7.6,77.8,3,8,Yes,High,No,0,2,45.0,Auditory,74.3,C
6384,25,Female,9.8,95.0,9,3,Yes,High,Yes,0,1,49.9,Auditory,100,A
6385,28,Female,4.1,53.3,5,4,Yes,High,No,0,2,77.7,Visual,66.0,C
6386,20,Female,9.7,90.3,3,7,Yes,Low,No,3,10,53.9,Kinesthetic,76.6,B
6387,30,Female,3.1,68.7,5,2,No,High,Yes,3,6,90.0,Kinesthetic,80.5,B
6388,30,Male,6.8,79.3,5,2,Yes,High,Yes,4,9,77.1,Reading/Writing,90.2,A
6389,21,Male,17.4,66.3,7,2,No,Low,Yes,1,1,75.9,Auditory,93.0,A
6390,25,Male,13.7,91.1,6,1,No,Low,Yes,3,2,86.3,Reading/Writing,94.0,A
6391,21,Female,19.8,68.5,4,2,Yes,Low,No,5,9,55.6,Visual,90.2,A
6392,30,Male,13.4,70.9,7,3,Yes,Low,Yes,5,5,70.6,Visual,85.0,B
6393,21,Male,9.6,63.3,2,5,No,Low,Yes,4,6,40.7,Reading/Writing,70.0,C
6394,23,Male,1.3,74.2,5,10,Yes,High,Yes,0,10,50.7,Auditory,65.8,C
6395,29,Male,11.1,83.8,1,3,Yes,High,No,5,0,83.4,Auditory,91.6,A
6396,21,Male,6.9,68.8,4,5,No,High,Yes,1,3,62.4,Visual,63.2,C
6397,18,Male,9.9,85.7,10,9,Yes,High,Yes,0,10,54.3,Kinesthetic,99.3,A
6398,25,Female,14.9,63.6,2,6,No,Low,No,2,10,86.5,Reading/Writing,80.5,B
6399,20,Male,8.6,66.1,3,7,Yes,Low,No,0,2,74.1,Visual,66.9,C
6400,26,Male,17.2,55.2,2,3,Yes,Low,Yes,0,3,96.7,Visual,88.4,B
6401,26,Female,1.2,51.2,8,9,No,Low,No,4,3,79.0,Visual,48.4,F
6402,21,Female,13.4,99.0,10,8,No,Low,Yes,4,2,88.7,Kinesthetic,97.3,A
6403,26,Female,15.2,60.1,10,9,No,High,No,2,10,59.1,Visual,95.9,A
6404,22,Female,8.0,59.6,1,1,Yes,Low,Yes,4,0,96.7,Visual,75.7,B
6405,29,Male,15.6,54.0,5,4,No,Low,No,0,10,83.0,Visual,77.9,B
6406,19,Female,4.8,61.7,8,1,Yes,High,No,1,4,95.6,Kinesthetic,76.6,B
6407,19,Female,15.4,65.4,10,4,Yes,High,Yes,0,2,59.9,Kinesthetic,91.1,A
6408,22,Female,8.7,57.9,5,2,Yes,High,Yes,0,5,86.7,Kinesthetic,85.3,B
6409,23,Male,10.7,74.1,2,10,No,Low,No,1,5,60.2,Auditory,65.5,C
6410,28,Male,18.4,89.0,5,8,Yes,Low,Yes,0,3,84.4,Reading/Writing,99.0,A
6411,22,Male,15.6,67.1,4,3,No,High,No,4,9,85.6,Visual,86.6,B
6412,25,Female,5.5,76.7,3,2,No,High,Yes,3,4,89.7,Kinesthetic,74.4,C
6413,19,Male,16.6,59.6,9,6,No,High,No,2,10,63.3,Reading/Writing,96.4,A
6414,24,Female,12.7,82.8,1,9,No,Low,No,2,3,70.6,Auditory,71.8,C
6415,26,Female,3.7,71.4,6,2,Yes,Low,Yes,4,4,95.7,Reading/Writing,82.9,B
6416,26,Male,3.6,81.1,10,7,No,High,Yes,3,5,77.8,Auditory,74.2,C
6417,24,Male,4.0,89.5,1,3,No,Low,No,5,4,42.3,Kinesthetic,61.8,C
6418,23,Male,11.3,86.4,7,7,Yes,Low,Yes,2,5,51.5,Kinesthetic,91.8,A
6419,26,Male,19.0,86.5,1,1,No,Low,No,0,7,61.6,Reading/Writing,84.1,B
6420,30,Male,18.7,78.7,8,2,Yes,Low,Yes,5,10,73.4,Kinesthetic,100,A
6421,19,Male,5.2,60.0,2,1,Yes,High,No,5,1,79.8,Reading/Writing,78.1,B
6422,26,Male,15.8,52.7,1,5,No,Low,No,3,3,77.9,Kinesthetic,76.1,B
6423,28,Female,13.2,79.2,5,9,No,Low,No,1,7,49.3,Visual,76.3,B
6424,30,Female,2.9,88.0,4,1,No,High,No,1,4,47.8,Kinesthetic,72.9,C
6425,27,Male,3.7,77.6,2,1,No,Low,Yes,2,5,44.3,Auditory,61.2,C
6426,22,Male,3.3,64.4,4,5,No,Low,Yes,4,4,66.1,Kinesthetic,65.1,C
6427,24,Male,14.3,81.3,3,4,Yes,High,No,1,5,67.7,Kinesthetic,87.6,B
6428,23,Female,11.4,64.0,8,5,Yes,High,Yes,2,4,90.1,Auditory,89.6,B
6429,21,Female,9.4,58.5,9,2,No,Low,Yes,4,9,70.2,Kinesthetic,77.4,B
6430,24,Male,7.3,66.0,2,10,No,High,No,2,5,43.0,Auditory,56.6,D
6431,28,Male,18.0,56.6,1,1,Yes,High,Yes,4,2,94.6,Reading/Writing,96.7,A
6432,21,Male,19.1,51.6,7,4,Yes,High,No,3,3,79.4,Reading/Writing,100,A
6433,21,Female,14.3,85.9,3,4,Yes,Low,Yes,0,2,67.1,Reading/Writing,91.8,A
6434,18,Female,14.9,71.7,7,4,No,High,Yes,0,10,84.8,Kinesthetic,98.2,A
6435,18,Female,16.3,86.7,9,4,Yes,High,Yes,0,7,62.2,Auditory,100,A
6436,28,Female,5.3,99.1,9,10,Yes,Low,No,0,7,53.4,Kinesthetic,77.9,B
6437,20,Female,14.2,95.6,4,5,No,Low,Yes,1,5,69.8,Kinesthetic,95.0,A
6438,25,Female,4.8,85.7,2,7,No,Low,No,1,1,61.0,Auditory,55.3,D
6439,19,Male,3.4,92.4,2,1,Yes,High,No,3,0,93.9,Visual,87.0,B
6440,26,Male,8.2,61.1,7,3,No,Low,Yes,3,10,87.9,Auditory,84.6,B
6441,18,Male,11.8,62.2,3,2,Yes,Low,No,5,10,75.4,Visual,87.2,B
6442,18,Male,13.7,69.1,7,10,Yes,High,No,3,7,64.6,Visual,82.0,B
6443,20,Male,1.4,82.6,9,5,Yes,High,No,1,10,42.8,Reading/Writing,79.7,B
6444,30,Female,5.2,81.2,10,6,No,High,Yes,5,8,86.5,Reading/Writing,79.0,B
6445,20,Female,18.4,74.4,6,8,No,High,Yes,2,2,90.1,Auditory,100,A
6446,19,Female,9.9,99.4,7,10,No,High,No,0,7,60.5,Kinesthetic,87.2,B
6447,25,Female,4.2,50.2,2,4,No,Low,No,1,1,51.7,Reading/Writing,54.7,D
6448,24,Male,19.4,55.1,8,1,No,High,Yes,2,2,56.9,Visual,89.3,B
6449,21,Female,14.8,70.0,3,6,Yes,Low,Yes,4,0,61.7,Kinesthetic,82.1,B
6450,29,Female,3.6,73.9,7,8,Yes,Low,Yes,1,1,70.9,Kinesthetic,69.2,C
6451,20,Male,12.4,90.2,2,3,No,Low,Yes,1,1,77.9,Visual,75.7,B
6452,22,Female,20.0,78.2,5,1,Yes,High,Yes,0,7,56.7,Auditory,100,A
6453,30,Female,11.8,94.8,8,4,Yes,Low,No,0,2,78.0,Auditory,98.3,A
6454,30,Male,9.7,72.8,7,10,No,Low,Yes,3,9,64.7,Auditory,72.2,C
6455,27,Male,6.9,75.7,9,9,Yes,High,No,2,8,77.8,Reading/Writing,88.0,B
6456,30,Female,7.8,85.0,4,2,Yes,Low,Yes,3,9,62.2,Kinesthetic,77.3,B
6457,19,Male,5.5,64.4,9,2,No,Low,Yes,5,2,86.3,Kinesthetic,77.4,B
6458,26,Female,10.7,83.9,3,6,No,Low,Yes,5,2,42.2,Visual,71.6,C
6459,26,Male,5.4,95.4,1,2,Yes,High,Yes,4,8,77.3,Kinesthetic,82.4,B
6460,23,Male,4.9,91.0,7,1,Yes,High,Yes,4,1,69.8,Reading/Writing,83.4,B
6461,26,Female,17.1,70.2,3,6,Yes,Low,Yes,1,7,73.9,Visual,96.3,A
6462,18,Female,12.8,57.0,5,8,No,High,Yes,4,4,57.1,Reading/Writing,70.3,C
6463,19,Female,15.2,78.9,9,7,No,Low,Yes,4,0,64.4,Visual,85.2,B
6464,21,Female,2.1,86.3,3,9,Yes,Low,Yes,5,2,49.7,Visual,64.5,C
6465,19,Male,15.1,73.3,6,7,No,Low,No,1,7,99.3,Visual,93.6,A
6466,22,Male,11.0,90.2,4,8,No,Low,No,0,9,64.3,Auditory,85.4,B
6467,21,Male,15.2,54.5,1,8,No,High,No,5,1,92.3,Reading/Writing,72.5,C
6468,21,Male,8.7,82.8,2,10,Yes,High,No,5,8,93.2,Reading/Writing,87.7,B
6469,26,Male,14.9,71.2,8,8,Yes,High,No,5,9,44.3,Reading/Writing,93.7,A
6470,24,Male,12.4,72.1,4,4,Yes,Low,No,2,9,40.0,Kinesthetic,83.3,B
6471,21,Male,17.5,61.6,8,6,Yes,High,No,0,8,94.9,Auditory,96.7,A
6472,28,Male,3.6,59.3,2,10,Yes,High,No,1,10,50.8,Kinesthetic,54.3,D
6473,30,Female,13.3,59.4,3,10,Yes,High,No,3,10,84.1,Visual,83.5,B
6474,19,Male,4.1,74.9,9,6,Yes,High,No,0,3,42.5,Kinesthetic,76.6,B
6475,23,Male,12.6,92.2,8,2,No,Low,Yes,2,5,76.3,Kinesthetic,87.8,B
6476,29,Male,14.8,78.6,5,2,Yes,Low,No,1,2,46.4,Reading/Writing,89.2,B
6477,26,Female,7.6,94.4,1,9,Yes,High,No,1,10,74.6,Reading/Writing,77.6,B
6478,30,Female,16.7,99.5,3,7,No,Low,Yes,1,8,66.8,Visual,91.2,A
6479,27,Female,14.8,66.1,10,10,No,High,Yes,2,5,42.9,Kinesthetic,87.1,B
6480,30,Female,11.3,72.6,6,10,No,High,Yes,3,7,59.8,Reading/Writing,74.6,C
6481,22,Female,14.7,84.6,9,4,Yes,Low,No,4,2,74.8,Visual,94.8,A
6482,22,Female,15.5,51.6,6,6,Yes,High,No,4,7,72.9,Visual,96.6,A
6483,24,Male,8.4,87.9,6,5,Yes,Low,No,2,0,63.6,Visual,79.1,B
6484,29,Female,11.9,64.0,6,5,No,Low,Yes,2,10,71.7,Auditory,73.8,C
6485,22,Female,2.3,97.2,3,2,No,High,No,5,1,81.4,Auditory,74.3,C
6486,30,Female,2.4,94.2,10,3,No,Low,Yes,1,7,60.9,Reading/Writing,75.9,B
6487,26,Female,17.6,54.5,1,3,No,High,Yes,3,8,99.4,Visual,87.9,B
6488,18,Female,12.4,61.8,10,9,No,High,Yes,1,10,74.8,Auditory,82.7,B
6489,27,Female,16.2,85.4,7,10,Yes,Low,No,1,7,47.1,Visual,91.5,A
6490,28,Male,14.3,60.1,9,3,No,High,No,0,10,64.8,Visual,95.4,A
6491,19,Female,17.5,72.5,10,9,Yes,High,Yes,4,0,86.6,Reading/Writing,100,A
6492,30,Male,18.9,63.2,8,3,Yes,High,No,0,5,97.2,Auditory,100,A
6493,21,Female,4.4,94.7,4,8,Yes,Low,Yes,3,8,70.4,Auditory,70.4,C
6494,22,Female,5.6,54.0,3,5,Yes,Low,No,2,4,64.5,Reading/Writing,57.1,D
6495,19,Female,1.2,70.1,5,10,No,High,No,5,7,75.2,Reading/Writing,63.8,C
6496,23,Female,13.5,56.6,4,6,Yes,High,Yes,5,4,60.6,Reading/Writing,89.0,B
6497,20,Female,2.3,89.5,8,5,No,High,No,3,5,91.9,Kinesthetic,87.0,B
6498,18,Female,9.7,78.0,2,7,No,High,No,0,6,92.6,Kinesthetic,84.0,B
6499,29,Female,14.5,69.1,7,7,Yes,High,Yes,4,2,73.1,Kinesthetic,93.0,A
6500,30,Female,18.3,55.1,5,8,Yes,High,No,1,10,81.9,Kinesthetic,99.1,A
6501,24,Male,17.0,82.5,5,3,No,Low,Yes,4,5,88.8,Auditory,91.1,A
6502,19,Male,12.9,74.1,2,7,Yes,High,No,2,0,72.3,Reading/Writing,87.2,B
6503,22,Female,11.1,57.9,10,7,No,High,No,2,8,68.2,Kinesthetic,91.8,A
6504,18,Male,7.6,61.2,10,7,No,High,No,4,9,95.2,Visual,80.1,B
6505,26,Female,19.3,55.8,8,7,No,High,No,1,1,52.2,Visual,96.9,A
6506,25,Female,4.9,95.7,2,10,No,Low,No,3,7,44.0,Auditory,64.7,C
6507,24,Female,1.5,79.5,3,5,No,High,No,3,9,73.1,Auditory,72.6,C
6508,26,Female,14.2,70.9,10,10,No,Low,No,1,9,84.9,Reading/Writing,92.1,A
6509,23,Female,1.2,56.2,5,4,Yes,Low,Yes,1,10,95.7,Reading/Writing,68.4,C
6510,26,Female,6.5,60.5,2,6,Yes,High,Yes,3,2,82.5,Reading/Writing,75.7,B
6511,27,Male,7.4,98.5,1,9,No,High,Yes,5,5,81.6,Reading/Writing,74.4,C
6512,23,Male,11.5,63.6,5,4,Yes,High,Yes,4,3,69.2,Visual,82.9,B
6513,22,Male,9.6,85.9,1,3,No,Low,No,5,3,87.9,Reading/Writing,83.8,B
6514,28,Female,16.7,66.5,4,2,No,Low,No,4,0,76.0,Kinesthetic,89.6,B
6515,21,Male,14.1,58.6,4,10,No,High,No,5,1,56.1,Visual,77.0,B
6516,18,Male,10.5,99.4,7,1,No,High,Yes,4,7,90.1,Reading/Writing,98.0,A
6517,27,Female,10.4,71.2,8,6,Yes,High,No,4,10,98.9,Kinesthetic,97.1,A
6518,21,Male,4.3,65.3,9,4,Yes,High,No,2,10,45.5,Auditory,71.7,C
6519,30,Male,4.3,60.0,6,4,No,Low,No,3,1,50.2,Visual,63.5,C
6520,20,Male,12.6,53.6,5,2,Yes,High,No,1,3,71.5,Reading/Writing,84.0,B
6521,22,Female,5.1,66.5,3,6,Yes,Low,Yes,3,3,92.3,Reading/Writing,75.5,B
6522,22,Male,11.4,75.1,9,2,No,High,No,0,6,63.7,Visual,98.7,A
6523,20,Male,16.0,92.3,9,8,No,High,No,4,0,81.3,Reading/Writing,96.6,A
6524,24,Female,5.2,80.4,5,5,No,High,Yes,0,0,82.0,Reading/Writing,74.5,C
6525,27,Male,9.1,64.5,8,3,No,Low,Yes,1,3,97.3,Kinesthetic,82.0,B
6526,24,Male,17.3,51.5,4,3,No,High,Yes,2,7,91.9,Kinesthetic,84.6,B
6527,24,Male,16.5,69.1,6,6,Yes,Low,No,0,3,96.6,Reading/Writing,85.8,B
6528,28,Female,5.5,68.6,1,6,Yes,High,Yes,4,9,84.0,Reading/Writing,78.1,B
6529,21,Male,8.6,50.6,1,6,Yes,Low,No,3,2,78.8,Reading/Writing,58.5,D
6530,26,Male,3.5,59.0,9,8,Yes,High,Yes,0,10,40.9,Visual,66.4,C
6531,24,Female,7.3,81.5,6,4,No,High,Yes,5,1,47.4,Auditory,75.7,B
6532,29,Male,6.6,54.3,5,4,No,Low,No,0,10,81.8,Auditory,67.7,C
6533,27,Male,13.9,75.3,9,10,No,Low,Yes,0,7,79.6,Visual,87.7,B
6534,25,Female,1.2,82.9,5,4,No,High,No,5,1,91.3,Visual,69.6,C
6535,19,Female,16.7,80.8,9,5,Yes,High,Yes,1,7,55.7,Auditory,97.6,A
6536,28,Female,5.9,70.8,5,5,No,High,No,2,0,90.2,Kinesthetic,80.9,B
6537,22,Male,19.5,62.8,2,9,Yes,High,Yes,2,8,43.6,Auditory,88.5,B
6538,25,Female,16.4,62.4,7,5,Yes,High,No,0,0,62.4,Reading/Writing,92.2,A
6539,26,Female,1.3,53.8,6,5,Yes,Low,Yes,0,10,95.7,Reading/Writing,56.9,D
6540,19,Female,10.1,82.0,5,1,No,Low,No,2,1,92.7,Kinesthetic,78.1,B
6541,26,Male,5.9,79.8,5,5,Yes,Low,No,4,3,98.8,Kinesthetic,73.7,C
6542,21,Female,5.8,70.9,6,2,Yes,Low,No,0,7,57.6,Visual,67.0,C
6543,20,Female,3.7,61.5,2,10,Yes,Low,No,1,10,78.8,Reading/Writing,55.4,D
6544,25,Male,5.0,91.2,1,4,No,Low,Yes,1,9,42.1,Kinesthetic,60.7,C
6545,29,Male,4.6,69.0,8,8,Yes,Low,Yes,0,2,57.9,Kinesthetic,74.7,C
6546,27,Female,15.1,61.4,3,2,Yes,High,No,4,10,51.6,Reading/Writing,84.8,B
6547,26,Female,15.1,70.7,8,7,No,Low,Yes,3,1,46.2,Reading/Writing,89.6,B
6548,30,Female,16.3,78.3,9,8,No,Low,Yes,2,9,56.1,Visual,93.4,A
6549,19,Male,1.4,99.8,5,1,Yes,Low,Yes,5,4,81.1,Kinesthetic,74.0,C
6550,26,Male,4.7,86.7,7,9,Yes,Low,No,2,5,49.4,Reading/Writing,70.5,C
6551,26,Female,7.0,63.0,5,5,Yes,Low,Yes,3,6,83.4,Kinesthetic,76.8,B
6552,26,Male,6.3,99.0,1,3,Yes,High,Yes,1,0,95.4,Reading/Writing,81.2,B
6553,25,Female,9.1,99.0,1,3,Yes,High,Yes,1,10,80.7,Kinesthetic,90.0,A
6554,23,Female,18.4,81.0,10,10,Yes,Low,No,5,6,78.9,Kinesthetic,100,A
6555,22,Male,13.3,72.1,10,7,Yes,High,No,2,2,71.7,Visual,94.6,A
6556,23,Male,18.8,51.1,5,8,Yes,Low,No,0,2,90.5,Reading/Writing,81.3,B
6557,22,Female,12.0,77.7,9,9,Yes,High,No,1,7,64.1,Visual,97.9,A
6558,18,Female,2.9,76.9,1,3,Yes,Low,Yes,2,9,94.0,Auditory,71.0,C
6559,27,Female,2.6,61.1,7,9,Yes,Low,No,1,8,60.2,Auditory,63.6,C
6560,25,Female,11.7,88.4,8,8,No,Low,No,4,4,93.0,Auditory,93.6,A
6561,20,Female,1.7,70.5,1,5,Yes,High,Yes,3,6,95.8,Reading/Writing,62.1,C
6562,28,Female,15.2,81.9,2,8,No,Low,No,0,0,51.1,Reading/Writing,72.6,C
6563,21,Female,3.7,74.4,3,2,Yes,Low,Yes,3,10,49.6,Visual,71.5,C
6564,26,Female,17.5,80.2,2,8,No,Low,No,5,6,46.8,Kinesthetic,83.9,B
6565,20,Female,7.6,82.0,9,10,Yes,High,Yes,5,0,50.5,Visual,85.7,B
6566,28,Male,8.2,93.7,6,5,No,Low,No,0,2,69.2,Reading/Writing,79.7,B
6567,29,Female,17.1,86.6,5,3,No,Low,No,5,0,41.3,Kinesthetic,86.3,B
6568,21,Male,19.7,84.3,6,10,Yes,High,Yes,0,0,71.8,Kinesthetic,100,A
6569,21,Male,17.4,93.0,3,3,No,Low,Yes,0,3,42.8,Kinesthetic,85.7,B
6570,21,Male,3.1,99.0,4,5,Yes,High,No,2,5,76.6,Reading/Writing,85.7,B
6571,30,Male,11.8,71.0,5,9,No,High,Yes,5,5,98.0,Visual,92.4,A
6572,30,Male,9.3,52.7,4,8,No,Low,Yes,5,5,84.4,Reading/Writing,68.9,C
6573,28,Female,2.5,75.1,10,6,Yes,Low,Yes,0,9,77.3,Auditory,71.9,C
6574,23,Male,19.0,91.0,1,4,No,High,No,0,10,58.6,Auditory,100,A
6575,24,Male,8.6,76.3,3,6,No,High,No,1,3,76.5,Reading/Writing,74.4,C
6576,28,Male,19.0,55.4,5,2,Yes,High,Yes,2,4,91.9,Visual,100,A
6577,24,Female,16.8,56.6,6,7,No,Low,Yes,4,5,94.3,Reading/Writing,92.2,A
6578,22,Male,6.8,78.4,7,2,No,Low,No,1,8,43.4,Kinesthetic,77.3,B
6579,29,Female,15.3,57.2,6,2,No,Low,No,2,2,60.3,Kinesthetic,80.9,B
6580,21,Male,7.4,54.3,1,5,Yes,High,No,5,10,62.2,Kinesthetic,73.4,C
6581,28,Male,17.7,75.1,8,2,Yes,Low,Yes,4,2,91.3,Auditory,98.2,A
6582,18,Female,13.7,84.0,3,3,No,Low,Yes,3,4,69.6,Visual,91.6,A
6583,24,Female,8.9,51.0,4,4,Yes,High,No,2,8,86.3,Kinesthetic,80.2,B
6584,29,Female,4.3,57.2,6,4,No,High,No,2,4,80.3,Visual,64.7,C
6585,29,Male,2.0,55.9,3,1,No,Low,No,1,0,88.0,Visual,63.4,C
6586,22,Male,12.7,98.7,8,5,Yes,High,No,0,0,93.5,Auditory,100,A
6587,23,Male,12.2,61.3,6,9,No,Low,Yes,2,10,94.8,Reading/Writing,87.2,B
6588,27,Female,16.8,60.3,2,8,No,High,Yes,2,1,86.2,Visual,90.7,A
6589,21,Female,5.1,83.8,1,2,Yes,Low,Yes,2,7,53.4,Kinesthetic,63.5,C
6590,28,Male,9.0,69.5,3,1,Yes,High,No,4,3,41.9,Auditory,80.2,B
6591,23,Male,17.4,63.2,9,10,Yes,Low,Yes,4,0,50.4,Visual,89.8,B
6592,18,Male,16.4,65.2,9,2,Yes,High,Yes,0,0,81.9,Visual,99.1,A
6593,22,Female,12.5,64.8,9,10,Yes,Low,Yes,0,1,83.6,Auditory,83.9,B
6594,19,Female,13.8,56.4,1,2,Yes,Low,Yes,2,7,70.2,Kinesthetic,77.4,B
6595,24,Female,7.7,73.1,2,4,Yes,Low,No,2,3,59.5,Auditory,71.4,C
6596,18,Male,2.3,65.2,5,4,Yes,High,Yes,0,6,49.9,Reading/Writing,68.4,C
6597,30,Male,7.3,84.2,8,8,No,High,No,1,0,68.9,Kinesthetic,73.3,C
6598,28,Male,6.3,78.3,5,1,No,Low,No,1,4,51.2,Visual,76.1,B
6599,23,Male,11.6,55.7,3,6,No,High,No,0,8,96.9,Visual,73.3,C
6600,30,Male,16.1,50.8,3,6,Yes,High,Yes,3,9,92.4,Auditory,91.2,A
6601,19,Male,8.3,88.5,6,10,No,Low,Yes,3,1,79.4,Kinesthetic,73.6,C
6602,22,Male,6.7,84.3,10,2,Yes,Low,Yes,1,6,96.9,Reading/Writing,88.1,B
6603,28,Male,2.7,65.8,1,7,Yes,High,Yes,5,8,61.8,Kinesthetic,70.0,C
6604,27,Female,9.1,56.5,1,1,No,High,No,3,10,45.9,Reading/Writing,72.7,C
6605,29,Female,16.5,60.3,10,7,Yes,High,Yes,4,9,45.9,Kinesthetic,100,A
6606,29,Male,5.9,84.7,9,3,Yes,High,Yes,2,1,99.4,Auditory,90.5,A
6607,27,Male,10.7,69.8,8,9,No,High,Yes,5,5,51.2,Auditory,82.7,B
6608,19,Male,11.5,96.3,2,1,No,High,Yes,1,9,57.8,Visual,80.8,B
6609,25,Female,11.1,63.3,1,8,Yes,High,No,2,8,53.7,Auditory,72.6,C
6610,29,Male,13.5,99.4,9,4,Yes,High,Yes,4,6,56.7,Reading/Writing,100,A
6611,19,Male,16.7,64.4,1,6,Yes,High,Yes,2,6,84.8,Reading/Writing,83.1,B
6612,22,Male,3.7,57.4,10,1,Yes,High,Yes,3,5,53.7,Auditory,69.7,C
6613,22,Female,4.1,50.2,7,1,No,High,No,0,10,50.4,Reading/Writing,61.0,C
6614,20,Female,18.6,50.2,4,3,No,High,No,0,7,88.8,Kinesthetic,91.7,A
6615,19,Female,18.9,59.4,1,10,Yes,High,Yes,4,0,82.2,Reading/Writing,91.7,A
6616,26,Male,18.5,76.7,9,6,No,High,Yes,2,9,95.0,Reading/Writing,100,A
6617,26,Female,12.3,99.5,4,6,No,Low,Yes,2,3,51.1,Reading/Writing,86.1,B
6618,28,Female,6.4,68.9,3,5,Yes,Low,Yes,3,6,42.5,Reading/Writing,58.4,D
6619,24,Male,16.8,77.1,9,6,No,Low,Yes,1,3,41.3,Auditory,84.5,B
6620,30,Female,6.4,58.1,7,3,Yes,Low,Yes,0,8,51.3,Kinesthetic,72.0,C
6621,19,Male,10.0,62.6,7,2,No,Low,Yes,3,4,56.2,Kinesthetic,80.1,B
6622,27,Male,15.4,86.0,6,8,No,High,Yes,5,10,52.6,Kinesthetic,97.4,A
6623,19,Male,14.7,85.3,1,8,Yes,Low,Yes,1,4,96.6,Visual,85.5,B
6624,18,Male,11.7,91.8,3,7,No,High,No,1,3,77.5,Kinesthetic,89.3,B
6625,26,Female,2.7,55.7,1,9,Yes,High,Yes,1,9,81.4,Auditory,52.4,D
6626,22,Female,12.5,57.2,9,7,No,Low,Yes,2,9,54.6,Visual,81.0,B
6627,21,Female,18.1,80.6,1,4,Yes,Low,No,4,0,48.3,Auditory,82.6,B
6628,25,Female,10.2,89.5,7,7,No,Low,No,5,4,88.9,Kinesthetic,83.9,B
6629,22,Male,16.9,81.4,8,8,No,High,No,0,10,57.4,Kinesthetic,94.1,A
6630,30,Female,6.7,62.1,4,9,No,Low,Yes,5,6,47.7,Auditory,59.9,D
6631,22,Male,6.0,86.6,9,6,No,High,Yes,5,1,73.7,Auditory,80.3,B
6632,30,Male,17.4,54.7,8,7,No,High,Yes,3,10,50.8,Visual,92.8,A
6633,19,Male,13.0,77.3,1,5,No,Low,Yes,2,10,76.0,Auditory,72.5,C
6634,29,Male,5.1,85.9,3,9,Yes,Low,Yes,0,6,43.5,Kinesthetic,60.8,C
6635,22,Male,8.3,69.7,6,6,Yes,High,No,3,0,89.6,Auditory,83.8,B
6636,19,Male,16.6,62.7,4,10,No,High,Yes,2,4,95.7,Kinesthetic,85.8,B
6637,28,Male,16.2,97.5,8,7,Yes,High,No,1,5,66.7,Visual,99.1,A
6638,21,Female,19.3,53.5,7,6,Yes,High,No,0,0,95.1,Kinesthetic,100,A
6639,18,Female,1.7,65.8,9,9,No,High,Yes,4,10,44.5,Reading/Writing,73.4,C
6640,25,Male,1.1,71.6,1,1,No,Low,No,5,10,99.4,Kinesthetic,58.4,D
6641,25,Male,4.3,91.0,2,4,No,High,Yes,2,1,47.4,Reading/Writing,73.4,C
6642,26,Female,13.7,98.9,1,6,Yes,High,No,4,6,77.2,Reading/Writing,93.5,A
6643,25,Female,10.0,70.4,5,8,No,Low,Yes,2,7,60.9,Auditory,65.4,C
6644,22,Female,11.5,82.7,6,5,Yes,Low,Yes,0,6,77.1,Auditory,92.9,A
6645,30,Female,7.4,61.8,1,4,Yes,Low,No,2,8,73.3,Auditory,71.2,C
6646,20,Female,17.2,85.8,9,8,Yes,High,No,1,7,95.9,Auditory,100,A
6647,30,Female,17.6,74.4,2,7,No,High,Yes,2,1,71.3,Kinesthetic,79.8,B
6648,29,Male,15.7,95.8,6,1,Yes,High,No,2,3,47.6,Auditory,99.1,A
6649,23,Male,17.3,91.3,5,4,Yes,High,Yes,1,3,66.4,Kinesthetic,100,A
6650,21,Male,14.3,85.3,8,4,No,Low,No,4,6,78.2,Auditory,90.3,A
6651,24,Female,18.4,95.1,4,8,No,Low,Yes,4,3,69.9,Auditory,99.2,A
6652,20,Male,16.6,55.3,7,4,No,Low,No,4,4,62.3,Reading/Writing,90.2,A
6653,20,Male,2.9,56.3,7,3,Yes,Low,Yes,4,2,43.8,Visual,61.9,C
6654,21,Female,1.2,63.4,6,7,No,High,No,3,10,75.6,Visual,70.9,C
6655,30,Male,3.5,94.1,1,2,Yes,Low,No,4,6,75.0,Kinesthetic,72.3,C
6656,22,Female,12.3,57.5,10,1,Yes,Low,No,1,6,63.0,Visual,91.5,A
6657,26,Female,1.8,77.1,6,10,Yes,High,No,2,0,48.5,Reading/Writing,70.8,C
6658,19,Female,11.2,62.2,5,4,No,Low,No,1,5,58.8,Reading/Writing,77.5,B
6659,21,Male,5.0,92.8,8,8,Yes,Low,Yes,2,8,56.4,Visual,70.5,C
6660,20,Female,12.7,68.7,5,7,No,Low,Yes,5,9,80.0,Reading/Writing,89.1,B
6661,23,Female,7.0,72.4,3,1,No,Low,Yes,2,1,74.9,Visual,64.7,C
6662,23,Male,4.0,83.0,4,1,No,High,Yes,2,2,62.4,Visual,73.3,C
6663,29,Male,14.9,66.2,6,1,No,High,Yes,2,8,74.6,Reading/Writing,90.2,A
6664,21,Female,9.6,64.8,9,4,No,High,Yes,5,7,96.7,Reading/Writing,84.0,B
6665,20,Male,2.4,50.7,6,8,Yes,High,No,2,6,88.5,Visual,66.0,C
6666,26,Female,8.0,88.6,2,6,No,High,No,3,10,76.3,Kinesthetic,73.6,C
6667,19,Male,2.2,83.5,6,9,Yes,Low,No,4,1,95.6,Kinesthetic,67.8,C
6668,20,Male,10.8,76.3,2,3,No,High,Yes,2,2,46.6,Visual,70.3,C
6669,18,Male,15.1,52.7,10,6,No,Low,No,2,5,97.1,Auditory,81.8,B
6670,20,Female,12.5,82.8,1,7,No,High,No,5,4,98.9,Kinesthetic,93.7,A
6671,25,Male,13.6,85.7,8,10,Yes,Low,Yes,0,10,78.7,Auditory,93.4,A
6672,23,Male,15.6,72.2,8,8,Yes,High,No,4,2,41.9,Kinesthetic,95.6,A
6673,21,Male,14.3,52.9,10,6,No,High,No,3,5,92.3,Kinesthetic,91.8,A
6674,20,Female,6.9,98.3,4,6,Yes,High,No,0,8,95.5,Kinesthetic,81.6,B
6675,28,Male,4.7,59.0,3,6,No,High,Yes,2,0,69.0,Auditory,55.2,D
6676,24,Female,18.0,53.0,9,4,No,High,Yes,3,2,46.2,Reading/Writing,86.5,B
6677,21,Male,19.8,61.9,10,9,No,Low,Yes,3,4,66.2,Visual,86.8,B
6678,23,Female,18.2,98.8,7,4,Yes,High,Yes,0,5,86.5,Auditory,100,A
6679,21,Female,10.4,59.2,2,10,No,High,Yes,3,3,70.9,Visual,68.2,C
6680,29,Male,7.9,74.9,4,2,No,High,No,3,10,55.1,Reading/Writing,74.0,C
6681,20,Male,7.5,60.2,8,4,Yes,Low,Yes,0,9,51.0,Auditory,68.4,C
6682,30,Male,2.4,79.0,4,9,No,High,No,1,4,68.5,Auditory,68.1,C
6683,22,Male,4.7,62.0,2,4,No,Low,Yes,1,7,78.3,Auditory,60.0,C
6684,24,Female,8.1,72.3,5,7,No,High,Yes,4,2,70.7,Kinesthetic,68.6,C
6685,23,Female,18.1,67.3,4,1,No,Low,No,5,10,76.2,Kinesthetic,98.4,A
6686,26,Male,17.3,99.3,8,4,Yes,Low,Yes,0,9,68.6,Visual,99.7,A
6687,21,Male,18.5,91.0,5,9,Yes,High,No,3,2,63.3,Kinesthetic,98.9,A
6688,21,Male,16.6,69.2,6,3,No,High,Yes,2,10,89.1,Reading/Writing,100,A
6689,19,Male,19.7,50.9,2,10,Yes,High,Yes,3,5,49.7,Auditory,80.9,B
6690,24,Female,19.6,69.5,10,2,No,Low,Yes,3,4,80.2,Reading/Writing,100,A
6691,30,Male,17.6,95.1,9,1,No,Low,No,5,8,55.8,Reading/Writing,100,A
6692,28,Male,4.9,95.9,7,8,Yes,Low,Yes,1,4,50.3,Visual,76.9,B
6693,19,Male,2.6,91.6,9,10,No,High,No,0,0,41.8,Visual,69.6,C
6694,26,Male,1.2,56.2,6,5,No,High,Yes,5,8,57.5,Kinesthetic,69.3,C
6695,26,Male,3.9,88.1,4,10,Yes,High,Yes,2,6,51.2,Kinesthetic,77.5,B
6696,20,Female,19.5,74.5,5,10,No,Low,No,0,9,56.1,Kinesthetic,90.2,A
6697,26,Female,4.9,55.8,4,7,Yes,High,No,2,5,81.2,Kinesthetic,68.9,C
6698,29,Male,12.7,56.9,7,3,Yes,Low,No,3,3,50.3,Kinesthetic,74.2,C
6699,23,Male,3.1,99.8,10,7,Yes,High,No,5,8,59.2,Auditory,93.9,A
6700,28,Female,18.4,72.5,9,10,Yes,Low,Yes,3,4,47.9,Kinesthetic,86.6,B
6701,25,Male,4.0,56.6,8,3,Yes,Low,No,3,8,62.0,Visual,74.6,C
6702,29,Male,19.3,80.9,6,5,Yes,High,No,1,7,75.5,Kinesthetic,100,A
6703,22,Male,18.3,88.9,10,7,Yes,Low,No,5,3,44.0,Kinesthetic,96.0,A
6704,28,Male,8.9,94.1,9,7,No,High,No,2,4,58.3,Reading/Writing,85.6,B
6705,24,Male,16.2,78.3,3,8,Yes,Low,No,1,4,93.9,Visual,84.7,B
6706,26,Male,12.3,84.4,3,1,No,Low,Yes,0,2,45.8,Reading/Writing,75.5,B
6707,20,Male,14.8,62.6,10,3,Yes,High,Yes,4,0,99.2,Reading/Writing,100,A
6708,20,Male,8.7,62.0,7,1,No,High,No,0,2,78.0,Reading/Writing,82.3,B
6709,20,Male,1.0,59.2,7,9,Yes,High,No,2,0,55.8,Auditory,53.3,D
6710,19,Female,7.2,85.2,1,1,Yes,High,Yes,3,2,65.5,Auditory,83.4,B
6711,20,Female,18.6,56.0,6,9,No,Low,Yes,1,1,63.6,Auditory,87.9,B
6712,19,Male,9.5,62.4,10,2,No,Low,Yes,1,8,97.5,Reading/Writing,85.7,B
6713,21,Male,12.8,92.4,8,1,No,High,No,1,9,76.7,Kinesthetic,100,A
6714,18,Male,16.4,59.4,10,2,Yes,Low,Yes,1,4,66.3,Auditory,93.0,A
6715,22,Female,11.7,79.1,1,7,No,High,Yes,2,3,79.3,Auditory,84.3,B
6716,20,Male,12.3,61.5,2,10,Yes,Low,Yes,1,7,61.8,Visual,65.8,C
6717,28,Female,10.8,54.0,4,9,Yes,Low,Yes,1,2,62.6,Visual,71.9,C
6718,21,Male,12.3,60.3,2,1,Yes,High,No,0,7,66.3,Kinesthetic,76.2,B
6719,20,Male,10.2,86.5,3,8,Yes,Low,Yes,0,2,74.3,Visual,80.6,B
6720,24,Male,5.9,60.4,10,8,Yes,High,Yes,0,3,75.0,Auditory,79.4,B
6721,26,Male,18.7,53.6,2,7,No,High,No,2,6,80.4,Reading/Writing,84.4,B
6722,18,Female,8.6,57.2,7,4,No,Low,No,1,9,41.0,Auditory,66.7,C
6723,22,Female,6.7,84.7,10,8,Yes,High,Yes,1,6,84.0,Visual,82.6,B
6724,20,Male,10.6,100.0,1,3,Yes,High,No,1,2,99.8,Kinesthetic,99.9,A
6725,19,Male,15.1,69.5,6,5,No,Low,Yes,3,9,46.0,Auditory,87.8,B
6726,21,Female,4.4,94.6,9,1,Yes,Low,No,1,7,60.9,Reading/Writing,89.1,B
6727,20,Female,16.4,92.0,5,5,No,Low,Yes,4,4,74.0,Visual,98.2,A
6728,24,Male,7.2,59.1,4,4,No,Low,Yes,3,1,69.7,Reading/Writing,63.3,C
6729,19,Male,3.5,78.6,8,1,No,Low,Yes,1,8,44.0,Reading/Writing,76.4,B
6730,25,Male,11.3,92.4,7,7,No,Low,No,3,3,57.0,Visual,82.8,B
6731,26,Male,4.2,82.2,9,8,No,Low,Yes,4,9,42.8,Kinesthetic,72.7,C
6732,18,Male,16.6,52.9,4,8,No,Low,No,1,2,96.0,Visual,72.6,C
6733,22,Female,15.3,62.1,4,3,Yes,High,No,3,4,41.8,Reading/Writing,90.6,A
6734,28,Male,18.7,93.8,2,5,Yes,High,No,1,6,74.7,Visual,100,A
6735,26,Female,7.4,67.5,8,1,No,Low,Yes,1,4,88.4,Visual,86.6,B
6736,20,Female,19.8,55.0,2,1,No,Low,Yes,5,3,96.0,Kinesthetic,90.9,A
6737,29,Female,1.1,73.4,4,9,No,Low,Yes,4,2,72.6,Kinesthetic,49.2,F
6738,19,Male,8.9,70.0,4,4,No,Low,No,5,1,85.8,Visual,67.4,C
6739,21,Male,18.4,97.5,1,1,No,Low,No,5,2,79.2,Kinesthetic,100,A
6740,24,Male,11.7,59.0,10,4,Yes,High,Yes,3,10,45.9,Visual,97.5,A
6741,30,Male,2.4,80.7,10,7,Yes,High,No,1,3,95.6,Reading/Writing,76.4,B
6742,30,Male,11.0,67.7,4,1,Yes,High,No,2,4,76.2,Visual,82.3,B
6743,19,Female,11.9,60.6,3,1,No,High,Yes,1,0,62.1,Visual,73.7,C
6744,20,Female,10.0,64.0,4,6,Yes,High,No,3,9,71.4,Visual,79.7,B
6745,26,Male,9.4,83.8,9,2,Yes,High,Yes,0,0,89.6,Reading/Writing,100,A
6746,19,Male,2.3,98.9,1,8,Yes,Low,Yes,3,10,89.0,Kinesthetic,75.2,B
6747,21,Female,5.8,82.1,1,5,No,Low,No,4,6,67.0,Reading/Writing,64.9,C
6748,23,Male,14.0,71.3,3,8,Yes,Low,Yes,4,5,47.2,Reading/Writing,78.5,B
6749,26,Female,14.5,98.6,5,1,No,High,Yes,2,5,51.6,Kinesthetic,95.9,A
6750,22,Male,13.2,54.1,1,4,No,High,Yes,0,3,98.9,Reading/Writing,84.7,B
6751,26,Male,2.2,78.2,4,10,Yes,High,Yes,0,2,47.7,Reading/Writing,60.7,C
6752,23,Female,13.1,93.0,1,10,No,Low,No,0,0,89.5,Auditory,78.8,B
6753,21,Male,15.2,76.9,6,7,No,High,No,0,3,76.8,Kinesthetic,95.3,A
6754,30,Male,7.2,57.5,2,7,No,High,Yes,2,9,54.0,Kinesthetic,62.0,C
6755,29,Male,16.4,60.6,4,9,No,Low,No,4,8,80.6,Kinesthetic,87.7,B
6756,26,Female,10.2,60.4,5,7,No,High,Yes,3,0,90.6,Kinesthetic,76.5,B
6757,27,Female,5.4,70.4,5,8,No,High,No,4,2,87.4,Auditory,64.1,C
6758,23,Female,17.1,85.1,3,10,Yes,Low,No,1,1,98.5,Auditory,96.9,A
6759,22,Female,2.2,73.6,6,5,No,Low,No,5,4,44.3,Reading/Writing,54.6,D
6760,18,Female,10.3,55.8,5,8,Yes,Low,Yes,0,7,67.8,Kinesthetic,71.8,C
6761,21,Male,11.3,89.1,7,7,No,High,Yes,5,2,81.2,Reading/Writing,86.8,B
6762,22,Female,5.2,73.7,1,3,Yes,Low,Yes,1,2,87.5,Reading/Writing,74.5,C
6763,29,Male,17.1,75.2,3,1,No,Low,No,0,10,86.5,Auditory,93.3,A
6764,26,Male,12.1,59.5,7,2,No,Low,Yes,0,7,54.3,Reading/Writing,74.3,C
6765,22,Male,8.7,75.7,5,2,No,Low,No,2,6,90.6,Auditory,74.1,C
6766,24,Female,2.8,92.7,8,6,Yes,High,No,3,0,47.2,Visual,80.4,B
6767,20,Female,12.8,67.1,7,5,No,High,Yes,4,0,94.7,Auditory,83.8,B
6768,18,Male,14.7,50.7,9,9,Yes,Low,No,2,7,81.3,Reading/Writing,88.9,B
6769,27,Male,14.0,87.9,9,1,No,Low,Yes,2,10,67.1,Reading/Writing,99.7,A
6770,29,Female,13.3,83.4,2,6,No,High,No,1,3,52.4,Reading/Writing,77.5,B
6771,21,Male,7.6,56.9,6,5,No,High,No,4,8,92.1,Auditory,84.1,B
6772,26,Female,4.7,91.9,7,10,Yes,High,Yes,0,5,87.3,Visual,75.7,B
6773,24,Male,3.1,87.9,1,4,No,High,Yes,4,1,75.3,Visual,62.3,C
6774,22,Female,3.8,54.9,9,5,Yes,Low,Yes,2,3,73.3,Visual,68.8,C
6775,18,Female,6.6,83.5,9,7,Yes,Low,No,0,3,50.1,Visual,75.4,B
6776,23,Male,15.6,57.7,8,9,Yes,High,No,0,9,80.9,Kinesthetic,98.4,A
6777,25,Female,19.6,85.9,2,3,No,Low,No,5,7,70.0,Visual,95.6,A
6778,24,Male,1.6,90.0,10,9,Yes,Low,No,4,1,55.9,Visual,75.0,B
6779,21,Female,10.6,96.7,8,4,No,High,No,5,6,97.2,Auditory,95.9,A
6780,23,Female,12.7,87.8,8,5,No,High,Yes,4,0,84.6,Auditory,90.2,A
6781,18,Female,6.7,71.4,7,7,No,High,No,5,7,89.0,Visual,86.6,B
6782,23,Male,6.4,93.4,9,2,No,High,No,4,9,53.0,Auditory,92.3,A
6783,27,Female,13.4,86.3,3,7,No,Low,Yes,5,1,85.9,Kinesthetic,76.6,B
6784,19,Female,6.6,61.8,5,5,Yes,High,Yes,0,7,48.7,Auditory,78.1,B
6785,30,Female,7.6,86.3,4,10,Yes,High,Yes,4,2,47.6,Auditory,73.1,C
6786,21,Female,4.5,99.4,7,8,Yes,High,Yes,1,0,43.2,Visual,77.5,B
6787,24,Female,1.2,79.9,6,6,No,High,No,0,10,99.7,Kinesthetic,68.0,C
6788,26,Male,13.1,92.3,6,9,No,Low,Yes,5,2,45.9,Kinesthetic,83.4,B
6789,30,Male,2.9,68.0,5,1,No,High,No,3,6,85.3,Auditory,69.6,C
6790,23,Female,8.7,63.6,7,6,No,High,Yes,1,2,89.3,Reading/Writing,76.4,B
6791,27,Male,2.9,91.5,1,6,Yes,High,Yes,3,0,81.2,Auditory,75.9,B
6792,19,Female,11.1,50.3,9,5,No,High,No,4,1,41.4,Reading/Writing,69.2,C
6793,20,Female,9.0,67.2,4,1,Yes,Low,Yes,5,8,92.9,Kinesthetic,83.2,B
6794,26,Male,11.3,91.3,8,10,Yes,High,No,1,10,97.8,Auditory,95.5,A
6795,25,Female,9.4,61.9,6,2,Yes,Low,No,3,1,42.7,Reading/Writing,76.6,B
6796,27,Male,4.5,73.2,9,8,No,Low,Yes,3,4,67.1,Kinesthetic,73.8,C
6797,28,Female,9.0,64.3,2,4,No,High,No,0,1,86.2,Kinesthetic,73.8,C
6798,22,Male,19.6,58.2,5,2,No,Low,No,3,6,96.4,Kinesthetic,95.9,A
6799,19,Female,4.0,95.6,8,9,Yes,High,No,5,3,43.7,Reading/Writing,72.8,C
6800,25,Female,12.1,89.7,3,9,Yes,High,Yes,2,4,55.6,Kinesthetic,80.0,B
6801,26,Female,9.0,52.3,8,1,Yes,Low,No,2,0,41.6,Visual,72.5,C
6802,23,Female,5.4,89.6,4,10,Yes,Low,No,1,10,64.6,Reading/Writing,77.3,B
6803,26,Female,17.0,79.2,3,6,Yes,High,No,3,7,55.6,Auditory,87.0,B
6804,29,Female,17.2,87.4,9,6,Yes,High,Yes,3,6,51.0,Auditory,100,A
6805,18,Male,18.1,98.8,6,4,No,Low,No,2,1,83.9,Reading/Writing,100,A
6806,27,Male,18.8,53.3,10,9,No,Low,Yes,1,0,40.3,Visual,87.3,B
6807,23,Female,17.4,56.2,10,6,Yes,High,No,3,4,80.9,Reading/Writing,97.0,A
6808,25,Male,11.3,51.4,1,4,Yes,High,Yes,5,1,80.3,Auditory,78.1,B
6809,30,Female,4.3,99.9,10,9,Yes,Low,No,5,0,46.5,Reading/Writing,76.3,B
6810,27,Male,3.2,66.8,3,1,Yes,Low,Yes,1,9,49.2,Kinesthetic,65.0,C
6811,23,Male,19.5,87.4,5,4,No,High,No,4,1,52.4,Reading/Writing,100,A
6812,24,Male,6.7,55.0,10,8,No,Low,No,2,8,63.9,Auditory,64.4,C
6813,23,Male,2.4,63.7,1,8,No,High,Yes,0,10,80.6,Kinesthetic,54.0,D
6814,29,Male,15.0,58.4,5,4,Yes,High,Yes,5,6,50.8,Reading/Writing,85.3,B
6815,19,Female,10.5,86.1,10,7,No,High,Yes,5,10,66.2,Reading/Writing,98.3,A
6816,26,Male,6.8,51.0,7,4,No,High,Yes,1,5,86.4,Visual,77.5,B
6817,30,Male,18.8,79.6,8,1,Yes,High,No,2,8,89.7,Reading/Writing,100,A
6818,30,Female,10.9,68.1,3,4,Yes,Low,No,0,9,60.4,Auditory,69.2,C
6819,19,Female,11.8,76.9,9,8,Yes,Low,No,2,4,78.1,Reading/Writing,86.3,B
6820,26,Male,2.3,91.3,1,1,Yes,Low,No,4,9,46.6,Visual,73.0,C
6821,18,Female,8.7,59.9,10,2,Yes,Low,No,1,1,67.0,Auditory,83.8,B
6822,18,Female,2.2,86.6,8,1,No,High,Yes,1,7,77.4,Kinesthetic,79.2,B
6823,21,Male,19.8,61.2,7,4,No,High,Yes,2,8,45.3,Visual,100,A
6824,24,Female,19.5,55.7,5,3,No,Low,No,1,4,88.0,Kinesthetic,85.7,B
6825,20,Male,12.5,99.2,6,4,No,Low,Yes,4,2,96.0,Kinesthetic,90.0,A
6826,27,Male,16.6,55.3,9,4,Yes,High,No,2,9,84.9,Auditory,100,A
6827,20,Female,13.7,71.1,9,9,Yes,High,Yes,4,8,91.4,Reading/Writing,92.9,A
6828,18,Male,8.9,86.6,7,10,No,High,Yes,4,3,47.3,Visual,83.4,B
6829,26,Female,4.7,87.6,8,6,Yes,Low,No,4,0,73.2,Kinesthetic,74.0,C
6830,22,Male,18.1,74.6,10,5,Yes,High,No,4,9,52.3,Kinesthetic,100,A
6831,23,Male,3.9,66.8,9,2,Yes,High,Yes,3,4,70.0,Kinesthetic,84.3,B
6832,18,Female,6.2,56.7,7,6,Yes,Low,Yes,3,8,91.4,Kinesthetic,73.9,C
6833,29,Male,17.9,71.4,6,6,Yes,High,No,1,0,41.5,Kinesthetic,86.1,B
6834,30,Male,18.0,88.6,3,2,Yes,High,Yes,1,1,64.8,Reading/Writing,97.6,A
6835,26,Female,11.0,80.4,6,1,No,High,Yes,1,6,82.9,Visual,83.8,B
6836,21,Male,14.8,75.5,5,3,Yes,Low,Yes,3,4,86.7,Kinesthetic,100,A
6837,23,Female,14.7,72.0,2,1,No,High,Yes,0,2,56.5,Visual,89.2,B
6838,30,Male,10.9,73.6,2,3,No,Low,Yes,4,2,48.9,Auditory,65.7,C
6839,30,Female,12.7,62.6,5,4,Yes,High,Yes,1,9,70.6,Reading/Writing,86.4,B
6840,23,Male,7.6,80.8,3,1,Yes,Low,No,0,6,80.3,Auditory,79.8,B
6841,30,Male,15.7,64.1,4,4,No,Low,No,5,2,48.9,Auditory,77.7,B
6842,22,Female,13.1,58.4,6,8,No,Low,Yes,2,2,78.1,Kinesthetic,82.7,B
6843,18,Female,5.0,62.0,4,3,No,High,Yes,1,0,43.0,Kinesthetic,60.9,C
6844,27,Female,2.6,77.1,7,10,Yes,High,Yes,5,0,57.9,Kinesthetic,76.9,B
6845,29,Male,5.1,60.3,8,2,No,High,No,5,8,43.8,Auditory,73.4,C
6846,19,Female,14.5,84.3,8,10,Yes,Low,No,3,2,84.1,Kinesthetic,90.0,A
6847,25,Female,17.9,69.4,10,10,Yes,High,Yes,5,3,96.3,Kinesthetic,98.8,A
6848,26,Male,3.2,84.2,2,8,Yes,High,Yes,3,3,62.6,Reading/Writing,74.5,C
6849,23,Female,14.4,63.4,7,8,Yes,High,No,1,1,69.6,Kinesthetic,84.3,B
6850,25,Male,10.5,59.7,3,8,Yes,Low,Yes,3,4,40.4,Reading/Writing,74.5,C
6851,20,Female,14.4,70.4,5,8,Yes,Low,Yes,4,4,77.8,Visual,93.6,A
6852,22,Female,18.4,54.3,9,1,Yes,Low,No,2,3,74.8,Auditory,100,A
6853,28,Male,19.0,68.9,1,3,No,Low,No,2,2,69.1,Auditory,77.9,B
6854,24,Female,16.1,88.2,6,6,Yes,High,Yes,2,1,54.8,Kinesthetic,100,A
6855,29,Female,4.3,94.8,1,2,Yes,High,Yes,3,0,97.1,Visual,82.0,B
6856,28,Female,5.9,99.9,5,3,Yes,Low,Yes,3,8,96.1,Reading/Writing,86.2,B
6857,18,Male,1.6,81.5,4,7,Yes,High,No,4,8,67.2,Kinesthetic,74.2,C
6858,29,Female,12.3,68.6,10,9,Yes,High,Yes,0,1,84.2,Kinesthetic,90.0,A
6859,20,Female,3.3,92.4,9,10,Yes,High,Yes,5,1,58.0,Auditory,74.4,C
6860,18,Male,15.7,92.2,9,5,Yes,High,Yes,0,6,47.7,Visual,100,A
6861,18,Female,11.1,80.6,8,4,Yes,High,Yes,0,9,75.4,Reading/Writing,90.6,A
6862,23,Female,4.8,78.4,1,6,Yes,High,No,2,3,88.3,Kinesthetic,75.5,B
6863,28,Female,4.7,83.9,7,8,Yes,Low,No,1,2,57.3,Visual,72.5,C
6864,18,Male,9.6,89.7,9,5,No,Low,No,0,0,93.6,Reading/Writing,85.5,B
6865,30,Female,6.7,61.6,3,5,Yes,High,Yes,1,3,72.7,Kinesthetic,71.2,C
6866,29,Female,4.6,50.6,9,1,Yes,High,Yes,3,4,44.6,Kinesthetic,68.4,C
6867,24,Female,15.6,68.5,5,7,No,High,No,4,6,81.7,Visual,92.0,A
6868,23,Female,3.1,68.2,7,3,No,High,Yes,4,5,98.6,Kinesthetic,75.4,B
6869,18,Male,6.9,59.7,7,3,No,Low,No,5,1,98.7,Kinesthetic,67.8,C
6870,19,Female,8.9,87.7,4,4,No,Low,Yes,4,2,67.4,Kinesthetic,71.9,C
6871,28,Female,17.3,66.4,8,3,No,High,No,4,0,69.6,Reading/Writing,100,A
6872,29,Female,1.7,58.5,1,8,No,Low,Yes,3,2,82.6,Reading/Writing,55.9,D
6873,27,Male,18.5,91.8,2,2,Yes,High,Yes,3,6,93.1,Auditory,100,A
6874,28,Female,4.8,87.9,9,8,No,Low,Yes,0,2,65.6,Reading/Writing,70.7,C
6875,19,Male,2.9,83.1,9,9,Yes,Low,No,1,8,48.8,Visual,63.8,C
6876,27,Male,10.8,62.2,9,8,No,Low,Yes,4,9,61.0,Visual,79.5,B
6877,28,Male,18.7,71.1,5,9,No,Low,Yes,4,6,57.5,Auditory,92.6,A
6878,30,Female,14.8,98.0,8,10,No,High,No,1,7,87.5,Auditory,100,A
6879,19,Female,12.0,88.3,7,5,Yes,High,No,4,3,69.8,Visual,91.7,A
6880,28,Male,1.0,88.2,5,2,No,High,Yes,2,1,57.5,Auditory,74.7,C
6881,28,Female,10.6,86.7,7,8,No,High,No,4,2,62.0,Reading/Writing,92.8,A
6882,30,Female,14.4,69.3,5,7,Yes,High,Yes,0,9,74.3,Visual,93.6,A
6883,24,Male,18.8,64.7,5,7,No,Low,Yes,3,4,64.4,Auditory,90.3,A
6884,20,Female,9.8,78.9,3,3,Yes,High,No,0,0,70.3,Visual,84.6,B
6885,18,Male,6.8,62.2,10,1,Yes,High,No,0,8,52.2,Reading/Writing,78.9,B
6886,23,Female,7.4,68.6,3,9,Yes,Low,Yes,5,9,71.4,Visual,74.1,C
6887,25,Female,14.5,79.3,9,10,No,Low,Yes,1,2,44.0,Auditory,89.6,B
6888,19,Female,10.9,76.9,2,8,No,Low,No,1,9,95.6,Visual,83.8,B
6889,21,Male,11.1,70.7,8,7,Yes,Low,Yes,1,5,60.0,Kinesthetic,87.7,B
6890,26,Male,3.9,60.5,4,5,Yes,Low,No,1,1,67.1,Kinesthetic,61.9,C
6891,24,Male,16.3,74.0,3,8,No,Low,Yes,0,8,75.5,Auditory,80.7,B
6892,27,Male,19.5,83.2,7,7,Yes,High,No,2,0,90.9,Kinesthetic,100,A
6893,30,Female,5.6,100.0,4,5,Yes,Low,Yes,1,3,71.1,Auditory,77.9,B
6894,21,Male,11.5,61.2,7,5,No,Low,Yes,3,0,81.2,Auditory,82.8,B
6895,26,Male,14.2,56.6,7,5,No,High,No,4,5,72.4,Auditory,82.3,B
6896,21,Male,17.7,90.6,4,7,No,Low,No,5,4,74.6,Kinesthetic,91.1,A
6897,20,Female,15.7,67.6,2,4,No,High,Yes,2,4,45.9,Visual,87.5,B
6898,26,Male,9.1,55.1,6,5,Yes,High,No,3,10,81.3,Kinesthetic,83.7,B
6899,19,Female,2.8,55.2,1,5,Yes,Low,No,3,10,96.6,Reading/Writing,68.9,C
6900,28,Male,16.0,63.6,10,7,Yes,Low,No,2,8,77.4,Kinesthetic,99.7,A
6901,30,Male,16.6,94.6,5,4,No,High,No,1,3,67.0,Visual,100,A
6902,30,Female,15.6,81.9,4,9,No,Low,No,1,8,56.7,Reading/Writing,79.7,B
6903,19,Female,4.9,92.5,5,6,Yes,High,Yes,5,8,75.2,Reading/Writing,89.7,B
6904,24,Male,18.1,99.3,2,6,Yes,High,Yes,0,3,99.1,Reading/Writing,100,A
6905,25,Male,19.1,88.2,10,8,No,High,No,2,8,54.8,Auditory,100,A
6906,28,Male,3.1,76.4,6,7,No,High,No,4,2,84.1,Auditory,64.3,C
6907,26,Female,2.9,61.3,2,3,No,Low,No,3,8,40.2,Visual,50.1,D
6908,27,Female,15.8,70.1,7,6,No,High,No,1,1,72.9,Kinesthetic,92.7,A
6909,21,Female,6.5,58.9,4,7,Yes,Low,No,0,8,53.8,Reading/Writing,63.6,C
6910,29,Male,3.4,67.7,2,6,No,Low,No,1,10,45.4,Kinesthetic,50.0,D
6911,21,Male,9.5,88.2,1,1,No,Low,Yes,2,8,95.7,Kinesthetic,79.1,B
6912,19,Male,11.1,77.8,4,3,Yes,Low,Yes,1,8,58.7,Reading/Writing,83.2,B
6913,28,Male,7.1,91.6,9,2,No,Low,No,1,7,62.2,Visual,82.4,B
6914,23,Female,9.1,83.1,2,10,Yes,Low,No,1,9,71.3,Kinesthetic,72.5,C
6915,22,Female,18.9,86.0,7,10,Yes,Low,Yes,3,7,99.3,Reading/Writing,100,A
6916,24,Female,13.4,85.3,3,4,No,Low,No,2,10,85.1,Auditory,89.8,B
6917,30,Male,19.8,59.7,2,6,Yes,Low,No,2,10,76.7,Auditory,83.5,B
6918,23,Male,10.6,57.5,2,3,No,High,No,4,2,88.5,Auditory,70.1,C
6919,29,Female,17.2,53.2,10,7,No,Low,Yes,4,8,44.0,Auditory,79.6,B
6920,20,Female,14.7,89.0,7,4,No,High,No,5,7,49.4,Kinesthetic,96.5,A
6921,30,Female,5.8,65.6,3,7,Yes,High,No,3,2,88.3,Reading/Writing,80.4,B
6922,20,Male,4.0,86.4,8,8,Yes,High,Yes,4,5,77.5,Visual,89.1,B
6923,29,Male,5.6,61.3,8,9,No,Low,Yes,2,7,56.1,Visual,56.6,D
6924,27,Male,9.8,62.4,9,5,Yes,High,No,2,9,73.0,Auditory,85.3,B
6925,21,Female,1.4,61.3,6,5,No,Low,Yes,3,3,42.2,Reading/Writing,46.2,F
6926,21,Male,19.7,98.0,10,9,Yes,High,Yes,4,2,65.3,Reading/Writing,100,A
6927,22,Male,1.9,86.5,10,3,No,Low,No,5,2,55.3,Auditory,71.8,C
6928,22,Male,18.3,76.0,9,6,No,Low,No,1,10,75.2,Reading/Writing,96.8,A
6929,18,Female,1.5,59.6,4,1,Yes,Low,Yes,4,8,50.1,Auditory,65.9,C
6930,23,Female,2.4,80.6,5,5,No,High,Yes,0,3,82.8,Auditory,68.8,C
6931,20,Female,8.8,79.1,7,1,Yes,High,No,0,9,96.3,Reading/Writing,91.3,A
6932,26,Male,13.7,87.1,10,1,Yes,High,Yes,3,4,59.8,Auditory,100,A
6933,27,Male,15.2,76.8,2,1,No,Low,Yes,4,9,80.9,Auditory,91.7,A
6934,25,Male,4.8,71.2,9,2,Yes,High,No,3,7,97.2,Auditory,95.8,A
6935,22,Male,7.2,79.2,2,3,No,Low,No,0,0,92.5,Kinesthetic,70.4,C
6936,24,Female,16.2,72.1,1,1,Yes,High,No,1,1,87.5,Reading/Writing,98.3,A
6937,21,Male,16.3,94.4,3,4,Yes,Low,Yes,2,9,75.6,Kinesthetic,93.8,A
6938,25,Male,3.2,95.8,4,7,Yes,High,Yes,1,2,95.8,Visual,72.8,C
6939,27,Male,13.9,59.3,3,3,Yes,High,Yes,0,7,80.3,Reading/Writing,79.8,B
6940,24,Male,5.0,82.7,4,7,Yes,Low,No,5,2,95.7,Auditory,76.1,B
6941,22,Female,1.2,71.2,6,6,Yes,High,Yes,3,2,86.3,Reading/Writing,71.8,C
6942,29,Female,2.0,75.5,2,7,Yes,High,Yes,4,3,40.1,Reading/Writing,67.0,C
6943,20,Male,12.8,54.9,6,6,Yes,High,Yes,5,6,95.6,Visual,88.5,B
6944,23,Male,19.2,68.6,10,10,Yes,Low,No,0,6,96.2,Auditory,98.9,A
6945,29,Male,12.2,55.9,8,7,Yes,Low,No,3,5,95.6,Visual,78.4,B
6946,19,Female,5.4,50.0,2,5,Yes,Low,No,0,7,92.8,Kinesthetic,63.1,C
6947,19,Male,10.4,92.7,3,8,Yes,High,No,4,2,63.9,Reading/Writing,83.0,B
6948,18,Male,1.4,76.5,9,6,No,Low,Yes,4,0,44.5,Kinesthetic,58.8,D
6949,28,Male,11.7,67.5,9,2,Yes,High,No,1,1,89.0,Kinesthetic,92.7,A
6950,25,Male,5.9,77.7,9,1,Yes,High,Yes,0,6,60.7,Kinesthetic,92.9,A
6951,29,Female,8.2,54.0,10,10,Yes,High,Yes,1,8,89.2,Reading/Writing,79.3,B
6952,23,Female,12.6,79.9,2,3,No,Low,Yes,4,6,85.1,Auditory,82.1,B
6953,18,Male,17.9,67.6,7,4,Yes,Low,Yes,1,6,86.2,Auditory,92.6,A
6954,27,Female,13.5,65.4,9,7,Yes,Low,Yes,5,10,64.8,Reading/Writing,99.0,A
6955,21,Female,10.5,96.6,3,6,Yes,Low,No,1,7,60.1,Visual,79.6,B
6956,30,Female,4.1,79.0,1,5,Yes,Low,Yes,2,4,68.7,Reading/Writing,61.3,C
6957,20,Male,2.9,58.9,4,3,No,High,No,3,5,94.3,Kinesthetic,68.6,C
6958,19,Female,4.4,50.7,2,3,Yes,Low,No,5,10,43.1,Auditory,62.1,C
6959,18,Male,16.9,92.1,5,7,No,High,Yes,3,0,64.9,Reading/Writing,90.4,A
6960,24,Male,6.4,62.0,9,10,No,Low,Yes,1,4,72.6,Visual,62.1,C
6961,28,Female,9.6,78.0,5,7,No,Low,Yes,3,5,73.9,Auditory,83.2,B
6962,24,Female,16.9,64.3,6,10,Yes,High,Yes,4,8,63.0,Auditory,98.0,A
6963,28,Male,2.3,78.0,4,2,Yes,High,No,1,5,40.8,Reading/Writing,67.4,C
6964,20,Female,17.5,50.5,8,1,Yes,High,Yes,2,0,72.8,Kinesthetic,100,A
6965,23,Male,8.5,59.3,1,4,No,High,Yes,4,2,78.4,Kinesthetic,69.2,C
6966,21,Female,4.6,53.5,5,9,Yes,Low,Yes,0,0,52.4,Reading/Writing,50.3,D
6967,21,Female,13.5,66.5,5,6,No,Low,No,4,6,58.2,Auditory,72.0,C
6968,25,Female,10.4,55.1,4,3,Yes,Low,No,4,3,92.9,Auditory,80.1,B
6969,20,Male,1.4,80.4,7,1,Yes,High,Yes,4,1,79.4,Reading/Writing,76.4,B
6970,29,Female,18.6,92.4,4,10,Yes,Low,Yes,0,5,90.4,Kinesthetic,92.3,A
6971,20,Female,4.0,56.2,10,1,No,Low,Yes,2,0,62.6,Auditory,66.4,C
6972,21,Female,19.9,66.1,6,6,Yes,Low,No,5,5,90.5,Auditory,97.1,A
6973,23,Female,3.5,58.1,5,3,No,High,No,1,6,50.3,Auditory,55.9,D
6974,23,Female,18.5,88.9,1,6,Yes,High,No,2,9,47.7,Visual,100,A
6975,22,Male,10.4,76.3,10,2,No,High,No,4,2,80.4,Auditory,99.2,A
6976,20,Male,8.3,60.3,6,3,Yes,Low,No,2,10,75.0,Kinesthetic,72.1,C
6977,28,Male,15.6,94.1,8,1,Yes,Low,No,2,1,76.4,Reading/Writing,97.8,A
6978,26,Female,11.6,89.5,10,10,Yes,High,No,0,3,89.0,Visual,90.9,A
6979,30,Male,17.2,83.5,8,2,No,Low,No,0,5,55.0,Auditory,87.7,B
6980,29,Female,3.1,89.9,1,3,Yes,High,No,2,1,63.7,Auditory,70.2,C
6981,29,Male,1.2,80.4,2,1,Yes,High,No,2,1,54.2,Reading/Writing,65.6,C
6982,24,Female,9.4,69.1,2,5,Yes,Low,No,4,9,96.2,Kinesthetic,72.8,C
6983,21,Male,4.2,77.1,6,9,No,Low,No,0,2,90.3,Auditory,58.9,D
6984,29,Female,14.6,88.7,7,3,Yes,Low,No,0,0,65.8,Kinesthetic,97.7,A
6985,27,Male,19.8,63.7,8,2,No,Low,Yes,0,1,83.5,Kinesthetic,94.5,A
6986,25,Male,9.1,59.6,9,10,Yes,Low,No,0,7,68.4,Reading/Writing,77.7,B
6987,29,Female,17.6,76.6,8,9,No,High,No,1,1,51.1,Visual,96.0,A
6988,28,Male,15.5,100.0,4,6,Yes,Low,No,3,9,45.2,Auditory,95.7,A
6989,22,Female,2.2,69.5,2,1,Yes,Low,No,4,2,45.2,Visual,53.2,D
6990,24,Male,14.9,99.9,4,3,No,High,Yes,0,2,83.8,Reading/Writing,100,A
6991,21,Female,12.3,71.9,5,8,Yes,High,Yes,1,6,79.7,Auditory,79.7,B
6992,22,Male,7.7,64.5,2,5,No,Low,No,3,9,55.9,Kinesthetic,69.6,C
6993,28,Female,13.4,70.3,10,7,No,High,Yes,3,9,90.0,Reading/Writing,97.6,A
6994,30,Male,13.4,63.3,6,8,No,High,Yes,5,6,89.5,Visual,83.4,B
6995,27,Male,13.8,92.7,10,2,No,Low,Yes,5,4,40.6,Auditory,95.1,A
6996,26,Male,18.4,91.0,10,4,Yes,High,Yes,0,5,49.2,Auditory,100,A
6997,21,Male,17.4,96.5,6,5,No,Low,No,0,8,94.9,Visual,100,A
6998,19,Male,2.6,89.9,6,8,Yes,Low,Yes,2,6,92.0,Reading/Writing,69.8,C
6999,19,Male,3.0,85.0,2,5,No,Low,No,1,10,90.5,Visual,73.1,C
7000,22,Male,5.3,98.2,9,4,No,High,No,3,2,50.7,Auditory,77.8,B
7001,20,Male,13.0,94.1,7,8,Yes,High,Yes,4,1,84.8,Visual,100,A
7002,25,Male,11.1,62.4,8,10,Yes,High,No,4,8,80.1,Reading/Writing,92.8,A
7003,24,Male,6.7,62.1,2,9,No,Low,No,1,0,66.1,Visual,61.8,C
7004,22,Female,18.5,83.1,2,2,Yes,High,Yes,2,4,81.3,Visual,100,A
7005,18,Male,5.8,72.8,1,10,Yes,High,Yes,5,6,72.7,Reading/Writing,75.2,B
7006,28,Male,18.0,56.3,10,4,Yes,High,Yes,3,8,79.8,Visual,100,A
7007,26,Female,4.3,61.5,9,8,No,High,Yes,1,6,95.2,Kinesthetic,69.9,C
7008,22,Female,5.1,67.4,7,10,Yes,High,No,2,9,65.0,Kinesthetic,78.4,B
7009,27,Female,4.5,61.3,5,4,Yes,High,No,4,7,70.4,Visual,75.2,B
7010,19,Female,5.9,61.2,9,2,Yes,Low,No,1,0,57.0,Kinesthetic,65.0,C
7011,19,Female,16.1,67.2,6,8,Yes,Low,Yes,1,5,72.5,Kinesthetic,93.8,A
7012,19,Female,13.0,74.2,9,9,No,Low,Yes,0,0,77.1,Visual,80.0,B
7013,28,Male,6.7,79.9,8,4,Yes,Low,No,4,8,74.3,Visual,90.4,A
7014,24,Male,19.0,80.1,5,6,Yes,High,Yes,2,7,46.4,Visual,94.6,A
7015,20,Male,7.0,68.4,5,10,No,Low,Yes,0,4,79.9,Auditory,68.2,C
7016,20,Male,2.7,88.2,6,5,No,High,Yes,4,8,44.8,Kinesthetic,79.0,B
7017,20,Female,12.6,52.1,7,4,No,Low,No,3,6,91.1,Auditory,77.3,B
7018,20,Female,12.3,58.6,2,10,No,Low,Yes,1,5,84.5,Kinesthetic,64.2,C
7019,24,Female,12.5,78.9,6,4,Yes,High,Yes,1,9,72.0,Kinesthetic,100,A
7020,28,Male,11.0,83.5,4,8,No,Low,Yes,0,4,40.9,Auditory,66.5,C
7021,22,Female,12.1,65.6,5,4,No,Low,Yes,0,0,40.5,Reading/Writing,67.1,C
7022,21,Male,16.8,71.6,1,6,Yes,Low,Yes,2,2,51.2,Kinesthetic,77.4,B
7023,29,Female,2.3,78.5,2,3,No,Low,Yes,5,4,80.0,Reading/Writing,58.5,D
7024,19,Female,14.7,73.8,1,4,No,High,Yes,0,2,85.2,Kinesthetic,77.1,B
7025,20,Male,19.6,61.3,2,1,No,Low,No,3,8,48.1,Auditory,88.2,B
7026,23,Male,4.1,56.8,1,3,No,High,No,2,8,50.1,Reading/Writing,58.3,D
7027,19,Female,6.7,89.2,2,1,No,Low,No,3,5,77.5,Kinesthetic,69.4,C
7028,26,Male,9.1,56.3,5,9,No,Low,No,5,0,93.5,Visual,72.5,C
7029,26,Female,15.2,66.6,1,8,No,Low,No,4,2,58.4,Reading/Writing,67.3,C
7030,28,Male,5.1,90.9,4,7,No,Low,No,4,7,72.3,Visual,70.4,C
7031,25,Female,2.1,52.4,2,8,Yes,Low,No,0,3,65.6,Reading/Writing,51.3,D
7032,21,Female,8.5,82.2,6,3,Yes,Low,No,1,7,49.0,Auditory,80.0,B
7033,27,Female,12.7,79.6,5,8,Yes,High,No,0,1,95.5,Kinesthetic,89.9,B
7034,29,Female,16.6,65.2,9,4,No,High,No,1,0,69.8,Kinesthetic,95.4,A
7035,26,Male,9.4,85.6,5,3,No,Low,No,5,3,57.7,Auditory,75.2,B
7036,23,Male,5.0,71.5,2,9,No,Low,Yes,1,0,95.5,Visual,66.6,C
7037,20,Female,6.4,57.7,8,6,No,Low,No,0,8,90.8,Reading/Writing,75.0,B
7038,30,Male,7.9,70.4,7,6,No,High,No,0,0,42.2,Kinesthetic,74.2,C
7039,23,Female,3.7,58.2,3,10,No,High,No,0,7,76.9,Kinesthetic,59.2,D
7040,25,Female,17.7,99.8,3,9,No,High,No,1,3,95.5,Visual,92.4,A
7041,29,Female,19.4,84.2,3,1,Yes,High,No,5,6,95.8,Auditory,100,A
7042,21,Male,18.4,63.1,6,5,No,High,No,3,10,65.8,Kinesthetic,92.2,A
7043,18,Female,12.3,71.4,1,9,Yes,High,No,2,10,41.2,Kinesthetic,83.3,B
7044,28,Female,15.5,59.5,3,7,Yes,High,Yes,3,8,72.8,Kinesthetic,88.0,B
7045,23,Female,5.7,51.7,3,3,No,High,No,4,5,59.8,Auditory,69.4,C
7046,23,Female,8.6,92.3,8,4,No,Low,No,3,3,52.2,Auditory,76.7,B
7047,29,Female,2.0,89.8,9,1,Yes,Low,Yes,3,7,46.7,Visual,70.2,C
7048,23,Female,8.1,53.6,3,9,No,High,Yes,3,7,88.1,Reading/Writing,76.2,B
7049,22,Male,5.4,52.8,9,4,Yes,High,Yes,0,3,53.9,Auditory,77.9,B
7050,27,Female,19.6,62.1,5,1,Yes,High,Yes,4,6,69.4,Kinesthetic,100,A
7051,20,Female,12.0,74.4,1,3,Yes,High,No,3,10,40.2,Reading/Writing,79.5,B
7052,29,Male,17.8,76.4,10,2,Yes,Low,No,0,9,65.8,Kinesthetic,100,A
7053,18,Female,2.3,67.6,2,8,Yes,High,Yes,0,9,64.1,Kinesthetic,61.7,C
7054,26,Female,16.4,96.7,8,2,No,Low,Yes,1,10,67.3,Visual,100,A
7055,21,Male,17.0,53.7,1,8,Yes,Low,No,0,0,66.8,Visual,77.1,B
7056,27,Male,14.1,56.4,9,2,Yes,High,No,5,6,82.6,Visual,100,A
7057,21,Female,9.2,80.8,9,10,No,Low,No,4,9,71.7,Visual,89.0,B
7058,29,Male,7.7,57.9,8,6,No,Low,No,3,2,89.3,Visual,65.7,C
7059,23,Female,17.1,56.3,7,4,No,Low,Yes,4,7,63.7,Kinesthetic,90.5,A
7060,18,Female,10.0,50.6,1,7,Yes,Low,No,3,8,93.2,Reading/Writing,71.4,C
7061,21,Female,12.7,92.2,10,6,No,Low,No,4,4,87.5,Auditory,100,A
7062,28,Female,4.6,72.5,3,4,Yes,Low,Yes,5,0,78.0,Auditory,69.5,C
7063,26,Female,4.2,73.8,6,1,Yes,Low,No,3,3,74.7,Auditory,82.6,B
7064,29,Female,12.7,70.2,5,5,Yes,Low,Yes,2,9,46.7,Reading/Writing,87.0,B
7065,21,Female,18.3,56.5,5,8,No,High,Yes,1,3,46.8,Reading/Writing,85.4,B
7066,22,Male,5.1,87.0,9,7,No,Low,No,1,3,95.3,Reading/Writing,72.3,C
7067,29,Male,17.8,67.3,5,9,Yes,High,No,3,7,75.9,Reading/Writing,100,A
7068,29,Male,15.5,67.9,10,7,Yes,Low,Yes,0,8,51.1,Reading/Writing,92.4,A
7069,27,Male,14.3,68.4,1,4,Yes,Low,No,4,4,75.4,Kinesthetic,85.1,B
7070,29,Female,11.7,67.8,7,3,Yes,Low,Yes,1,6,81.9,Kinesthetic,80.5,B
7071,18,Male,2.0,90.2,1,9,Yes,Low,No,1,3,76.7,Kinesthetic,59.1,D
7072,29,Female,14.8,52.7,8,4,Yes,Low,Yes,2,5,49.2,Kinesthetic,79.2,B
7073,23,Female,4.2,65.5,7,5,No,High,Yes,4,4,89.8,Visual,69.6,C
7074,30,Female,11.1,82.5,8,9,No,High,Yes,3,9,60.1,Visual,81.0,B
7075,19,Female,6.5,98.6,7,7,Yes,Low,No,4,2,79.8,Kinesthetic,77.7,B
7076,23,Male,12.0,75.5,7,3,Yes,Low,Yes,2,6,73.5,Reading/Writing,91.4,A
7077,25,Female,9.9,86.6,8,4,No,High,No,1,6,80.5,Reading/Writing,88.1,B
7078,29,Female,16.0,99.0,10,2,Yes,High,Yes,4,6,86.5,Kinesthetic,100,A
7079,27,Female,18.0,75.5,9,8,No,High,Yes,3,6,41.9,Reading/Writing,97.0,A
7080,30,Male,13.1,84.4,3,8,No,High,No,0,2,80.4,Visual,81.4,B
7081,25,Female,1.7,59.9,1,10,No,Low,No,2,7,47.2,Auditory,52.0,D
7082,27,Female,16.8,64.5,5,8,No,High,No,1,1,79.3,Auditory,82.3,B
7083,18,Male,16.8,76.9,1,4,No,High,Yes,0,1,97.4,Visual,89.2,B
7084,29,Female,11.7,70.4,3,5,Yes,High,No,4,3,77.4,Auditory,83.8,B
7085,18,Male,12.1,61.7,2,9,No,Low,Yes,0,5,71.5,Kinesthetic,74.0,C
7086,25,Female,17.6,87.6,2,3,Yes,Low,No,2,5,70.7,Visual,98.3,A
7087,21,Male,12.4,94.8,3,10,Yes,High,Yes,3,8,57.8,Reading/Writing,87.0,B
7088,20,Female,17.1,63.2,10,4,No,High,Yes,1,1,62.3,Visual,98.2,A
7089,20,Male,5.9,92.8,8,3,No,High,Yes,5,6,42.6,Visual,75.7,B
7090,28,Male,12.7,75.2,10,8,Yes,High,No,3,1,49.6,Kinesthetic,86.1,B
7091,27,Male,19.6,69.2,3,3,Yes,Low,No,5,6,70.3,Reading/Writing,99.3,A
7092,27,Male,12.5,95.6,3,4,No,High,No,2,10,54.0,Reading/Writing,88.7,B
7093,19,Female,14.9,86.1,5,10,Yes,High,Yes,1,0,89.3,Kinesthetic,94.7,A
7094,20,Male,19.2,53.8,3,7,No,High,No,0,7,92.8,Kinesthetic,85.5,B
7095,28,Male,19.0,91.1,10,9,No,Low,Yes,2,10,71.3,Visual,100,A
7096,28,Female,12.3,57.7,8,1,No,High,No,5,10,55.9,Kinesthetic,94.8,A
7097,24,Male,5.8,63.5,5,4,Yes,High,Yes,1,9,48.8,Visual,68.6,C
7098,19,Female,4.6,79.0,1,5,No,High,No,3,9,48.0,Kinesthetic,71.0,C
7099,19,Male,9.8,58.8,4,6,Yes,Low,Yes,1,0,96.6,Kinesthetic,72.9,C
7100,19,Male,1.9,85.0,10,10,Yes,High,No,4,10,78.6,Auditory,85.1,B
7101,21,Male,15.5,76.5,4,6,No,High,No,5,8,87.0,Auditory,90.0,A
7102,24,Female,15.2,50.2,4,4,No,High,No,3,8,40.1,Visual,80.6,B
7103,26,Female,12.9,65.1,4,1,No,High,Yes,3,2,86.0,Auditory,83.8,B
7104,28,Female,10.1,80.8,3,3,Yes,Low,No,5,10,47.1,Auditory,74.5,C
7105,28,Female,9.0,98.2,1,3,Yes,High,Yes,1,9,67.1,Visual,87.2,B
7106,18,Male,5.6,66.2,8,9,No,High,Yes,4,5,65.1,Auditory,77.9,B
7107,18,Female,11.7,72.2,4,7,No,Low,No,0,4,62.5,Reading/Writing,75.0,B
7108,27,Female,2.2,85.7,3,4,No,High,Yes,0,6,64.1,Kinesthetic,74.8,C
7109,22,Female,16.8,50.0,4,6,No,High,Yes,5,2,74.5,Reading/Writing,86.0,B
7110,26,Male,4.8,79.6,4,8,Yes,High,Yes,4,6,74.1,Visual,79.5,B
7111,29,Female,15.0,88.9,1,5,No,High,Yes,1,10,94.1,Visual,89.8,B
7112,25,Male,7.5,52.3,7,9,No,High,No,4,5,87.8,Auditory,73.0,C
7113,27,Male,9.1,86.6,5,8,Yes,Low,No,1,5,65.8,Auditory,74.8,C
7114,21,Male,7.4,89.4,3,9,Yes,High,Yes,1,6,97.9,Visual,86.7,B
7115,26,Male,11.8,91.6,3,8,No,High,No,1,2,53.3,Auditory,73.2,C
7116,19,Female,11.0,54.0,6,1,No,Low,No,1,0,72.6,Kinesthetic,73.9,C
7117,27,Female,9.9,52.3,6,2,No,Low,Yes,5,2,66.9,Kinesthetic,67.5,C
7118,18,Female,13.8,89.2,6,3,No,High,No,5,9,63.5,Visual,100,A
7119,30,Male,4.5,85.3,7,4,Yes,High,Yes,0,5,64.6,Reading/Writing,77.5,B
7120,24,Male,11.1,60.6,1,1,Yes,High,No,5,3,72.4,Reading/Writing,76.3,B
7121,25,Male,7.8,58.8,2,4,No,High,No,4,3,47.1,Kinesthetic,58.6,D
7122,24,Female,18.6,51.5,8,2,No,High,Yes,1,7,76.0,Visual,94.3,A
7123,25,Female,4.9,94.6,10,2,Yes,High,Yes,5,10,89.3,Kinesthetic,97.5,A
7124,27,Male,1.6,58.1,4,8,No,High,Yes,5,3,92.9,Visual,66.9,C
7125,22,Female,9.0,84.2,6,10,Yes,Low,No,5,0,51.5,Kinesthetic,77.5,B
7126,26,Male,19.0,56.7,9,6,No,High,Yes,3,3,63.7,Reading/Writing,95.8,A
7127,27,Female,15.9,75.7,8,4,Yes,Low,Yes,4,4,43.1,Auditory,97.0,A
7128,20,Male,12.0,68.7,9,9,No,Low,No,2,10,72.8,Kinesthetic,76.2,B
7129,21,Male,17.1,86.8,4,4,No,Low,No,3,9,94.2,Reading/Writing,94.5,A
7130,30,Female,17.3,82.1,9,2,No,High,Yes,0,7,48.8,Reading/Writing,99.2,A
7131,19,Male,16.9,78.1,7,4,Yes,Low,No,0,3,45.7,Auditory,98.6,A
7132,22,Female,10.1,99.0,10,2,Yes,High,No,5,2,61.3,Reading/Writing,94.5,A
7133,18,Female,12.2,84.0,4,5,No,High,No,0,4,45.2,Kinesthetic,76.7,B
7134,18,Female,13.0,64.2,10,4,Yes,Low,Yes,1,4,65.3,Auditory,81.7,B
7135,22,Female,17.9,79.9,5,10,No,Low,No,5,8,74.7,Reading/Writing,94.1,A
7136,23,Female,2.3,88.6,9,1,No,Low,No,2,5,84.6,Reading/Writing,76.4,B
7137,26,Female,18.7,62.3,6,2,No,High,No,3,7,95.8,Auditory,100,A
7138,23,Female,7.4,74.7,6,1,Yes,Low,No,0,1,73.8,Reading/Writing,80.9,B
7139,24,Female,3.0,62.7,10,2,No,Low,Yes,3,4,59.8,Kinesthetic,75.8,B
7140,20,Male,19.3,95.1,4,8,Yes,Low,Yes,2,0,72.1,Visual,100,A
7141,26,Male,2.5,83.8,9,5,No,High,Yes,3,0,50.3,Reading/Writing,77.7,B
7142,24,Female,13.0,80.7,1,5,Yes,High,Yes,5,3,49.0,Auditory,78.7,B
7143,26,Female,16.3,61.5,7,2,No,High,Yes,0,9,45.6,Kinesthetic,88.3,B
7144,18,Female,13.3,58.3,2,9,No,High,No,5,7,98.5,Reading/Writing,77.5,B
7145,28,Female,5.0,56.0,4,5,Yes,High,Yes,0,0,73.2,Kinesthetic,59.3,D
7146,30,Female,11.9,65.3,2,10,No,High,No,0,4,93.5,Auditory,79.5,B
7147,25,Female,17.3,74.3,2,6,No,Low,No,5,0,46.9,Kinesthetic,81.7,B
7148,21,Male,19.9,68.5,9,6,Yes,High,Yes,2,2,98.7,Kinesthetic,100,A
7149,23,Male,10.4,67.6,7,7,Yes,Low,No,1,1,69.6,Kinesthetic,79.5,B
7150,29,Male,19.3,97.7,10,10,Yes,High,Yes,3,1,54.4,Auditory,100,A
7151,24,Female,14.4,83.1,7,8,No,Low,Yes,3,1,46.0,Auditory,88.9,B
7152,29,Male,2.3,62.4,10,7,Yes,High,No,1,1,50.0,Auditory,66.3,C
7153,22,Male,11.9,61.0,5,5,Yes,High,No,0,8,44.9,Kinesthetic,84.0,B
7154,20,Male,10.5,61.1,2,3,No,Low,No,5,9,82.5,Kinesthetic,82.6,B
7155,19,Female,12.0,60.9,8,5,Yes,High,Yes,2,5,56.7,Kinesthetic,92.8,A
7156,22,Male,1.3,54.1,7,6,No,High,No,3,10,76.7,Reading/Writing,71.7,C
7157,19,Female,17.2,56.2,6,8,No,Low,No,3,6,45.6,Visual,75.7,B
7158,23,Male,3.2,58.0,2,6,No,Low,No,1,2,72.8,Auditory,47.2,F
7159,21,Male,5.7,51.9,8,5,No,High,No,5,6,48.2,Visual,66.5,C
7160,21,Male,19.9,60.1,4,1,Yes,High,No,1,2,63.9,Kinesthetic,100,A
7161,27,Male,15.4,83.2,5,5,Yes,Low,No,0,0,56.2,Auditory,83.8,B
7162,22,Female,1.9,51.0,3,7,Yes,High,Yes,3,5,94.1,Visual,66.0,C
7163,30,Male,10.6,96.7,8,4,Yes,High,No,5,0,55.9,Kinesthetic,92.6,A
7164,27,Male,17.3,76.7,6,1,No,Low,Yes,2,1,88.4,Reading/Writing,91.9,A
7165,20,Female,15.8,59.8,8,5,Yes,High,Yes,4,0,57.6,Visual,89.2,B
7166,28,Male,12.6,75.0,5,6,Yes,Low,Yes,4,3,73.1,Auditory,84.8,B
7167,29,Female,17.9,88.0,3,4,No,Low,Yes,3,6,91.0,Kinesthetic,91.0,A
7168,22,Male,6.2,95.9,6,7,Yes,Low,No,3,7,61.7,Auditory,78.6,B
7169,26,Male,6.2,85.2,3,4,Yes,Low,No,4,4,69.1,Visual,68.0,C
7170,26,Male,9.5,53.2,2,9,Yes,Low,No,2,9,96.7,Auditory,70.1,C
7171,22,Male,1.0,64.2,8,8,Yes,High,No,2,1,77.7,Kinesthetic,61.1,C
7172,22,Male,18.4,78.7,5,10,Yes,High,Yes,4,9,54.7,Visual,97.8,A
7173,25,Male,5.1,96.3,4,8,No,Low,No,3,1,90.0,Visual,69.0,C
7174,29,Female,16.2,84.1,10,6,No,Low,Yes,3,6,71.3,Visual,90.6,A
7175,24,Male,5.9,99.1,6,3,Yes,Low,No,2,9,45.1,Auditory,75.2,B
7176,26,Male,14.9,89.2,8,5,Yes,Low,Yes,3,10,50.4,Kinesthetic,98.9,A
7177,30,Female,9.6,56.8,10,1,Yes,High,No,3,2,87.2,Reading/Writing,90.5,A
7178,24,Female,5.7,96.4,6,5,No,High,Yes,5,2,95.1,Visual,87.6,B
7179,29,Female,5.9,67.9,3,9,Yes,Low,Yes,1,7,78.1,Reading/Writing,73.1,C
7180,26,Male,12.4,69.6,5,3,Yes,High,No,1,9,40.8,Reading/Writing,89.0,B
7181,30,Male,16.4,57.4,4,3,Yes,High,No,1,5,41.3,Reading/Writing,79.6,B
7182,25,Male,9.1,68.8,9,10,No,High,No,5,5,84.5,Kinesthetic,90.0,A
7183,23,Male,5.2,82.8,4,4,Yes,Low,Yes,4,9,61.3,Kinesthetic,71.1,C
7184,22,Male,8.8,58.7,7,2,Yes,Low,No,2,7,45.5,Visual,71.3,C
7185,23,Male,10.2,81.0,3,3,No,Low,No,2,3,75.6,Kinesthetic,71.7,C
7186,18,Male,19.6,95.2,4,2,No,High,No,1,5,78.3,Kinesthetic,100,A
7187,24,Male,14.6,56.8,1,6,Yes,Low,Yes,2,10,98.3,Auditory,78.9,B
7188,22,Male,2.4,63.5,7,5,No,Low,No,5,2,92.6,Kinesthetic,62.3,C
7189,29,Female,3.2,97.5,2,10,No,High,Yes,4,4,59.5,Visual,69.4,C
7190,27,Female,18.5,96.7,2,6,No,Low,Yes,3,9,89.7,Auditory,96.6,A
7191,23,Female,13.3,96.1,5,7,No,Low,No,3,2,58.3,Visual,84.7,B
7192,24,Male,19.9,52.2,5,8,Yes,Low,Yes,1,0,50.5,Auditory,90.8,A
7193,30,Female,10.4,88.0,10,7,No,Low,Yes,0,8,68.1,Reading/Writing,82.8,B
7194,19,Male,6.5,72.3,3,7,Yes,Low,Yes,1,1,58.2,Kinesthetic,70.7,C
7195,29,Female,18.7,71.3,7,5,No,High,Yes,0,5,56.6,Reading/Writing,88.1,B
7196,29,Male,15.7,65.7,4,5,Yes,Low,No,5,1,80.5,Visual,88.4,B
7197,27,Male,18.7,97.3,4,8,No,High,No,1,9,85.0,Reading/Writing,98.3,A
7198,24,Female,16.7,83.8,9,9,No,High,Yes,5,7,60.1,Auditory,94.8,A
7199,29,Male,19.0,59.1,7,7,Yes,High,Yes,2,3,83.9,Visual,98.9,A
7200,18,Female,13.3,99.8,4,9,No,High,Yes,2,7,68.2,Kinesthetic,86.3,B
7201,28,Male,9.9,88.3,7,1,Yes,Low,No,4,1,97.1,Auditory,87.0,B
7202,19,Male,1.7,79.2,10,5,No,High,No,1,6,95.8,Reading/Writing,75.6,B
7203,29,Female,12.5,79.8,10,4,Yes,High,No,4,0,58.2,Kinesthetic,94.4,A
7204,18,Male,8.9,57.3,9,8,No,High,No,4,9,80.5,Reading/Writing,86.1,B
7205,28,Female,16.3,77.6,8,1,Yes,Low,No,1,3,79.9,Visual,95.0,A
7206,25,Female,17.8,93.7,8,2,Yes,High,Yes,2,2,88.3,Auditory,100,A
7207,24,Male,6.6,98.5,6,8,No,Low,No,1,1,90.0,Kinesthetic,73.0,C
7208,18,Male,1.1,98.4,9,3,Yes,Low,Yes,0,2,91.6,Reading/Writing,72.3,C
7209,18,Male,17.2,50.8,9,10,Yes,Low,Yes,3,8,59.9,Reading/Writing,89.3,B
7210,30,Male,4.9,60.5,2,4,Yes,Low,No,2,8,79.5,Visual,64.7,C
7211,25,Female,8.6,87.1,8,3,Yes,Low,No,0,6,53.4,Visual,82.6,B
7212,19,Male,13.0,93.3,4,4,Yes,Low,Yes,0,0,99.5,Reading/Writing,90.2,A
7213,21,Male,17.3,56.0,2,8,Yes,Low,Yes,3,1,67.4,Reading/Writing,71.9,C
7214,29,Female,9.5,90.4,9,10,Yes,High,Yes,5,3,85.2,Kinesthetic,96.5,A
7215,24,Female,10.0,69.3,3,5,Yes,Low,Yes,0,2,60.5,Reading/Writing,74.9,C
7216,23,Male,13.0,51.0,10,1,No,High,Yes,3,9,41.2,Auditory,84.0,B
7217,23,Male,4.4,50.9,7,8,Yes,High,Yes,1,8,80.1,Visual,67.6,C
7218,28,Male,18.8,62.4,3,4,Yes,Low,Yes,2,0,60.2,Reading/Writing,92.6,A
7219,22,Female,12.1,62.7,6,4,No,High,Yes,5,2,86.9,Kinesthetic,91.8,A
7220,25,Male,9.0,83.8,9,3,Yes,High,No,5,2,40.5,Reading/Writing,82.4,B
7221,27,Male,9.3,50.3,9,8,No,Low,Yes,0,6,58.3,Auditory,61.7,C
7222,22,Female,15.3,66.1,3,2,Yes,Low,No,3,4,83.6,Auditory,81.1,B
7223,25,Female,2.7,88.2,2,5,Yes,Low,Yes,0,6,63.4,Reading/Writing,63.7,C
7224,22,Female,19.0,75.3,5,1,Yes,Low,Yes,5,5,82.9,Auditory,95.9,A
7225,27,Male,15.8,92.7,3,3,Yes,High,Yes,4,6,65.8,Auditory,95.8,A
7226,28,Female,16.0,68.0,4,9,Yes,High,Yes,2,1,97.5,Auditory,92.9,A
7227,18,Female,6.5,92.1,10,1,Yes,High,Yes,0,5,45.3,Auditory,95.3,A
7228,20,Female,14.9,53.7,4,1,Yes,Low,No,3,10,42.8,Kinesthetic,77.0,B
7229,20,Female,9.6,61.7,8,4,Yes,High,Yes,5,7,93.9,Kinesthetic,85.3,B
7230,18,Male,3.8,96.9,8,6,No,High,Yes,4,0,63.9,Auditory,76.7,B
7231,26,Female,19.5,55.9,3,8,Yes,Low,Yes,4,3,48.7,Auditory,89.3,B
7232,25,Male,10.0,73.3,2,1,Yes,High,Yes,3,10,80.9,Visual,89.4,B
7233,23,Male,13.1,50.3,5,7,Yes,Low,Yes,0,3,82.0,Auditory,83.1,B
7234,29,Male,7.5,67.4,1,9,No,Low,Yes,2,5,92.3,Reading/Writing,70.4,C
7235,20,Female,16.5,91.6,6,6,No,Low,Yes,4,5,49.2,Reading/Writing,91.2,A
7236,25,Female,14.3,63.8,1,9,Yes,Low,No,3,6,43.2,Visual,76.6,B
7237,21,Female,17.9,91.8,8,1,Yes,High,No,4,8,91.5,Auditory,100,A
7238,20,Female,14.0,53.5,8,8,No,High,No,3,6,62.3,Kinesthetic,91.1,A
7239,23,Male,6.6,55.8,1,6,Yes,High,Yes,1,5,85.0,Visual,75.9,B
7240,27,Male,10.7,99.2,10,8,No,Low,Yes,1,1,57.7,Auditory,85.5,B
7241,22,Female,17.0,51.9,4,6,No,Low,No,3,8,70.2,Visual,88.8,B
7242,28,Male,6.4,56.3,3,3,Yes,High,Yes,3,9,51.5,Visual,72.8,C
7243,22,Male,4.0,98.0,9,10,Yes,Low,No,1,2,91.3,Visual,80.1,B
7244,21,Female,2.3,70.5,6,7,Yes,High,No,0,10,64.3,Auditory,72.2,C
7245,20,Female,1.8,79.1,2,1,No,High,No,3,3,53.7,Auditory,68.1,C
7246,22,Female,11.4,79.4,3,5,Yes,High,Yes,1,2,51.0,Reading/Writing,88.3,B
7247,20,Male,2.0,50.8,2,4,No,Low,No,3,0,62.1,Auditory,49.2,F
7248,27,Female,6.5,84.1,5,10,Yes,High,No,5,1,62.4,Visual,84.3,B
7249,25,Female,15.7,91.2,1,9,No,Low,No,1,5,79.8,Auditory,81.6,B
7250,20,Female,17.2,74.7,8,6,Yes,High,No,2,3,73.9,Auditory,100,A
7251,29,Female,4.3,52.3,6,3,Yes,Low,No,0,3,64.7,Reading/Writing,61.5,C
7252,27,Female,18.3,74.9,10,7,No,High,Yes,1,3,59.9,Visual,91.8,A
7253,19,Female,13.4,56.3,9,2,Yes,Low,No,1,5,52.7,Kinesthetic,79.3,B
7254,24,Male,19.6,89.3,1,1,Yes,High,No,2,8,44.2,Auditory,100,A
7255,21,Female,7.0,78.1,10,1,Yes,Low,No,2,9,54.4,Auditory,83.4,B
7256,29,Female,6.5,53.1,7,8,Yes,Low,Yes,2,2,60.6,Reading/Writing,58.1,D
7257,29,Male,7.4,57.1,6,5,No,Low,No,5,6,90.5,Reading/Writing,73.7,C
7258,29,Female,17.7,81.9,10,6,Yes,Low,No,5,7,68.2,Auditory,99.2,A
7259,30,Female,2.3,79.6,8,8,No,High,No,1,3,60.0,Reading/Writing,69.4,C
7260,23,Female,17.6,72.3,5,3,No,High,No,3,4,60.6,Visual,93.7,A
7261,29,Female,1.6,62.2,5,3,Yes,High,No,4,10,81.6,Kinesthetic,79.3,B
7262,29,Male,5.6,53.8,6,5,No,High,Yes,4,6,77.8,Reading/Writing,76.2,B
7263,19,Female,17.2,59.5,4,6,No,High,No,3,4,56.3,Reading/Writing,85.3,B
7264,26,Female,10.4,95.7,6,6,Yes,Low,Yes,5,2,59.4,Auditory,83.3,B
7265,18,Female,15.8,76.2,1,7,No,Low,Yes,5,3,60.8,Reading/Writing,77.0,B
7266,22,Male,11.1,60.0,3,7,No,High,Yes,5,1,82.9,Kinesthetic,82.4,B
7267,26,Male,12.9,57.1,7,5,Yes,Low,No,1,3,52.5,Visual,77.5,B
7268,28,Female,2.2,75.6,2,7,Yes,High,No,0,2,77.5,Auditory,63.1,C
7269,21,Female,14.3,83.5,5,10,No,High,No,1,10,76.4,Kinesthetic,83.5,B
7270,19,Female,12.0,88.9,6,4,Yes,Low,Yes,1,1,51.1,Auditory,82.6,B
7271,19,Female,14.8,89.7,8,4,No,High,No,3,2,51.4,Kinesthetic,100,A
7272,27,Female,5.2,79.3,7,2,No,Low,No,0,8,86.0,Kinesthetic,77.7,B
7273,28,Female,13.4,85.3,4,1,No,High,Yes,5,6,93.9,Kinesthetic,95.6,A
7274,20,Female,19.9,58.8,2,3,No,Low,No,0,2,90.9,Kinesthetic,92.9,A
7275,29,Male,1.2,90.5,3,8,No,High,Yes,5,6,58.0,Auditory,62.2,C
7276,19,Male,16.2,76.0,2,6,Yes,Low,No,2,2,71.2,Kinesthetic,78.9,B
7277,26,Male,13.1,81.3,1,5,Yes,High,Yes,2,9,61.0,Auditory,83.2,B
7278,26,Male,6.7,89.7,8,7,No,High,No,5,4,81.9,Visual,82.0,B
7279,20,Male,8.4,65.9,8,10,Yes,Low,No,3,2,88.0,Kinesthetic,75.8,B
7280,21,Female,6.6,69.8,7,4,Yes,High,Yes,1,6,50.0,Reading/Writing,71.2,C
7281,30,Male,13.9,66.6,7,9,No,High,Yes,3,10,55.6,Kinesthetic,79.9,B
7282,29,Male,11.5,70.4,8,10,No,High,Yes,2,0,41.6,Auditory,69.9,C
7283,26,Female,16.4,52.1,2,10,No,High,Yes,3,4,46.0,Kinesthetic,71.0,C
7284,20,Male,7.8,70.1,6,5,No,High,No,2,1,98.8,Auditory,83.4,B
7285,20,Female,1.9,86.6,10,4,No,High,Yes,0,10,63.5,Visual,83.7,B
7286,21,Female,5.9,53.5,1,5,Yes,Low,No,5,8,50.7,Auditory,61.4,C
7287,25,Male,6.9,71.1,4,8,Yes,Low,Yes,3,5,60.9,Visual,69.5,C
7288,27,Female,4.6,59.3,3,5,No,Low,No,0,1,40.1,Kinesthetic,57.7,D
7289,25,Male,9.3,89.0,9,7,No,Low,No,3,2,48.5,Kinesthetic,76.5,B
7290,27,Female,5.9,54.4,5,4,Yes,Low,No,4,4,93.8,Auditory,76.5,B
7291,29,Female,7.9,63.4,9,2,Yes,High,Yes,3,10,69.0,Kinesthetic,85.5,B
7292,26,Female,19.3,87.9,6,1,No,Low,No,4,0,50.3,Kinesthetic,100,A
7293,26,Male,15.5,89.4,4,9,Yes,High,Yes,5,1,48.7,Kinesthetic,97.5,A
7294,30,Male,2.4,51.6,5,4,No,Low,No,1,8,77.3,Auditory,54.6,D
7295,27,Female,10.0,70.5,9,8,Yes,Low,Yes,3,8,47.5,Kinesthetic,88.7,B
7296,23,Male,16.1,62.3,10,2,No,High,Yes,3,2,86.9,Kinesthetic,94.3,A
7297,30,Male,10.1,96.9,6,1,No,Low,Yes,4,10,56.0,Kinesthetic,86.0,B
7298,20,Male,19.2,50.5,6,7,No,Low,Yes,0,4,44.0,Kinesthetic,82.9,B
7299,27,Female,2.1,89.4,9,7,Yes,High,Yes,2,8,76.9,Reading/Writing,76.8,B
7300,24,Female,11.4,58.7,4,8,Yes,Low,Yes,0,8,52.1,Reading/Writing,77.3,B
7301,24,Male,9.8,69.1,3,4,Yes,Low,No,3,3,95.7,Visual,78.2,B
7302,24,Male,10.4,73.7,7,6,No,Low,Yes,2,4,76.6,Auditory,86.2,B
7303,23,Male,19.6,90.0,1,7,No,High,No,0,0,78.2,Reading/Writing,87.0,B
7304,27,Female,11.8,71.9,6,8,No,High,Yes,4,6,86.0,Reading/Writing,82.2,B
7305,30,Female,1.5,79.8,1,3,Yes,Low,No,5,5,87.8,Auditory,69.7,C
7306,23,Female,15.5,84.7,2,10,Yes,High,No,4,7,92.1,Visual,97.6,A
7307,19,Male,9.9,53.7,8,8,Yes,High,No,3,0,90.9,Kinesthetic,78.2,B
7308,21,Female,13.6,94.8,1,8,No,High,Yes,0,0,67.5,Kinesthetic,77.5,B
7309,30,Male,8.2,73.2,3,3,Yes,High,No,2,4,48.8,Visual,83.5,B
7310,18,Female,12.8,88.3,10,7,No,Low,Yes,5,10,49.5,Auditory,90.8,A
7311,20,Male,11.3,90.1,8,2,No,High,Yes,5,5,51.4,Reading/Writing,90.7,A
7312,18,Male,1.5,86.7,3,5,Yes,High,No,3,9,55.3,Kinesthetic,77.5,B
7313,28,Male,15.6,58.6,4,8,No,Low,No,0,1,98.1,Visual,80.3,B
7314,26,Male,1.7,81.9,8,7,No,Low,No,0,6,53.5,Kinesthetic,69.7,C
7315,23,Male,4.4,50.2,3,1,Yes,Low,No,0,6,92.2,Visual,65.8,C
7316,26,Female,12.4,68.4,4,1,No,Low,Yes,2,7,96.2,Auditory,78.2,B
7317,26,Female,16.1,82.5,10,5,No,Low,Yes,2,7,83.0,Visual,100,A
7318,26,Male,18.4,54.0,10,1,Yes,Low,Yes,0,9,45.8,Visual,100,A
7319,23,Male,16.6,77.3,6,10,Yes,High,Yes,0,0,84.8,Reading/Writing,97.4,A
7320,27,Female,8.7,88.8,3,1,Yes,Low,Yes,1,6,67.5,Auditory,77.7,B
7321,18,Female,16.2,61.6,10,2,No,High,Yes,1,5,45.4,Auditory,94.0,A
7322,26,Male,1.8,99.5,5,7,Yes,High,Yes,3,6,63.7,Auditory,72.2,C
7323,25,Female,13.1,63.8,5,6,No,High,Yes,5,2,98.5,Kinesthetic,86.3,B
7324,19,Female,19.7,86.1,1,6,Yes,Low,Yes,5,9,62.4,Reading/Writing,94.5,A
7325,18,Female,17.4,57.4,3,8,Yes,Low,No,3,4,85.4,Reading/Writing,85.9,B
7326,28,Female,10.6,89.3,1,10,No,High,Yes,4,3,68.3,Visual,75.6,B
7327,18,Female,12.4,94.6,5,3,No,High,Yes,3,1,76.8,Reading/Writing,91.9,A
7328,19,Female,14.0,59.9,4,10,Yes,Low,Yes,0,3,53.5,Auditory,68.6,C
7329,29,Male,1.3,95.7,10,8,No,High,Yes,2,8,63.7,Visual,76.2,B
7330,20,Female,5.3,79.3,4,8,No,Low,No,2,4,87.5,Reading/Writing,74.5,C
7331,24,Male,8.8,56.0,7,3,Yes,High,Yes,4,6,48.3,Reading/Writing,76.3,B
7332,21,Male,2.7,61.5,5,5,No,High,Yes,1,0,62.1,Reading/Writing,57.6,D
7333,30,Male,3.9,99.0,9,6,Yes,Low,No,4,9,57.3,Reading/Writing,79.3,B
7334,23,Male,14.9,97.3,6,10,No,High,Yes,3,8,51.7,Reading/Writing,94.3,A
7335,27,Female,7.4,91.3,1,2,No,High,Yes,1,1,87.2,Auditory,73.1,C
7336,30,Male,11.4,53.3,5,3,No,Low,Yes,5,2,77.5,Reading/Writing,70.4,C
7337,30,Male,4.4,67.5,4,4,No,Low,Yes,1,3,71.0,Visual,56.3,D
7338,30,Male,11.9,80.3,10,6,Yes,High,Yes,2,5,74.0,Auditory,100,A
7339,24,Male,2.8,89.2,3,1,Yes,High,Yes,2,5,75.8,Auditory,70.7,C
7340,22,Female,16.4,61.4,2,8,No,High,Yes,4,5,67.0,Reading/Writing,89.6,B
7341,27,Male,19.3,62.2,4,8,No,Low,No,2,7,89.4,Kinesthetic,85.5,B
7342,25,Female,14.8,53.3,7,2,No,Low,Yes,1,9,56.6,Visual,79.2,B
7343,27,Female,13.3,96.5,10,9,No,Low,Yes,4,8,46.7,Kinesthetic,92.1,A
7344,25,Female,9.1,72.3,10,4,No,Low,Yes,1,5,43.2,Reading/Writing,76.1,B
7345,18,Female,1.9,92.7,5,8,No,High,No,1,1,54.9,Reading/Writing,59.0,D
7346,18,Male,8.0,62.1,10,3,No,Low,No,1,6,62.4,Visual,78.4,B
7347,19,Female,5.9,99.9,7,9,Yes,Low,Yes,3,9,72.2,Auditory,83.8,B
7348,28,Female,19.4,64.7,1,3,No,High,No,5,10,47.4,Visual,85.0,B
7349,22,Female,19.0,93.8,5,3,No,High,Yes,4,2,74.6,Reading/Writing,99.2,A
7350,19,Male,2.4,79.3,6,4,Yes,Low,No,5,3,79.9,Kinesthetic,76.1,B
7351,29,Female,19.4,64.2,3,3,No,High,Yes,1,5,68.5,Kinesthetic,94.7,A
7352,22,Female,7.3,99.7,8,3,Yes,High,Yes,3,1,77.2,Auditory,96.9,A
7353,24,Male,11.2,86.2,4,1,Yes,Low,No,2,3,76.5,Kinesthetic,95.8,A
7354,20,Male,19.6,80.1,8,10,Yes,Low,Yes,2,5,40.6,Reading/Writing,100,A
7355,30,Female,13.9,87.4,8,3,No,High,No,1,2,46.9,Reading/Writing,85.6,B
7356,21,Male,19.1,71.7,3,9,Yes,High,Yes,1,7,67.1,Reading/Writing,88.5,B
7357,30,Female,1.0,53.0,8,5,No,High,Yes,3,9,46.0,Visual,53.8,D
7358,20,Female,1.6,99.7,3,3,Yes,Low,No,3,7,49.4,Kinesthetic,72.4,C
7359,19,Male,13.9,52.9,5,7,Yes,High,Yes,1,3,75.3,Kinesthetic,75.9,B
7360,25,Male,15.0,67.1,4,5,No,Low,No,4,4,42.9,Reading/Writing,77.0,B
7361,20,Female,12.8,63.7,6,2,No,Low,No,0,4,85.0,Visual,90.3,A
7362,20,Male,2.5,96.7,7,4,Yes,High,Yes,2,5,50.0,Auditory,76.7,B
7363,21,Male,6.3,82.2,2,8,No,High,No,0,6,89.7,Auditory,80.3,B
7364,21,Female,1.3,98.3,1,1,No,Low,Yes,1,6,46.7,Kinesthetic,62.0,C
7365,20,Male,15.7,77.4,8,2,Yes,High,No,2,3,54.0,Kinesthetic,100,A
7366,19,Male,4.9,64.5,10,4,Yes,Low,No,0,7,72.0,Visual,82.8,B
7367,24,Female,11.0,60.2,7,3,Yes,High,Yes,3,1,60.6,Visual,79.5,B
7368,26,Male,3.9,57.2,4,7,No,High,No,2,5,87.7,Kinesthetic,57.2,D
7369,23,Male,8.2,57.0,4,3,No,Low,Yes,1,5,67.3,Kinesthetic,73.3,C
7370,21,Male,10.6,77.9,10,4,No,High,No,1,4,71.3,Auditory,92.0,A
7371,27,Female,3.4,60.7,2,10,No,High,Yes,1,4,61.3,Auditory,48.4,F
7372,30,Female,12.3,87.0,2,8,Yes,Low,Yes,5,2,50.2,Reading/Writing,81.1,B
7373,21,Female,11.9,92.1,8,5,Yes,Low,No,2,10,88.8,Reading/Writing,100,A
7374,21,Female,5.2,67.7,4,3,Yes,High,Yes,4,6,67.0,Visual,82.5,B
7375,29,Female,13.1,95.1,6,2,Yes,Low,Yes,3,6,70.0,Visual,100,A
7376,21,Male,19.5,53.8,1,10,No,High,Yes,5,8,78.6,Kinesthetic,87.6,B
7377,23,Male,9.5,78.2,1,9,No,Low,Yes,3,10,79.4,Reading/Writing,70.7,C
7378,25,Male,10.6,75.4,4,2,Yes,High,Yes,3,1,62.2,Auditory,86.2,B
7379,18,Female,8.4,56.6,8,7,Yes,High,Yes,5,2,91.8,Reading/Writing,81.8,B
7380,29,Female,3.3,90.6,3,2,Yes,Low,No,4,4,61.2,Visual,71.7,C
7381,24,Male,1.0,74.0,7,1,No,Low,Yes,1,7,76.1,Visual,62.9,C
7382,28,Male,2.0,88.4,10,8,No,Low,No,1,2,67.7,Reading/Writing,74.1,C
7383,20,Female,11.3,82.7,3,2,Yes,Low,Yes,4,0,47.5,Visual,80.2,B
7384,29,Female,10.4,79.9,8,10,Yes,Low,No,4,3,73.0,Auditory,79.9,B
7385,25,Male,3.6,74.0,8,3,No,High,Yes,1,5,44.1,Reading/Writing,64.3,C
7386,28,Male,9.1,56.5,7,4,Yes,High,Yes,5,8,64.2,Visual,82.4,B
7387,24,Female,3.8,74.8,5,5,Yes,Low,No,2,8,94.2,Reading/Writing,81.0,B
7388,21,Female,19.6,82.0,8,10,No,Low,Yes,2,1,90.7,Reading/Writing,95.5,A
7389,24,Female,15.1,55.6,10,9,No,High,Yes,5,5,48.6,Reading/Writing,80.4,B
7390,28,Male,8.8,89.0,5,9,Yes,High,Yes,2,9,71.5,Auditory,79.9,B
7391,21,Female,6.3,78.0,3,3,Yes,Low,No,4,0,96.4,Reading/Writing,70.1,C
7392,27,Female,5.5,70.6,1,8,Yes,Low,No,3,8,60.8,Auditory,70.5,C
7393,22,Female,18.5,84.5,5,7,Yes,Low,No,2,4,74.9,Reading/Writing,96.0,A
7394,27,Female,10.0,84.4,6,1,Yes,Low,No,1,2,69.0,Auditory,91.0,A
7395,22,Female,16.7,60.4,4,5,Yes,Low,No,4,9,80.2,Visual,89.0,B
7396,26,Female,2.2,91.5,5,1,Yes,Low,Yes,0,10,77.4,Visual,74.4,C
7397,25,Female,6.8,72.9,8,8,No,High,No,3,10,49.8,Reading/Writing,81.1,B
7398,18,Male,10.8,97.4,9,5,No,High,Yes,5,8,98.4,Reading/Writing,96.4,A
7399,19,Female,18.5,77.6,3,4,No,Low,No,0,1,66.2,Reading/Writing,89.3,B
7400,28,Female,3.1,72.6,3,1,No,High,No,0,8,57.7,Visual,74.5,C
7401,22,Female,3.1,68.5,3,8,No,High,Yes,2,7,46.1,Auditory,56.3,D
7402,26,Male,4.6,79.3,9,7,Yes,Low,No,4,7,44.6,Kinesthetic,68.9,C
7403,19,Male,9.0,91.9,1,4,No,Low,No,1,1,55.7,Visual,75.3,B
7404,18,Female,3.6,57.7,5,7,No,Low,Yes,5,4,53.1,Reading/Writing,63.8,C
7405,27,Male,7.5,73.8,10,2,Yes,High,Yes,1,6,93.1,Auditory,100,A
7406,22,Male,3.3,80.8,3,5,Yes,Low,No,1,8,74.8,Auditory,71.2,C
7407,20,Male,2.9,78.1,10,7,Yes,High,Yes,1,9,60.8,Visual,73.6,C
7408,18,Male,9.2,78.3,5,8,No,High,Yes,4,8,97.4,Kinesthetic,82.0,B
7409,19,Male,16.2,72.7,7,1,Yes,Low,No,4,1,51.8,Auditory,87.9,B
7410,19,Female,4.2,69.6,3,7,Yes,High,No,1,3,64.2,Visual,58.9,D
7411,23,Female,3.4,77.8,10,8,Yes,High,No,1,5,85.5,Kinesthetic,78.6,B
7412,28,Female,1.2,68.8,7,5,Yes,Low,No,4,6,75.0,Reading/Writing,72.4,C
7413,20,Female,4.9,58.4,8,6,Yes,Low,Yes,2,0,70.3,Kinesthetic,64.8,C
7414,28,Female,14.6,67.2,2,8,No,High,No,5,9,90.0,Reading/Writing,79.0,B
7415,24,Male,10.9,50.4,6,10,Yes,High,Yes,3,2,45.1,Kinesthetic,80.0,B
7416,20,Female,9.5,69.1,1,9,No,High,Yes,1,0,67.0,Reading/Writing,70.3,C
7417,27,Female,9.3,93.0,7,5,Yes,High,Yes,4,7,66.4,Kinesthetic,88.3,B
7418,26,Male,11.9,71.0,9,10,No,High,Yes,4,3,65.0,Auditory,84.6,B
7419,22,Female,10.9,82.8,1,10,Yes,High,Yes,3,10,83.0,Reading/Writing,91.6,A
7420,25,Male,4.4,84.3,7,4,No,High,Yes,0,0,69.5,Reading/Writing,70.1,C
7421,19,Male,15.5,74.0,9,9,No,Low,Yes,0,3,94.0,Kinesthetic,96.2,A
7422,26,Female,3.5,90.2,2,3,No,High,No,1,10,93.5,Auditory,69.9,C
7423,21,Male,6.4,95.2,3,5,Yes,Low,No,2,2,90.8,Kinesthetic,86.5,B
7424,27,Female,17.1,57.7,1,4,Yes,Low,Yes,4,8,88.3,Kinesthetic,82.2,B
7425,25,Male,8.9,54.9,3,7,Yes,Low,No,3,4,78.5,Visual,68.2,C
7426,23,Female,8.0,72.6,9,1,Yes,Low,Yes,3,10,59.9,Reading/Writing,86.8,B
7427,28,Female,16.3,52.2,3,2,Yes,High,No,4,10,61.8,Reading/Writing,93.5,A
7428,19,Female,3.2,78.8,5,10,No,High,No,3,6,66.6,Kinesthetic,60.0,C
7429,27,Male,6.9,85.3,6,9,No,Low,No,4,8,56.8,Auditory,77.6,B
7430,25,Female,7.9,72.1,4,2,Yes,Low,No,2,1,94.5,Reading/Writing,73.9,C
7431,20,Female,18.0,95.4,2,5,No,High,No,1,3,69.9,Kinesthetic,89.3,B
7432,20,Male,1.1,82.6,4,4,Yes,High,No,1,2,93.6,Auditory,71.7,C
7433,29,Male,14.3,57.4,5,7,No,High,No,1,4,82.6,Auditory,86.6,B
7434,27,Male,8.7,77.0,2,9,No,Low,No,1,7,57.0,Kinesthetic,69.6,C
7435,23,Male,14.5,56.9,3,1,Yes,Low,Yes,3,4,96.2,Visual,83.4,B
7436,30,Male,17.6,71.3,4,1,Yes,Low,Yes,1,6,96.4,Kinesthetic,100,A
7437,25,Male,7.1,51.5,10,9,Yes,Low,No,4,7,41.6,Reading/Writing,63.5,C
7438,25,Female,4.1,84.4,2,8,No,High,Yes,0,0,74.2,Auditory,57.9,D
7439,30,Female,11.5,73.8,3,5,No,Low,No,0,4,67.9,Reading/Writing,72.9,C
7440,22,Female,8.5,59.7,9,2,Yes,High,Yes,0,4,52.8,Visual,86.6,B
7441,27,Male,1.4,63.5,9,5,Yes,High,No,3,6,91.9,Reading/Writing,83.1,B
7442,30,Male,13.5,70.2,5,7,No,High,Yes,4,7,64.0,Reading/Writing,86.6,B
7443,24,Male,11.6,87.0,3,2,No,High,No,0,4,44.2,Auditory,77.2,B
7444,29,Male,16.2,94.3,8,2,Yes,High,Yes,5,7,67.3,Visual,100,A
7445,27,Female,13.8,60.9,2,7,Yes,High,No,1,5,79.2,Kinesthetic,86.0,B
7446,21,Female,17.6,85.4,1,5,No,Low,No,2,4,76.1,Visual,85.9,B
7447,24,Male,4.5,72.0,5,3,No,Low,No,3,0,94.7,Auditory,62.5,C
7448,22,Female,13.7,84.0,8,1,No,High,Yes,3,3,61.6,Auditory,100,A
7449,29,Male,14.4,56.8,1,7,Yes,High,Yes,5,9,68.0,Reading/Writing,76.2,B
7450,23,Male,15.7,51.8,2,10,Yes,High,No,4,2,97.4,Kinesthetic,87.8,B
7451,29,Male,2.4,89.9,2,7,Yes,High,Yes,2,9,84.5,Auditory,78.7,B
7452,18,Male,7.2,98.5,4,10,No,High,Yes,5,2,43.5,Visual,71.8,C
7453,21,Male,19.9,63.4,2,5,Yes,Low,Yes,1,4,53.4,Auditory,93.2,A
7454,22,Female,6.9,63.5,6,3,Yes,Low,Yes,5,3,45.4,Reading/Writing,63.7,C
7455,21,Male,10.2,97.6,9,6,Yes,High,Yes,4,9,53.7,Auditory,100,A
7456,21,Male,7.5,54.2,4,2,No,High,No,2,8,60.3,Auditory,71.7,C
7457,25,Female,18.4,84.9,7,5,No,Low,Yes,5,4,65.3,Visual,99.7,A
7458,23,Male,1.8,97.4,7,5,No,Low,Yes,2,2,86.0,Kinesthetic,77.7,B
7459,19,Male,13.5,79.5,1,10,No,Low,No,2,8,74.9,Auditory,74.6,C
7460,27,Female,13.8,89.2,8,9,Yes,High,Yes,4,9,48.0,Kinesthetic,93.0,A
7461,27,Male,6.6,94.8,10,8,Yes,High,No,3,4,44.5,Kinesthetic,94.7,A
7462,24,Male,17.6,87.0,1,8,No,Low,Yes,2,8,87.9,Visual,93.2,A
7463,20,Male,18.4,92.6,2,6,No,High,No,2,8,81.8,Reading/Writing,100,A
7464,18,Male,9.1,64.8,6,8,No,High,Yes,3,9,64.7,Reading/Writing,70.4,C
7465,26,Female,4.7,58.0,7,8,Yes,Low,Yes,0,1,59.1,Reading/Writing,65.9,C
7466,19,Female,7.1,87.4,9,8,No,High,No,3,8,64.4,Visual,81.1,B
7467,23,Female,4.4,74.3,1,7,Yes,High,No,4,3,61.8,Reading/Writing,67.3,C
7468,30,Male,11.8,84.3,8,4,Yes,High,Yes,4,9,45.3,Visual,94.0,A
7469,25,Male,10.0,55.0,4,4,No,Low,Yes,5,3,61.8,Auditory,66.7,C
7470,26,Male,12.6,73.7,1,8,No,Low,Yes,5,6,96.1,Visual,85.1,B
7471,20,Female,12.8,76.7,5,4,No,High,No,1,1,70.8,Reading/Writing,92.7,A
7472,26,Male,18.2,77.3,9,5,No,High,Yes,4,6,69.0,Auditory,98.2,A
7473,19,Female,17.8,65.7,1,6,Yes,High,No,5,3,57.2,Auditory,84.9,B
7474,20,Male,12.2,76.0,8,4,Yes,High,Yes,3,9,81.4,Kinesthetic,94.6,A
7475,23,Female,3.7,71.9,3,7,Yes,High,No,2,9,63.9,Auditory,65.7,C
7476,28,Female,19.4,70.7,8,5,Yes,Low,Yes,5,9,95.4,Kinesthetic,100,A
7477,26,Female,19.0,97.4,4,6,Yes,High,No,4,4,77.6,Reading/Writing,100,A
7478,21,Female,11.8,63.9,2,2,No,Low,Yes,0,1,72.0,Auditory,79.0,B
7479,24,Female,13.8,58.1,9,5,Yes,High,No,2,7,44.7,Visual,97.7,A
7480,18,Male,8.7,77.7,5,8,Yes,Low,Yes,2,6,88.3,Reading/Writing,80.5,B
7481,28,Female,12.4,88.3,3,7,No,Low,No,0,0,72.1,Auditory,83.1,B
7482,21,Male,3.2,82.6,6,5,Yes,Low,Yes,3,8,95.2,Auditory,81.5,B
7483,26,Male,2.1,88.1,4,9,Yes,High,Yes,5,0,75.1,Kinesthetic,70.6,C
7484,20,Male,3.5,64.4,5,5,Yes,Low,Yes,2,4,54.7,Reading/Writing,63.2,C
7485,30,Female,12.1,81.4,2,2,Yes,High,No,3,5,94.8,Visual,85.8,B
7486,18,Female,6.4,51.3,1,9,Yes,High,Yes,1,5,91.2,Visual,71.4,C
7487,25,Female,1.4,65.3,6,6,Yes,Low,Yes,0,8,51.7,Visual,55.7,D
7488,23,Male,7.3,64.7,9,1,Yes,High,Yes,0,5,41.5,Auditory,87.9,B
7489,19,Male,12.8,99.7,3,10,Yes,High,Yes,0,5,87.5,Reading/Writing,92.3,A
7490,28,Female,7.9,85.9,8,6,Yes,High,Yes,1,10,57.0,Reading/Writing,84.9,B
7491,21,Male,15.5,61.2,10,4,Yes,Low,No,1,4,69.6,Auditory,100,A
7492,29,Female,4.1,76.5,5,8,Yes,Low,Yes,2,3,86.1,Reading/Writing,65.1,C
7493,29,Male,3.8,65.1,1,7,Yes,High,Yes,3,10,49.3,Reading/Writing,63.5,C
7494,29,Female,14.4,54.5,5,10,No,Low,Yes,2,1,68.1,Kinesthetic,65.9,C
7495,24,Male,11.3,81.3,3,3,No,Low,No,1,0,93.6,Visual,75.1,B
7496,19,Male,6.2,86.0,6,5,Yes,Low,No,0,8,54.8,Kinesthetic,71.6,C
7497,26,Male,4.2,76.4,1,2,Yes,High,Yes,0,7,97.7,Visual,76.5,B
7498,18,Female,5.6,57.1,9,7,No,High,No,0,10,76.3,Visual,69.8,C
7499,24,Male,10.4,70.9,1,5,No,Low,No,5,8,70.7,Reading/Writing,67.8,C
7500,26,Male,3.8,83.0,1,3,Yes,High,No,0,6,84.7,Kinesthetic,76.4,B
7501,22,Female,11.6,84.1,3,10,Yes,Low,Yes,4,10,55.5,Kinesthetic,77.7,B
7502,24,Female,4.0,70.5,9,3,Yes,Low,No,2,9,77.5,Reading/Writing,77.5,B
7503,20,Female,4.3,53.1,2,9,Yes,High,Yes,0,6,88.0,Kinesthetic,59.7,D
7504,18,Male,8.8,93.8,9,5,Yes,High,No,2,0,64.0,Visual,94.7,A
7505,26,Female,10.7,60.8,1,1,No,High,Yes,1,8,60.8,Auditory,72.7,C
7506,24,Male,18.0,51.9,6,6,No,Low,Yes,5,8,97.2,Visual,84.6,B
7507,26,Female,15.0,59.4,8,10,Yes,High,No,1,7,80.4,Kinesthetic,94.8,A
7508,18,Male,6.8,58.6,3,7,No,Low,No,3,4,91.0,Reading/Writing,72.0,C
7509,27,Female,11.4,58.7,8,9,Yes,High,Yes,3,5,63.9,Visual,80.3,B
7510,27,Female,13.4,76.2,10,1,Yes,Low,No,2,6,87.3,Auditory,94.0,A
7511,22,Male,8.8,68.3,7,4,No,High,No,2,1,85.1,Reading/Writing,84.3,B
7512,18,Female,14.2,75.7,1,2,No,High,Yes,5,7,80.9,Auditory,91.1,A
7513,26,Female,17.7,89.6,4,1,No,High,No,0,0,79.2,Reading/Writing,100,A
7514,20,Female,6.4,93.1,1,5,Yes,Low,No,0,4,44.3,Reading/Writing,65.8,C
7515,22,Male,13.3,86.3,4,8,No,High,Yes,4,4,60.1,Reading/Writing,87.0,B
7516,18,Female,17.3,69.4,5,5,No,High,No,1,7,95.5,Reading/Writing,97.4,A
7517,19,Female,12.5,60.0,7,2,No,High,No,3,3,41.6,Reading/Writing,78.1,B
7518,23,Female,11.5,73.2,6,2,No,Low,No,4,6,52.2,Kinesthetic,78.2,B
7519,26,Male,19.0,86.8,5,1,Yes,High,No,3,7,54.0,Kinesthetic,100,A
7520,28,Female,18.1,53.5,2,7,No,Low,No,0,9,64.0,Reading/Writing,81.8,B
7521,19,Female,14.1,94.8,8,6,No,Low,Yes,0,8,98.4,Kinesthetic,100,A
7522,29,Female,17.1,61.6,8,2,Yes,High,No,5,1,61.7,Visual,100,A
7523,22,Female,18.5,80.2,3,3,Yes,Low,No,5,0,67.3,Reading/Writing,98.2,A
7524,18,Female,20.0,86.6,10,3,Yes,Low,Yes,0,7,92.8,Reading/Writing,100,A
7525,26,Female,10.1,71.1,7,2,No,High,No,4,4,71.7,Visual,87.6,B
7526,29,Female,3.8,86.7,2,10,No,Low,No,0,6,61.8,Kinesthetic,64.2,C
7527,25,Female,8.7,89.5,2,1,No,Low,No,4,9,54.4,Auditory,78.1,B
7528,30,Female,7.2,93.6,10,10,Yes,Low,Yes,4,3,91.7,Kinesthetic,82.7,B
7529,20,Male,4.9,91.2,5,6,No,Low,Yes,4,3,54.7,Kinesthetic,61.8,C
7530,22,Female,16.3,83.8,6,8,Yes,High,Yes,3,4,52.9,Auditory,99.1,A
7531,21,Male,6.7,78.8,5,1,No,Low,No,2,6,47.7,Auditory,73.6,C
7532,21,Male,10.4,62.0,10,8,No,High,No,0,6,89.6,Visual,80.2,B
7533,26,Male,4.5,99.5,7,4,No,High,No,3,10,66.2,Visual,87.1,B
7534,18,Female,9.1,76.9,4,6,Yes,High,Yes,1,5,67.4,Visual,75.6,B
7535,28,Female,18.2,86.1,6,3,Yes,High,Yes,0,2,67.1,Visual,100,A
7536,19,Female,8.7,50.5,6,7,No,High,Yes,2,2,61.4,Kinesthetic,68.0,C
7537,23,Female,14.5,94.1,8,9,Yes,Low,Yes,3,9,46.8,Kinesthetic,92.3,A
7538,21,Female,11.5,93.2,5,4,No,Low,No,1,1,58.4,Kinesthetic,83.4,B
7539,19,Male,15.0,97.0,3,6,No,High,No,3,0,98.0,Kinesthetic,97.4,A
7540,28,Male,7.2,67.5,1,3,Yes,Low,Yes,2,5,42.5,Visual,63.8,C
7541,26,Male,7.7,83.0,10,8,No,High,No,0,10,60.8,Visual,81.5,B
7542,24,Male,13.8,78.4,9,3,No,Low,No,0,4,42.1,Auditory,82.2,B
7543,30,Male,3.0,70.1,6,8,Yes,High,No,5,2,49.8,Reading/Writing,72.2,C
7544,30,Male,16.7,80.3,8,6,Yes,High,No,0,9,74.1,Kinesthetic,100,A
7545,24,Male,8.4,75.3,6,3,No,Low,Yes,1,7,77.9,Reading/Writing,75.5,B
7546,22,Female,12.1,64.3,3,4,Yes,Low,Yes,1,0,89.0,Auditory,76.7,B
7547,30,Female,1.0,60.8,5,8,No,High,No,5,10,92.1,Visual,62.0,C
7548,22,Female,19.1,95.0,10,9,No,High,Yes,5,9,85.4,Auditory,100,A
7549,20,Male,6.8,90.2,3,9,Yes,High,Yes,1,8,92.5,Kinesthetic,85.2,B
7550,21,Male,10.7,63.2,6,10,No,High,No,4,9,70.8,Auditory,86.3,B
7551,25,Male,14.8,79.5,4,7,No,Low,No,5,6,78.7,Kinesthetic,86.7,B
7552,29,Female,17.7,90.9,6,4,Yes,Low,Yes,5,5,86.1,Kinesthetic,100,A
7553,24,Male,16.1,89.7,7,6,No,High,Yes,3,2,51.8,Auditory,88.5,B
7554,30,Male,15.1,84.3,10,6,No,Low,Yes,1,6,88.8,Auditory,94.0,A
7555,26,Female,2.2,70.0,1,9,No,High,Yes,5,10,92.1,Auditory,61.3,C
7556,22,Male,11.4,81.8,8,9,No,High,No,3,6,78.9,Reading/Writing,95.2,A
7557,23,Male,7.0,64.6,6,10,No,High,Yes,5,10,85.3,Reading/Writing,69.2,C
7558,21,Male,17.7,81.8,1,10,Yes,High,No,0,0,68.6,Auditory,80.6,B
7559,26,Female,12.6,55.5,5,4,Yes,Low,No,2,7,54.3,Reading/Writing,79.8,B
7560,18,Female,13.4,50.5,1,9,Yes,Low,No,4,4,62.1,Reading/Writing,63.2,C
7561,18,Female,16.9,75.1,2,4,Yes,Low,No,3,9,56.8,Auditory,91.0,A
7562,30,Female,11.2,56.2,3,4,Yes,High,Yes,0,7,86.4,Kinesthetic,87.5,B
7563,24,Male,14.7,98.2,7,3,Yes,Low,No,3,2,55.4,Auditory,90.5,A
7564,29,Male,4.0,77.2,2,5,Yes,High,No,5,8,49.9,Visual,73.7,C
7565,27,Male,4.5,62.2,8,9,No,Low,Yes,5,6,75.6,Kinesthetic,62.4,C
7566,21,Male,18.1,59.5,7,1,No,High,Yes,1,4,91.8,Kinesthetic,95.7,A
7567,19,Male,8.9,78.7,8,1,Yes,Low,No,5,4,53.4,Reading/Writing,83.4,B
7568,27,Female,2.3,52.6,6,4,Yes,High,No,3,0,75.2,Reading/Writing,67.8,C
7569,29,Female,19.8,55.5,6,3,Yes,Low,Yes,0,6,89.0,Kinesthetic,100,A
7570,22,Female,5.0,71.9,3,5,Yes,Low,Yes,5,3,86.7,Visual,62.9,C
7571,21,Male,3.8,85.6,4,5,Yes,High,Yes,4,2,69.6,Reading/Writing,77.8,B
7572,21,Female,1.5,95.2,4,2,No,Low,No,3,0,60.4,Kinesthetic,61.4,C
7573,26,Male,4.0,76.4,7,1,Yes,Low,No,3,2,68.1,Visual,81.5,B
7574,24,Female,16.6,86.3,9,3,No,High,Yes,4,3,61.1,Visual,100,A
7575,19,Female,3.3,67.5,4,1,No,High,No,2,4,88.2,Visual,65.1,C
7576,23,Female,14.0,60.4,6,8,No,Low,No,5,9,97.3,Visual,78.9,B
7577,24,Male,18.9,59.8,7,7,Yes,Low,No,5,9,72.9,Kinesthetic,90.8,A
7578,22,Female,14.1,63.2,4,3,Yes,Low,Yes,3,5,82.0,Reading/Writing,89.6,B
7579,30,Male,5.3,69.9,8,9,No,Low,Yes,3,7,81.3,Auditory,65.8,C
7580,25,Male,17.1,79.5,10,9,No,High,Yes,0,10,81.3,Auditory,100,A
7581,26,Female,13.1,72.5,7,9,Yes,High,No,0,9,90.6,Reading/Writing,99.1,A
7582,28,Male,16.1,78.2,9,1,Yes,High,Yes,5,5,61.0,Reading/Writing,100,A
7583,19,Male,4.3,54.6,4,2,No,High,Yes,5,6,64.2,Visual,68.2,C
7584,24,Female,14.3,86.1,2,4,Yes,High,Yes,0,10,58.3,Kinesthetic,86.7,B
7585,26,Male,1.0,90.6,7,9,No,High,No,0,2,46.0,Kinesthetic,61.1,C
7586,19,Male,9.8,83.2,6,6,Yes,High,No,1,0,59.1,Visual,76.4,B
7587,25,Female,17.7,94.4,2,7,Yes,High,Yes,5,5,66.5,Kinesthetic,100,A
7588,27,Male,16.2,78.8,8,8,No,Low,Yes,3,2,53.8,Reading/Writing,84.2,B
7589,22,Female,17.9,97.3,6,1,Yes,High,Yes,5,2,70.6,Kinesthetic,100,A
7590,27,Female,19.6,70.4,4,9,No,High,Yes,3,0,78.3,Visual,84.9,B
7591,22,Male,10.0,92.0,7,2,No,Low,No,3,5,79.8,Visual,91.8,A
7592,24,Female,17.1,91.9,6,6,Yes,Low,No,4,7,84.4,Visual,100,A
7593,24,Male,14.8,68.3,1,8,Yes,Low,No,0,4,91.8,Reading/Writing,80.3,B
7594,18,Female,18.8,79.4,8,10,Yes,Low,No,1,3,76.1,Auditory,100,A
7595,22,Male,11.7,59.1,3,6,No,Low,Yes,0,4,55.3,Auditory,68.1,C
7596,18,Female,7.6,90.8,1,1,Yes,Low,No,5,5,93.0,Visual,78.1,B
7597,30,Female,9.3,65.6,5,6,No,High,No,0,3,60.8,Visual,66.9,C
7598,30,Female,7.3,88.2,3,4,No,High,No,4,0,99.3,Kinesthetic,85.3,B
7599,18,Female,15.4,95.2,4,5,Yes,Low,Yes,0,4,95.9,Reading/Writing,98.7,A
7600,21,Male,14.3,94.7,1,9,No,Low,Yes,1,9,59.7,Kinesthetic,84.5,B
7601,27,Female,17.4,65.8,5,5,No,Low,Yes,3,7,82.2,Kinesthetic,95.6,A
7602,21,Female,16.8,81.0,10,7,No,High,No,1,0,79.4,Auditory,95.2,A
7603,21,Female,11.6,94.8,9,9,No,Low,Yes,1,10,79.9,Visual,85.8,B
7604,30,Female,6.0,57.7,2,1,No,Low,Yes,2,1,44.2,Visual,52.5,D
7605,22,Female,10.0,90.8,4,1,No,Low,Yes,0,1,53.8,Reading/Writing,72.0,C
7606,26,Male,17.0,70.0,1,8,No,Low,Yes,3,6,62.5,Visual,82.1,B
7607,22,Female,1.2,73.5,5,2,Yes,Low,No,0,0,46.4,Visual,64.5,C
7608,24,Female,9.7,79.6,8,8,Yes,High,No,3,3,77.7,Auditory,95.5,A
7609,28,Male,4.8,76.5,7,10,No,High,No,1,3,98.0,Auditory,74.6,C
7610,29,Male,9.0,87.4,8,9,Yes,Low,No,2,9,85.1,Kinesthetic,91.8,A
7611,29,Male,7.9,63.6,5,9,No,Low,Yes,3,9,41.1,Reading/Writing,70.8,C
7612,20,Male,3.4,63.2,9,10,No,Low,No,0,9,83.7,Reading/Writing,66.2,C
7613,18,Female,5.1,88.9,6,1,No,Low,No,2,8,90.0,Reading/Writing,83.1,B
7614,21,Male,4.1,61.3,1,1,Yes,High,Yes,4,9,73.1,Kinesthetic,69.1,C
7615,23,Male,13.1,82.7,6,3,Yes,Low,Yes,1,6,70.2,Kinesthetic,93.1,A
7616,25,Female,2.2,89.5,9,1,No,High,No,1,7,48.5,Kinesthetic,81.0,B
7617,29,Female,12.2,83.9,10,10,Yes,High,Yes,1,2,50.5,Auditory,95.8,A
7618,20,Male,5.3,87.2,8,2,No,High,No,2,8,46.0,Kinesthetic,85.4,B
7619,28,Female,19.3,94.2,7,3,No,Low,No,5,5,47.8,Visual,100,A
7620,18,Female,6.5,91.6,9,4,Yes,High,No,5,6,42.7,Kinesthetic,93.7,A
7621,24,Male,10.2,52.5,8,1,Yes,Low,Yes,2,2,64.0,Auditory,82.2,B
7622,23,Female,3.8,89.2,3,3,Yes,Low,No,4,0,46.4,Auditory,72.7,C
7623,27,Female,3.8,51.3,5,7,No,Low,Yes,4,1,46.0,Kinesthetic,50.0,D
7624,18,Female,3.6,69.8,4,1,No,High,No,2,8,72.9,Reading/Writing,67.2,C
7625,30,Female,13.0,85.3,2,3,Yes,Low,Yes,0,6,62.1,Kinesthetic,88.4,B
7626,24,Male,9.6,91.4,2,2,No,High,Yes,3,6,75.8,Visual,92.9,A
7627,29,Female,10.2,93.2,7,1,Yes,Low,No,0,1,72.8,Visual,97.1,A
7628,26,Male,16.3,99.1,10,8,Yes,High,No,2,1,83.6,Kinesthetic,100,A
7629,30,Female,16.1,60.8,9,2,Yes,Low,Yes,5,5,41.0,Kinesthetic,86.3,B
7630,24,Male,5.7,58.6,5,3,Yes,High,No,0,7,72.9,Auditory,71.0,C
7631,21,Male,4.1,61.2,1,6,Yes,High,No,5,10,51.4,Auditory,63.7,C
7632,24,Female,20.0,62.0,6,1,No,High,No,0,3,90.0,Reading/Writing,100,A
7633,19,Male,6.7,92.8,7,2,Yes,Low,No,1,10,41.7,Kinesthetic,88.7,B
7634,18,Female,12.0,67.5,10,9,Yes,Low,No,5,5,89.5,Auditory,93.8,A
7635,20,Female,19.8,91.6,3,2,Yes,High,Yes,2,4,94.4,Auditory,100,A
7636,21,Female,5.2,60.1,6,2,No,Low,Yes,3,8,63.8,Kinesthetic,75.9,B
7637,29,Male,18.4,67.4,10,9,No,Low,No,3,9,67.5,Visual,96.4,A
7638,27,Male,13.8,51.7,9,5,No,High,No,2,7,67.8,Auditory,86.1,B
7639,22,Male,13.5,63.6,8,5,No,Low,Yes,3,0,62.6,Kinesthetic,74.0,C
7640,22,Female,17.2,89.1,1,5,Yes,High,Yes,5,0,86.0,Visual,98.1,A
7641,26,Male,19.1,87.7,1,6,Yes,High,No,0,9,71.7,Reading/Writing,100,A
7642,19,Male,16.9,71.5,9,1,No,High,No,5,2,69.2,Visual,100,A
7643,28,Female,9.7,72.0,8,10,No,Low,Yes,4,8,86.8,Auditory,83.2,B
7644,29,Male,4.2,83.0,6,2,No,Low,No,4,6,88.0,Visual,82.5,B
7645,20,Male,5.5,88.0,8,6,No,High,No,1,1,48.9,Auditory,68.0,C
7646,22,Female,14.6,89.1,8,7,Yes,Low,Yes,3,10,48.4,Auditory,93.3,A
7647,19,Male,18.3,81.1,3,6,Yes,Low,Yes,2,2,46.4,Reading/Writing,94.1,A
7648,23,Female,11.4,77.1,4,6,Yes,High,No,0,9,97.8,Kinesthetic,90.0,A
7649,19,Male,19.9,67.2,5,6,No,High,Yes,3,1,97.9,Reading/Writing,100,A
7650,29,Male,1.8,77.2,7,6,Yes,Low,No,5,9,46.3,Kinesthetic,71.0,C
7651,28,Male,12.9,93.6,1,4,Yes,Low,No,2,3,66.5,Reading/Writing,89.9,B
7652,29,Female,15.6,53.4,2,6,No,Low,No,4,4,68.7,Kinesthetic,70.7,C
7653,28,Female,10.6,86.4,5,1,Yes,Low,No,2,1,74.8,Auditory,85.7,B
7654,26,Male,1.1,85.4,3,4,Yes,High,Yes,2,5,45.4,Kinesthetic,69.5,C
7655,29,Female,19.1,66.1,5,6,No,Low,Yes,0,2,92.0,Kinesthetic,87.2,B
7656,21,Male,14.7,62.9,3,4,Yes,Low,Yes,2,2,69.7,Reading/Writing,79.5,B
7657,24,Female,13.2,59.6,9,3,No,Low,No,2,9,78.2,Kinesthetic,80.5,B
7658,28,Male,2.9,57.9,9,7,No,High,No,3,6,60.5,Kinesthetic,59.6,D
7659,29,Female,17.8,81.0,3,5,No,Low,Yes,3,0,84.0,Visual,85.3,B
7660,19,Male,16.5,85.3,9,2,No,High,No,4,1,43.4,Kinesthetic,100,A
7661,23,Female,4.3,57.0,3,1,No,High,No,4,7,60.0,Reading/Writing,61.2,C
7662,23,Female,7.7,55.5,5,3,No,Low,Yes,3,7,43.9,Visual,62.7,C
7663,19,Male,19.6,89.6,7,7,Yes,Low,No,3,9,66.1,Visual,100,A
7664,29,Female,11.0,57.5,1,8,No,Low,No,2,2,68.0,Kinesthetic,68.8,C
7665,25,Female,16.5,52.9,3,9,No,Low,Yes,3,2,89.3,Reading/Writing,76.6,B
7666,21,Female,15.6,80.6,5,8,No,High,No,4,10,64.2,Auditory,90.3,A
7667,27,Female,6.6,72.8,1,1,No,High,No,2,0,42.1,Auditory,57.9,D
7668,30,Male,8.6,99.7,3,3,No,High,No,4,4,67.0,Kinesthetic,82.4,B
7669,30,Female,3.0,84.6,9,10,Yes,High,Yes,4,9,58.2,Reading/Writing,78.4,B
7670,18,Male,10.0,88.1,1,4,No,High,No,3,6,66.2,Auditory,74.0,C
7671,21,Female,20.0,70.7,3,10,No,High,Yes,1,6,94.1,Visual,98.6,A
7672,30,Female,7.9,86.2,4,10,No,Low,No,0,1,78.1,Reading/Writing,74.2,C
7673,28,Male,9.8,53.2,5,10,No,Low,Yes,4,2,56.2,Visual,59.7,D
7674,26,Female,5.2,56.2,2,3,No,Low,Yes,2,7,51.3,Visual,54.4,D
7675,22,Male,3.3,99.0,2,3,Yes,High,Yes,5,8,54.6,Kinesthetic,85.0,B
7676,21,Male,9.4,63.9,1,1,Yes,High,No,1,2,70.5,Reading/Writing,71.5,C
7677,20,Male,6.5,81.6,9,8,Yes,High,No,5,3,71.4,Reading/Writing,78.2,B
7678,21,Male,17.2,52.0,3,8,Yes,High,Yes,4,1,50.8,Auditory,87.0,B
7679,20,Male,6.4,89.7,7,3,Yes,High,Yes,3,6,45.6,Auditory,78.5,B
7680,20,Male,10.6,65.9,7,8,Yes,Low,Yes,2,1,84.5,Auditory,84.9,B
7681,21,Female,6.6,55.5,2,10,Yes,Low,No,0,9,43.9,Kinesthetic,60.4,C
7682,23,Female,16.3,95.3,4,1,No,High,No,2,8,63.5,Kinesthetic,100,A
7683,24,Female,6.7,54.0,1,5,No,Low,No,0,10,51.7,Visual,57.2,D
7684,20,Female,16.2,72.7,5,5,Yes,High,Yes,4,10,55.8,Visual,100,A
7685,19,Male,3.1,97.5,5,5,Yes,Low,No,4,9,65.6,Auditory,80.5,B
7686,21,Female,4.3,96.2,6,5,No,Low,No,2,4,72.3,Visual,80.5,B
7687,19,Male,19.0,51.5,2,5,Yes,Low,No,2,8,60.8,Reading/Writing,77.6,B
7688,22,Male,2.8,64.4,10,10,Yes,Low,No,1,8,67.8,Reading/Writing,75.2,B
7689,19,Female,1.9,95.8,1,9,No,High,No,0,0,68.6,Reading/Writing,63.5,C
7690,28,Female,9.6,66.5,2,5,No,High,Yes,0,5,66.1,Kinesthetic,70.4,C
7691,28,Male,6.6,88.8,4,4,Yes,Low,Yes,1,8,92.8,Kinesthetic,80.5,B
7692,26,Female,12.2,65.2,10,5,Yes,High,Yes,0,2,80.5,Reading/Writing,92.3,A
7693,26,Male,2.8,94.3,9,10,Yes,High,No,3,2,78.8,Kinesthetic,78.7,B
7694,23,Female,15.6,62.5,3,7,Yes,High,Yes,2,7,50.6,Reading/Writing,84.1,B
7695,23,Female,15.9,92.3,2,3,Yes,High,Yes,1,4,98.0,Auditory,95.4,A
7696,29,Female,3.3,99.5,1,8,No,Low,Yes,2,0,99.4,Auditory,58.0,D
7697,21,Male,7.5,50.3,10,4,Yes,Low,No,1,2,46.1,Visual,65.2,C
7698,19,Female,3.2,96.6,6,3,No,Low,Yes,3,7,69.7,Auditory,74.6,C
7699,26,Female,4.2,79.2,10,10,No,High,Yes,5,3,89.7,Visual,76.0,B
7700,26,Female,11.6,94.2,3,3,Yes,High,Yes,5,7,99.2,Auditory,100,A
7701,20,Female,6.1,87.4,10,5,Yes,High,No,2,9,64.7,Auditory,89.5,B
7702,21,Female,13.1,99.1,1,7,No,Low,Yes,0,7,73.7,Visual,75.0,B
7703,18,Male,10.7,82.3,6,1,Yes,High,Yes,5,0,95.7,Auditory,90.6,A
7704,30,Female,9.0,80.6,7,10,No,High,Yes,1,1,83.9,Reading/Writing,83.7,B
7705,28,Female,14.5,79.6,8,2,No,High,No,4,1,41.2,Visual,95.1,A
7706,18,Male,9.9,86.3,6,8,Yes,Low,No,5,6,97.1,Reading/Writing,81.4,B
7707,25,Male,17.4,61.5,9,9,No,High,Yes,0,3,94.7,Kinesthetic,100,A
7708,23,Female,8.8,59.1,8,3,Yes,Low,No,2,1,57.2,Kinesthetic,75.3,B
7709,19,Female,15.3,92.5,6,3,Yes,Low,No,3,8,52.7,Reading/Writing,100,A
7710,25,Male,15.1,97.7,1,6,Yes,Low,Yes,5,3,43.4,Auditory,80.8,B
7711,27,Male,9.5,80.9,10,7,Yes,High,No,0,4,55.9,Auditory,95.7,A
7712,30,Female,9.4,62.9,9,4,Yes,Low,Yes,0,10,98.8,Reading/Writing,80.2,B
7713,18,Female,16.3,81.6,10,10,No,Low,No,1,1,85.5,Reading/Writing,99.5,A
7714,22,Female,2.9,59.1,2,2,Yes,Low,No,2,9,93.0,Auditory,65.8,C
7715,23,Female,4.1,67.6,8,10,Yes,Low,Yes,1,10,57.4,Auditory,65.1,C
7716,23,Male,12.2,70.1,3,3,Yes,High,Yes,2,8,43.7,Visual,88.0,B
7717,18,Male,15.9,70.0,1,7,No,High,No,5,4,42.5,Visual,77.3,B
7718,21,Female,4.4,90.7,10,1,No,Low,No,1,5,73.9,Reading/Writing,83.6,B
7719,30,Male,10.4,56.9,1,5,No,High,No,1,9,94.9,Auditory,67.9,C
7720,30,Female,19.1,95.3,7,1,No,High,Yes,0,3,71.2,Visual,100,A
7721,22,Male,5.1,89.4,6,5,No,High,No,5,5,55.6,Auditory,78.3,B
7722,20,Female,15.7,52.0,7,9,No,Low,No,2,2,81.5,Kinesthetic,88.1,B
7723,26,Female,2.4,92.7,10,10,No,Low,No,1,3,70.8,Kinesthetic,63.7,C
7724,30,Female,2.8,82.1,10,9,No,High,Yes,5,0,69.2,Kinesthetic,82.2,B
7725,21,Male,6.5,66.4,6,6,No,Low,No,0,6,52.3,Reading/Writing,65.5,C
7726,18,Male,3.8,71.1,6,5,Yes,High,No,2,8,99.7,Visual,78.4,B
7727,26,Female,10.0,90.2,3,4,Yes,Low,Yes,2,0,63.1,Visual,78.4,B
7728,25,Female,2.4,58.5,7,8,Yes,Low,No,1,5,68.8,Visual,66.8,C
7729,22,Female,1.6,91.8,10,8,Yes,High,No,5,7,81.7,Auditory,81.8,B
7730,25,Female,10.4,93.8,4,5,Yes,Low,Yes,1,1,84.1,Auditory,80.0,B
7731,26,Male,18.4,98.1,2,1,No,High,No,4,3,42.5,Reading/Writing,91.2,A
7732,21,Male,3.4,88.1,8,4,Yes,High,Yes,4,8,55.6,Auditory,76.2,B
7733,26,Female,7.5,73.8,10,3,No,High,No,1,6,67.3,Reading/Writing,90.8,A
7734,25,Female,3.3,77.5,7,4,No,High,No,4,6,46.7,Kinesthetic,73.2,C
7735,23,Female,8.0,91.8,2,1,No,High,Yes,0,0,58.8,Auditory,70.4,C
7736,26,Female,1.7,78.1,3,3,No,High,No,5,0,79.0,Kinesthetic,65.8,C
7737,28,Female,3.6,53.5,6,7,Yes,Low,Yes,4,2,43.0,Auditory,65.1,C
7738,20,Male,5.1,83.3,4,10,No,High,Yes,2,3,48.8,Visual,67.9,C
7739,28,Female,11.6,94.4,3,4,Yes,High,Yes,3,5,82.8,Auditory,90.5,A
7740,23,Male,17.3,81.2,3,6,Yes,High,Yes,4,0,43.2,Auditory,88.3,B
7741,28,Male,15.8,97.3,8,2,No,Low,Yes,0,5,92.3,Visual,100,A
7742,30,Female,18.6,80.9,8,3,Yes,High,Yes,4,1,68.9,Reading/Writing,100,A
7743,18,Female,9.2,52.9,10,2,Yes,Low,No,5,8,69.1,Kinesthetic,91.5,A
7744,22,Female,7.1,84.6,4,3,Yes,Low,No,5,9,82.4,Visual,76.1,B
7745,25,Female,1.3,68.1,4,5,No,High,No,1,9,69.6,Kinesthetic,70.5,C
7746,29,Female,7.2,50.2,10,10,No,Low,No,4,4,46.3,Kinesthetic,59.1,D
7747,24,Female,3.1,99.3,1,10,No,High,Yes,3,4,50.3,Visual,58.9,D
7748,24,Male,17.6,51.6,1,6,No,Low,No,0,7,98.2,Visual,80.8,B
7749,20,Male,8.6,51.0,7,9,Yes,Low,Yes,4,7,40.6,Auditory,75.6,B
7750,27,Female,16.6,87.9,10,3,Yes,High,No,1,6,64.6,Visual,100,A
7751,18,Female,16.2,74.9,6,6,No,High,No,3,3,44.8,Reading/Writing,89.4,B
7752,23,Female,10.8,77.4,8,5,Yes,Low,Yes,2,8,47.0,Auditory,80.4,B
7753,24,Female,15.8,72.3,10,5,No,Low,Yes,5,3,79.3,Visual,92.4,A
7754,19,Male,18.6,56.9,6,8,No,High,No,4,0,75.5,Reading/Writing,86.0,B
7755,20,Male,16.2,91.5,4,3,No,High,Yes,5,9,84.9,Kinesthetic,100,A
7756,30,Male,2.9,83.7,10,2,Yes,Low,Yes,0,1,91.0,Auditory,77.6,B
7757,29,Female,4.7,98.3,9,1,No,Low,Yes,2,1,53.0,Reading/Writing,86.2,B
7758,19,Male,19.4,54.2,9,8,Yes,Low,Yes,3,4,70.5,Visual,97.1,A
7759,21,Male,9.7,74.0,1,10,Yes,Low,Yes,2,3,87.9,Reading/Writing,79.4,B
7760,21,Female,1.2,77.5,6,3,No,High,No,2,3,67.1,Auditory,69.3,C
7761,30,Female,3.6,93.6,4,9,No,Low,Yes,2,1,57.4,Kinesthetic,55.3,D
7762,26,Female,19.4,69.3,1,2,Yes,Low,Yes,4,1,47.1,Visual,91.6,A
7763,19,Female,13.8,50.6,2,3,Yes,Low,No,2,8,60.4,Auditory,84.5,B
7764,18,Male,18.3,89.1,7,8,No,Low,Yes,5,8,80.0,Kinesthetic,100,A
7765,27,Female,9.5,83.9,1,4,Yes,Low,Yes,4,10,80.1,Auditory,85.3,B
7766,27,Male,2.1,94.1,10,6,No,Low,No,3,4,97.5,Reading/Writing,77.6,B
7767,25,Female,18.2,59.2,8,2,No,Low,Yes,1,9,55.9,Kinesthetic,86.3,B
7768,27,Male,18.7,73.4,4,1,Yes,Low,No,2,7,84.0,Reading/Writing,100,A
7769,30,Male,11.5,92.0,6,10,No,Low,No,4,1,88.8,Visual,88.6,B
7770,30,Female,7.9,82.4,5,8,Yes,Low,Yes,0,0,49.0,Reading/Writing,71.0,C
7771,30,Female,18.9,90.1,7,2,No,Low,No,2,8,60.5,Visual,99.3,A
7772,27,Male,2.0,82.2,10,3,No,High,Yes,3,4,93.8,Kinesthetic,84.8,B
7773,23,Female,10.5,92.8,4,2,No,High,No,0,10,45.3,Reading/Writing,87.0,B
7774,23,Female,14.6,62.1,3,7,No,High,Yes,2,3,87.4,Auditory,87.1,B
7775,19,Male,16.8,70.6,7,5,Yes,High,Yes,4,8,41.8,Reading/Writing,99.0,A
7776,29,Male,19.7,77.1,6,9,No,High,Yes,1,9,99.7,Auditory,100,A
7777,20,Male,14.2,98.9,2,10,Yes,Low,No,4,1,93.6,Visual,87.0,B
7778,30,Female,4.7,88.4,9,8,No,High,Yes,0,2,77.0,Visual,80.2,B
7779,22,Male,4.9,77.7,10,3,No,High,Yes,3,7,95.4,Auditory,86.1,B
7780,28,Male,18.6,52.4,2,5,No,High,No,3,10,76.2,Visual,86.6,B
7781,30,Female,3.7,54.1,10,4,Yes,Low,No,0,7,95.3,Reading/Writing,79.6,B
7782,28,Female,4.7,75.9,5,9,Yes,Low,Yes,3,2,92.5,Visual,78.0,B
7783,23,Female,1.2,97.1,9,8,No,High,No,4,10,90.8,Visual,82.8,B
7784,27,Male,17.9,99.2,6,8,Yes,High,No,4,9,54.5,Visual,100,A
7785,24,Male,18.3,96.0,5,8,Yes,Low,No,3,6,46.6,Visual,93.4,A
7786,28,Male,8.9,87.4,10,7,No,Low,Yes,4,7,41.8,Kinesthetic,86.4,B
7787,24,Female,9.9,86.9,10,7,Yes,High,No,4,7,49.1,Auditory,94.3,A
7788,19,Female,8.6,98.8,3,6,No,Low,No,5,6,91.2,Kinesthetic,85.9,B
7789,19,Male,14.5,90.4,5,9,Yes,Low,Yes,3,10,85.2,Kinesthetic,88.5,B
7790,30,Male,10.4,60.4,7,4,Yes,Low,Yes,1,10,82.9,Kinesthetic,78.9,B
7791,21,Male,14.6,80.9,1,1,Yes,High,No,0,0,54.9,Reading/Writing,89.7,B
7792,23,Male,6.0,62.1,2,1,No,High,No,4,10,42.6,Auditory,74.4,C
7793,27,Female,2.1,69.4,3,9,Yes,High,No,0,8,94.9,Kinesthetic,73.7,C
7794,30,Male,16.9,74.3,3,4,Yes,High,No,0,3,75.9,Auditory,92.7,A
7795,24,Female,19.5,58.6,8,7,No,High,No,3,4,52.6,Reading/Writing,90.9,A
7796,26,Male,9.2,64.4,7,3,Yes,High,No,2,10,57.5,Reading/Writing,79.7,B
7797,19,Male,7.3,54.6,9,1,No,Low,Yes,5,0,63.1,Visual,72.6,C
7798,22,Female,11.7,76.1,5,10,Yes,Low,Yes,5,5,69.3,Reading/Writing,77.6,B
7799,28,Female,4.1,63.6,4,8,Yes,High,No,5,5,89.2,Reading/Writing,68.5,C
7800,25,Female,11.4,81.0,10,5,Yes,Low,Yes,5,4,99.8,Kinesthetic,100,A
7801,20,Female,18.6,89.7,2,4,No,High,Yes,2,10,85.3,Auditory,96.1,A
7802,30,Female,6.4,78.0,3,2,Yes,Low,Yes,0,9,70.6,Kinesthetic,79.9,B
7803,27,Female,14.1,65.8,9,2,No,Low,No,5,2,72.2,Visual,89.8,B
7804,26,Male,9.5,84.2,10,1,Yes,Low,No,4,0,72.0,Visual,84.6,B
7805,26,Female,9.3,76.0,6,2,Yes,Low,Yes,0,2,76.8,Kinesthetic,76.4,B
7806,23,Male,4.0,95.3,10,1,Yes,High,No,5,2,97.3,Visual,89.6,B
7807,22,Male,2.7,72.5,4,6,Yes,Low,No,5,7,45.8,Visual,56.9,D
7808,26,Male,14.6,96.3,8,10,No,High,No,2,5,65.4,Kinesthetic,100,A
7809,20,Male,12.8,58.1,3,6,Yes,High,Yes,4,0,81.7,Auditory,85.3,B
7810,18,Male,5.5,78.5,8,8,Yes,Low,Yes,1,7,96.5,Kinesthetic,71.9,C
7811,18,Female,6.9,79.6,6,2,Yes,Low,No,3,10,62.7,Reading/Writing,82.5,B
7812,29,Male,13.6,57.7,9,9,Yes,High,Yes,5,2,48.6,Kinesthetic,86.6,B
7813,29,Male,13.9,88.0,2,3,No,Low,Yes,4,9,51.8,Auditory,79.5,B
7814,25,Female,3.6,94.7,10,4,Yes,Low,No,5,10,65.6,Auditory,87.7,B
7815,26,Male,1.6,53.0,1,3,Yes,Low,No,3,9,65.5,Auditory,58.1,D
7816,30,Female,5.1,53.1,6,9,No,Low,No,0,8,79.7,Kinesthetic,66.2,C
7817,29,Female,4.7,75.4,7,4,Yes,High,Yes,3,10,94.6,Kinesthetic,80.0,B
7818,18,Male,11.8,71.1,10,9,No,Low,No,3,3,62.0,Kinesthetic,81.2,B
7819,19,Male,6.1,95.2,9,3,Yes,Low,No,1,8,56.1,Reading/Writing,90.1,A
7820,26,Female,17.0,75.9,6,5,Yes,Low,Yes,4,9,54.0,Auditory,91.7,A
7821,24,Female,11.3,86.9,8,9,Yes,High,No,4,1,53.7,Visual,84.0,B
7822,19,Female,4.8,85.7,2,7,No,High,Yes,5,3,52.4,Visual,68.3,C
7823,24,Female,14.3,93.1,4,3,No,Low,No,5,1,42.0,Reading/Writing,78.7,B
7824,25,Female,19.6,58.9,5,9,No,Low,Yes,0,3,54.9,Reading/Writing,81.1,B
7825,23,Male,15.5,88.4,4,5,Yes,High,No,4,8,76.2,Visual,100,A
7826,27,Male,5.8,99.9,2,5,No,High,Yes,0,9,73.9,Kinesthetic,81.0,B
7827,29,Female,6.6,76.1,1,9,No,High,No,0,2,96.6,Visual,67.2,C
7828,29,Male,7.1,75.9,8,3,No,Low,No,0,0,89.1,Reading/Writing,79.9,B
7829,27,Male,17.5,74.3,4,9,Yes,Low,No,2,5,79.5,Kinesthetic,94.7,A
7830,22,Female,3.8,86.4,10,5,No,High,Yes,1,2,64.1,Visual,86.0,B
7831,19,Male,17.5,81.5,10,8,Yes,Low,No,2,1,85.4,Kinesthetic,100,A
7832,18,Male,17.8,83.6,3,3,No,Low,Yes,4,10,70.3,Auditory,90.1,A
7833,21,Male,12.8,64.9,5,9,No,Low,Yes,2,2,85.3,Visual,68.7,C
7834,23,Female,13.7,81.2,8,5,No,Low,Yes,5,2,48.5,Reading/Writing,84.6,B
7835,29,Female,13.0,87.0,10,5,No,High,Yes,4,1,41.5,Reading/Writing,99.5,A
7836,23,Male,16.1,66.5,9,1,No,High,Yes,1,8,64.1,Auditory,96.8,A
7837,20,Female,1.8,90.2,9,3,Yes,Low,No,1,2,94.5,Auditory,75.5,B
7838,18,Female,1.5,50.4,10,9,No,High,No,5,8,79.7,Visual,65.5,C
7839,29,Male,9.0,89.6,5,2,No,Low,No,5,2,79.6,Kinesthetic,87.5,B
7840,27,Male,5.8,52.3,10,3,Yes,Low,No,2,4,77.3,Visual,79.1,B
7841,24,Male,12.3,60.1,10,4,Yes,Low,No,1,3,61.1,Reading/Writing,93.2,A
7842,25,Female,4.6,77.7,9,4,No,High,No,0,8,41.7,Reading/Writing,72.4,C
7843,25,Female,12.7,80.9,8,2,No,High,No,2,10,91.3,Visual,94.9,A
7844,25,Female,2.7,71.2,6,5,No,High,Yes,4,8,67.8,Kinesthetic,76.8,B
7845,24,Male,6.0,70.7,2,7,No,High,Yes,5,8,67.9,Auditory,72.3,C
7846,18,Male,18.7,79.5,2,8,Yes,Low,No,1,0,48.3,Visual,87.5,B
7847,29,Female,18.7,56.8,2,5,No,High,No,0,10,55.8,Auditory,93.3,A
7848,25,Female,19.1,89.3,8,10,Yes,Low,No,1,10,53.4,Visual,100,A
7849,30,Female,7.9,75.5,10,1,No,Low,Yes,4,10,55.9,Auditory,86.2,B
7850,25,Male,4.2,77.0,5,9,No,High,No,0,3,68.2,Reading/Writing,61.9,C
7851,26,Female,11.6,93.2,9,10,Yes,High,No,1,5,74.6,Auditory,90.8,A
7852,30,Female,16.1,93.4,8,7,No,Low,Yes,4,6,91.5,Reading/Writing,100,A
7853,30,Female,14.8,97.7,1,10,Yes,High,Yes,5,7,87.1,Visual,89.2,B
7854,18,Male,14.4,97.0,2,8,Yes,Low,No,4,10,50.4,Reading/Writing,83.1,B
7855,30,Male,9.5,59.6,5,1,Yes,Low,No,1,2,44.8,Visual,77.3,B
7856,21,Female,7.3,63.1,6,1,No,Low,Yes,2,3,48.9,Kinesthetic,66.4,C
7857,27,Female,1.7,57.1,8,9,Yes,High,Yes,1,8,92.3,Visual,63.4,C
7858,27,Male,9.7,82.7,3,2,Yes,High,No,5,4,81.0,Visual,87.9,B
7859,26,Male,13.8,91.2,8,4,Yes,Low,No,5,5,48.5,Kinesthetic,90.9,A
7860,30,Female,12.4,84.1,3,10,Yes,Low,No,5,7,65.7,Kinesthetic,87.7,B
7861,20,Female,3.8,92.6,5,9,No,High,Yes,5,2,89.2,Auditory,68.4,C
7862,23,Female,18.7,86.5,5,2,No,Low,No,4,6,60.3,Visual,100,A
7863,21,Female,4.6,56.7,8,6,No,High,Yes,2,1,74.3,Reading/Writing,69.4,C
7864,21,Male,15.8,95.7,3,5,No,Low,No,5,3,86.5,Auditory,92.5,A
7865,19,Female,12.7,52.3,9,9,Yes,High,Yes,2,5,46.2,Visual,81.9,B
7866,30,Female,4.7,53.7,2,5,No,Low,No,2,8,47.9,Kinesthetic,60.2,C
7867,26,Male,5.8,95.8,9,4,Yes,Low,No,4,4,73.9,Auditory,93.6,A
7868,30,Male,17.8,91.2,3,3,No,Low,No,2,4,82.6,Visual,96.2,A
7869,26,Male,5.7,73.1,10,4,Yes,Low,No,4,10,79.5,Reading/Writing,80.9,B
7870,30,Male,6.3,53.0,6,7,No,High,No,5,4,90.9,Kinesthetic,74.9,C
7871,26,Male,3.7,94.7,4,4,Yes,High,Yes,2,5,64.7,Visual,86.5,B
7872,25,Female,11.5,78.0,10,7,Yes,High,No,1,6,93.4,Reading/Writing,99.0,A
7873,25,Male,16.8,74.6,7,8,No,Low,Yes,4,2,45.8,Visual,80.6,B
7874,28,Female,8.0,93.7,1,1,Yes,Low,No,0,2,44.0,Visual,70.3,C
7875,19,Female,15.0,96.5,1,1,No,Low,No,3,2,83.9,Kinesthetic,87.7,B
7876,18,Female,16.7,91.5,8,4,No,Low,Yes,1,8,88.6,Auditory,95.4,A
7877,20,Female,18.6,69.3,1,4,No,High,No,5,6,50.0,Visual,89.7,B
7878,21,Male,6.0,71.9,9,9,No,Low,No,3,4,88.0,Kinesthetic,76.6,B
7879,26,Female,2.0,51.4,4,4,No,Low,Yes,0,10,71.9,Visual,51.6,D
7880,20,Female,8.7,54.9,2,7,Yes,Low,Yes,4,3,51.2,Visual,61.8,C
7881,23,Male,8.9,84.0,1,8,Yes,Low,No,1,0,89.3,Kinesthetic,76.6,B
7882,30,Female,19.5,68.1,7,5,No,Low,No,0,0,92.2,Kinesthetic,90.8,A
7883,26,Male,10.5,90.5,6,1,No,Low,Yes,3,3,80.0,Auditory,81.7,B
7884,21,Female,18.0,90.4,2,9,Yes,High,No,3,9,99.8,Kinesthetic,100,A
7885,22,Male,14.3,86.0,9,3,No,High,Yes,0,8,81.7,Visual,100,A
7886,24,Female,9.1,89.0,7,9,Yes,High,Yes,4,3,56.2,Reading/Writing,82.5,B
7887,20,Male,15.6,55.6,5,6,No,High,No,3,7,42.8,Auditory,77.1,B
7888,30,Female,7.4,50.1,8,4,Yes,Low,Yes,4,6,83.5,Auditory,78.8,B
7889,18,Male,3.3,97.6,2,10,Yes,High,Yes,4,2,65.7,Auditory,73.2,C
7890,18,Male,10.6,94.3,4,6,No,High,Yes,1,4,74.6,Visual,93.2,A
7891,24,Female,1.9,71.4,10,4,No,Low,No,1,5,46.9,Reading/Writing,64.4,C
7892,19,Male,8.1,83.0,9,10,No,High,Yes,4,6,58.0,Auditory,84.9,B
7893,19,Female,7.2,77.5,1,8,Yes,High,No,5,3,80.6,Auditory,74.7,C
7894,24,Male,11.0,87.1,4,9,Yes,High,No,5,2,63.6,Reading/Writing,89.3,B
7895,21,Male,10.2,58.1,4,6,Yes,Low,Yes,3,8,52.8,Kinesthetic,64.6,C
7896,28,Male,4.6,97.0,1,2,Yes,High,Yes,1,6,95.5,Visual,76.7,B
7897,24,Female,13.8,76.7,8,7,No,Low,No,1,10,84.2,Visual,96.2,A
7898,27,Female,3.5,71.8,2,3,No,Low,Yes,3,6,72.7,Auditory,57.7,D
7899,24,Male,19.5,92.6,7,10,Yes,High,No,3,9,46.6,Visual,100,A
7900,24,Male,7.4,54.2,10,5,No,Low,Yes,1,0,49.3,Visual,66.4,C
7901,27,Male,19.1,52.3,5,8,No,Low,No,3,2,65.0,Visual,81.8,B
7902,27,Female,12.9,65.7,5,3,Yes,High,No,0,2,90.6,Auditory,88.3,B
7903,18,Male,15.4,69.9,4,4,Yes,High,Yes,2,8,77.1,Visual,95.1,A
7904,25,Male,3.5,82.6,7,3,Yes,High,No,4,10,85.6,Visual,85.7,B
7905,26,Female,15.3,95.7,8,2,No,High,No,3,1,98.5,Auditory,100,A
7906,18,Male,8.6,93.2,9,5,No,High,No,3,0,53.4,Reading/Writing,93.7,A
7907,30,Male,13.4,62.6,1,4,Yes,Low,No,5,10,70.5,Visual,80.6,B
7908,30,Male,12.0,63.1,1,10,No,High,No,0,9,41.9,Visual,72.2,C
7909,26,Female,18.4,57.3,10,2,Yes,High,No,4,10,85.2,Reading/Writing,100,A
7910,18,Male,18.6,54.9,10,2,No,Low,No,3,9,40.2,Visual,87.0,B
7911,19,Male,4.9,91.3,3,6,No,Low,No,4,6,45.1,Auditory,72.9,C
7912,24,Female,14.7,71.6,9,1,Yes,High,No,5,4,87.4,Reading/Writing,100,A
7913,30,Female,18.1,80.8,8,8,No,High,Yes,3,5,60.2,Reading/Writing,98.1,A
7914,28,Female,2.3,58.1,7,3,Yes,High,No,1,10,63.8,Kinesthetic,79.4,B
7915,21,Female,11.3,77.0,5,3,Yes,Low,No,5,3,70.0,Reading/Writing,91.8,A
7916,22,Male,18.8,61.1,1,6,Yes,Low,Yes,3,5,46.6,Auditory,78.4,B
7917,22,Male,3.5,83.0,8,7,Yes,High,No,2,4,60.0,Auditory,75.6,B
7918,18,Female,19.0,80.3,9,5,Yes,High,No,4,8,58.8,Visual,100,A
7919,21,Female,11.1,72.2,7,5,Yes,Low,Yes,2,1,82.2,Kinesthetic,77.5,B
7920,25,Female,16.0,96.8,7,10,No,High,No,5,6,57.6,Auditory,97.3,A
7921,30,Male,9.5,61.7,5,5,No,High,No,4,0,100.0,Reading/Writing,78.9,B
7922,22,Male,8.6,72.4,2,5,Yes,Low,No,5,6,70.9,Auditory,71.4,C
7923,29,Female,6.3,67.2,1,8,Yes,High,Yes,1,2,77.9,Auditory,63.6,C
7924,25,Male,12.3,99.1,4,6,No,High,No,0,6,50.0,Visual,88.6,B
7925,22,Female,6.3,50.5,9,4,No,High,No,2,0,79.3,Visual,76.7,B
7926,24,Female,1.2,93.7,7,1,Yes,Low,Yes,1,0,77.5,Kinesthetic,78.7,B
7927,19,Male,7.2,75.4,1,1,No,High,No,0,3,86.8,Reading/Writing,81.5,B
7928,20,Male,6.0,80.4,10,6,Yes,High,No,1,1,70.6,Kinesthetic,78.7,B
7929,25,Male,15.3,52.7,3,7,No,Low,No,0,7,99.3,Reading/Writing,78.6,B
7930,19,Male,6.9,51.4,9,2,No,High,No,2,4,66.1,Kinesthetic,81.9,B
7931,23,Female,11.4,83.0,6,10,No,Low,No,3,9,68.8,Visual,75.4,B
7932,30,Female,13.9,80.1,7,4,Yes,High,No,0,10,67.2,Reading/Writing,90.7,A
7933,27,Male,10.9,69.3,9,7,No,High,Yes,2,3,87.4,Reading/Writing,90.7,A
7934,25,Male,19.8,63.1,2,7,No,High,Yes,5,7,57.8,Auditory,96.9,A
7935,22,Female,19.0,86.7,10,2,No,Low,Yes,5,5,60.2,Visual,100,A
7936,21,Male,11.6,78.5,2,10,No,Low,Yes,1,8,92.8,Reading/Writing,71.9,C
7937,26,Male,17.2,87.1,10,10,No,Low,No,4,4,43.6,Visual,86.9,B
7938,20,Male,10.3,53.6,6,3,Yes,Low,Yes,0,8,57.9,Visual,83.3,B
7939,26,Female,13.1,74.0,6,6,Yes,High,Yes,2,10,82.3,Kinesthetic,92.8,A
7940,21,Female,4.2,92.6,8,2,Yes,High,No,5,6,64.4,Visual,88.3,B
7941,22,Male,4.8,79.1,7,2,Yes,High,No,4,7,40.0,Auditory,83.6,B
7942,18,Male,14.7,76.0,1,7,No,Low,Yes,4,10,50.6,Visual,74.5,C
7943,27,Male,1.6,52.0,1,6,No,High,Yes,5,7,65.8,Visual,53.1,D
7944,21,Female,4.8,66.8,6,4,No,High,No,3,6,61.8,Visual,77.9,B
7945,20,Female,1.3,71.4,6,1,Yes,High,No,4,8,85.7,Auditory,79.9,B
7946,28,Male,16.5,82.5,7,2,No,High,No,0,8,45.5,Kinesthetic,92.2,A
7947,30,Male,14.3,50.6,8,8,No,Low,No,1,7,98.3,Reading/Writing,84.4,B
7948,30,Male,17.3,94.1,8,7,Yes,Low,No,0,6,58.5,Visual,97.4,A
7949,22,Female,15.7,97.0,1,9,Yes,High,No,0,7,45.6,Auditory,94.7,A
7950,23,Female,2.2,58.8,2,9,Yes,Low,Yes,3,5,53.5,Kinesthetic,48.0,F
7951,22,Male,4.2,87.0,8,5,No,High,Yes,3,3,43.5,Visual,68.2,C
7952,28,Female,8.4,71.4,2,2,Yes,Low,Yes,1,2,41.1,Visual,64.7,C
7953,29,Male,5.2,69.0,2,7,No,Low,No,1,8,75.1,Auditory,66.1,C
7954,18,Male,4.6,89.5,7,6,No,High,Yes,0,3,59.8,Reading/Writing,70.7,C
7955,24,Female,18.2,68.1,3,1,Yes,Low,Yes,5,10,52.6,Reading/Writing,92.5,A
7956,26,Male,10.8,79.3,6,3,Yes,High,No,5,5,87.1,Auditory,90.1,A
7957,25,Female,17.8,96.8,8,1,No,Low,Yes,0,4,75.3,Reading/Writing,100,A
7958,26,Female,18.2,68.4,5,10,Yes,High,Yes,3,6,59.7,Reading/Writing,85.9,B
7959,21,Female,1.1,57.8,6,9,No,Low,Yes,2,1,90.9,Auditory,57.2,D
7960,18,Female,11.1,71.1,4,5,Yes,High,Yes,5,5,98.1,Reading/Writing,85.5,B
7961,18,Female,10.0,57.2,8,2,Yes,Low,Yes,1,5,82.0,Visual,75.8,B
7962,21,Female,3.2,59.7,1,10,Yes,Low,Yes,5,6,72.4,Reading/Writing,57.1,D
7963,25,Male,5.7,56.3,3,10,Yes,High,No,5,9,49.7,Auditory,64.8,C
7964,27,Female,17.6,87.2,8,2,No,Low,Yes,1,2,97.1,Kinesthetic,99.6,A
7965,18,Male,1.2,71.4,4,4,No,Low,Yes,5,3,56.0,Visual,63.6,C
7966,27,Male,10.5,73.8,7,9,No,High,Yes,5,5,85.7,Reading/Writing,92.2,A
7967,20,Male,13.1,70.6,4,8,Yes,High,No,5,6,70.4,Reading/Writing,85.8,B
7968,20,Male,19.2,78.6,3,3,Yes,High,Yes,2,4,81.8,Kinesthetic,100,A
7969,26,Male,13.2,85.1,1,7,Yes,Low,Yes,5,4,47.7,Visual,84.9,B
7970,19,Male,12.5,94.4,10,7,Yes,Low,No,0,4,88.5,Kinesthetic,100,A
7971,30,Male,18.1,76.7,5,3,Yes,High,No,0,5,42.8,Kinesthetic,93.2,A
7972,21,Male,6.9,77.7,5,10,Yes,High,No,4,5,81.0,Kinesthetic,83.5,B
7973,28,Male,16.0,76.7,6,5,Yes,Low,No,5,1,54.5,Auditory,94.4,A
7974,22,Male,2.6,82.5,8,3,Yes,Low,Yes,1,10,67.2,Reading/Writing,72.9,C
7975,22,Male,1.8,96.0,7,2,No,High,Yes,2,2,57.8,Reading/Writing,78.9,B
7976,20,Male,10.7,58.9,7,2,No,Low,Yes,5,4,55.1,Visual,80.9,B
7977,22,Male,2.3,98.5,7,3,Yes,Low,Yes,2,8,91.5,Kinesthetic,81.5,B
7978,20,Female,12.2,95.2,3,3,No,High,Yes,1,5,87.4,Visual,94.8,A
7979,27,Female,16.0,79.0,2,4,Yes,Low,No,3,7,75.7,Reading/Writing,90.8,A
7980,26,Male,10.2,53.6,4,5,Yes,High,Yes,0,8,65.7,Visual,85.4,B
7981,28,Male,16.7,87.1,4,8,Yes,Low,No,5,9,44.3,Auditory,87.0,B
7982,23,Male,6.2,71.6,5,5,No,Low,No,3,0,66.0,Auditory,64.1,C
7983,24,Male,10.4,60.1,9,6,Yes,High,Yes,0,3,49.1,Kinesthetic,75.2,B
7984,29,Male,12.5,96.3,5,3,Yes,High,Yes,0,6,74.1,Reading/Writing,100,A
7985,21,Female,1.9,70.3,8,1,Yes,Low,Yes,4,0,56.5,Reading/Writing,61.3,C
7986,19,Male,19.0,67.7,1,2,No,High,Yes,5,9,67.7,Visual,96.2,A
7987,24,Female,17.8,92.9,10,9,No,High,Yes,2,3,48.6,Visual,100,A
7988,27,Male,14.0,88.2,8,4,Yes,High,No,1,5,49.7,Kinesthetic,100,A
7989,26,Male,1.6,78.2,3,2,Yes,Low,No,3,9,63.8,Reading/Writing,69.0,C
7990,20,Female,13.0,93.8,2,9,Yes,High,No,1,5,82.4,Reading/Writing,89.5,B
7991,27,Male,5.9,88.0,6,3,No,Low,Yes,2,0,79.0,Kinesthetic,80.8,B
7992,22,Female,1.7,67.2,6,10,No,High,Yes,4,4,61.7,Reading/Writing,64.2,C
7993,30,Male,13.4,64.9,2,4,No,Low,Yes,1,5,67.7,Kinesthetic,72.2,C
7994,18,Female,18.8,90.5,5,10,No,Low,Yes,2,5,49.1,Auditory,90.3,A
7995,22,Male,1.3,58.8,3,6,No,High,Yes,1,0,72.3,Kinesthetic,50.3,D
7996,22,Male,2.0,85.7,7,5,No,High,Yes,4,6,71.3,Visual,72.3,C
7997,24,Male,14.2,90.5,1,7,Yes,Low,No,3,3,91.3,Reading/Writing,92.0,A
7998,24,Male,19.7,77.5,6,9,No,High,Yes,2,2,44.2,Reading/Writing,90.9,A
7999,23,Female,14.5,65.4,6,8,Yes,Low,No,1,7,84.7,Reading/Writing,84.0,B
8000,30,Female,15.2,87.6,7,5,No,Low,Yes,0,9,57.9,Visual,97.3,A
8001,19,Male,18.1,69.8,6,9,Yes,High,Yes,5,2,64.0,Reading/Writing,91.3,A
8002,25,Female,14.2,91.8,6,7,No,High,Yes,0,0,57.4,Auditory,93.7,A
8003,24,Female,13.7,92.3,1,3,Yes,High,Yes,2,0,95.5,Kinesthetic,88.9,B
8004,20,Female,15.5,84.7,5,4,No,High,No,1,0,85.4,Auditory,96.9,A
8005,20,Male,9.9,74.6,9,6,Yes,High,Yes,5,8,80.1,Auditory,94.3,A
8006,20,Female,5.5,53.8,1,2,No,Low,No,1,4,56.3,Visual,58.7,D
8007,29,Female,4.7,92.3,9,8,Yes,High,No,1,4,80.5,Visual,82.7,B
8008,20,Female,15.6,72.5,10,10,Yes,High,Yes,1,10,68.7,Kinesthetic,100,A
8009,25,Female,4.5,72.2,7,6,No,Low,Yes,0,0,62.3,Reading/Writing,56.8,D
8010,25,Female,3.4,76.6,10,8,Yes,Low,Yes,2,4,59.1,Visual,79.9,B
8011,22,Male,13.0,81.6,4,8,Yes,Low,Yes,4,10,73.1,Auditory,95.2,A
8012,30,Female,10.5,74.5,6,5,No,High,No,1,1,77.1,Auditory,77.0,B
8013,27,Male,16.9,68.8,1,7,No,High,No,2,10,74.8,Reading/Writing,87.4,B
8014,24,Female,8.2,91.8,4,3,No,Low,No,3,1,53.3,Visual,77.2,B
8015,30,Male,1.2,84.0,5,8,No,Low,Yes,5,3,88.7,Auditory,58.7,D
8016,19,Female,2.4,52.4,7,6,Yes,High,No,2,10,69.5,Kinesthetic,70.5,C
8017,29,Female,14.9,50.4,4,9,Yes,Low,No,5,4,62.0,Visual,74.8,C
8018,20,Female,4.2,99.7,2,7,Yes,Low,Yes,5,7,79.0,Kinesthetic,71.8,C
8019,25,Female,17.5,55.3,1,9,No,Low,Yes,4,0,40.2,Reading/Writing,63.3,C
8020,22,Male,2.7,84.4,5,1,Yes,High,Yes,0,1,43.7,Kinesthetic,73.9,C
8021,19,Male,7.5,63.6,9,8,Yes,Low,Yes,5,0,43.7,Kinesthetic,68.8,C
8022,23,Female,6.2,73.9,8,8,Yes,Low,Yes,0,4,71.9,Visual,81.9,B
8023,25,Male,1.6,71.4,8,4,Yes,High,Yes,1,0,67.2,Visual,63.9,C
8024,20,Male,19.3,64.6,10,3,Yes,High,No,3,6,92.3,Reading/Writing,100,A
8025,29,Female,10.5,66.3,7,4,No,Low,No,1,0,74.5,Reading/Writing,73.7,C
8026,26,Female,10.1,70.2,6,1,Yes,Low,Yes,0,6,91.0,Visual,81.8,B
8027,25,Male,18.5,50.6,1,1,Yes,Low,No,2,8,80.4,Kinesthetic,96.4,A
8028,27,Female,8.7,99.6,2,9,No,Low,No,4,9,40.1,Kinesthetic,64.4,C
8029,27,Female,17.1,51.4,10,2,No,High,Yes,1,8,47.7,Kinesthetic,90.3,A
8030,22,Female,12.1,62.0,10,9,Yes,Low,No,2,2,71.1,Visual,81.2,B
8031,29,Male,11.9,95.3,6,8,No,High,No,0,10,40.3,Kinesthetic,87.5,B
8032,22,Male,8.4,51.5,5,3,Yes,High,Yes,2,10,45.9,Auditory,80.0,B
8033,18,Female,2.1,79.8,3,1,No,Low,No,0,10,42.3,Reading/Writing,60.6,C
8034,25,Male,8.1,58.6,6,4,Yes,Low,No,4,7,56.9,Reading/Writing,75.1,B
8035,30,Male,17.7,56.8,1,6,No,High,Yes,0,2,50.4,Visual,73.4,C
8036,22,Male,10.3,57.9,10,4,No,High,Yes,3,8,44.9,Visual,89.7,B
8037,18,Female,6.4,75.1,7,8,No,Low,No,1,5,59.4,Kinesthetic,76.1,B
8038,24,Male,9.2,89.5,3,2,Yes,High,Yes,5,10,44.2,Auditory,92.2,A
8039,29,Female,10.0,99.4,5,10,Yes,High,No,4,9,75.7,Visual,99.8,A
8040,28,Female,9.1,88.9,3,9,No,Low,Yes,3,10,66.9,Visual,71.4,C
8041,29,Male,7.8,75.5,6,1,No,Low,Yes,0,6,51.9,Reading/Writing,66.8,C
8042,27,Male,14.1,85.1,1,3,Yes,Low,No,5,3,42.9,Kinesthetic,82.3,B
8043,29,Male,18.5,99.5,6,10,Yes,Low,Yes,5,4,92.9,Auditory,100,A
8044,20,Female,12.1,86.6,2,2,No,Low,Yes,5,7,65.0,Visual,77.9,B
8045,22,Female,10.9,89.9,5,8,No,High,No,1,5,84.7,Visual,91.3,A
8046,18,Female,4.9,77.9,9,10,No,Low,No,1,3,42.6,Auditory,72.7,C
8047,25,Male,16.8,92.1,2,4,Yes,High,Yes,1,9,73.8,Reading/Writing,97.6,A
8048,19,Female,14.4,81.0,1,9,Yes,High,No,3,1,51.0,Reading/Writing,79.4,B
8049,28,Male,5.8,56.3,6,4,Yes,High,No,5,5,67.1,Kinesthetic,74.1,C
8050,22,Female,4.9,97.1,4,6,Yes,High,Yes,0,8,94.6,Auditory,88.6,B
8051,23,Male,19.4,60.5,8,4,No,Low,Yes,5,1,73.9,Visual,89.0,B
8052,28,Male,13.7,62.2,1,10,Yes,Low,No,2,10,72.7,Kinesthetic,75.7,B
8053,20,Female,1.7,52.3,3,8,Yes,Low,Yes,4,6,57.2,Auditory,46.0,F
8054,27,Male,17.2,83.4,9,7,Yes,Low,Yes,3,5,82.2,Visual,100,A
8055,30,Female,4.9,70.6,3,5,No,Low,Yes,0,1,84.3,Visual,68.4,C
8056,25,Female,14.3,67.1,10,4,No,Low,Yes,2,1,77.6,Auditory,83.3,B
8057,26,Male,9.6,82.7,2,3,No,High,Yes,4,1,87.2,Visual,85.4,B
8058,21,Female,2.2,62.5,7,4,Yes,Low,Yes,3,3,84.5,Auditory,61.3,C
8059,23,Male,12.3,95.0,2,1,No,High,No,2,9,73.8,Kinesthetic,93.4,A
8060,24,Female,1.3,57.6,9,10,Yes,High,No,0,5,71.3,Auditory,62.3,C
8061,25,Female,13.2,61.1,8,5,Yes,Low,Yes,4,10,98.5,Visual,100,A
8062,23,Male,13.6,79.7,2,7,No,Low,Yes,5,7,67.4,Auditory,76.5,B
8063,25,Male,9.8,88.2,1,10,No,Low,No,5,0,72.9,Kinesthetic,73.0,C
8064,19,Female,19.9,82.8,4,4,Yes,High,Yes,4,9,43.7,Visual,98.7,A
8065,23,Male,14.2,53.9,7,2,Yes,Low,No,1,1,92.9,Auditory,87.5,B
8066,20,Female,1.5,54.1,10,6,No,High,Yes,4,0,43.5,Kinesthetic,65.8,C
8067,29,Male,16.3,66.2,7,1,Yes,High,No,1,8,95.4,Kinesthetic,100,A
8068,30,Female,18.3,88.3,10,8,No,High,No,4,5,63.9,Reading/Writing,100,A
8069,24,Female,13.0,88.8,4,7,No,Low,No,4,7,78.1,Auditory,90.6,A
8070,25,Female,18.3,59.4,3,1,Yes,High,No,0,3,63.3,Kinesthetic,88.5,B
8071,21,Male,14.1,78.0,9,4,Yes,High,No,1,9,97.5,Visual,100,A
8072,29,Female,5.5,75.6,1,6,Yes,Low,Yes,4,9,89.0,Kinesthetic,77.6,B
8073,20,Male,12.1,93.7,5,2,Yes,Low,Yes,0,5,94.2,Reading/Writing,91.3,A
8074,23,Male,8.8,89.0,4,1,No,Low,Yes,0,10,98.0,Visual,83.5,B
8075,25,Female,13.1,59.1,4,6,Yes,High,No,2,6,93.3,Kinesthetic,82.2,B
8076,18,Male,9.3,87.8,5,1,No,Low,No,1,7,68.5,Visual,88.7,B
8077,21,Female,18.7,96.8,6,3,No,High,Yes,4,2,50.2,Visual,100,A
8078,27,Female,18.9,76.4,3,5,Yes,Low,Yes,5,9,67.9,Visual,100,A
8079,26,Female,3.8,55.7,2,1,Yes,Low,No,3,1,52.9,Kinesthetic,62.8,C
8080,27,Female,4.3,62.4,8,4,No,High,No,3,4,62.7,Kinesthetic,73.0,C
8081,23,Female,5.3,51.2,8,9,No,High,No,1,1,71.0,Kinesthetic,64.5,C
8082,25,Male,11.9,88.6,4,10,Yes,Low,Yes,4,7,70.4,Reading/Writing,82.7,B
8083,25,Female,14.8,80.2,4,2,Yes,Low,No,0,2,61.7,Kinesthetic,83.7,B
8084,21,Male,5.7,50.8,5,3,Yes,High,Yes,2,9,75.3,Kinesthetic,75.2,B
8085,29,Male,15.5,72.6,1,3,No,High,No,4,3,44.9,Auditory,84.3,B
8086,20,Male,16.2,52.3,1,8,No,High,No,2,3,67.7,Auditory,75.4,B
8087,25,Female,5.7,93.5,8,3,No,High,No,1,2,63.5,Reading/Writing,87.0,B
8088,23,Female,9.6,58.0,8,4,Yes,Low,Yes,1,5,93.8,Visual,91.0,A
8089,27,Male,15.1,78.4,7,2,No,Low,Yes,1,6,69.8,Kinesthetic,91.6,A
8090,28,Female,4.2,75.2,4,4,Yes,High,No,3,2,40.5,Visual,67.3,C
8091,23,Male,8.3,82.5,3,10,No,High,No,2,2,62.2,Kinesthetic,63.6,C
8092,30,Female,11.3,70.3,3,5,Yes,Low,No,0,2,92.8,Kinesthetic,73.6,C
8093,23,Male,14.8,53.7,4,4,No,Low,No,2,2,68.6,Visual,71.8,C
8094,26,Male,2.1,67.5,7,8,No,Low,No,4,5,98.0,Auditory,71.9,C
8095,25,Female,19.4,97.0,3,3,No,High,No,1,0,61.3,Kinesthetic,100,A
8096,21,Male,3.9,55.4,3,1,Yes,High,Yes,4,0,85.7,Kinesthetic,77.6,B
8097,19,Male,2.8,91.9,9,3,No,Low,Yes,3,6,75.1,Reading/Writing,74.5,C
8098,27,Female,5.5,91.5,6,6,Yes,Low,No,5,6,73.9,Kinesthetic,77.4,B
8099,18,Male,5.2,58.2,5,6,Yes,Low,Yes,5,7,46.9,Kinesthetic,66.2,C
8100,26,Female,8.6,82.2,6,3,No,High,No,2,0,49.1,Reading/Writing,77.7,B
8101,18,Female,1.5,65.8,10,1,No,High,No,0,5,88.7,Visual,83.2,B
8102,22,Female,10.1,84.8,8,5,Yes,High,No,0,3,48.2,Kinesthetic,83.0,B
8103,24,Male,19.7,88.8,2,4,Yes,Low,No,3,10,64.1,Visual,99.7,A
8104,24,Male,14.6,77.8,3,5,No,High,Yes,2,3,96.5,Reading/Writing,90.3,A
8105,19,Male,10.5,69.1,10,10,Yes,Low,Yes,1,2,57.0,Visual,85.1,B
8106,30,Male,5.7,77.8,2,5,No,High,No,0,3,69.0,Reading/Writing,73.4,C
8107,21,Male,1.4,86.0,6,3,Yes,High,Yes,3,3,68.1,Auditory,80.6,B
8108,24,Male,2.2,90.3,9,4,No,High,No,5,6,52.0,Visual,85.1,B
8109,19,Female,9.1,62.3,8,7,Yes,High,No,5,0,72.2,Kinesthetic,81.8,B
8110,23,Male,9.1,88.4,7,6,No,Low,Yes,4,8,62.0,Auditory,89.9,B
8111,20,Female,15.7,72.1,4,2,No,Low,No,3,1,67.3,Kinesthetic,88.1,B
8112,22,Female,12.8,78.9,10,9,Yes,High,No,0,3,56.2,Reading/Writing,89.2,B
8113,24,Male,10.1,92.3,7,2,Yes,High,No,0,5,86.2,Auditory,93.3,A
8114,27,Female,10.2,99.2,5,4,Yes,Low,Yes,0,2,86.1,Auditory,82.4,B
8115,18,Female,2.6,76.9,7,5,No,Low,Yes,5,4,51.9,Reading/Writing,70.0,C
8116,28,Male,15.3,57.8,7,1,Yes,High,No,3,4,60.6,Reading/Writing,99.2,A
8117,27,Male,10.7,79.7,9,7,No,Low,No,5,10,66.2,Reading/Writing,80.2,B
8118,26,Female,12.9,55.2,8,1,Yes,High,Yes,3,7,40.6,Reading/Writing,89.4,B
8119,28,Male,17.7,53.3,7,6,No,Low,Yes,5,0,91.5,Visual,85.2,B
8120,20,Male,16.3,55.8,10,7,No,Low,No,5,1,82.1,Kinesthetic,85.6,B
8121,26,Female,7.0,64.7,2,8,No,Low,Yes,0,1,48.4,Auditory,52.2,D
8122,29,Male,6.9,93.0,6,8,Yes,High,Yes,2,0,80.4,Auditory,84.0,B
8123,23,Male,8.9,80.2,3,3,No,High,No,2,7,47.1,Visual,76.3,B
8124,20,Female,12.0,73.8,5,7,No,High,No,2,10,68.2,Visual,81.3,B
8125,22,Male,19.8,70.1,3,1,No,High,Yes,0,5,56.1,Visual,100,A
8126,23,Male,3.9,95.5,8,7,Yes,High,Yes,1,5,54.2,Visual,81.5,B
8127,22,Male,2.7,81.7,10,1,Yes,Low,Yes,0,1,96.9,Visual,84.1,B
8128,25,Male,10.0,68.7,6,1,Yes,Low,No,2,9,50.9,Kinesthetic,89.7,B
8129,22,Female,2.0,95.2,2,4,Yes,High,No,2,2,50.2,Visual,66.9,C
8130,30,Female,5.6,88.8,5,2,No,High,No,4,10,89.1,Kinesthetic,79.3,B
8131,23,Male,7.6,89.9,7,7,Yes,High,Yes,1,5,56.6,Visual,91.7,A
8132,20,Female,7.3,74.2,10,5,No,Low,Yes,1,0,85.7,Auditory,80.6,B
8133,21,Female,5.4,62.0,8,4,No,High,Yes,5,9,65.0,Reading/Writing,75.2,B
8134,18,Female,10.8,60.2,10,10,No,Low,No,3,1,91.3,Auditory,73.5,C
8135,27,Male,3.9,70.5,4,4,Yes,Low,Yes,3,8,77.4,Auditory,77.8,B
8136,19,Male,15.8,75.4,6,6,No,Low,Yes,2,8,74.1,Reading/Writing,91.7,A
8137,23,Male,6.1,54.9,5,2,Yes,Low,No,1,6,62.0,Kinesthetic,71.7,C
8138,24,Male,2.4,68.7,8,9,Yes,High,Yes,4,9,83.7,Reading/Writing,69.5,C
8139,18,Female,12.8,70.3,5,2,Yes,Low,No,0,3,92.8,Kinesthetic,81.9,B
8140,30,Male,7.7,95.2,2,3,Yes,Low,No,2,8,43.3,Auditory,80.3,B
8141,19,Female,18.8,94.8,9,9,Yes,Low,No,2,2,92.8,Auditory,100,A
8142,25,Male,8.2,63.5,2,6,Yes,Low,Yes,4,7,71.9,Reading/Writing,63.7,C
8143,26,Female,18.2,71.4,7,9,No,High,Yes,2,7,73.2,Kinesthetic,93.1,A
8144,29,Male,17.2,88.1,8,7,Yes,Low,Yes,1,2,96.6,Visual,100,A
8145,30,Male,3.9,90.0,10,4,Yes,High,No,2,6,40.2,Auditory,86.3,B
8146,24,Male,12.3,95.7,4,4,No,Low,No,5,5,76.3,Auditory,95.4,A
8147,22,Male,4.0,82.1,1,6,No,Low,No,1,2,79.7,Reading/Writing,58.2,D
8148,25,Male,9.4,57.4,8,3,No,High,No,5,7,53.7,Visual,85.7,B
8149,21,Female,9.4,65.5,3,7,No,High,Yes,4,2,49.9,Reading/Writing,68.9,C
8150,28,Female,16.6,72.5,9,3,Yes,High,Yes,5,7,89.1,Reading/Writing,100,A
8151,22,Female,16.0,78.6,7,6,Yes,High,Yes,3,5,55.2,Reading/Writing,98.1,A
8152,18,Male,19.8,97.8,5,9,No,Low,No,0,0,57.5,Auditory,88.6,B
8153,29,Female,15.2,57.5,7,5,No,Low,Yes,0,3,62.4,Reading/Writing,74.4,C
8154,29,Female,7.9,81.6,3,1,Yes,High,Yes,0,4,93.8,Visual,84.8,B
8155,25,Female,5.1,98.7,5,4,Yes,High,No,2,6,65.4,Visual,79.7,B
8156,28,Female,5.0,89.4,9,7,No,High,No,4,0,77.6,Reading/Writing,81.0,B
8157,22,Male,16.2,84.5,7,10,No,Low,Yes,5,1,52.4,Auditory,92.1,A
8158,18,Male,4.3,59.5,4,3,No,Low,Yes,0,1,53.7,Auditory,63.4,C
8159,29,Female,13.2,86.6,3,9,No,Low,Yes,5,9,68.6,Kinesthetic,78.4,B
8160,20,Male,7.4,99.6,10,2,Yes,Low,No,1,2,62.9,Auditory,85.6,B
8161,24,Female,7.7,67.1,6,6,No,Low,Yes,1,5,45.4,Reading/Writing,63.2,C
8162,19,Female,3.0,77.6,7,6,Yes,Low,No,2,9,63.2,Visual,66.6,C
8163,26,Male,4.0,86.6,6,7,No,Low,No,3,8,74.3,Kinesthetic,70.5,C
8164,19,Male,8.5,95.2,1,9,Yes,Low,Yes,5,7,49.6,Reading/Writing,75.1,B
8165,18,Female,8.0,51.8,10,10,No,Low,No,0,9,84.1,Visual,72.1,C
8166,18,Female,5.6,87.8,1,3,Yes,Low,Yes,5,7,53.5,Kinesthetic,78.0,B
8167,20,Male,5.7,50.3,7,6,No,Low,Yes,5,5,46.8,Reading/Writing,59.0,D
8168,22,Male,9.4,65.4,8,9,Yes,Low,Yes,1,9,79.8,Reading/Writing,79.8,B
8169,30,Female,2.5,68.1,4,4,Yes,Low,Yes,4,0,75.6,Reading/Writing,61.2,C
8170,27,Female,18.7,77.3,2,9,Yes,Low,No,3,9,50.3,Auditory,92.3,A
8171,25,Male,18.7,50.6,7,4,Yes,Low,Yes,5,2,62.8,Visual,94.8,A
8172,21,Female,18.3,66.5,1,5,No,Low,Yes,1,2,78.0,Kinesthetic,89.1,B
8173,19,Female,18.6,87.6,4,9,Yes,High,No,1,9,74.3,Auditory,100,A
8174,28,Male,19.7,50.6,3,5,No,Low,No,4,3,56.7,Reading/Writing,79.7,B
8175,29,Male,5.1,61.0,1,10,No,High,Yes,0,1,50.0,Auditory,51.0,D
8176,25,Female,18.8,52.5,5,4,No,Low,Yes,0,0,56.8,Visual,88.2,B
8177,30,Male,7.4,71.1,3,5,No,Low,No,3,9,95.9,Reading/Writing,73.3,C
8178,26,Female,12.1,57.8,2,9,Yes,High,No,0,2,41.8,Auditory,62.7,C
8179,22,Female,12.7,72.8,9,9,No,High,No,3,8,69.3,Reading/Writing,87.0,B
8180,29,Female,12.5,97.6,5,2,No,High,No,0,3,94.8,Auditory,90.0,A
8181,23,Female,4.2,81.9,7,7,Yes,High,Yes,1,8,67.0,Auditory,71.7,C
8182,22,Female,5.9,93.5,2,7,Yes,Low,Yes,4,1,53.6,Kinesthetic,69.3,C
8183,23,Male,2.6,62.1,4,5,No,Low,Yes,5,10,79.0,Reading/Writing,61.8,C
8184,22,Female,11.2,93.9,3,9,Yes,High,No,5,8,52.5,Visual,88.7,B
8185,20,Male,9.0,54.1,3,10,No,High,No,1,3,63.8,Auditory,66.4,C
8186,21,Male,12.3,60.6,8,3,Yes,Low,No,3,2,63.5,Visual,83.7,B
8187,23,Male,10.7,94.5,9,4,No,High,No,4,1,46.6,Auditory,84.4,B
8188,27,Female,11.0,76.8,3,5,No,High,Yes,0,7,54.1,Reading/Writing,85.3,B
8189,19,Male,14.0,80.1,7,4,No,High,No,2,7,72.9,Visual,90.6,A
8190,18,Male,18.9,60.6,9,2,No,High,No,0,10,73.0,Visual,95.6,A
8191,21,Female,11.2,53.4,4,3,Yes,High,Yes,1,1,96.4,Visual,80.3,B
8192,18,Male,9.2,63.0,9,6,No,High,No,5,3,70.3,Visual,75.5,B
8193,25,Male,4.5,84.2,9,8,Yes,Low,Yes,4,10,71.5,Kinesthetic,76.1,B
8194,22,Female,1.7,60.7,4,6,Yes,High,Yes,1,3,48.1,Reading/Writing,53.8,D
8195,19,Female,8.2,89.2,7,6,No,High,No,2,2,63.1,Auditory,88.0,B
8196,23,Male,9.5,77.3,5,9,Yes,High,No,2,5,53.7,Kinesthetic,81.9,B
8197,23,Male,13.8,80.7,9,5,No,High,Yes,2,10,83.1,Reading/Writing,100,A
8198,21,Male,12.4,50.1,4,8,Yes,High,No,5,2,80.2,Kinesthetic,79.6,B
8199,30,Male,16.8,92.1,8,9,Yes,High,Yes,0,7,75.1,Kinesthetic,100,A
8200,23,Female,4.2,96.0,4,1,No,Low,Yes,0,9,92.2,Auditory,72.7,C
8201,25,Male,16.0,93.4,3,4,No,High,Yes,5,1,73.0,Kinesthetic,100,A
8202,23,Male,10.1,58.6,1,1,No,High,No,2,10,45.6,Visual,65.3,C
8203,22,Female,13.6,99.2,3,7,Yes,Low,No,5,7,48.1,Kinesthetic,81.7,B
8204,30,Female,13.3,75.2,7,2,Yes,High,Yes,0,10,76.1,Visual,100,A
8205,27,Male,7.0,89.0,1,9,Yes,Low,No,0,0,72.4,Reading/Writing,63.8,C
8206,19,Female,8.8,95.2,9,4,Yes,Low,Yes,0,10,68.4,Visual,85.0,B
8207,25,Male,4.0,71.9,2,2,Yes,Low,Yes,5,3,94.4,Auditory,70.3,C
8208,27,Female,9.5,51.3,6,10,Yes,Low,Yes,3,6,46.4,Visual,59.8,D
8209,19,Female,14.9,62.0,10,2,No,High,No,1,2,94.3,Visual,100,A
8210,25,Female,11.9,77.9,4,5,No,Low,Yes,1,8,41.4,Reading/Writing,83.2,B
8211,23,Male,2.6,68.3,9,10,Yes,High,No,4,0,56.3,Visual,76.6,B
8212,24,Female,16.0,92.6,10,10,Yes,High,Yes,0,4,83.5,Kinesthetic,100,A
8213,22,Female,8.4,96.0,7,9,Yes,High,No,5,8,85.0,Visual,92.5,A
8214,30,Female,18.1,62.2,10,4,Yes,High,No,4,9,56.3,Auditory,100,A
8215,19,Male,9.1,67.6,7,10,No,Low,Yes,4,3,64.6,Kinesthetic,75.4,B
8216,23,Male,17.2,97.1,4,1,No,Low,No,3,4,40.9,Reading/Writing,87.5,B
8217,27,Male,5.7,85.3,3,7,No,Low,Yes,4,3,76.5,Reading/Writing,71.6,C
8218,26,Male,2.7,56.4,1,7,Yes,High,Yes,2,8,75.7,Reading/Writing,61.0,C
8219,26,Male,6.8,59.7,3,7,Yes,High,Yes,1,8,40.1,Kinesthetic,61.5,C
8220,18,Male,17.5,69.7,8,8,Yes,High,No,0,0,98.9,Kinesthetic,100,A
8221,21,Female,5.2,51.4,2,2,No,Low,Yes,2,6,90.5,Visual,69.8,C
8222,24,Female,5.2,95.9,6,5,Yes,High,Yes,2,10,54.4,Kinesthetic,80.2,B
8223,18,Female,15.4,86.8,1,3,Yes,Low,No,1,3,91.2,Reading/Writing,83.6,B
8224,29,Female,16.2,68.8,4,4,Yes,High,Yes,4,3,40.2,Auditory,88.3,B
8225,18,Female,10.9,87.0,5,5,Yes,Low,Yes,3,3,69.1,Kinesthetic,92.6,A
8226,30,Male,14.7,71.7,2,4,No,High,No,1,1,62.6,Reading/Writing,75.0,B
8227,18,Female,1.2,83.6,6,5,No,High,No,2,8,44.4,Auditory,68.9,C
8228,23,Male,7.2,69.0,5,2,No,Low,No,4,3,93.3,Auditory,80.3,B
8229,28,Female,8.6,77.4,5,9,Yes,High,Yes,4,3,76.7,Kinesthetic,87.0,B
8230,29,Female,6.8,95.1,6,10,Yes,High,No,4,2,55.3,Reading/Writing,82.2,B
8231,26,Female,6.4,86.2,5,6,Yes,Low,Yes,3,10,61.4,Auditory,70.4,C
8232,26,Female,6.4,56.7,5,1,No,Low,Yes,1,1,92.2,Visual,65.2,C
8233,21,Female,16.7,94.4,5,8,No,Low,No,0,5,51.1,Reading/Writing,87.2,B
8234,20,Female,6.0,53.1,10,6,No,Low,Yes,4,3,79.0,Kinesthetic,72.9,C
8235,27,Female,6.0,87.4,2,9,No,High,Yes,4,10,58.3,Auditory,65.6,C
8236,29,Female,17.6,60.3,5,7,No,High,No,3,4,93.9,Reading/Writing,97.4,A
8237,25,Female,13.3,58.0,4,3,No,High,Yes,2,6,68.8,Visual,80.7,B
8238,25,Female,16.4,75.3,4,4,Yes,High,Yes,4,7,68.6,Reading/Writing,100,A
8239,25,Female,2.4,93.9,1,8,No,High,Yes,3,10,73.5,Auditory,74.2,C
8240,30,Male,11.8,65.4,9,9,No,Low,Yes,3,3,63.8,Kinesthetic,74.0,C
8241,19,Female,9.0,92.2,1,7,No,Low,No,2,9,88.2,Reading/Writing,75.7,B
8242,19,Female,1.6,58.3,3,7,Yes,High,No,5,6,49.5,Auditory,59.7,D
8243,30,Female,4.1,90.8,3,3,Yes,Low,Yes,5,10,62.6,Auditory,76.3,B
8244,23,Male,6.5,96.8,7,9,Yes,High,No,2,7,94.7,Visual,85.5,B
8245,22,Female,6.9,93.1,3,2,Yes,High,Yes,3,8,74.0,Reading/Writing,90.9,A
8246,30,Female,14.0,68.4,6,8,Yes,Low,No,5,4,65.5,Kinesthetic,81.1,B
8247,24,Male,2.7,59.2,8,2,Yes,Low,Yes,2,2,48.3,Visual,58.5,D
8248,23,Female,13.1,55.9,7,2,No,High,No,1,10,73.2,Reading/Writing,84.2,B
8249,22,Female,7.9,95.4,6,9,Yes,High,No,5,2,57.7,Auditory,79.9,B
8250,23,Male,7.9,97.1,4,4,No,High,No,3,9,84.6,Visual,84.2,B
8251,29,Female,4.5,93.4,8,2,No,Low,No,4,0,93.4,Kinesthetic,83.3,B
8252,21,Female,1.9,68.1,4,4,No,High,No,4,6,55.4,Kinesthetic,56.1,D
8253,26,Male,7.6,60.6,10,10,Yes,Low,No,1,4,70.7,Auditory,82.5,B
8254,27,Male,2.9,79.3,5,10,No,High,Yes,5,0,61.1,Kinesthetic,56.7,D
8255,21,Female,18.8,75.4,2,10,No,High,No,2,3,90.4,Visual,84.5,B
8256,27,Female,3.3,77.7,5,9,Yes,High,No,3,10,67.1,Reading/Writing,74.0,C
8257,23,Male,5.8,92.6,8,6,No,High,Yes,4,10,96.2,Kinesthetic,86.1,B
8258,21,Male,5.7,74.8,4,1,Yes,Low,No,4,2,64.4,Auditory,66.3,C
8259,28,Male,5.1,52.7,7,5,Yes,High,No,3,3,69.5,Visual,75.7,B
8260,22,Female,19.3,87.0,7,2,No,High,No,3,1,54.9,Kinesthetic,97.7,A
8261,19,Male,13.6,86.2,7,9,No,Low,Yes,2,8,58.7,Auditory,84.9,B
8262,19,Male,9.4,96.5,6,7,No,High,No,0,4,86.2,Visual,90.7,A
8263,25,Female,14.2,70.3,6,10,Yes,Low,Yes,1,4,59.0,Kinesthetic,88.5,B
8264,21,Male,15.6,89.1,5,6,Yes,High,Yes,0,5,71.0,Reading/Writing,99.8,A
8265,19,Male,4.3,88.1,10,3,Yes,Low,Yes,2,6,48.2,Reading/Writing,80.3,B
8266,24,Male,13.6,56.8,10,9,No,High,Yes,0,7,48.8,Kinesthetic,77.7,B
8267,22,Female,7.1,83.6,4,6,No,Low,No,0,8,50.7,Kinesthetic,66.4,C
8268,28,Male,18.5,89.9,9,4,No,Low,No,5,7,57.9,Auditory,100,A
8269,21,Female,7.6,76.0,9,3,Yes,High,No,1,6,64.3,Visual,88.6,B
8270,18,Male,19.2,82.0,2,9,No,Low,Yes,1,3,74.6,Kinesthetic,93.6,A
8271,23,Female,19.5,60.7,8,2,No,Low,Yes,3,8,40.2,Visual,100,A
8272,21,Male,6.3,80.0,6,10,Yes,Low,No,3,2,75.7,Auditory,78.3,B
8273,19,Female,3.3,72.0,5,4,Yes,Low,Yes,3,8,54.4,Auditory,72.2,C
8274,23,Male,18.8,50.4,2,10,Yes,High,No,4,9,43.3,Reading/Writing,77.4,B
8275,30,Female,14.1,77.3,5,4,No,High,No,0,7,47.8,Reading/Writing,84.7,B
8276,24,Female,17.4,83.8,9,8,No,Low,No,3,2,53.5,Auditory,90.9,A
8277,27,Male,2.6,90.5,8,4,Yes,High,Yes,0,1,64.3,Reading/Writing,79.6,B
8278,22,Male,8.9,82.2,4,4,No,Low,Yes,3,5,45.7,Auditory,71.4,C
8279,26,Male,13.2,74.0,1,3,No,Low,No,2,9,71.1,Auditory,85.1,B
8280,29,Male,1.7,88.3,1,9,Yes,High,No,3,9,63.0,Kinesthetic,59.3,D
8281,24,Male,6.3,54.6,2,1,No,High,Yes,5,1,47.3,Reading/Writing,67.9,C
8282,30,Female,2.4,98.5,7,6,Yes,Low,Yes,0,2,85.6,Reading/Writing,76.7,B
8283,27,Female,13.0,93.1,4,1,No,Low,Yes,0,8,72.4,Visual,92.8,A
8284,26,Male,18.3,76.3,1,8,No,High,No,4,2,74.0,Kinesthetic,85.7,B
8285,22,Female,3.1,63.3,3,7,No,High,Yes,1,0,68.2,Visual,54.9,D
8286,23,Male,8.2,72.4,9,9,No,High,No,5,4,46.0,Visual,74.3,C
8287,25,Male,6.5,66.7,3,9,No,High,Yes,2,0,44.4,Visual,57.8,D
8288,27,Male,19.6,78.6,9,3,Yes,Low,No,3,9,56.9,Kinesthetic,98.8,A
8289,20,Male,5.2,52.6,7,5,Yes,High,Yes,5,5,66.9,Reading/Writing,78.1,B
8290,19,Male,18.8,84.2,4,5,No,Low,Yes,2,1,70.1,Kinesthetic,85.4,B
8291,30,Male,7.2,56.4,7,9,Yes,High,Yes,5,2,84.3,Reading/Writing,71.4,C
8292,21,Male,15.7,93.1,3,3,Yes,High,No,2,9,56.8,Reading/Writing,100,A
8293,26,Female,13.7,81.5,7,9,No,High,Yes,1,3,75.1,Reading/Writing,94.1,A
8294,18,Male,20.0,94.8,4,3,No,Low,Yes,3,6,70.1,Reading/Writing,100,A
8295,26,Female,17.3,91.3,8,4,No,Low,Yes,3,6,82.4,Reading/Writing,100,A
8296,19,Male,9.7,51.5,10,10,No,Low,Yes,2,2,96.7,Kinesthetic,71.0,C
8297,22,Female,16.3,65.2,5,9,Yes,Low,Yes,2,9,90.8,Visual,84.5,B
8298,30,Female,4.5,89.2,2,3,Yes,High,No,4,2,62.8,Kinesthetic,72.6,C
8299,28,Male,8.4,98.1,5,5,No,Low,Yes,2,7,63.5,Kinesthetic,85.9,B
8300,19,Male,12.3,77.7,10,7,No,Low,No,2,9,43.6,Visual,83.7,B
8301,21,Female,11.5,61.1,1,8,Yes,Low,No,4,8,60.3,Auditory,75.7,B
8302,24,Male,7.0,75.5,5,2,No,High,Yes,0,5,68.6,Kinesthetic,80.0,B
8303,30,Male,14.8,85.3,9,10,Yes,High,No,2,7,90.3,Reading/Writing,97.9,A
8304,27,Female,6.0,74.4,2,9,Yes,High,Yes,3,2,82.0,Reading/Writing,79.2,B
8305,26,Female,13.2,70.4,3,10,Yes,Low,No,4,0,44.2,Auditory,79.3,B
8306,30,Male,6.1,52.3,8,5,Yes,High,No,1,10,54.6,Reading/Writing,77.0,B
8307,22,Female,8.6,98.0,4,1,No,High,No,2,8,93.9,Reading/Writing,86.1,B
8308,24,Male,18.0,62.4,9,8,No,Low,Yes,1,8,83.6,Auditory,88.1,B
8309,27,Female,9.1,78.7,2,1,No,Low,Yes,0,8,77.7,Visual,75.5,B
8310,26,Female,17.1,94.2,9,2,No,High,Yes,3,2,78.6,Kinesthetic,100,A
8311,24,Male,5.3,68.2,5,1,Yes,Low,No,3,6,98.6,Auditory,76.4,B
8312,18,Male,15.5,93.5,3,1,Yes,Low,Yes,3,4,49.2,Visual,85.3,B
8313,20,Female,13.5,78.6,2,9,No,Low,No,0,8,64.8,Auditory,82.1,B
8314,19,Female,14.3,60.6,9,8,Yes,Low,No,3,9,53.8,Auditory,81.7,B
8315,20,Female,12.0,55.0,6,8,No,Low,Yes,3,9,49.5,Reading/Writing,70.0,C
8316,29,Male,3.8,78.8,2,6,Yes,Low,Yes,1,10,45.6,Visual,57.0,D
8317,25,Female,3.0,71.4,2,8,Yes,High,No,5,5,40.4,Auditory,56.4,D
8318,29,Female,12.6,52.7,2,5,No,Low,Yes,1,2,66.5,Auditory,74.8,C
8319,28,Male,19.6,55.5,9,1,Yes,Low,Yes,0,9,63.5,Kinesthetic,100,A
8320,25,Male,8.6,82.2,2,6,No,High,Yes,0,10,40.5,Kinesthetic,73.0,C
8321,24,Female,1.1,69.6,9,1,No,High,Yes,3,4,84.7,Visual,73.9,C
8322,21,Male,8.3,75.6,9,1,No,Low,Yes,5,3,68.6,Reading/Writing,83.8,B
8323,24,Female,5.1,83.4,8,5,No,High,Yes,2,10,64.1,Kinesthetic,80.9,B
8324,29,Male,2.8,66.8,3,9,Yes,High,No,2,4,74.7,Visual,62.5,C
8325,22,Female,17.7,60.6,2,9,Yes,Low,No,2,6,99.2,Auditory,93.4,A
8326,23,Female,10.3,87.5,2,6,No,Low,Yes,4,7,76.9,Auditory,77.9,B
8327,26,Female,18.9,96.3,4,6,No,Low,Yes,0,5,94.2,Kinesthetic,96.2,A
8328,21,Female,14.4,64.3,4,4,No,High,Yes,4,1,57.9,Reading/Writing,79.5,B
8329,21,Female,10.8,97.7,1,8,Yes,High,No,1,1,71.0,Reading/Writing,79.4,B
8330,18,Male,3.9,96.4,8,8,No,High,Yes,2,3,81.7,Visual,78.3,B
8331,20,Male,16.3,64.1,9,4,Yes,Low,Yes,3,8,67.6,Visual,92.0,A
8332,21,Female,4.9,81.6,6,9,No,High,Yes,2,6,92.1,Kinesthetic,72.2,C
8333,27,Male,17.9,99.7,6,5,Yes,High,Yes,4,9,80.9,Kinesthetic,100,A
8334,30,Female,10.0,63.9,4,5,Yes,High,No,5,5,53.2,Visual,78.9,B
8335,25,Male,2.1,63.4,2,8,No,Low,No,2,9,92.2,Visual,61.2,C
8336,21,Female,14.7,87.7,3,3,Yes,Low,Yes,0,7,50.9,Visual,89.5,B
8337,27,Male,20.0,50.6,5,8,No,High,Yes,5,7,77.1,Reading/Writing,90.1,A
8338,30,Male,16.7,70.7,7,1,No,High,Yes,5,3,64.3,Kinesthetic,100,A
8339,20,Female,15.5,51.6,2,2,No,High,No,5,3,63.8,Kinesthetic,83.8,B
8340,26,Female,14.1,55.4,5,4,Yes,Low,No,5,4,84.7,Kinesthetic,90.2,A
8341,18,Male,9.3,57.6,6,10,Yes,Low,No,5,2,60.4,Reading/Writing,78.1,B
8342,18,Female,13.0,88.5,6,9,No,Low,Yes,2,6,73.5,Auditory,86.2,B
8343,20,Female,6.3,76.9,1,7,No,Low,Yes,0,10,92.8,Kinesthetic,68.7,C
8344,30,Female,18.0,85.3,1,8,No,Low,Yes,4,0,45.5,Visual,80.7,B
8345,25,Female,12.1,90.6,10,6,No,High,No,4,4,45.6,Kinesthetic,89.6,B
8346,26,Female,8.4,66.8,8,3,Yes,High,No,0,5,77.5,Auditory,89.5,B
8347,23,Male,18.5,74.8,7,4,Yes,Low,Yes,1,8,53.4,Visual,100,A
8348,25,Male,3.2,98.3,7,6,No,High,Yes,2,0,96.8,Kinesthetic,79.9,B
8349,18,Female,2.0,78.9,10,9,Yes,Low,No,5,7,57.2,Kinesthetic,70.5,C
8350,21,Female,8.3,99.4,10,1,Yes,High,Yes,4,8,54.4,Reading/Writing,100,A
8351,26,Female,10.5,71.3,9,9,Yes,Low,No,3,2,77.2,Reading/Writing,87.2,B
8352,28,Female,4.3,53.6,1,5,Yes,High,Yes,0,3,45.3,Visual,58.4,D
8353,24,Female,6.5,77.0,3,3,Yes,High,No,0,3,48.4,Auditory,73.6,C
8354,26,Male,5.1,53.4,3,3,Yes,Low,No,1,1,70.3,Auditory,64.2,C
8355,21,Male,15.3,51.4,4,4,No,High,Yes,2,6,44.1,Reading/Writing,76.3,B
8356,28,Male,19.6,66.8,6,8,No,High,Yes,4,7,85.6,Reading/Writing,91.8,A
8357,22,Female,10.6,50.3,8,2,Yes,High,Yes,0,5,51.5,Auditory,89.9,B
8358,24,Female,14.2,82.6,2,3,No,Low,No,0,5,41.4,Visual,85.5,B
8359,18,Male,8.6,78.3,5,2,Yes,High,Yes,2,7,59.8,Auditory,85.4,B
8360,29,Male,10.9,55.4,4,6,No,High,Yes,3,4,81.6,Reading/Writing,82.0,B
8361,26,Female,4.7,71.1,9,8,No,Low,Yes,0,4,51.0,Auditory,64.2,C
8362,27,Female,9.3,78.8,7,6,No,High,No,4,0,87.4,Kinesthetic,77.4,B
8363,24,Female,18.0,91.0,6,7,No,Low,Yes,2,3,79.2,Kinesthetic,90.2,A
8364,30,Male,14.9,55.9,3,2,No,High,Yes,3,0,41.6,Visual,75.1,B
8365,18,Male,7.4,58.2,10,1,No,Low,No,3,2,99.1,Kinesthetic,76.7,B
8366,23,Male,16.2,95.8,8,7,No,High,Yes,2,2,98.5,Visual,100,A
8367,30,Female,9.2,56.7,7,2,Yes,High,Yes,4,7,58.8,Auditory,83.0,B
8368,20,Male,11.7,97.2,1,5,Yes,Low,No,4,3,51.4,Kinesthetic,84.6,B
8369,29,Male,18.3,68.6,8,2,Yes,Low,Yes,4,9,53.0,Auditory,100,A
8370,28,Male,12.1,63.9,5,3,No,High,Yes,4,2,68.3,Auditory,83.7,B
8371,30,Male,11.0,87.1,1,6,Yes,High,Yes,1,1,92.0,Visual,89.5,B
8372,25,Male,11.3,68.6,2,8,No,Low,Yes,3,10,46.6,Auditory,70.3,C
8373,26,Male,15.5,83.1,3,6,No,Low,Yes,4,6,78.0,Reading/Writing,79.7,B
8374,30,Female,19.8,78.4,4,3,Yes,High,No,0,1,47.8,Kinesthetic,95.1,A
8375,18,Female,11.3,63.7,6,2,No,Low,No,5,3,53.1,Visual,72.0,C
8376,27,Male,12.5,59.0,6,7,No,Low,No,3,0,58.7,Kinesthetic,69.5,C
8377,18,Female,7.8,70.5,4,7,Yes,High,No,3,6,68.4,Visual,75.8,B
8378,20,Male,14.2,78.1,3,7,Yes,Low,No,1,6,78.6,Kinesthetic,91.9,A
8379,24,Male,14.6,80.6,5,3,Yes,Low,No,0,8,90.2,Auditory,99.5,A
8380,24,Female,9.3,91.4,3,10,No,Low,No,2,7,71.4,Reading/Writing,79.3,B
8381,26,Female,16.2,73.1,8,10,Yes,Low,No,4,1,84.1,Auditory,87.9,B
8382,20,Male,18.8,78.9,1,7,No,Low,Yes,0,8,86.3,Visual,86.1,B
8383,20,Female,1.2,64.1,10,7,No,Low,Yes,3,3,76.3,Kinesthetic,58.9,D
8384,27,Female,13.6,72.1,10,2,Yes,High,No,3,4,59.7,Reading/Writing,98.5,A
8385,30,Female,2.2,57.8,10,4,Yes,Low,No,4,0,78.7,Kinesthetic,71.9,C
8386,19,Female,11.6,50.4,8,5,No,Low,Yes,4,10,46.8,Auditory,82.2,B
8387,24,Female,3.5,50.4,6,8,No,Low,No,5,0,54.5,Kinesthetic,55.8,D
8388,27,Female,18.4,87.4,2,8,No,Low,Yes,5,9,40.9,Kinesthetic,85.9,B
8389,23,Male,6.4,74.3,4,4,No,High,Yes,5,5,82.4,Reading/Writing,78.4,B
8390,19,Female,12.1,71.6,7,10,No,Low,Yes,5,1,95.0,Reading/Writing,74.2,C
8391,22,Male,5.2,69.8,10,10,No,High,No,4,2,92.0,Auditory,75.3,B
8392,26,Female,6.5,60.4,8,2,No,High,No,3,5,91.8,Reading/Writing,80.3,B
8393,27,Female,7.7,60.9,5,7,Yes,Low,Yes,3,10,93.7,Reading/Writing,83.0,B
8394,28,Male,17.2,61.8,5,3,Yes,High,Yes,1,4,81.4,Kinesthetic,100,A
8395,25,Male,19.0,71.8,5,1,No,High,No,2,3,61.1,Auditory,100,A
8396,28,Male,16.9,69.0,8,2,Yes,High,No,0,7,59.4,Kinesthetic,100,A
8397,26,Male,5.1,88.4,6,9,Yes,Low,No,0,1,96.9,Visual,76.9,B
8398,28,Female,19.6,55.5,2,4,No,High,No,1,10,88.6,Kinesthetic,94.4,A
8399,19,Male,10.0,55.3,10,7,No,Low,Yes,3,2,40.7,Auditory,75.0,B
8400,29,Female,1.6,96.3,8,9,No,Low,Yes,5,5,90.5,Kinesthetic,66.6,C
8401,28,Female,19.8,60.6,5,3,Yes,High,Yes,3,0,96.9,Reading/Writing,100,A
8402,29,Male,2.7,86.7,8,7,Yes,Low,Yes,5,0,43.5,Kinesthetic,66.4,C
8403,29,Female,16.9,99.2,4,1,Yes,Low,Yes,5,9,74.3,Auditory,99.8,A
8404,18,Male,2.3,79.3,4,10,Yes,High,Yes,1,2,47.2,Visual,67.9,C
8405,22,Male,18.5,85.8,4,4,Yes,High,Yes,0,2,49.7,Auditory,100,A
8406,26,Male,9.8,60.3,8,8,Yes,Low,Yes,1,2,69.3,Reading/Writing,76.3,B
8407,20,Female,8.7,90.2,4,10,No,High,No,0,4,62.5,Auditory,79.9,B
8408,23,Female,4.1,56.6,9,10,No,High,No,4,3,44.6,Visual,57.7,D
8409,30,Female,5.0,67.1,10,9,No,High,Yes,2,0,48.3,Reading/Writing,62.3,C
8410,23,Female,3.1,84.5,10,9,No,Low,No,0,10,47.4,Auditory,69.9,C
8411,21,Female,10.7,63.9,1,9,No,High,No,2,8,87.9,Auditory,69.3,C
8412,24,Female,3.5,62.7,9,6,Yes,High,No,1,4,56.6,Auditory,74.8,C
8413,18,Male,19.3,71.0,5,9,No,Low,Yes,4,9,96.1,Reading/Writing,88.2,B
8414,24,Male,10.9,64.9,6,3,No,Low,Yes,1,5,41.4,Auditory,77.8,B
8415,18,Male,19.1,93.8,6,1,No,High,No,3,1,40.8,Auditory,100,A
8416,23,Male,15.8,58.5,1,2,Yes,Low,Yes,1,3,72.4,Visual,79.2,B
8417,22,Female,14.1,86.8,5,9,Yes,Low,Yes,3,10,46.5,Auditory,93.6,A
8418,29,Female,12.2,69.9,1,1,Yes,Low,No,4,8,91.2,Visual,80.0,B
8419,30,Male,9.6,79.9,8,8,Yes,High,Yes,3,7,94.2,Visual,93.8,A
8420,25,Male,4.6,92.2,9,1,Yes,High,Yes,5,5,80.9,Visual,90.7,A
8421,25,Male,13.2,51.0,10,7,No,Low,Yes,2,3,83.8,Auditory,86.4,B
8422,30,Male,5.0,68.6,6,10,Yes,Low,Yes,2,4,83.4,Kinesthetic,66.0,C
8423,23,Male,14.7,85.7,10,1,Yes,High,Yes,3,1,70.0,Reading/Writing,100,A
8424,25,Female,10.8,95.9,4,10,Yes,High,No,3,0,93.6,Auditory,83.4,B
8425,18,Male,1.1,96.9,4,10,No,High,No,0,9,74.2,Reading/Writing,73.5,C
8426,21,Female,4.7,89.8,7,2,Yes,High,Yes,3,6,90.1,Visual,81.8,B
8427,30,Male,17.2,57.1,10,5,Yes,Low,No,5,5,63.0,Reading/Writing,100,A
8428,19,Female,1.6,86.0,7,6,No,Low,No,2,0,79.0,Kinesthetic,73.4,C
8429,19,Male,15.3,78.6,5,7,Yes,High,Yes,1,4,91.7,Reading/Writing,95.0,A
8430,21,Male,2.9,80.9,7,9,No,High,Yes,3,6,56.3,Visual,66.1,C
8431,22,Male,9.6,60.1,6,7,Yes,High,No,2,4,66.5,Reading/Writing,76.9,B
8432,24,Female,3.2,56.2,1,10,No,High,Yes,5,10,46.5,Kinesthetic,51.8,D
8433,19,Male,2.4,99.0,8,5,Yes,High,No,0,2,99.4,Visual,90.2,A
8434,27,Female,11.3,73.5,1,8,Yes,Low,No,1,5,68.3,Visual,69.4,C
8435,29,Male,10.5,62.5,4,2,No,High,No,1,2,70.5,Visual,75.7,B
8436,27,Female,18.2,72.6,2,1,Yes,High,Yes,3,7,84.7,Visual,100,A
8437,25,Male,16.9,54.2,2,2,Yes,High,Yes,1,8,85.8,Auditory,95.5,A
8438,22,Female,15.5,59.0,2,3,No,High,No,0,10,49.5,Auditory,74.0,C
8439,25,Female,4.7,80.9,4,4,Yes,Low,Yes,3,6,77.3,Kinesthetic,76.8,B
8440,20,Female,9.9,91.5,6,5,Yes,High,No,5,8,52.5,Visual,89.7,B
8441,24,Female,17.1,81.6,7,6,Yes,Low,Yes,1,1,64.8,Kinesthetic,87.4,B
8442,20,Female,5.0,94.2,3,6,No,Low,Yes,0,5,53.9,Visual,62.4,C
8443,21,Female,1.9,59.5,2,1,No,High,Yes,0,8,54.4,Auditory,62.2,C
8444,30,Male,15.6,78.4,10,10,Yes,Low,No,3,2,49.6,Visual,90.3,A
8445,30,Male,16.8,81.1,4,2,No,High,No,0,9,41.9,Kinesthetic,89.4,B
8446,22,Male,10.9,54.3,9,6,Yes,High,Yes,0,6,78.8,Auditory,90.0,A
8447,20,Female,3.1,74.1,10,8,Yes,Low,Yes,0,7,88.7,Visual,76.4,B
8448,26,Female,10.8,89.3,8,2,Yes,Low,Yes,1,0,45.3,Visual,88.8,B
8449,22,Female,12.3,82.1,6,5,Yes,High,Yes,4,4,94.4,Kinesthetic,100,A
8450,27,Female,10.5,93.3,1,5,Yes,High,No,2,9,44.1,Kinesthetic,83.7,B
8451,28,Female,14.2,68.1,10,1,Yes,Low,Yes,5,4,57.5,Auditory,88.0,B
8452,29,Male,3.9,75.6,10,7,No,High,Yes,5,9,41.1,Auditory,79.5,B
8453,21,Male,6.0,64.6,10,5,Yes,High,No,4,5,89.1,Kinesthetic,79.4,B
8454,24,Male,15.7,80.4,2,3,No,Low,No,0,2,57.3,Reading/Writing,85.6,B
8455,30,Female,5.3,76.5,1,3,Yes,High,No,0,0,99.1,Kinesthetic,69.3,C
8456,30,Female,2.1,94.5,2,1,Yes,Low,No,3,9,78.5,Reading/Writing,79.4,B
8457,18,Female,5.4,91.1,10,3,No,High,No,1,7,96.0,Visual,94.8,A
8458,28,Male,1.2,68.0,9,1,Yes,High,No,4,1,84.8,Reading/Writing,81.7,B
8459,20,Female,14.6,62.2,2,7,Yes,High,No,1,0,89.9,Visual,85.8,B
8460,18,Male,11.6,70.6,2,4,No,Low,Yes,4,5,58.4,Kinesthetic,80.9,B
8461,28,Male,7.1,62.8,5,6,No,High,No,4,6,91.7,Visual,72.7,C
8462,25,Female,9.2,75.0,7,7,No,High,No,3,3,42.8,Visual,72.9,C
8463,21,Female,18.2,98.2,9,3,No,High,Yes,0,3,44.6,Reading/Writing,100,A
8464,22,Male,5.1,95.6,1,2,Yes,Low,Yes,5,6,50.2,Kinesthetic,67.0,C
8465,22,Male,13.3,74.9,3,1,Yes,High,Yes,2,9,45.4,Kinesthetic,88.1,B
8466,28,Male,14.7,79.7,7,8,No,High,No,5,10,59.9,Auditory,100,A
8467,24,Female,5.8,52.6,10,2,No,Low,No,4,2,62.0,Reading/Writing,77.7,B
8468,30,Male,4.4,85.9,6,6,Yes,Low,No,5,3,99.1,Auditory,81.5,B
8469,28,Male,18.1,70.9,4,4,No,Low,No,2,2,82.4,Auditory,97.2,A
8470,26,Male,5.2,84.8,4,10,No,High,Yes,3,5,89.0,Auditory,81.5,B
8471,22,Female,16.8,93.3,2,9,Yes,Low,No,4,6,60.6,Reading/Writing,95.2,A
8472,18,Male,3.6,59.7,10,4,Yes,High,Yes,2,6,70.6,Auditory,72.2,C
8473,26,Male,17.5,76.5,6,3,Yes,Low,No,3,5,46.9,Visual,100,A
8474,25,Male,6.6,74.8,10,6,Yes,High,Yes,2,2,98.3,Visual,91.1,A
8475,25,Female,6.3,90.8,7,10,Yes,Low,Yes,2,10,92.2,Reading/Writing,75.3,B
8476,20,Male,17.1,82.9,9,9,Yes,High,No,1,7,48.6,Auditory,100,A
8477,27,Male,19.9,88.7,8,3,Yes,Low,No,0,7,54.4,Auditory,98.0,A
8478,23,Male,16.6,68.1,6,1,Yes,High,No,1,4,72.3,Reading/Writing,100,A
8479,26,Female,13.9,94.2,9,6,No,High,Yes,0,1,66.0,Auditory,100,A
8480,30,Female,9.9,61.7,3,3,Yes,Low,No,2,1,61.4,Kinesthetic,77.2,B
8481,26,Female,14.5,67.0,5,2,No,High,No,2,8,41.7,Auditory,90.1,A
8482,19,Female,16.6,84.2,10,7,Yes,High,No,0,0,93.5,Visual,100,A
8483,25,Male,12.7,75.6,2,2,Yes,Low,Yes,2,8,62.1,Kinesthetic,90.0,A
8484,27,Female,11.2,98.4,3,1,Yes,Low,Yes,4,3,95.2,Kinesthetic,88.6,B
8485,22,Male,18.4,92.2,1,5,Yes,High,No,4,10,41.6,Visual,96.9,A
8486,19,Female,17.7,97.9,3,2,Yes,Low,No,5,4,81.5,Auditory,97.9,A
8487,21,Male,7.1,53.0,2,5,No,Low,Yes,2,7,49.1,Visual,57.6,D
8488,20,Male,16.0,86.5,1,8,Yes,High,Yes,2,9,50.4,Kinesthetic,97.7,A
8489,24,Male,18.3,78.3,2,5,Yes,Low,No,3,10,71.7,Auditory,93.8,A
8490,22,Female,2.0,50.2,7,7,No,Low,No,1,9,54.9,Reading/Writing,61.3,C
8491,18,Male,4.2,52.5,4,3,Yes,High,No,2,6,93.0,Visual,68.7,C
8492,26,Female,14.8,66.9,5,4,Yes,Low,Yes,3,2,85.9,Reading/Writing,83.5,B
8493,19,Female,4.2,74.5,10,4,Yes,Low,No,2,6,93.5,Visual,84.5,B
8494,26,Female,7.5,90.3,4,10,No,High,No,2,4,92.7,Reading/Writing,85.3,B
8495,28,Male,14.2,73.2,2,5,Yes,Low,No,3,3,52.6,Auditory,85.7,B
8496,23,Female,2.8,91.7,5,5,No,Low,No,2,4,60.3,Kinesthetic,66.9,C
8497,25,Female,8.1,53.9,5,6,No,Low,No,1,9,68.1,Auditory,68.6,C
8498,21,Female,12.8,50.5,9,8,No,High,Yes,4,2,83.9,Visual,83.8,B
8499,21,Male,5.6,92.3,1,8,Yes,High,Yes,5,2,56.2,Kinesthetic,65.1,C
8500,30,Female,6.9,87.3,7,1,Yes,High,No,5,9,68.4,Visual,90.8,A
8501,30,Female,19.4,75.4,6,4,Yes,High,No,4,6,78.9,Auditory,100,A
8502,25,Female,9.2,69.9,6,10,Yes,High,No,3,4,80.8,Kinesthetic,89.1,B
8503,25,Male,13.1,94.1,5,5,No,High,No,2,3,74.8,Kinesthetic,94.4,A
8504,23,Male,6.6,95.7,1,4,No,High,Yes,2,10,97.3,Kinesthetic,78.0,B
8505,23,Female,17.4,52.6,6,6,No,High,No,0,5,92.6,Auditory,83.4,B
8506,30,Female,19.3,57.9,3,10,No,Low,No,4,5,40.1,Auditory,74.2,C
8507,24,Male,3.2,96.4,5,2,No,High,No,1,5,85.3,Reading/Writing,74.0,C
8508,18,Male,2.0,91.0,8,2,No,Low,Yes,4,0,95.2,Auditory,73.1,C
8509,26,Female,16.1,72.4,8,10,Yes,High,Yes,3,0,64.4,Reading/Writing,91.9,A
8510,29,Female,17.2,53.0,1,8,Yes,High,Yes,4,9,46.2,Kinesthetic,76.7,B
8511,30,Female,10.3,55.1,2,5,No,High,Yes,2,2,95.8,Reading/Writing,81.4,B
8512,26,Female,6.5,78.1,4,8,No,High,No,2,7,63.4,Kinesthetic,77.8,B
8513,30,Female,19.5,75.0,5,8,No,Low,No,5,9,41.9,Visual,84.9,B
8514,29,Female,11.1,79.3,5,3,Yes,High,Yes,3,10,83.7,Auditory,100,A
8515,26,Male,6.0,68.5,9,1,No,High,Yes,2,8,87.1,Kinesthetic,86.0,B
8516,30,Male,7.5,61.6,3,7,No,Low,No,0,2,98.9,Auditory,58.3,D
8517,21,Female,12.7,70.6,1,5,Yes,High,Yes,1,4,64.0,Auditory,87.6,B
8518,26,Male,18.6,73.7,10,5,Yes,High,No,2,8,62.0,Kinesthetic,100,A
8519,27,Female,10.3,98.0,2,2,No,High,No,0,10,44.0,Visual,77.8,B
8520,21,Female,7.1,65.1,6,3,No,High,Yes,1,8,86.1,Reading/Writing,83.4,B
8521,25,Female,2.2,98.6,1,8,No,High,No,0,7,91.6,Reading/Writing,68.1,C
8522,24,Male,7.3,84.6,2,6,No,Low,No,2,5,52.9,Auditory,73.1,C
8523,20,Male,13.3,88.8,7,5,Yes,High,No,3,9,61.4,Auditory,96.0,A
8524,28,Male,10.6,69.1,4,10,No,High,No,3,3,57.9,Kinesthetic,79.4,B
8525,21,Male,10.5,83.3,10,9,Yes,Low,No,5,2,98.6,Kinesthetic,94.1,A
8526,29,Female,15.3,52.7,3,7,Yes,Low,No,3,9,40.2,Auditory,71.6,C
8527,25,Female,11.9,79.0,10,9,No,High,No,5,6,56.9,Reading/Writing,92.0,A
8528,18,Male,10.3,78.0,3,7,Yes,Low,No,5,8,98.8,Kinesthetic,88.9,B
8529,28,Male,18.7,98.1,9,2,Yes,Low,Yes,4,7,97.6,Visual,100,A
8530,29,Male,6.5,95.7,8,10,Yes,High,Yes,4,5,87.2,Auditory,94.7,A
8531,19,Male,1.7,85.9,7,5,No,High,Yes,3,7,78.3,Visual,81.7,B
8532,18,Male,7.2,95.4,1,10,No,High,Yes,3,9,98.1,Kinesthetic,85.9,B
8533,29,Male,15.5,74.2,4,10,Yes,Low,Yes,4,1,67.0,Auditory,89.5,B
8534,26,Male,17.3,95.6,8,4,Yes,Low,No,2,4,97.4,Kinesthetic,100,A
8535,26,Female,11.7,55.4,3,8,No,Low,Yes,0,3,72.3,Reading/Writing,61.0,C
8536,26,Female,13.4,65.1,7,2,Yes,High,No,1,1,75.6,Visual,89.0,B
8537,28,Male,1.0,76.5,10,3,Yes,High,Yes,0,4,71.2,Kinesthetic,72.6,C
8538,24,Male,16.2,81.4,10,1,Yes,High,No,3,5,86.4,Reading/Writing,100,A
8539,26,Male,16.8,76.4,6,5,No,Low,No,2,6,79.5,Auditory,85.6,B
8540,24,Female,8.5,90.2,10,9,Yes,High,Yes,4,5,85.2,Auditory,92.1,A
8541,28,Female,4.7,84.2,1,7,Yes,Low,No,3,5,99.7,Auditory,68.1,C
8542,21,Male,3.7,72.6,10,9,Yes,Low,Yes,0,0,57.0,Visual,61.5,C
8543,22,Male,2.8,84.2,7,9,Yes,Low,Yes,2,8,63.4,Auditory,72.3,C
8544,26,Female,9.2,77.1,2,6,No,Low,No,5,9,96.0,Visual,75.7,B
8545,20,Female,9.6,56.2,8,8,Yes,High,Yes,0,2,62.7,Visual,83.1,B
8546,20,Male,1.7,85.0,5,3,No,Low,Yes,1,10,83.5,Visual,77.3,B
8547,25,Female,4.5,99.9,5,1,No,Low,No,1,6,52.5,Kinesthetic,74.3,C
8548,25,Female,17.4,75.5,6,3,Yes,High,No,4,7,63.3,Auditory,99.4,A
8549,29,Male,2.4,54.9,4,8,No,High,Yes,0,6,79.6,Visual,60.1,C
8550,28,Male,9.6,77.1,5,3,No,Low,No,2,0,55.3,Auditory,79.2,B
8551,27,Male,8.1,67.5,1,4,No,Low,No,0,6,97.9,Reading/Writing,63.2,C
8552,24,Female,5.3,71.8,6,1,No,Low,No,0,3,86.8,Visual,72.2,C
8553,18,Male,20.0,90.8,3,8,Yes,Low,No,1,6,64.5,Visual,100,A
8554,20,Male,15.0,93.6,4,4,Yes,Low,Yes,5,0,89.0,Reading/Writing,94.2,A
8555,19,Female,15.6,78.2,5,9,Yes,Low,No,1,5,63.2,Visual,81.2,B
8556,29,Male,18.1,74.1,7,9,No,Low,No,0,1,84.2,Visual,86.4,B
8557,30,Female,15.4,57.4,10,5,No,High,No,1,8,86.6,Auditory,100,A
8558,29,Female,16.4,94.0,4,8,No,High,No,2,5,82.9,Reading/Writing,99.0,A
8559,24,Female,14.5,56.0,4,9,No,Low,No,0,9,62.7,Reading/Writing,72.2,C
8560,21,Female,11.0,85.6,6,7,No,High,No,3,7,45.3,Reading/Writing,84.3,B
8561,21,Female,13.0,53.0,2,5,No,Low,Yes,3,7,57.0,Kinesthetic,72.9,C
8562,26,Male,12.9,80.1,9,3,Yes,High,Yes,3,1,88.7,Reading/Writing,100,A
8563,29,Male,3.4,63.4,5,9,Yes,Low,No,3,8,95.8,Visual,65.3,C
8564,24,Female,10.1,82.0,9,4,Yes,Low,Yes,3,9,89.8,Auditory,97.6,A
8565,21,Female,13.0,57.9,3,1,No,Low,Yes,5,4,58.0,Auditory,78.7,B
8566,30,Female,14.7,89.1,10,6,Yes,High,No,0,5,89.7,Auditory,100,A
8567,23,Male,9.8,53.8,10,5,Yes,Low,Yes,3,2,79.2,Reading/Writing,75.2,B
8568,20,Male,13.8,83.9,4,2,No,Low,Yes,4,1,74.2,Auditory,80.1,B
8569,28,Female,11.7,77.4,10,6,Yes,High,Yes,5,10,72.7,Kinesthetic,94.9,A
8570,21,Female,6.5,73.5,4,1,Yes,Low,No,0,10,93.2,Auditory,74.8,C
8571,22,Female,15.3,91.3,7,9,No,High,Yes,0,2,69.6,Reading/Writing,96.2,A
8572,28,Male,4.4,55.4,1,3,Yes,High,Yes,2,10,93.6,Auditory,72.8,C
8573,30,Male,7.0,98.5,6,3,Yes,High,No,1,4,96.6,Auditory,100,A
8574,27,Female,9.5,85.4,3,9,No,Low,No,4,8,99.1,Auditory,82.1,B
8575,22,Male,9.9,84.9,7,1,No,Low,Yes,1,5,91.2,Visual,91.3,A
8576,25,Male,1.4,73.3,6,7,No,High,No,2,2,81.4,Kinesthetic,70.8,C
8577,24,Male,9.4,74.9,8,9,No,Low,No,3,10,92.1,Visual,81.9,B
8578,25,Male,7.7,93.6,3,5,Yes,Low,No,4,6,79.4,Visual,76.7,B
8579,20,Female,6.4,57.1,1,4,Yes,Low,Yes,4,5,60.5,Visual,66.5,C
8580,26,Male,17.3,80.7,6,1,Yes,Low,Yes,2,5,52.9,Kinesthetic,100,A
8581,27,Male,2.5,69.6,5,2,Yes,High,Yes,2,2,50.4,Visual,66.0,C
8582,24,Male,5.2,64.3,7,6,Yes,Low,Yes,4,1,53.9,Reading/Writing,72.2,C
8583,26,Female,7.0,91.7,8,3,Yes,High,Yes,4,7,97.1,Reading/Writing,95.1,A
8584,22,Male,3.7,50.7,10,3,No,High,No,1,0,43.7,Auditory,60.4,C
8585,21,Female,1.6,50.3,2,7,Yes,Low,No,3,5,47.2,Auditory,41.2,F
8586,29,Male,1.9,50.0,10,5,Yes,High,Yes,0,1,54.0,Auditory,59.5,D
8587,19,Female,10.1,79.6,1,3,Yes,Low,No,4,5,59.2,Kinesthetic,82.8,B
8588,27,Male,9.0,55.9,10,7,No,Low,No,1,9,81.6,Reading/Writing,73.0,C
8589,21,Male,16.3,55.3,6,2,No,High,Yes,1,0,68.7,Visual,93.7,A
8590,30,Male,19.2,58.6,2,5,No,Low,Yes,4,4,64.1,Kinesthetic,79.7,B
8591,18,Male,4.1,57.6,3,3,Yes,Low,Yes,2,9,47.8,Reading/Writing,58.4,D
8592,25,Male,10.4,81.2,6,5,Yes,Low,Yes,3,7,57.9,Kinesthetic,83.2,B
8593,23,Female,10.8,85.9,5,7,No,Low,No,5,5,75.2,Reading/Writing,75.8,B
8594,30,Female,11.7,81.3,6,10,Yes,High,No,4,0,70.9,Visual,84.1,B
8595,29,Female,10.5,70.8,7,4,Yes,High,Yes,2,6,85.5,Visual,85.5,B
8596,19,Male,8.3,54.3,7,6,Yes,Low,No,4,0,97.7,Auditory,80.7,B
8597,30,Female,3.5,95.7,7,5,No,High,No,5,4,97.8,Kinesthetic,81.7,B
8598,27,Female,7.0,78.8,10,7,Yes,High,No,4,1,75.9,Auditory,90.4,A
8599,30,Female,15.5,80.1,9,9,Yes,Low,No,4,10,89.8,Reading/Writing,100,A
8600,23,Female,17.9,59.9,4,9,No,High,No,1,5,65.1,Visual,79.5,B
8601,28,Female,14.8,71.4,9,3,Yes,High,No,0,8,65.3,Reading/Writing,93.2,A
8602,29,Male,10.2,75.5,5,8,No,High,Yes,4,6,94.1,Kinesthetic,77.6,B
8603,27,Female,14.9,62.7,10,8,Yes,Low,No,1,4,88.0,Reading/Writing,97.5,A
8604,26,Male,13.0,53.6,1,7,No,High,No,0,6,54.1,Reading/Writing,69.8,C
8605,22,Male,13.1,59.5,10,10,Yes,Low,No,5,7,55.8,Visual,88.2,B
8606,23,Female,16.9,59.8,3,2,Yes,High,Yes,3,8,94.1,Kinesthetic,100,A
8607,23,Female,9.9,80.7,5,6,Yes,High,No,4,8,69.0,Kinesthetic,91.6,A
8608,29,Male,10.2,79.7,9,2,No,Low,No,0,9,51.2,Auditory,82.9,B
8609,21,Female,14.5,85.3,1,2,No,Low,Yes,3,3,84.1,Reading/Writing,83.7,B
8610,30,Female,4.5,77.0,1,6,Yes,Low,No,5,3,78.2,Auditory,71.6,C
8611,25,Male,5.8,84.9,2,10,No,High,Yes,3,2,42.3,Visual,56.9,D
8612,24,Female,12.4,63.7,3,4,Yes,Low,No,0,5,42.1,Visual,80.2,B
8613,23,Male,13.1,99.9,9,1,Yes,High,No,5,9,82.8,Kinesthetic,100,A
8614,23,Male,5.1,63.4,3,4,Yes,High,No,0,0,65.5,Kinesthetic,71.8,C
8615,27,Female,15.9,86.4,10,7,Yes,Low,Yes,3,3,70.1,Visual,95.0,A
8616,28,Female,19.7,57.9,4,2,No,High,No,4,1,57.3,Reading/Writing,87.6,B
8617,26,Female,6.2,66.7,1,1,No,Low,No,3,10,41.5,Reading/Writing,63.5,C
8618,26,Female,13.6,52.9,10,10,No,High,Yes,4,5,53.5,Auditory,82.4,B
8619,21,Male,5.7,55.8,3,7,No,Low,Yes,4,10,97.8,Auditory,58.0,D
8620,27,Female,5.8,79.6,7,1,Yes,High,No,3,5,79.3,Auditory,88.2,B
8621,27,Male,12.9,68.5,9,3,No,High,Yes,0,4,62.0,Visual,96.1,A
8622,24,Female,3.1,61.5,3,3,Yes,Low,No,4,10,62.5,Reading/Writing,62.8,C
8623,25,Female,4.6,60.3,7,1,Yes,Low,Yes,0,3,40.2,Auditory,58.8,D
8624,21,Female,14.1,64.6,4,7,Yes,Low,No,4,7,76.3,Visual,89.9,B
8625,24,Male,17.0,71.0,5,1,Yes,High,No,4,1,93.1,Auditory,100,A
8626,19,Female,6.6,99.3,9,7,Yes,High,Yes,5,5,46.0,Kinesthetic,87.5,B
8627,21,Female,10.4,52.1,3,8,No,Low,Yes,4,9,54.7,Kinesthetic,72.1,C
8628,27,Female,6.3,91.2,5,9,No,High,No,0,7,58.7,Visual,74.8,C
8629,28,Male,16.4,58.3,4,6,Yes,Low,Yes,0,5,45.3,Kinesthetic,76.2,B
8630,26,Male,4.5,68.2,10,3,No,Low,Yes,0,8,62.0,Auditory,74.0,C
8631,28,Male,2.9,83.1,2,9,Yes,High,Yes,2,9,43.6,Visual,59.4,D
8632,24,Female,3.6,52.8,9,5,Yes,Low,No,1,6,80.1,Visual,73.1,C
8633,26,Male,14.1,84.6,2,2,No,High,No,4,4,74.4,Visual,93.8,A
8634,30,Female,4.3,57.7,4,10,No,High,Yes,1,0,69.9,Kinesthetic,63.4,C
8635,26,Male,6.0,50.4,2,3,Yes,High,Yes,4,3,92.8,Auditory,65.6,C
8636,22,Female,8.9,77.1,4,6,No,Low,No,2,5,92.2,Kinesthetic,82.8,B
8637,30,Male,1.7,52.2,4,2,No,Low,No,4,1,47.0,Visual,46.4,F
8638,18,Female,8.4,86.5,4,6,Yes,Low,No,0,8,92.7,Visual,87.0,B
8639,25,Female,13.0,85.8,2,8,Yes,High,No,1,1,61.5,Kinesthetic,79.5,B
8640,20,Female,15.4,90.7,3,2,Yes,High,Yes,2,3,88.6,Kinesthetic,98.9,A
8641,26,Female,16.0,70.1,1,5,No,Low,Yes,2,6,67.2,Kinesthetic,85.4,B
8642,18,Male,15.9,99.9,3,7,No,Low,Yes,1,4,64.7,Reading/Writing,89.8,B
8643,20,Female,5.4,65.3,8,8,No,High,Yes,4,0,79.9,Auditory,71.6,C
8644,23,Female,16.5,62.0,7,8,Yes,Low,Yes,4,0,49.7,Auditory,77.1,B
8645,28,Female,4.3,59.6,8,5,No,High,Yes,2,3,46.2,Kinesthetic,64.8,C
8646,29,Male,3.3,98.1,3,2,Yes,Low,No,1,6,94.0,Reading/Writing,84.7,B
8647,30,Male,7.7,90.5,8,7,No,Low,Yes,2,9,61.0,Auditory,81.9,B
8648,21,Female,8.1,76.4,9,6,No,Low,No,2,7,96.7,Reading/Writing,83.5,B
8649,21,Male,13.9,81.0,3,8,Yes,High,Yes,0,5,76.2,Auditory,84.5,B
8650,29,Male,14.8,77.1,4,3,Yes,Low,Yes,5,2,53.5,Kinesthetic,84.2,B
8651,26,Female,13.8,58.0,7,4,Yes,High,No,1,4,49.3,Visual,79.2,B
8652,22,Female,11.7,66.4,2,10,Yes,High,No,1,4,42.7,Auditory,69.3,C
8653,21,Female,2.5,76.9,3,1,No,High,No,4,2,66.0,Reading/Writing,74.5,C
8654,26,Female,10.1,96.8,1,9,No,Low,Yes,1,3,72.3,Kinesthetic,74.7,C
8655,19,Female,18.2,98.6,2,3,No,Low,No,2,10,62.4,Auditory,100,A
8656,27,Female,16.8,73.2,4,1,Yes,Low,Yes,3,6,55.3,Visual,91.6,A
8657,21,Male,2.5,99.1,7,1,Yes,Low,No,1,6,46.8,Auditory,83.3,B
8658,24,Male,15.4,65.0,10,2,No,High,Yes,1,9,87.4,Kinesthetic,97.5,A
8659,23,Male,12.0,92.8,4,7,No,High,Yes,1,2,76.4,Visual,89.6,B
8660,20,Female,8.8,77.0,4,8,Yes,Low,No,1,1,75.5,Auditory,79.5,B
8661,29,Male,19.9,70.8,5,4,Yes,High,No,2,8,63.5,Reading/Writing,100,A
8662,25,Male,16.9,79.1,8,9,No,High,Yes,3,9,86.9,Auditory,100,A
8663,26,Male,13.4,55.9,3,6,No,High,No,1,2,59.1,Reading/Writing,76.2,B
8664,22,Male,12.1,81.2,5,10,No,Low,No,3,10,84.2,Reading/Writing,89.7,B
8665,30,Female,12.9,83.0,5,10,No,Low,No,4,2,74.9,Auditory,80.8,B
8666,20,Male,14.6,89.4,5,2,No,High,Yes,0,2,40.7,Auditory,93.6,A
8667,29,Female,19.7,53.1,8,7,No,Low,Yes,3,0,74.9,Visual,94.5,A
8668,30,Male,15.4,64.0,3,9,Yes,High,Yes,0,0,83.5,Auditory,85.0,B
8669,19,Female,13.7,52.7,1,2,No,Low,Yes,0,7,98.2,Auditory,78.6,B
8670,30,Female,12.0,71.3,6,9,Yes,Low,No,2,2,49.5,Visual,79.9,B
8671,21,Female,5.9,96.6,4,8,No,Low,No,5,6,95.8,Reading/Writing,70.1,C
8672,27,Male,7.2,62.3,7,9,Yes,Low,Yes,4,8,95.0,Reading/Writing,82.7,B
8673,21,Male,5.3,55.1,2,4,Yes,High,No,0,7,62.1,Auditory,70.8,C
8674,28,Male,8.6,99.8,3,5,Yes,High,Yes,2,7,49.9,Visual,89.0,B
8675,21,Male,5.5,94.8,7,9,No,Low,Yes,5,7,66.4,Visual,79.2,B
8676,28,Male,18.5,90.0,4,7,Yes,High,Yes,0,3,97.6,Reading/Writing,100,A
8677,20,Male,2.1,76.6,2,10,No,High,No,1,6,63.6,Auditory,58.4,D
8678,29,Female,12.5,75.5,6,5,Yes,Low,No,4,7,88.7,Kinesthetic,94.8,A
8679,27,Male,14.4,53.1,4,6,No,Low,Yes,4,9,68.4,Kinesthetic,84.5,B
8680,22,Female,13.6,56.3,7,8,Yes,High,No,0,9,82.3,Visual,83.8,B
8681,19,Male,19.8,65.5,5,8,No,Low,Yes,1,7,53.3,Kinesthetic,94.3,A
8682,30,Male,4.6,78.2,4,10,Yes,High,No,1,1,54.4,Reading/Writing,66.1,C
8683,19,Female,3.0,86.0,9,1,No,High,No,5,1,90.5,Reading/Writing,78.1,B
8684,22,Male,19.5,74.4,9,4,Yes,High,Yes,4,4,44.1,Reading/Writing,100,A
8685,23,Female,2.7,66.6,1,8,No,Low,No,5,6,79.8,Auditory,56.9,D
8686,27,Female,6.3,87.3,10,2,Yes,High,No,4,2,41.6,Auditory,83.3,B
8687,20,Female,18.3,80.3,10,2,No,High,No,2,7,50.2,Reading/Writing,99.0,A
8688,29,Male,19.4,98.7,7,3,No,Low,Yes,0,7,48.0,Auditory,100,A
8689,24,Female,15.8,98.1,3,3,Yes,Low,Yes,4,10,96.7,Reading/Writing,100,A
8690,25,Female,2.0,55.0,9,4,No,High,Yes,2,8,70.8,Reading/Writing,76.9,B
8691,25,Female,7.4,78.2,8,3,Yes,High,No,3,4,53.4,Auditory,92.0,A
8692,26,Female,10.7,90.6,4,8,Yes,Low,Yes,1,10,75.6,Reading/Writing,92.1,A
8693,23,Male,17.3,55.4,6,5,No,High,No,5,7,98.9,Reading/Writing,100,A
8694,25,Female,8.7,69.2,9,9,No,Low,No,1,5,47.7,Auditory,75.0,B
8695,24,Female,4.0,91.1,5,7,No,Low,No,3,6,41.0,Reading/Writing,71.1,C
8696,21,Female,17.9,83.0,3,8,No,Low,No,1,4,84.0,Auditory,96.3,A
8697,21,Male,3.3,87.4,3,2,No,Low,Yes,4,8,92.1,Visual,75.9,B
8698,18,Female,13.6,96.5,6,6,Yes,Low,No,4,0,97.5,Auditory,92.7,A
8699,19,Male,13.8,99.2,5,6,No,High,No,5,10,81.1,Auditory,93.7,A
8700,27,Male,11.1,100.0,2,6,Yes,Low,Yes,1,3,52.9,Reading/Writing,87.4,B
8701,25,Female,8.8,82.8,8,8,Yes,High,No,3,7,93.7,Kinesthetic,97.2,A
8702,28,Female,14.3,69.2,3,9,Yes,High,Yes,0,3,52.6,Kinesthetic,75.4,B
8703,26,Female,15.4,79.0,7,2,No,High,No,3,9,77.6,Auditory,100,A
8704,27,Male,18.5,78.9,7,7,No,High,No,2,10,92.5,Auditory,100,A
8705,18,Female,18.3,75.7,7,9,No,High,No,4,9,89.9,Kinesthetic,100,A
8706,22,Female,10.3,54.4,7,1,Yes,Low,No,1,9,64.7,Visual,77.9,B
8707,28,Female,4.8,73.8,6,9,Yes,Low,No,3,3,97.0,Reading/Writing,75.4,B
8708,22,Male,3.0,74.7,5,3,No,High,Yes,5,10,90.9,Visual,70.4,C
8709,30,Female,8.2,84.9,9,9,No,High,No,4,1,65.0,Kinesthetic,85.1,B
8710,27,Male,10.1,53.1,1,7,No,Low,Yes,5,1,49.3,Visual,54.3,D
8711,27,Male,11.7,76.6,1,2,Yes,High,Yes,3,0,49.9,Visual,87.3,B
8712,23,Female,2.6,67.6,5,7,No,Low,No,2,3,50.8,Visual,55.5,D
8713,19,Female,18.3,53.9,10,4,No,High,No,2,5,91.6,Kinesthetic,100,A
8714,20,Male,2.3,65.3,2,1,Yes,High,Yes,1,3,60.2,Visual,65.8,C
8715,27,Male,19.9,77.4,9,3,Yes,High,Yes,3,10,90.7,Visual,100,A
8716,20,Female,19.9,73.1,3,10,No,Low,No,2,8,75.6,Auditory,83.5,B
8717,27,Male,16.0,74.2,10,1,Yes,Low,No,0,3,75.0,Kinesthetic,93.9,A
8718,28,Male,4.6,50.3,6,1,No,High,No,1,10,75.6,Visual,68.2,C
8719,25,Male,9.6,93.0,7,3,No,Low,Yes,1,4,63.1,Kinesthetic,78.2,B
8720,28,Male,10.7,61.2,6,5,Yes,High,Yes,3,4,96.9,Visual,85.8,B
8721,29,Male,19.6,64.4,4,8,No,High,No,0,2,96.6,Auditory,88.0,B
8722,19,Female,15.1,55.8,5,8,No,Low,Yes,3,9,63.0,Kinesthetic,73.6,C
8723,25,Male,11.3,71.5,2,9,Yes,Low,No,5,3,54.7,Reading/Writing,76.6,B
8724,23,Male,15.0,85.1,6,4,Yes,Low,Yes,1,3,99.4,Reading/Writing,98.3,A
8725,23,Male,4.3,52.5,3,10,No,Low,Yes,0,5,95.4,Kinesthetic,51.0,D
8726,29,Male,13.7,59.6,2,10,No,Low,Yes,3,2,95.3,Auditory,78.3,B
8727,21,Female,2.3,55.2,9,3,No,Low,Yes,5,5,81.4,Visual,60.8,C
8728,19,Male,18.1,54.1,5,10,No,Low,No,2,6,58.5,Visual,76.4,B
8729,26,Female,3.8,89.1,8,5,Yes,Low,Yes,5,2,91.7,Kinesthetic,80.6,B
8730,24,Male,1.6,70.5,2,5,No,High,Yes,4,0,68.8,Auditory,52.7,D
8731,30,Female,6.7,96.0,2,3,No,Low,Yes,3,7,94.7,Auditory,74.6,C
8732,30,Male,7.2,54.8,9,8,No,Low,Yes,3,3,44.0,Auditory,62.1,C
8733,20,Male,4.1,63.2,5,6,Yes,High,Yes,2,4,71.9,Reading/Writing,70.1,C
8734,22,Male,8.1,71.6,5,5,Yes,High,Yes,2,6,68.1,Auditory,86.1,B
8735,24,Male,15.3,88.3,4,9,No,Low,Yes,4,5,83.1,Visual,83.5,B
8736,18,Female,14.5,59.8,1,10,No,High,Yes,3,0,75.6,Visual,76.7,B
8737,24,Male,19.6,57.4,5,3,Yes,Low,No,2,1,63.5,Auditory,87.3,B
8738,24,Male,9.0,67.4,1,7,Yes,High,No,1,2,53.5,Kinesthetic,61.7,C
8739,29,Female,10.7,61.2,5,7,No,Low,No,4,0,51.6,Reading/Writing,60.6,C
8740,22,Female,19.3,84.1,4,4,No,Low,No,5,5,48.6,Visual,97.6,A
8741,27,Female,18.2,83.4,7,3,No,High,Yes,5,2,96.9,Reading/Writing,100,A
8742,21,Female,14.0,83.6,5,6,Yes,High,No,0,2,88.7,Kinesthetic,100,A
8743,18,Female,3.5,95.9,4,9,No,High,No,5,9,98.0,Auditory,83.9,B
8744,30,Male,10.8,57.8,5,3,Yes,Low,No,1,0,58.8,Kinesthetic,75.8,B
8745,27,Male,5.1,86.1,6,4,No,High,No,3,8,56.2,Auditory,78.5,B
8746,29,Female,4.5,94.7,6,9,Yes,High,No,3,8,92.6,Auditory,87.8,B
8747,20,Male,15.2,64.8,1,4,No,Low,No,2,8,91.3,Auditory,85.0,B
8748,29,Male,8.0,65.7,5,3,No,Low,No,3,2,62.1,Visual,74.0,C
8749,25,Female,15.3,63.9,7,9,No,Low,No,3,1,95.5,Visual,81.6,B
8750,28,Male,7.7,53.4,2,1,No,High,No,3,4,42.4,Reading/Writing,66.8,C
8751,28,Male,18.2,83.0,2,5,Yes,High,No,3,0,40.3,Reading/Writing,91.0,A
8752,20,Female,11.2,56.2,4,10,Yes,High,Yes,2,10,84.2,Visual,74.0,C
8753,19,Male,14.4,52.0,5,3,Yes,High,Yes,4,7,91.0,Kinesthetic,97.2,A
8754,25,Female,15.5,74.1,4,10,No,High,Yes,2,7,60.9,Visual,92.9,A
8755,29,Female,17.7,67.2,3,6,No,Low,Yes,5,1,64.7,Reading/Writing,76.7,B
8756,21,Female,17.0,64.5,4,3,No,High,Yes,1,3,47.8,Auditory,90.1,A
8757,19,Female,2.0,64.7,10,6,No,Low,No,5,0,90.7,Auditory,68.4,C
8758,30,Female,8.8,70.7,3,3,No,High,Yes,2,7,43.4,Kinesthetic,78.1,B
8759,28,Female,11.3,72.8,8,6,No,High,No,5,9,42.6,Kinesthetic,92.7,A
8760,26,Male,2.3,79.9,6,10,Yes,High,Yes,1,4,69.8,Kinesthetic,74.6,C
8761,24,Male,9.8,50.7,4,7,No,Low,Yes,1,3,77.3,Reading/Writing,63.7,C
8762,22,Male,17.2,96.6,10,3,No,Low,No,3,9,63.2,Visual,100,A
8763,28,Male,12.5,80.4,3,9,Yes,Low,Yes,3,10,79.1,Kinesthetic,84.4,B
8764,30,Male,12.8,74.7,10,1,Yes,Low,Yes,2,10,89.8,Auditory,100,A
8765,29,Female,5.2,95.6,3,1,Yes,High,Yes,4,2,51.3,Kinesthetic,84.4,B
8766,24,Female,11.4,65.7,2,9,Yes,High,Yes,4,6,41.2,Auditory,75.9,B
8767,28,Female,11.7,64.8,6,3,No,Low,No,2,8,78.9,Reading/Writing,89.5,B
8768,30,Male,11.8,77.5,6,9,No,High,Yes,3,4,45.4,Visual,82.2,B
8769,27,Male,5.3,90.0,10,4,Yes,Low,Yes,0,6,60.8,Kinesthetic,76.3,B
8770,20,Male,15.2,66.9,4,3,Yes,Low,Yes,2,4,78.8,Visual,91.8,A
8771,18,Female,10.4,53.4,2,8,No,Low,Yes,4,1,40.6,Kinesthetic,54.2,D
8772,22,Male,17.5,90.6,9,6,No,High,Yes,2,6,77.6,Reading/Writing,100,A
8773,23,Male,8.8,66.8,5,8,No,High,Yes,0,4,97.3,Kinesthetic,70.3,C
8774,18,Female,1.2,64.5,10,3,No,Low,No,5,4,93.6,Auditory,71.0,C
8775,23,Male,14.0,63.4,8,4,Yes,Low,No,2,7,47.9,Visual,91.6,A
8776,19,Male,11.5,77.5,7,10,Yes,Low,Yes,0,3,40.1,Visual,72.7,C
8777,21,Female,11.6,68.3,3,4,Yes,High,Yes,3,6,56.0,Reading/Writing,88.8,B
8778,30,Male,12.6,60.0,6,2,No,High,Yes,4,10,87.3,Kinesthetic,95.4,A
8779,28,Male,6.6,65.7,9,7,No,Low,No,4,10,70.0,Auditory,81.9,B
8780,30,Female,14.2,76.7,2,9,Yes,High,No,5,2,41.8,Reading/Writing,87.4,B
8781,22,Female,5.0,97.0,3,4,No,High,Yes,3,2,45.6,Auditory,80.2,B
8782,27,Male,4.4,57.9,1,7,Yes,Low,Yes,0,4,93.7,Kinesthetic,55.1,D
8783,26,Female,16.9,92.4,5,8,No,High,Yes,3,10,60.6,Reading/Writing,91.5,A
8784,19,Female,17.4,94.8,6,9,No,Low,No,1,3,50.2,Visual,92.2,A
8785,25,Female,2.3,77.0,5,9,Yes,Low,Yes,2,9,49.6,Visual,68.7,C
8786,26,Male,16.6,53.9,2,7,No,Low,Yes,2,0,53.4,Visual,70.3,C
8787,25,Female,8.3,70.8,7,9,Yes,High,Yes,0,9,77.2,Kinesthetic,77.0,B
8788,26,Male,17.8,69.3,3,8,Yes,Low,No,2,4,52.9,Reading/Writing,77.3,B
8789,18,Female,13.7,54.0,5,4,No,High,Yes,0,8,71.1,Auditory,86.0,B
8790,18,Male,5.3,53.8,10,7,Yes,Low,Yes,0,8,80.2,Auditory,78.1,B
8791,18,Female,4.9,93.7,3,1,No,Low,Yes,0,5,57.1,Auditory,66.9,C
8792,23,Male,11.3,85.1,10,10,No,Low,No,3,5,76.7,Auditory,82.5,B
8793,23,Male,13.6,51.4,9,4,No,High,No,3,7,89.1,Reading/Writing,87.4,B
8794,18,Male,8.5,82.1,7,8,Yes,High,Yes,4,8,52.0,Auditory,82.1,B
8795,22,Male,7.9,85.4,10,7,Yes,High,No,5,10,80.8,Reading/Writing,94.2,A
8796,27,Male,4.6,69.4,5,6,Yes,High,Yes,3,1,97.3,Visual,82.4,B
8797,25,Male,6.4,89.8,2,1,Yes,Low,Yes,5,2,57.7,Visual,75.3,B
8798,27,Male,19.8,62.4,6,9,No,High,Yes,0,5,72.1,Visual,93.1,A
8799,27,Female,6.0,54.7,4,9,No,High,No,2,2,73.5,Auditory,65.3,C
8800,23,Female,10.2,77.3,8,3,Yes,Low,Yes,2,0,78.9,Visual,89.3,B
8801,19,Female,9.9,74.2,7,5,No,Low,No,3,5,47.1,Kinesthetic,82.8,B
8802,22,Male,14.3,84.1,5,7,No,High,Yes,4,6,73.0,Kinesthetic,88.6,B
8803,27,Female,8.1,76.4,10,7,No,High,No,4,3,79.8,Kinesthetic,92.2,A
8804,25,Female,5.2,94.7,8,5,No,Low,No,3,3,94.3,Kinesthetic,87.9,B
8805,22,Female,2.1,66.8,10,4,No,Low,Yes,3,7,76.2,Reading/Writing,78.1,B
8806,24,Female,7.5,61.3,1,5,Yes,Low,No,2,3,46.0,Reading/Writing,60.3,C
8807,21,Female,5.5,75.9,7,8,Yes,High,No,0,6,92.4,Visual,85.7,B
8808,30,Female,10.3,83.0,3,3,No,High,No,2,6,86.6,Auditory,82.5,B
8809,21,Male,19.4,74.0,2,6,Yes,High,No,2,10,51.9,Kinesthetic,96.6,A
8810,27,Female,11.3,73.9,4,6,Yes,Low,No,4,3,77.4,Reading/Writing,84.1,B
8811,18,Female,4.6,63.6,8,10,Yes,Low,Yes,4,7,56.5,Kinesthetic,65.1,C
8812,18,Male,7.3,97.0,2,7,Yes,Low,Yes,0,2,63.5,Visual,75.5,B
8813,20,Male,17.2,50.0,1,10,No,High,No,3,0,63.9,Reading/Writing,80.4,B
8814,27,Male,13.5,69.2,2,3,Yes,High,No,1,4,64.9,Visual,81.3,B
8815,24,Female,18.4,50.2,3,10,Yes,High,No,4,9,40.6,Reading/Writing,80.1,B
8816,29,Female,1.1,55.4,3,6,No,High,Yes,1,8,61.6,Auditory,54.9,D
8817,21,Male,19.1,92.1,2,10,Yes,High,No,3,3,75.5,Kinesthetic,100,A
8818,22,Female,10.4,62.4,1,1,Yes,High,No,4,5,94.4,Auditory,82.6,B
8819,19,Female,2.6,58.2,5,4,No,Low,No,3,1,79.7,Kinesthetic,56.2,D
8820,22,Male,3.9,92.6,8,2,Yes,Low,Yes,0,5,62.6,Reading/Writing,82.1,B
8821,19,Female,7.2,68.0,5,7,Yes,High,Yes,5,9,56.1,Kinesthetic,79.3,B
8822,28,Male,13.8,72.2,1,5,No,High,No,3,3,65.7,Reading/Writing,80.3,B
8823,27,Female,1.6,80.3,6,7,Yes,Low,Yes,5,6,59.5,Reading/Writing,61.9,C
8824,28,Female,12.4,58.8,8,1,Yes,High,No,0,2,75.5,Auditory,86.4,B
8825,26,Female,19.8,79.7,9,2,Yes,Low,Yes,1,7,76.8,Visual,100,A
8826,24,Male,18.3,89.6,9,2,No,Low,No,1,8,81.5,Reading/Writing,100,A
8827,28,Male,6.5,84.9,7,9,Yes,High,No,2,1,87.0,Reading/Writing,90.9,A
8828,24,Female,11.8,93.1,1,6,Yes,High,Yes,2,8,85.5,Kinesthetic,85.1,B
8829,26,Female,12.9,65.2,9,10,No,Low,Yes,1,5,88.5,Visual,86.4,B
8830,21,Male,12.4,91.4,9,6,No,High,No,5,10,90.3,Kinesthetic,100,A
8831,22,Male,17.1,88.5,6,7,Yes,High,Yes,2,8,99.3,Visual,100,A
8832,21,Female,5.6,90.6,1,6,No,Low,Yes,4,2,80.0,Kinesthetic,60.6,C
8833,18,Male,4.3,74.3,10,8,Yes,Low,Yes,5,7,47.0,Reading/Writing,80.1,B
8834,30,Male,18.1,65.1,3,10,Yes,High,No,5,2,80.8,Kinesthetic,85.8,B
8835,22,Female,14.7,68.3,8,7,Yes,Low,Yes,0,10,84.9,Auditory,90.3,A
8836,26,Male,9.6,51.5,8,10,Yes,High,No,5,4,76.0,Kinesthetic,82.6,B
8837,22,Female,1.9,86.2,7,2,Yes,Low,No,4,1,77.7,Auditory,78.0,B
8838,29,Female,3.8,68.9,5,3,No,Low,Yes,5,7,91.1,Auditory,73.6,C
8839,25,Female,12.9,71.0,2,8,Yes,Low,Yes,1,9,80.8,Auditory,74.3,C
8840,29,Male,7.7,96.6,1,5,Yes,Low,Yes,4,0,68.0,Kinesthetic,69.9,C
8841,29,Female,15.5,83.9,6,7,No,High,No,4,7,85.9,Kinesthetic,92.6,A
8842,26,Female,1.3,97.8,6,7,No,Low,Yes,0,10,92.4,Kinesthetic,66.3,C
8843,28,Male,8.7,71.2,3,5,No,Low,Yes,3,4,59.2,Visual,64.0,C
8844,30,Female,14.9,89.6,7,8,Yes,High,No,0,1,75.8,Kinesthetic,91.3,A
8845,25,Female,8.2,73.1,5,9,Yes,High,No,0,5,73.6,Reading/Writing,84.4,B
8846,20,Male,17.0,63.6,8,3,Yes,High,No,1,7,84.3,Kinesthetic,100,A
8847,27,Male,16.6,95.3,9,10,Yes,High,Yes,2,9,88.3,Visual,100,A
8848,19,Female,12.1,76.1,6,3,Yes,High,Yes,3,5,58.5,Visual,98.8,A
8849,21,Male,12.0,83.2,4,6,Yes,High,No,0,9,55.2,Reading/Writing,92.6,A
8850,22,Male,19.5,77.3,3,5,No,High,No,3,9,90.7,Reading/Writing,100,A
8851,28,Male,13.1,63.0,1,3,No,High,Yes,4,4,77.6,Reading/Writing,85.8,B
8852,18,Male,4.9,72.6,3,9,No,Low,Yes,0,6,51.9,Visual,50.3,D
8853,19,Female,14.5,69.0,1,9,Yes,High,Yes,3,7,94.7,Auditory,92.0,A
8854,26,Male,15.7,93.9,9,5,Yes,High,No,1,3,57.4,Auditory,100,A
8855,19,Female,14.5,77.4,9,5,Yes,High,Yes,4,7,72.0,Auditory,100,A
8856,20,Female,11.9,53.4,4,5,No,High,No,3,6,44.1,Auditory,72.7,C
8857,19,Female,1.6,83.3,1,9,No,Low,Yes,1,10,68.7,Auditory,57.2,D
8858,28,Male,19.2,88.5,4,10,Yes,High,Yes,3,0,57.6,Reading/Writing,99.7,A
8859,26,Male,5.5,87.7,10,1,Yes,Low,Yes,4,5,59.3,Auditory,86.9,B
8860,26,Female,6.7,89.0,5,9,No,Low,Yes,2,8,55.6,Auditory,72.4,C
8861,20,Female,2.7,80.5,7,7,Yes,High,Yes,0,7,90.6,Reading/Writing,76.9,B
8862,19,Female,18.5,76.0,8,5,Yes,Low,No,0,8,85.3,Visual,96.8,A
8863,29,Male,5.2,87.4,5,10,No,High,No,0,2,74.1,Reading/Writing,76.8,B
8864,20,Male,10.0,79.2,9,8,No,High,No,0,2,59.8,Auditory,85.8,B
8865,29,Female,4.8,77.5,5,6,Yes,High,Yes,3,5,48.7,Reading/Writing,70.3,C
8866,18,Male,13.3,97.0,8,4,Yes,High,No,2,9,94.3,Reading/Writing,100,A
8867,25,Female,5.0,89.9,2,8,Yes,Low,Yes,1,5,74.2,Reading/Writing,72.7,C
8868,30,Male,17.3,89.8,10,5,No,High,Yes,5,1,58.3,Visual,98.0,A
8869,20,Female,1.3,61.4,2,1,No,High,Yes,1,9,70.3,Auditory,66.6,C
8870,29,Female,6.6,76.2,3,1,Yes,High,Yes,5,4,92.5,Auditory,90.2,A
8871,26,Female,1.9,58.7,1,7,No,Low,No,2,0,58.2,Reading/Writing,39.3,F
8872,23,Female,10.4,68.4,2,9,Yes,High,No,0,9,64.1,Kinesthetic,77.5,B
8873,25,Female,4.0,99.6,9,6,No,High,No,2,7,80.7,Reading/Writing,92.6,A
8874,23,Female,17.4,88.0,2,5,Yes,High,Yes,2,9,72.2,Auditory,96.8,A
8875,25,Male,12.4,57.0,6,2,No,Low,No,5,8,89.3,Reading/Writing,78.5,B
8876,20,Female,8.6,87.7,10,4,Yes,High,No,2,1,48.5,Reading/Writing,96.8,A
8877,26,Female,4.3,85.9,6,1,No,High,Yes,3,7,62.6,Visual,73.3,C
8878,25,Female,16.8,79.1,5,4,No,High,No,1,7,85.5,Kinesthetic,100,A
8879,26,Male,10.3,52.2,2,3,Yes,High,Yes,5,8,92.7,Visual,81.4,B
8880,26,Female,12.8,50.4,1,8,Yes,High,Yes,5,9,67.3,Reading/Writing,71.9,C
8881,18,Male,18.3,90.1,4,3,No,High,Yes,3,2,68.3,Kinesthetic,99.1,A
8882,20,Female,16.1,60.9,10,4,Yes,High,Yes,3,8,94.7,Kinesthetic,98.5,A
8883,26,Female,18.9,82.6,6,9,No,Low,No,4,2,44.2,Kinesthetic,83.2,B
8884,28,Female,4.5,89.0,10,10,No,High,No,1,6,67.6,Reading/Writing,85.5,B
8885,26,Female,7.2,90.1,6,1,No,Low,No,0,5,49.8,Auditory,70.4,C
8886,30,Female,9.1,82.4,2,4,No,Low,Yes,5,2,82.8,Visual,82.4,B
8887,20,Female,18.0,89.6,6,7,Yes,High,Yes,3,4,90.0,Auditory,100,A
8888,27,Male,18.7,71.3,7,1,Yes,High,No,3,3,78.6,Kinesthetic,100,A
8889,28,Male,17.5,51.7,10,10,Yes,High,No,3,2,74.1,Visual,95.7,A
8890,30,Female,11.1,70.7,2,4,Yes,Low,Yes,0,7,92.1,Kinesthetic,78.5,B
8891,27,Female,14.0,92.4,2,5,No,Low,No,2,3,52.0,Kinesthetic,75.3,B
8892,22,Female,16.0,74.1,9,10,No,Low,No,0,3,51.6,Auditory,83.1,B
8893,20,Male,5.8,55.2,9,3,No,Low,Yes,3,6,74.4,Kinesthetic,75.2,B
8894,26,Male,1.2,70.8,8,3,No,High,Yes,0,3,63.1,Reading/Writing,75.5,B
8895,21,Male,9.1,51.3,10,1,Yes,High,No,0,6,79.5,Auditory,82.1,B
8896,20,Male,10.8,83.5,6,9,Yes,Low,Yes,4,4,40.7,Auditory,81.8,B
8897,24,Female,10.7,66.5,1,3,Yes,High,Yes,2,8,76.6,Kinesthetic,79.8,B
8898,26,Female,16.0,50.5,7,2,Yes,High,No,2,2,99.3,Auditory,97.2,A
8899,18,Female,2.7,70.3,9,9,Yes,High,No,3,6,64.8,Reading/Writing,71.6,C
8900,24,Female,3.6,82.7,7,5,Yes,High,No,2,4,78.4,Visual,83.5,B
8901,25,Female,11.9,69.0,8,8,Yes,High,No,2,10,50.5,Auditory,82.1,B
8902,24,Female,16.1,63.8,9,3,No,Low,No,3,7,80.5,Visual,100,A
8903,30,Male,10.1,79.2,7,1,Yes,Low,No,2,3,69.8,Auditory,85.7,B
8904,29,Male,8.5,71.7,3,2,Yes,Low,Yes,5,4,51.8,Reading/Writing,80.5,B
8905,27,Female,9.5,97.6,8,8,No,High,No,2,2,54.6,Kinesthetic,93.9,A
8906,21,Female,19.4,88.8,7,9,No,Low,No,1,2,65.7,Kinesthetic,97.3,A
8907,25,Female,9.9,73.1,7,3,Yes,High,Yes,0,9,70.3,Visual,94.0,A
8908,24,Male,7.7,70.2,2,5,Yes,Low,Yes,0,5,95.2,Auditory,68.4,C
8909,29,Male,6.9,58.5,9,4,Yes,High,Yes,0,2,82.3,Auditory,78.6,B
8910,21,Female,15.1,62.7,8,4,No,High,Yes,4,7,67.5,Kinesthetic,93.4,A
8911,30,Male,8.6,78.5,10,9,Yes,Low,No,1,10,63.1,Auditory,88.1,B
8912,24,Male,15.2,67.4,1,1,Yes,Low,Yes,0,5,58.4,Kinesthetic,83.6,B
8913,21,Male,1.0,97.2,2,4,Yes,Low,Yes,2,7,89.9,Visual,77.6,B
8914,21,Male,1.9,78.6,5,4,No,High,No,2,6,69.6,Reading/Writing,72.4,C
8915,28,Male,5.1,62.7,8,8,Yes,High,No,3,5,95.8,Visual,83.7,B
8916,29,Female,13.2,73.8,2,3,Yes,High,Yes,0,10,72.1,Reading/Writing,88.6,B
8917,28,Male,3.3,64.7,4,8,No,High,No,5,8,75.6,Visual,66.3,C
8918,18,Male,7.3,95.7,7,4,Yes,High,Yes,5,1,59.3,Auditory,87.3,B
8919,18,Female,3.0,51.9,6,10,Yes,High,No,1,7,42.5,Reading/Writing,52.8,D
8920,28,Female,8.9,52.5,6,5,No,Low,No,5,10,57.6,Visual,71.1,C
8921,18,Male,8.5,52.3,1,9,Yes,Low,Yes,4,5,86.3,Auditory,58.8,D
8922,28,Male,1.5,78.7,5,5,Yes,High,Yes,2,10,97.4,Kinesthetic,73.4,C
8923,29,Male,12.4,67.8,1,5,No,High,Yes,0,0,63.8,Auditory,71.8,C
8924,20,Female,8.1,81.9,3,3,No,Low,No,3,2,42.6,Reading/Writing,76.7,B
8925,25,Female,2.1,68.8,10,6,No,High,Yes,4,7,43.4,Auditory,75.1,B
8926,28,Male,3.3,95.0,6,3,Yes,Low,No,5,6,40.3,Kinesthetic,78.5,B
8927,26,Male,19.4,96.5,1,2,Yes,High,No,3,2,51.5,Kinesthetic,100,A
8928,22,Female,20.0,59.1,6,9,Yes,Low,No,5,9,62.6,Kinesthetic,87.9,B
8929,26,Female,13.6,84.6,3,1,No,High,No,0,10,57.3,Visual,96.2,A
8930,24,Male,16.7,87.5,2,7,No,High,Yes,1,6,61.6,Auditory,84.3,B
8931,20,Female,19.0,55.2,2,1,Yes,Low,No,2,5,92.7,Visual,93.5,A
8932,20,Female,19.0,98.4,2,4,No,Low,Yes,3,1,80.3,Visual,94.6,A
8933,20,Female,11.4,69.9,10,7,Yes,Low,Yes,4,5,66.2,Visual,93.9,A
8934,24,Female,12.5,79.8,3,3,No,Low,Yes,5,6,59.6,Kinesthetic,78.5,B
8935,20,Female,17.6,52.8,7,4,Yes,Low,Yes,2,1,42.8,Reading/Writing,86.4,B
8936,28,Female,18.3,73.1,9,9,No,High,No,2,1,53.5,Reading/Writing,90.8,A
8937,27,Female,16.7,95.0,10,7,Yes,High,Yes,4,7,94.7,Visual,100,A
8938,24,Female,1.9,99.4,5,8,Yes,Low,No,3,7,68.7,Auditory,66.0,C
8939,25,Male,12.1,64.6,8,10,Yes,Low,No,2,10,58.8,Kinesthetic,87.4,B
8940,22,Male,10.9,60.1,6,9,No,High,Yes,1,10,59.0,Kinesthetic,77.6,B
8941,28,Female,8.5,86.4,4,10,Yes,Low,No,2,1,61.6,Visual,68.0,C
8942,29,Female,10.1,92.9,9,1,Yes,Low,No,1,4,76.8,Auditory,92.7,A
8943,28,Male,10.7,70.6,7,5,Yes,High,No,5,4,66.9,Kinesthetic,89.0,B
8944,18,Male,4.2,77.2,9,8,Yes,Low,Yes,1,5,80.6,Auditory,67.7,C
8945,26,Male,15.2,75.7,5,6,No,Low,Yes,3,3,78.7,Visual,85.0,B
8946,29,Male,12.2,67.6,2,1,No,High,No,0,8,77.1,Kinesthetic,76.9,B
8947,25,Female,5.0,79.9,4,9,No,High,No,2,4,47.2,Reading/Writing,73.0,C
8948,28,Male,14.9,99.6,7,4,No,Low,No,5,7,54.8,Reading/Writing,100,A
8949,20,Female,3.3,98.7,8,1,Yes,Low,Yes,5,8,50.5,Kinesthetic,90.2,A
8950,25,Male,6.9,52.6,3,2,No,High,Yes,3,10,74.8,Kinesthetic,68.3,C
8951,18,Female,7.0,93.7,4,6,Yes,High,Yes,1,9,71.1,Kinesthetic,91.1,A
8952,29,Male,6.1,84.4,4,2,Yes,Low,No,3,1,91.7,Auditory,83.9,B
8953,21,Male,14.2,85.5,9,2,No,High,No,5,0,54.7,Visual,100,A
8954,24,Male,5.1,99.1,6,4,No,High,No,5,2,69.7,Reading/Writing,77.2,B
8955,25,Male,11.5,79.6,4,8,Yes,High,No,3,2,84.7,Reading/Writing,91.2,A
8956,27,Male,12.4,64.9,7,9,Yes,Low,Yes,5,4,42.7,Auditory,84.8,B
8957,25,Female,17.5,96.8,7,3,No,High,Yes,2,2,50.3,Auditory,100,A
8958,23,Male,20.0,95.6,7,7,No,High,Yes,5,7,78.0,Auditory,100,A
8959,21,Male,17.7,87.1,4,3,No,Low,No,3,2,84.9,Auditory,92.2,A
8960,22,Male,13.4,85.5,7,6,Yes,High,Yes,3,1,50.2,Kinesthetic,87.8,B
8961,23,Female,12.6,75.2,7,3,Yes,High,Yes,4,7,61.9,Auditory,100,A
8962,21,Female,5.1,92.4,1,2,No,High,No,5,3,93.3,Reading/Writing,72.0,C
8963,22,Female,17.4,99.2,7,1,Yes,Low,Yes,0,5,63.0,Reading/Writing,98.3,A
8964,18,Female,9.8,59.4,2,4,No,Low,Yes,4,8,60.0,Auditory,71.0,C
8965,26,Female,16.0,71.7,5,4,No,Low,Yes,2,3,87.6,Reading/Writing,96.7,A
8966,20,Male,4.0,55.9,9,8,No,High,Yes,3,9,90.3,Auditory,77.6,B
8967,27,Female,19.5,51.8,5,10,No,Low,No,0,6,72.6,Kinesthetic,90.4,A
8968,21,Male,1.6,83.1,1,8,No,High,No,4,2,89.8,Auditory,58.0,D
8969,19,Female,10.0,82.8,8,6,No,High,Yes,3,8,98.1,Reading/Writing,99.1,A
8970,18,Male,7.8,94.0,6,7,Yes,High,No,4,8,44.5,Auditory,86.1,B
8971,18,Female,5.9,62.6,9,10,Yes,Low,Yes,3,4,63.3,Kinesthetic,64.2,C
8972,27,Male,14.2,81.4,2,8,Yes,Low,No,1,2,74.7,Reading/Writing,89.9,B
8973,27,Male,4.2,51.7,10,1,No,High,Yes,2,3,55.9,Reading/Writing,75.9,B
8974,23,Female,9.1,52.3,2,3,Yes,High,Yes,3,9,82.3,Auditory,77.4,B
8975,23,Female,7.6,74.2,9,10,No,Low,Yes,0,9,42.4,Auditory,68.0,C
8976,23,Male,8.4,59.6,7,9,Yes,High,Yes,2,4,52.7,Reading/Writing,69.3,C
8977,29,Female,1.9,59.6,10,6,Yes,Low,Yes,5,1,68.0,Auditory,65.2,C
8978,27,Male,8.0,55.6,5,2,No,Low,No,2,10,86.4,Kinesthetic,81.2,B
8979,20,Male,10.5,94.4,4,6,No,High,Yes,5,4,49.4,Visual,91.9,A
8980,29,Female,6.4,99.5,9,9,No,Low,Yes,5,2,95.4,Visual,90.9,A
8981,22,Female,13.8,81.1,7,8,Yes,Low,Yes,5,8,93.7,Kinesthetic,88.5,B
8982,19,Female,9.8,95.5,6,2,No,High,Yes,3,7,40.8,Reading/Writing,86.3,B
8983,20,Female,15.6,62.4,5,7,No,Low,No,4,2,51.8,Auditory,82.8,B
8984,27,Male,13.3,98.8,2,1,Yes,Low,Yes,0,0,80.9,Reading/Writing,87.7,B
8985,23,Male,8.4,99.8,3,3,Yes,High,No,1,8,80.7,Visual,93.2,A
8986,29,Female,10.8,76.5,3,10,Yes,Low,No,2,8,41.2,Auditory,71.2,C
8987,27,Female,17.3,99.4,9,6,Yes,Low,Yes,3,7,44.4,Visual,99.8,A
8988,27,Female,2.4,83.8,3,4,No,Low,Yes,1,4,44.7,Visual,58.9,D
8989,30,Female,5.9,70.0,5,6,Yes,Low,No,3,2,64.1,Reading/Writing,72.2,C
8990,19,Female,5.3,81.4,6,9,No,High,No,4,2,81.6,Auditory,73.8,C
8991,22,Male,7.2,56.8,2,1,Yes,Low,Yes,4,6,95.0,Kinesthetic,69.6,C
8992,29,Male,6.7,73.4,9,7,No,High,No,3,7,69.8,Kinesthetic,74.7,C
8993,21,Male,19.5,71.3,7,3,No,High,Yes,3,5,86.9,Reading/Writing,100,A
8994,27,Male,7.1,65.6,8,10,Yes,Low,Yes,3,6,86.5,Kinesthetic,70.5,C
8995,25,Male,19.8,73.4,7,6,Yes,High,Yes,5,0,59.1,Visual,96.8,A
8996,24,Male,11.6,74.5,10,6,No,Low,Yes,4,0,81.6,Visual,86.3,B
8997,30,Male,9.8,98.6,4,7,Yes,Low,No,5,1,47.8,Kinesthetic,80.1,B
8998,28,Male,13.5,73.5,1,1,No,Low,No,0,10,96.6,Visual,90.1,A
8999,28,Female,7.0,95.8,10,2,Yes,Low,No,2,1,89.1,Auditory,97.7,A
9000,20,Male,7.8,69.8,3,2,Yes,Low,Yes,4,2,85.8,Kinesthetic,74.9,C
9001,26,Male,15.9,96.9,9,7,Yes,High,No,1,0,88.5,Auditory,100,A
9002,29,Female,13.2,97.5,1,10,Yes,Low,Yes,3,9,98.4,Reading/Writing,86.2,B
9003,28,Male,4.8,68.9,1,10,No,High,Yes,5,5,81.6,Kinesthetic,62.7,C
9004,26,Male,13.5,91.9,8,5,No,High,No,4,0,91.2,Reading/Writing,100,A
9005,21,Male,13.6,67.9,3,4,Yes,Low,Yes,4,6,73.1,Visual,79.1,B
9006,25,Male,1.5,81.0,4,10,No,High,Yes,4,9,59.5,Visual,67.2,C
9007,24,Female,8.4,80.5,3,2,No,High,No,1,7,86.9,Visual,80.8,B
9008,25,Male,10.3,96.2,6,9,No,High,No,5,10,59.6,Kinesthetic,87.9,B
9009,25,Male,3.6,73.6,10,10,Yes,High,No,3,3,84.2,Auditory,75.9,B
9010,21,Female,13.3,59.4,2,4,No,High,Yes,1,7,43.5,Reading/Writing,82.3,B
9011,18,Male,1.3,76.4,1,10,Yes,Low,Yes,1,0,81.8,Auditory,58.9,D
9012,26,Female,10.1,76.6,1,5,No,Low,Yes,0,2,51.8,Kinesthetic,71.4,C
9013,23,Male,5.2,61.9,4,1,Yes,Low,Yes,1,7,47.8,Reading/Writing,64.5,C
9014,23,Male,12.6,71.0,4,5,Yes,Low,Yes,1,10,60.6,Kinesthetic,88.4,B
9015,27,Female,16.2,68.1,8,8,No,High,Yes,1,10,89.9,Auditory,90.2,A
9016,29,Female,13.8,80.0,9,8,Yes,Low,No,5,8,68.1,Visual,95.9,A
9017,19,Female,4.9,50.6,3,2,Yes,Low,No,0,3,90.4,Auditory,66.1,C
9018,20,Female,11.0,88.8,5,9,No,High,No,2,2,69.1,Reading/Writing,83.6,B
9019,25,Female,4.3,92.2,2,10,No,Low,Yes,0,10,79.5,Auditory,66.0,C
9020,28,Male,13.2,72.4,4,5,Yes,Low,No,1,3,87.5,Reading/Writing,81.0,B
9021,28,Male,3.9,82.8,2,2,Yes,High,No,0,8,74.8,Reading/Writing,80.3,B
9022,26,Male,6.0,79.9,2,1,Yes,High,No,4,10,48.1,Visual,73.3,C
9023,28,Female,19.8,85.8,5,7,Yes,High,No,0,6,53.6,Kinesthetic,100,A
9024,28,Male,5.5,79.4,5,2,No,Low,No,3,10,98.3,Kinesthetic,73.7,C
9025,29,Female,15.7,87.6,4,9,Yes,High,No,5,10,57.1,Reading/Writing,94.8,A
9026,20,Female,13.6,77.9,1,3,Yes,High,Yes,5,5,79.5,Auditory,86.5,B
9027,27,Male,7.9,89.4,9,8,No,Low,Yes,2,4,92.1,Visual,77.1,B
9028,29,Female,13.0,89.1,6,10,No,High,Yes,5,9,47.7,Kinesthetic,83.1,B
9029,20,Male,19.7,70.8,6,1,No,Low,No,1,8,56.2,Auditory,100,A
9030,23,Female,9.4,80.1,3,6,Yes,Low,Yes,4,9,50.1,Reading/Writing,69.5,C
9031,26,Female,8.5,69.5,8,10,No,High,No,3,7,72.9,Reading/Writing,76.7,B
9032,23,Female,8.7,80.0,7,7,Yes,High,Yes,1,2,41.5,Auditory,77.0,B
9033,27,Female,4.9,56.3,10,5,No,High,No,2,10,40.6,Auditory,70.8,C
9034,30,Male,17.5,98.4,7,3,Yes,Low,No,5,8,57.7,Kinesthetic,100,A
9035,24,Male,5.2,67.5,2,2,No,High,Yes,3,8,57.6,Kinesthetic,70.3,C
9036,19,Male,11.5,78.8,9,5,No,Low,Yes,2,6,98.6,Auditory,83.3,B
9037,27,Female,15.1,57.6,6,9,Yes,Low,Yes,4,2,55.3,Visual,79.0,B
9038,25,Male,19.1,84.3,7,4,Yes,Low,No,3,2,89.4,Visual,100,A
9039,30,Male,14.6,82.9,8,1,No,Low,No,0,7,75.0,Auditory,97.8,A
9040,24,Male,19.0,68.5,2,2,No,Low,No,5,6,48.3,Reading/Writing,79.8,B
9041,26,Female,19.2,55.3,8,3,Yes,High,Yes,3,6,64.5,Visual,100,A
9042,26,Female,14.7,74.5,6,3,No,High,No,2,9,89.6,Auditory,93.0,A
9043,20,Male,17.9,74.7,3,10,No,Low,Yes,5,6,45.1,Reading/Writing,88.1,B
9044,25,Male,2.4,68.8,3,9,No,Low,Yes,2,0,73.5,Kinesthetic,55.2,D
9045,25,Female,12.6,53.6,9,5,No,Low,Yes,0,7,67.5,Auditory,84.2,B
9046,28,Male,3.6,90.5,9,4,Yes,Low,Yes,4,6,99.1,Auditory,89.5,B
9047,24,Male,8.7,86.9,7,7,No,High,Yes,0,1,49.9,Visual,75.7,B
9048,20,Female,7.5,73.5,2,3,No,High,Yes,1,9,73.8,Reading/Writing,71.8,C
9049,30,Male,5.7,96.5,9,10,Yes,Low,Yes,4,8,69.1,Visual,79.3,B
9050,25,Male,18.7,72.7,2,4,Yes,High,Yes,2,6,94.8,Kinesthetic,100,A
9051,25,Female,15.1,87.0,5,1,Yes,Low,Yes,4,2,61.7,Auditory,100,A
9052,21,Female,6.4,95.1,8,9,No,Low,Yes,3,8,90.1,Reading/Writing,85.1,B
9053,25,Male,11.8,91.3,6,7,No,Low,Yes,3,0,45.1,Auditory,78.1,B
9054,18,Male,9.0,69.2,6,6,No,High,No,2,8,55.0,Kinesthetic,70.1,C
9055,25,Male,15.1,52.2,6,6,No,Low,Yes,2,9,51.5,Reading/Writing,74.4,C
9056,29,Female,10.7,76.0,1,8,No,High,No,4,1,76.5,Reading/Writing,71.8,C
9057,23,Male,1.3,93.1,6,7,Yes,High,No,0,0,87.4,Visual,80.9,B
9058,21,Male,7.3,65.1,9,5,No,Low,Yes,2,2,93.6,Visual,70.0,C
9059,26,Female,2.6,71.7,1,3,No,High,No,2,10,47.4,Auditory,64.4,C
9060,28,Female,11.9,61.1,3,6,Yes,High,Yes,2,9,57.9,Auditory,75.7,B
9061,26,Female,16.2,76.9,9,2,No,High,No,3,0,95.5,Reading/Writing,100,A
9062,20,Female,2.9,83.3,1,3,No,High,Yes,2,4,76.3,Reading/Writing,71.4,C
9063,26,Male,8.7,65.5,8,8,No,High,No,3,9,85.1,Auditory,87.3,B
9064,24,Female,5.1,61.2,2,4,Yes,Low,Yes,5,10,61.9,Auditory,68.5,C
9065,22,Female,11.9,79.4,10,9,No,High,No,4,2,96.8,Kinesthetic,90.3,A
9066,26,Male,16.8,74.1,1,2,No,Low,Yes,0,4,95.1,Visual,84.2,B
9067,24,Female,12.7,64.5,8,4,No,Low,Yes,5,5,81.0,Visual,84.4,B
9068,30,Male,8.2,85.7,6,1,No,High,No,1,7,92.0,Kinesthetic,85.1,B
9069,30,Male,17.9,84.9,3,2,No,High,Yes,0,4,49.7,Visual,92.6,A
9070,27,Male,17.4,94.8,9,1,Yes,High,No,0,6,68.9,Auditory,100,A
9071,20,Female,8.5,91.7,3,3,No,High,Yes,0,9,66.8,Reading/Writing,86.7,B
9072,29,Female,14.6,59.6,7,5,No,Low,Yes,5,10,84.4,Kinesthetic,80.9,B
9073,20,Female,19.3,83.2,8,2,Yes,Low,Yes,2,7,73.4,Visual,100,A
9074,23,Male,2.1,95.9,3,7,Yes,Low,Yes,1,10,86.0,Visual,70.7,C
9075,29,Male,8.4,57.9,8,1,Yes,Low,No,5,0,63.9,Visual,74.2,C
9076,24,Male,13.8,80.4,1,7,Yes,High,No,2,1,45.6,Visual,88.8,B
9077,19,Male,1.4,56.5,4,7,Yes,High,No,1,5,54.1,Auditory,61.5,C
9078,29,Male,17.8,80.5,7,8,No,High,Yes,3,1,97.8,Reading/Writing,100,A
9079,25,Male,17.4,89.4,5,2,Yes,Low,Yes,2,10,95.5,Auditory,99.1,A
9080,26,Female,17.3,83.8,7,9,No,High,Yes,5,0,59.7,Auditory,92.6,A
9081,21,Male,17.3,94.4,7,1,No,Low,No,5,3,70.5,Kinesthetic,94.8,A
9082,30,Female,19.1,99.1,4,8,No,Low,Yes,3,4,48.9,Reading/Writing,100,A
9083,18,Male,10.1,58.9,6,1,No,Low,No,0,7,97.2,Visual,87.7,B
9084,26,Female,13.0,99.8,7,3,No,Low,Yes,2,10,43.0,Reading/Writing,91.1,A
9085,18,Female,17.9,90.4,3,4,Yes,High,No,5,6,88.0,Auditory,100,A
9086,26,Female,17.9,86.6,1,5,No,Low,Yes,4,2,97.2,Kinesthetic,99.3,A
9087,29,Female,4.4,96.8,1,1,No,Low,No,2,9,79.5,Reading/Writing,77.7,B
9088,23,Female,17.0,64.1,1,2,No,High,Yes,1,5,48.3,Kinesthetic,85.9,B
9089,18,Female,13.4,97.7,9,10,Yes,Low,Yes,0,7,64.4,Reading/Writing,93.7,A
9090,23,Female,9.1,63.8,3,7,Yes,Low,No,1,8,82.0,Auditory,76.5,B
9091,26,Male,14.0,62.0,9,8,Yes,Low,No,0,6,62.8,Auditory,86.4,B
9092,28,Female,18.8,62.3,8,3,Yes,Low,Yes,1,0,48.9,Kinesthetic,88.8,B
9093,23,Female,13.4,64.9,10,6,No,Low,Yes,2,8,96.0,Kinesthetic,88.8,B
9094,21,Male,19.3,53.0,6,9,Yes,Low,Yes,3,7,63.9,Visual,84.3,B
9095,28,Male,5.2,95.5,4,5,No,High,No,4,7,51.6,Auditory,79.8,B
9096,25,Male,11.5,64.5,8,7,Yes,Low,No,1,6,65.1,Reading/Writing,78.7,B
9097,19,Female,14.2,84.9,5,5,No,Low,Yes,3,1,88.8,Visual,93.1,A
9098,22,Male,11.9,84.2,6,8,Yes,Low,Yes,2,3,59.1,Kinesthetic,76.9,B
9099,18,Male,8.8,58.2,1,10,No,Low,Yes,3,1,53.2,Kinesthetic,57.3,D
9100,20,Female,19.9,70.4,9,5,No,High,No,0,7,83.5,Auditory,100,A
9101,28,Male,13.3,58.4,5,7,Yes,High,No,2,9,49.6,Reading/Writing,76.1,B
9102,27,Female,17.1,50.2,9,4,No,Low,Yes,1,0,57.6,Auditory,86.1,B
9103,20,Female,2.5,57.0,4,8,No,Low,No,2,1,44.2,Kinesthetic,51.9,D
9104,25,Female,14.0,81.5,8,1,Yes,High,No,5,1,87.6,Reading/Writing,100,A
9105,22,Female,8.0,87.7,6,4,No,Low,Yes,4,5,57.0,Auditory,85.3,B
9106,19,Female,19.1,89.7,4,6,No,Low,Yes,5,1,78.0,Visual,89.1,B
9107,30,Male,17.8,61.8,10,2,No,Low,No,4,10,79.8,Visual,95.3,A
9108,30,Male,15.3,88.5,7,3,No,Low,Yes,5,10,77.5,Reading/Writing,100,A
9109,25,Male,19.4,86.7,7,9,Yes,Low,No,3,0,55.8,Auditory,100,A
9110,29,Male,3.6,66.6,8,6,No,High,Yes,5,4,46.4,Reading/Writing,71.9,C
9111,27,Male,17.7,79.6,7,8,No,High,No,1,9,52.3,Kinesthetic,100,A
9112,30,Male,4.9,65.3,5,6,No,High,Yes,3,10,97.7,Kinesthetic,76.6,B
9113,27,Female,8.8,61.1,10,1,Yes,Low,No,4,8,86.3,Reading/Writing,84.0,B
9114,22,Female,6.7,91.8,2,10,Yes,Low,Yes,2,0,74.8,Auditory,71.3,C
9115,19,Female,4.3,93.4,1,8,Yes,High,No,4,5,86.8,Visual,80.7,B
9116,25,Male,4.9,89.2,2,8,Yes,High,Yes,0,3,93.9,Auditory,77.3,B
9117,27,Male,2.2,93.8,2,10,No,Low,No,1,2,81.6,Kinesthetic,65.3,C
9118,25,Male,16.2,74.0,10,1,No,Low,Yes,5,5,79.1,Kinesthetic,94.0,A
9119,19,Female,13.6,89.4,3,3,Yes,Low,No,3,2,92.2,Reading/Writing,99.8,A
9120,21,Female,5.2,72.0,7,7,No,Low,No,0,8,44.4,Visual,57.6,D
9121,27,Female,3.8,92.7,1,7,No,Low,No,3,4,87.3,Auditory,61.8,C
9122,19,Male,13.1,84.5,3,6,Yes,Low,No,2,9,92.9,Kinesthetic,96.0,A
9123,20,Female,13.7,80.1,4,5,Yes,Low,No,5,9,80.9,Kinesthetic,94.7,A
9124,30,Male,16.4,55.1,4,1,Yes,High,Yes,5,8,64.6,Kinesthetic,96.1,A
9125,19,Female,12.1,51.5,8,1,Yes,Low,Yes,1,5,81.2,Auditory,93.6,A
9126,23,Male,13.8,58.0,10,9,Yes,High,No,3,7,73.2,Visual,86.2,B
9127,25,Female,16.2,98.9,6,9,No,High,No,5,4,93.4,Visual,96.7,A
9128,23,Female,1.5,93.7,10,9,No,High,Yes,1,10,78.2,Auditory,85.3,B
9129,30,Female,11.7,84.7,6,10,No,Low,Yes,5,5,46.4,Auditory,78.7,B
9130,28,Female,18.0,81.9,5,7,No,Low,Yes,1,4,62.6,Reading/Writing,85.0,B
9131,22,Male,16.0,82.9,5,8,No,High,No,4,5,74.1,Visual,87.1,B
9132,29,Male,6.4,71.8,2,4,Yes,Low,Yes,1,6,88.3,Kinesthetic,76.2,B
9133,24,Female,9.2,58.3,1,10,Yes,High,Yes,4,6,82.1,Auditory,72.2,C
9134,29,Male,10.0,54.4,10,8,No,High,No,1,9,92.6,Auditory,89.5,B
9135,24,Female,7.8,86.0,8,10,No,Low,No,4,4,89.5,Auditory,77.3,B
9136,30,Female,2.7,56.4,2,10,Yes,High,Yes,3,9,70.9,Visual,64.0,C
9137,23,Female,17.2,60.2,4,7,No,High,Yes,2,10,58.5,Kinesthetic,88.3,B
9138,30,Male,17.5,59.1,5,9,Yes,Low,No,0,10,73.8,Auditory,86.1,B
9139,29,Male,8.6,82.9,3,2,Yes,Low,No,3,5,69.7,Kinesthetic,75.4,B
9140,27,Male,17.2,95.6,6,8,Yes,Low,No,0,4,91.6,Auditory,100,A
9141,19,Female,6.3,83.2,3,10,No,Low,Yes,3,2,64.6,Kinesthetic,61.8,C
9142,27,Male,4.3,79.5,6,2,Yes,Low,No,5,7,57.2,Visual,72.6,C
9143,27,Male,18.5,59.2,5,6,No,Low,Yes,3,8,72.7,Auditory,92.3,A
9144,29,Male,4.2,59.9,9,3,Yes,Low,Yes,2,9,75.3,Kinesthetic,70.4,C
9145,24,Female,18.7,95.3,8,7,Yes,Low,No,0,10,72.1,Visual,98.8,A
9146,27,Male,11.4,77.6,10,4,No,Low,Yes,4,3,71.7,Kinesthetic,81.7,B
9147,27,Male,18.5,57.5,1,4,Yes,High,Yes,2,9,45.1,Visual,94.4,A
9148,23,Female,4.6,81.5,1,5,Yes,High,No,2,5,41.6,Visual,61.4,C
9149,27,Male,18.9,89.7,2,1,No,Low,No,2,7,64.9,Auditory,94.2,A
9150,18,Female,5.6,55.4,7,3,No,Low,Yes,0,9,83.0,Kinesthetic,67.6,C
9151,25,Male,9.9,76.5,2,7,No,High,No,0,2,49.1,Kinesthetic,67.0,C
9152,18,Male,2.6,53.6,1,10,Yes,Low,Yes,2,3,64.8,Visual,45.0,F
9153,28,Female,3.4,94.2,2,10,No,High,No,2,6,60.0,Kinesthetic,63.4,C
9154,22,Male,8.0,78.3,10,8,Yes,High,No,5,8,45.8,Auditory,80.3,B
9155,21,Male,8.4,71.9,6,6,Yes,Low,Yes,4,6,43.7,Reading/Writing,81.4,B
9156,26,Male,2.4,59.4,2,4,No,Low,No,2,3,41.0,Visual,41.4,F
9157,23,Male,12.9,54.1,7,3,No,High,No,0,0,71.5,Kinesthetic,82.0,B
9158,20,Male,1.7,62.6,3,7,No,Low,No,5,0,78.9,Visual,61.3,C
9159,20,Male,4.8,50.8,2,1,No,High,No,4,2,87.1,Kinesthetic,70.1,C
9160,27,Male,14.1,80.6,3,2,No,High,Yes,0,3,45.7,Kinesthetic,80.5,B
9161,19,Male,5.4,86.6,5,4,Yes,Low,No,3,1,94.4,Reading/Writing,75.9,B
9162,30,Female,3.0,93.8,10,4,No,Low,No,4,8,83.3,Kinesthetic,75.4,B
9163,18,Male,2.9,79.0,10,9,Yes,Low,Yes,0,5,71.5,Kinesthetic,73.7,C
9164,21,Female,14.2,73.6,5,5,Yes,Low,No,3,7,57.7,Kinesthetic,91.6,A
9165,28,Female,1.2,93.9,5,6,Yes,High,Yes,0,7,40.2,Kinesthetic,75.2,B
9166,22,Male,16.1,59.7,10,2,Yes,High,No,4,6,84.6,Reading/Writing,100,A
9167,26,Female,2.0,81.6,4,7,No,High,No,4,10,65.4,Reading/Writing,61.2,C
9168,30,Female,19.4,97.2,1,5,Yes,Low,Yes,2,1,97.9,Kinesthetic,99.3,A
9169,18,Female,18.2,69.5,6,3,No,Low,No,0,0,66.0,Auditory,88.4,B
9170,24,Female,13.1,94.9,5,4,Yes,High,Yes,0,7,59.6,Visual,89.1,B
9171,18,Female,17.1,84.6,1,6,No,High,No,0,6,54.4,Visual,80.5,B
9172,19,Male,8.1,77.9,5,8,No,High,No,3,6,99.2,Reading/Writing,83.7,B
9173,19,Female,18.5,75.1,1,2,Yes,Low,Yes,2,2,81.2,Reading/Writing,87.8,B
9174,21,Male,13.5,59.2,7,10,Yes,Low,Yes,3,6,81.8,Visual,86.2,B
9175,21,Female,4.3,91.5,4,7,Yes,Low,Yes,0,5,93.0,Visual,78.8,B
9176,23,Female,8.9,95.5,3,9,Yes,Low,No,0,3,48.3,Kinesthetic,74.3,C
9177,19,Male,9.8,70.3,5,10,No,High,Yes,2,10,84.8,Auditory,86.8,B
9178,23,Male,5.4,76.9,7,5,Yes,Low,No,0,6,71.8,Reading/Writing,67.6,C
9179,25,Male,1.0,77.7,7,2,No,High,Yes,2,7,44.9,Visual,75.4,B
9180,28,Female,16.6,74.9,2,4,No,Low,Yes,2,6,45.1,Auditory,83.3,B
9181,29,Female,15.7,53.4,5,10,Yes,Low,No,1,2,41.4,Reading/Writing,74.7,C
9182,23,Female,18.4,95.7,1,1,Yes,High,Yes,5,7,40.8,Reading/Writing,97.5,A
9183,19,Male,19.1,80.1,8,1,No,High,Yes,3,0,81.5,Auditory,100,A
9184,26,Female,3.2,60.2,3,6,No,Low,No,0,8,88.6,Visual,63.0,C
9185,22,Male,2.0,93.1,6,9,No,Low,Yes,0,4,84.0,Visual,72.6,C
9186,28,Male,15.1,71.9,5,10,Yes,High,Yes,4,1,57.8,Auditory,80.2,B
9187,30,Male,4.5,85.1,3,10,Yes,High,Yes,5,2,47.3,Reading/Writing,75.5,B
9188,30,Female,14.4,66.1,4,7,No,Low,No,4,1,81.6,Reading/Writing,84.8,B
9189,25,Male,16.0,55.7,9,2,No,High,Yes,4,0,61.4,Kinesthetic,86.5,B
9190,23,Female,4.6,87.8,9,2,No,Low,No,0,10,90.1,Kinesthetic,79.2,B
9191,26,Male,10.1,84.2,10,10,No,Low,No,4,7,82.4,Auditory,85.1,B
9192,20,Female,14.5,77.1,4,6,No,High,No,4,2,71.9,Visual,81.7,B
9193,26,Male,5.2,67.3,2,9,No,Low,Yes,4,8,83.1,Kinesthetic,60.8,C
9194,27,Male,17.6,91.1,5,6,No,Low,Yes,0,9,59.6,Kinesthetic,99.8,A
9195,21,Female,2.7,57.1,3,5,No,High,Yes,0,9,51.5,Auditory,54.7,D
9196,29,Male,1.6,89.6,5,6,No,Low,No,4,6,43.5,Auditory,65.5,C
9197,19,Male,19.7,60.5,10,7,No,Low,No,3,2,84.0,Kinesthetic,100,A
9198,25,Male,17.2,69.0,7,2,Yes,High,No,0,4,45.0,Visual,91.7,A
9199,26,Male,3.2,91.3,3,7,Yes,High,Yes,2,2,41.7,Kinesthetic,72.7,C
9200,20,Female,1.1,80.9,6,1,No,Low,Yes,1,0,66.6,Auditory,64.5,C
9201,23,Female,17.9,65.8,10,9,No,Low,No,1,9,40.9,Kinesthetic,92.9,A
9202,28,Female,8.5,67.3,2,8,Yes,High,No,1,10,72.3,Auditory,78.9,B
9203,20,Female,8.7,81.5,9,6,No,Low,No,0,3,96.2,Auditory,87.1,B
9204,22,Male,7.1,98.2,9,9,No,High,Yes,5,0,59.1,Kinesthetic,76.9,B
9205,26,Female,18.3,88.1,9,10,No,Low,No,1,6,42.2,Reading/Writing,97.0,A
9206,19,Female,7.6,65.3,3,3,No,Low,No,1,0,90.1,Visual,65.4,C
9207,28,Female,1.1,52.4,1,10,Yes,Low,Yes,0,5,57.0,Auditory,43.8,F
9208,23,Male,19.8,55.6,7,3,Yes,Low,No,0,4,46.1,Kinesthetic,89.4,B
9209,19,Female,9.4,53.4,9,4,Yes,Low,Yes,2,9,88.4,Visual,83.6,B
9210,25,Male,13.6,98.7,9,4,No,High,No,4,0,91.8,Visual,100,A
9211,19,Female,8.5,54.4,1,2,No,High,Yes,1,6,47.4,Kinesthetic,60.5,C
9212,20,Male,11.5,95.6,7,5,No,Low,No,5,4,86.8,Kinesthetic,89.9,B
9213,19,Female,14.2,52.0,9,7,No,High,No,3,6,78.9,Kinesthetic,88.5,B
9214,21,Male,10.6,58.9,1,10,No,High,Yes,3,6,46.6,Kinesthetic,70.2,C
9215,28,Female,6.8,73.4,8,1,Yes,Low,No,0,7,80.5,Kinesthetic,83.8,B
9216,18,Female,12.4,75.8,1,10,Yes,Low,Yes,4,3,50.4,Reading/Writing,68.8,C
9217,22,Male,10.4,50.1,7,4,No,Low,No,5,1,65.1,Kinesthetic,75.7,B
9218,30,Female,14.1,63.5,9,9,Yes,Low,No,5,7,89.3,Reading/Writing,95.0,A
9219,20,Male,7.5,54.6,8,5,Yes,High,Yes,5,2,92.2,Reading/Writing,80.6,B
9220,24,Female,19.3,81.7,8,3,No,Low,No,2,5,52.2,Auditory,95.8,A
9221,20,Female,14.3,84.9,8,4,No,High,No,5,8,71.3,Kinesthetic,100,A
9222,18,Female,10.5,59.7,8,6,No,High,Yes,3,0,80.6,Reading/Writing,84.7,B
9223,19,Female,15.7,95.2,3,6,Yes,Low,No,3,0,45.3,Kinesthetic,80.2,B
9224,24,Male,2.8,52.8,5,3,No,High,Yes,5,4,55.9,Visual,60.8,C
9225,28,Male,9.5,50.0,10,7,Yes,High,Yes,0,7,97.0,Visual,93.7,A
9226,30,Male,4.0,68.5,3,4,No,High,No,0,5,42.9,Reading/Writing,54.8,D
9227,19,Male,2.7,55.2,9,8,No,Low,Yes,5,9,82.8,Reading/Writing,73.1,C
9228,19,Male,20.0,86.9,4,4,Yes,Low,Yes,4,8,54.0,Visual,100,A
9229,29,Female,17.5,77.9,1,6,No,Low,No,0,9,76.2,Visual,86.5,B
9230,21,Female,12.1,71.0,8,5,No,Low,Yes,1,2,95.7,Kinesthetic,81.2,B
9231,27,Male,14.0,60.2,10,9,No,Low,Yes,3,2,82.5,Kinesthetic,77.3,B
9232,18,Male,5.0,88.4,10,1,No,Low,Yes,0,2,93.1,Kinesthetic,91.0,A
9233,30,Male,13.8,85.5,1,7,No,High,Yes,0,8,51.2,Visual,86.4,B
9234,25,Male,11.6,87.8,8,7,No,Low,Yes,0,3,89.0,Reading/Writing,84.1,B
9235,20,Male,3.1,58.3,10,8,Yes,Low,No,2,3,94.9,Visual,74.7,C
9236,27,Male,13.0,87.0,5,7,No,Low,Yes,1,8,59.1,Kinesthetic,75.9,B
9237,24,Male,3.5,97.0,5,7,Yes,Low,No,5,10,91.9,Reading/Writing,85.6,B
9238,25,Female,7.3,92.5,8,4,Yes,Low,No,4,1,83.5,Reading/Writing,95.6,A
9239,18,Female,17.5,89.2,10,9,Yes,High,No,1,5,81.3,Auditory,100,A
9240,28,Male,10.2,91.0,10,10,Yes,Low,Yes,0,2,58.1,Auditory,82.2,B
9241,18,Female,6.1,51.2,9,7,No,Low,No,5,0,74.4,Visual,60.1,C
9242,21,Male,7.3,99.4,2,7,No,Low,No,3,6,96.4,Kinesthetic,75.2,B
9243,20,Male,4.2,94.4,7,8,No,High,Yes,5,1,93.4,Reading/Writing,80.9,B
9244,24,Female,15.6,97.3,6,4,Yes,Low,No,1,9,65.0,Kinesthetic,93.0,A
9245,18,Female,13.4,56.6,10,3,Yes,Low,No,4,1,67.7,Visual,91.2,A
9246,21,Male,9.7,63.5,1,1,Yes,High,No,4,7,68.1,Auditory,86.4,B
9247,20,Male,11.1,76.7,4,9,Yes,High,Yes,5,4,67.1,Kinesthetic,78.8,B
9248,20,Male,3.5,63.2,5,10,No,Low,Yes,5,3,52.9,Auditory,57.7,D
9249,23,Female,11.5,59.5,5,8,Yes,Low,Yes,2,0,72.2,Auditory,70.0,C
9250,24,Female,17.9,63.5,5,7,Yes,Low,Yes,0,9,73.0,Visual,92.2,A
9251,28,Male,4.2,59.8,2,3,Yes,Low,No,1,7,67.8,Auditory,67.1,C
9252,24,Male,6.6,62.8,5,8,Yes,Low,No,1,3,94.0,Kinesthetic,64.1,C
9253,30,Female,3.4,82.5,6,4,No,High,Yes,5,2,68.8,Kinesthetic,81.1,B
9254,24,Female,12.6,64.3,9,7,No,High,No,5,1,64.2,Auditory,91.3,A
9255,22,Male,11.0,80.0,7,7,No,Low,Yes,3,9,93.9,Reading/Writing,80.9,B
9256,26,Female,6.4,53.0,1,8,Yes,High,No,1,1,96.5,Auditory,62.0,C
9257,27,Male,7.6,68.6,2,5,No,High,Yes,1,9,98.3,Visual,72.0,C
9258,26,Male,12.3,72.6,4,4,No,Low,No,3,8,66.7,Visual,82.7,B
9259,21,Male,4.1,99.5,8,1,Yes,Low,No,5,0,77.9,Auditory,90.1,A
9260,26,Female,2.3,90.3,4,3,No,Low,No,2,8,73.3,Kinesthetic,61.9,C
9261,26,Male,13.2,73.3,5,9,Yes,Low,Yes,0,5,90.1,Auditory,83.9,B
9262,19,Male,14.7,55.5,9,5,No,Low,Yes,4,4,64.2,Auditory,88.0,B
9263,22,Male,10.0,86.5,6,5,Yes,High,Yes,5,0,93.2,Visual,85.8,B
9264,21,Female,1.8,60.1,6,9,No,Low,Yes,3,1,92.3,Kinesthetic,61.8,C
9265,30,Female,14.6,66.1,10,6,No,Low,Yes,1,4,84.1,Visual,98.0,A
9266,30,Female,5.8,50.5,2,9,Yes,Low,Yes,4,5,87.0,Auditory,57.1,D
9267,27,Female,16.4,58.2,9,9,Yes,Low,No,0,8,65.8,Auditory,90.6,A
9268,20,Male,3.5,92.7,7,3,Yes,High,No,3,4,79.2,Kinesthetic,85.0,B
9269,23,Female,2.3,50.8,1,10,No,Low,Yes,5,5,82.3,Auditory,47.2,F
9270,19,Male,10.6,83.8,3,8,Yes,High,No,1,8,44.5,Reading/Writing,88.4,B
9271,20,Male,10.8,52.9,6,7,Yes,Low,No,1,3,62.3,Auditory,77.6,B
9272,19,Female,13.2,78.8,7,2,No,Low,No,0,1,74.7,Reading/Writing,94.2,A
9273,26,Male,3.9,96.8,7,9,No,High,Yes,3,3,83.4,Reading/Writing,76.1,B
9274,19,Male,15.0,61.9,1,10,No,High,Yes,1,9,69.6,Auditory,70.6,C
9275,30,Male,4.6,81.4,1,7,Yes,High,No,3,10,65.9,Reading/Writing,68.4,C
9276,27,Male,15.5,92.8,2,2,Yes,Low,No,3,2,51.8,Reading/Writing,90.9,A
9277,21,Female,15.8,98.7,3,5,No,Low,Yes,0,9,40.5,Kinesthetic,92.4,A
9278,24,Male,6.0,70.2,6,3,Yes,High,Yes,5,2,88.9,Auditory,81.7,B
9279,20,Male,13.8,73.3,6,1,No,High,No,0,0,89.6,Auditory,96.6,A
9280,21,Male,12.5,61.1,4,4,Yes,High,Yes,0,2,79.9,Visual,78.5,B
9281,24,Male,10.0,79.5,9,5,Yes,High,Yes,3,0,99.5,Auditory,94.9,A
9282,28,Female,18.9,97.9,10,1,No,High,Yes,0,4,81.0,Visual,100,A
9283,21,Male,15.3,81.5,9,5,Yes,Low,Yes,4,3,89.5,Visual,95.1,A
9284,23,Female,12.8,97.5,3,4,No,Low,No,0,8,76.8,Kinesthetic,83.9,B
9285,18,Male,18.9,93.7,2,9,No,Low,No,1,9,99.3,Reading/Writing,100,A
9286,27,Female,10.4,57.3,1,6,Yes,High,Yes,1,9,45.7,Reading/Writing,75.6,B
9287,22,Male,16.2,61.7,10,3,Yes,Low,No,0,1,82.2,Kinesthetic,100,A
9288,20,Male,9.5,56.5,2,1,Yes,High,No,2,8,42.6,Auditory,76.0,B
9289,30,Male,4.9,85.6,8,3,No,High,Yes,0,3,98.3,Visual,91.3,A
9290,29,Male,7.5,69.7,5,1,No,High,Yes,4,5,69.8,Reading/Writing,86.4,B
9291,27,Male,13.3,70.8,1,7,No,High,No,4,10,90.5,Auditory,83.1,B
9292,20,Female,10.7,77.5,8,2,Yes,High,No,2,9,98.5,Auditory,100,A
9293,22,Female,10.9,93.6,10,4,Yes,High,Yes,3,3,69.9,Kinesthetic,98.8,A
9294,30,Female,18.6,84.0,5,6,Yes,High,No,4,10,52.1,Visual,100,A
9295,30,Male,7.5,77.1,8,5,Yes,Low,No,5,1,85.2,Reading/Writing,75.4,B
9296,29,Female,4.0,96.7,6,5,No,Low,Yes,0,8,68.3,Auditory,76.2,B
9297,24,Male,6.0,86.6,3,5,No,Low,No,5,5,51.8,Visual,67.0,C
9298,20,Male,4.0,55.5,4,8,Yes,High,Yes,5,10,71.0,Kinesthetic,75.6,B
9299,22,Male,9.9,86.0,5,5,Yes,High,No,2,7,54.3,Auditory,92.7,A
9300,18,Male,12.3,65.4,3,4,Yes,High,Yes,2,2,77.2,Reading/Writing,83.3,B
9301,30,Female,19.9,69.8,7,9,No,Low,Yes,0,7,60.1,Visual,83.9,B
9302,30,Male,12.2,94.8,8,10,No,High,No,1,9,48.2,Kinesthetic,89.3,B
9303,20,Male,4.3,86.4,9,7,Yes,Low,No,1,1,59.7,Kinesthetic,76.0,B
9304,19,Female,6.9,81.5,4,5,No,Low,Yes,5,9,74.9,Kinesthetic,68.4,C
9305,26,Male,8.6,77.7,6,4,No,High,No,1,0,98.2,Reading/Writing,88.6,B
9306,18,Male,16.8,68.8,10,9,Yes,High,Yes,5,7,62.9,Kinesthetic,98.2,A
9307,29,Female,13.6,72.6,9,10,No,High,Yes,5,9,47.8,Visual,88.5,B
9308,23,Female,8.0,62.2,6,9,No,High,No,1,1,96.0,Visual,74.9,C
9309,27,Male,5.8,92.1,10,2,No,High,Yes,5,10,41.3,Kinesthetic,91.7,A
9310,18,Male,14.3,88.3,2,8,Yes,High,No,4,3,66.5,Visual,85.5,B
9311,21,Male,19.1,62.7,10,10,Yes,High,Yes,3,7,77.1,Kinesthetic,100,A
9312,20,Female,5.5,74.2,2,8,No,Low,No,1,5,43.1,Reading/Writing,50.8,D
9313,18,Male,1.3,81.1,3,3,No,Low,No,2,9,50.7,Reading/Writing,58.9,D
9314,23,Male,9.4,85.7,7,5,Yes,High,No,5,2,69.2,Auditory,92.9,A
9315,30,Male,16.1,80.6,3,10,No,High,No,3,3,80.4,Auditory,90.4,A
9316,22,Female,9.9,73.1,6,1,No,Low,Yes,4,4,53.6,Auditory,79.1,B
9317,27,Male,1.7,67.6,4,5,No,Low,No,1,4,97.7,Kinesthetic,53.5,D
9318,30,Male,13.8,73.7,1,6,Yes,Low,Yes,3,9,46.8,Kinesthetic,74.3,C
9319,29,Female,11.8,75.4,3,6,Yes,High,Yes,5,0,84.9,Reading/Writing,85.1,B
9320,27,Male,13.0,88.5,2,2,No,Low,Yes,0,4,90.2,Auditory,79.3,B
9321,30,Female,19.9,62.7,2,9,No,Low,No,3,4,71.4,Kinesthetic,77.7,B
9322,26,Male,7.3,87.5,2,8,Yes,Low,No,2,7,72.2,Reading/Writing,81.0,B
9323,25,Female,14.2,98.1,8,8,No,Low,Yes,2,10,94.9,Reading/Writing,97.9,A
9324,27,Female,12.6,60.6,8,6,Yes,Low,No,1,4,59.1,Reading/Writing,75.3,B
9325,22,Male,17.2,51.4,2,7,Yes,Low,No,4,4,61.2,Visual,80.9,B
9326,27,Male,13.4,64.8,7,5,No,High,No,2,7,51.3,Auditory,87.0,B
9327,20,Male,18.9,70.6,1,9,Yes,High,No,4,2,62.5,Auditory,93.5,A
9328,29,Female,12.7,87.6,5,7,No,Low,Yes,3,2,51.1,Reading/Writing,84.8,B
9329,27,Female,17.4,78.4,10,2,Yes,Low,No,5,6,59.6,Visual,100,A
9330,22,Female,15.8,80.7,9,9,Yes,Low,No,5,7,95.3,Kinesthetic,100,A
9331,20,Female,3.6,78.7,10,6,No,High,Yes,4,5,53.6,Visual,73.3,C
9332,19,Female,16.9,79.5,8,1,Yes,Low,Yes,4,10,51.6,Kinesthetic,100,A
9333,26,Female,6.2,75.5,1,4,Yes,High,No,2,7,82.5,Auditory,76.1,B
9334,30,Female,3.4,76.4,8,10,Yes,Low,No,0,0,55.1,Reading/Writing,65.1,C
9335,19,Female,12.3,59.5,5,8,Yes,High,No,1,6,68.3,Auditory,89.7,B
9336,22,Male,2.2,62.8,4,2,Yes,High,No,2,10,87.4,Kinesthetic,75.1,B
9337,21,Male,9.8,65.0,4,4,Yes,High,No,3,3,84.6,Reading/Writing,79.9,B
9338,28,Female,14.9,70.1,6,3,No,High,Yes,1,0,76.1,Reading/Writing,88.1,B
9339,24,Female,7.1,87.6,7,7,No,High,Yes,0,0,59.0,Kinesthetic,69.4,C
9340,22,Male,14.7,73.9,8,5,Yes,High,No,4,1,76.9,Kinesthetic,99.3,A
9341,28,Female,16.0,51.6,4,8,No,High,No,1,1,45.3,Visual,69.6,C
9342,26,Female,13.6,94.0,5,10,Yes,High,No,5,6,76.5,Auditory,89.0,B
9343,22,Male,12.8,79.0,1,6,Yes,High,Yes,1,5,49.5,Auditory,84.0,B
9344,18,Male,7.2,57.3,6,6,No,High,No,5,5,70.4,Auditory,80.1,B
9345,27,Female,13.5,51.3,6,9,No,Low,No,1,9,84.2,Visual,78.2,B
9346,29,Male,10.6,69.3,5,1,Yes,Low,No,3,3,77.6,Visual,76.7,B
9347,23,Male,8.1,81.3,6,3,Yes,High,Yes,3,9,48.2,Auditory,90.9,A
9348,29,Male,9.7,89.2,3,4,No,Low,No,2,7,83.1,Auditory,72.8,C
9349,22,Female,4.9,85.4,1,2,No,Low,No,3,10,92.8,Reading/Writing,68.5,C
9350,25,Female,4.7,72.1,8,4,No,High,Yes,0,6,45.6,Visual,77.6,B
9351,30,Female,13.9,80.1,3,4,Yes,Low,Yes,3,7,42.9,Kinesthetic,87.3,B
9352,30,Male,7.2,91.7,6,6,Yes,Low,Yes,0,8,87.3,Visual,83.0,B
9353,25,Male,1.9,73.6,4,9,No,Low,No,2,8,75.4,Reading/Writing,56.2,D
9354,20,Female,19.7,79.6,6,5,No,Low,Yes,2,5,52.1,Visual,92.2,A
9355,22,Female,15.6,76.7,3,3,No,High,No,2,2,73.4,Auditory,83.4,B
9356,18,Female,3.3,62.5,8,4,Yes,Low,Yes,1,9,80.2,Kinesthetic,73.9,C
9357,20,Female,4.9,55.4,5,9,Yes,High,No,1,7,41.0,Reading/Writing,67.2,C
9358,28,Male,16.5,95.6,8,8,Yes,High,No,1,4,67.5,Auditory,100,A
9359,25,Female,3.3,75.6,6,1,No,High,No,1,7,64.1,Auditory,68.7,C
9360,30,Male,17.5,92.6,6,10,No,Low,No,4,0,60.7,Kinesthetic,93.3,A
9361,23,Female,5.0,58.5,3,2,No,High,No,0,0,65.4,Reading/Writing,60.9,C
9362,28,Female,2.7,71.7,4,4,Yes,High,No,4,8,49.2,Visual,75.8,B
9363,27,Female,11.3,69.4,2,1,No,Low,No,4,7,50.7,Kinesthetic,73.3,C
9364,21,Male,19.3,53.9,3,4,No,Low,Yes,5,10,89.3,Visual,89.6,B
9365,27,Male,12.3,64.8,4,9,No,High,Yes,0,5,67.5,Auditory,77.9,B
9366,22,Female,5.6,82.3,10,3,No,High,Yes,5,0,94.4,Auditory,91.9,A
9367,25,Male,2.8,76.8,8,4,Yes,Low,No,3,1,68.6,Visual,75.6,B
9368,22,Male,18.3,82.3,2,1,No,Low,Yes,1,2,43.2,Visual,81.5,B
9369,18,Male,3.7,80.4,5,9,No,High,Yes,4,3,81.3,Auditory,65.6,C
9370,25,Female,15.6,53.5,8,3,Yes,High,No,4,6,53.3,Kinesthetic,97.6,A
9371,19,Female,5.4,73.8,10,3,Yes,High,No,1,4,71.2,Kinesthetic,82.3,B
9372,23,Female,10.6,75.3,10,10,No,High,Yes,4,9,42.4,Visual,85.0,B
9373,28,Male,3.0,57.8,10,10,No,High,No,4,3,98.0,Visual,75.9,B
9374,19,Female,15.5,86.9,10,6,Yes,High,Yes,5,10,67.9,Kinesthetic,100,A
9375,30,Female,4.7,85.7,6,2,Yes,Low,Yes,5,7,50.8,Reading/Writing,71.6,C
9376,24,Female,12.9,86.6,6,3,No,Low,Yes,2,6,42.9,Reading/Writing,81.0,B
9377,18,Male,16.5,75.7,5,3,Yes,Low,No,1,8,96.6,Visual,100,A
9378,22,Male,17.8,55.4,2,8,Yes,Low,No,3,10,82.4,Kinesthetic,82.6,B
9379,22,Female,12.9,50.8,6,2,No,Low,Yes,1,8,68.1,Kinesthetic,71.2,C
9380,18,Male,18.9,91.9,2,10,Yes,Low,Yes,1,8,46.7,Kinesthetic,86.3,B
9381,26,Female,4.8,86.4,8,6,Yes,High,Yes,5,0,62.7,Kinesthetic,86.9,B
9382,23,Male,14.4,91.8,4,5,Yes,Low,Yes,1,8,90.6,Reading/Writing,95.7,A
9383,19,Female,4.5,61.3,8,2,Yes,High,No,4,4,61.3,Reading/Writing,76.0,B
9384,21,Female,13.1,91.8,5,2,Yes,High,Yes,4,2,58.5,Auditory,89.9,B
9385,23,Male,8.1,54.6,4,3,Yes,High,Yes,4,9,84.1,Auditory,80.4,B
9386,19,Female,13.0,79.8,2,3,Yes,High,No,2,6,88.6,Reading/Writing,97.1,A
9387,20,Female,17.3,55.9,6,10,No,High,No,0,10,46.7,Reading/Writing,78.2,B
9388,29,Male,18.6,98.9,4,8,No,High,Yes,4,10,67.4,Kinesthetic,100,A
9389,29,Male,14.2,90.3,10,1,Yes,Low,Yes,2,10,44.5,Visual,100,A
9390,25,Male,4.2,51.7,8,6,Yes,High,Yes,2,0,87.6,Auditory,66.5,C
9391,26,Female,15.6,83.0,8,4,Yes,Low,No,0,4,45.6,Kinesthetic,93.6,A
9392,23,Male,3.7,51.4,2,4,Yes,High,Yes,4,9,67.6,Visual,71.8,C
9393,26,Female,13.0,68.4,8,2,No,High,No,2,9,46.3,Visual,88.4,B
9394,19,Female,4.7,93.0,7,5,Yes,Low,Yes,1,6,42.6,Reading/Writing,70.0,C
9395,26,Female,16.6,89.2,4,2,Yes,Low,No,4,8,80.4,Visual,100,A
9396,27,Male,15.8,62.9,8,7,Yes,Low,No,5,1,72.4,Auditory,92.8,A
9397,19,Female,14.0,53.1,8,7,No,Low,Yes,1,0,79.9,Auditory,77.0,B
9398,28,Male,5.0,72.2,5,10,No,Low,No,2,7,76.1,Visual,72.0,C
9399,24,Female,6.5,98.6,9,8,No,Low,Yes,5,8,44.0,Reading/Writing,81.1,B
9400,27,Male,15.2,62.5,8,7,Yes,High,No,5,6,80.3,Reading/Writing,98.5,A
9401,28,Female,11.7,57.5,2,6,No,High,No,4,9,91.4,Visual,86.9,B
9402,21,Male,19.4,78.6,10,4,Yes,Low,Yes,0,6,73.2,Visual,100,A
9403,23,Female,4.7,86.3,7,10,Yes,High,Yes,2,6,88.5,Kinesthetic,74.3,C
9404,23,Female,13.7,72.4,4,4,No,Low,No,5,5,68.5,Reading/Writing,78.6,B
9405,21,Male,8.1,53.3,6,1,No,High,No,2,4,74.3,Kinesthetic,84.2,B
9406,18,Male,15.2,89.5,4,7,No,Low,Yes,0,6,96.2,Kinesthetic,94.2,A
9407,19,Female,16.1,69.3,7,3,No,Low,Yes,2,10,95.7,Auditory,100,A
9408,27,Male,3.0,99.4,7,1,Yes,Low,Yes,5,2,72.8,Kinesthetic,77.6,B
9409,30,Male,9.5,67.1,8,8,No,High,Yes,1,2,95.9,Auditory,76.7,B
9410,23,Female,11.3,92.8,8,1,Yes,Low,Yes,4,8,69.5,Visual,91.5,A
9411,21,Female,9.2,77.6,8,6,No,Low,Yes,4,10,41.7,Kinesthetic,85.0,B
9412,30,Female,18.9,85.4,8,7,Yes,Low,No,2,7,67.1,Reading/Writing,100,A
9413,19,Male,7.3,64.8,4,1,No,Low,Yes,2,4,71.0,Reading/Writing,72.6,C
9414,26,Female,1.4,67.3,9,4,Yes,High,No,3,10,95.4,Reading/Writing,86.0,B
9415,23,Female,12.5,51.5,8,6,Yes,High,No,2,5,87.4,Reading/Writing,91.9,A
9416,24,Female,11.8,53.6,4,4,Yes,High,No,4,2,90.5,Reading/Writing,88.7,B
9417,30,Male,15.2,70.4,1,3,Yes,High,Yes,1,10,95.5,Visual,91.7,A
9418,21,Male,5.2,79.1,6,9,No,Low,Yes,2,8,85.5,Auditory,71.3,C
9419,30,Female,2.4,75.8,4,2,Yes,High,No,2,0,47.8,Visual,61.8,C
9420,28,Male,10.0,63.0,1,9,No,High,No,1,6,47.5,Visual,72.4,C
9421,21,Female,9.3,53.8,3,3,Yes,Low,No,3,5,47.2,Visual,65.2,C
9422,23,Male,4.8,79.7,8,3,Yes,High,Yes,1,6,71.8,Reading/Writing,78.9,B
9423,28,Female,16.1,82.2,9,9,Yes,Low,No,1,6,67.4,Visual,95.1,A
9424,18,Female,5.2,72.6,4,6,Yes,High,Yes,2,10,70.9,Visual,83.6,B
9425,29,Female,7.4,78.8,5,10,Yes,High,Yes,2,4,87.1,Visual,79.7,B
9426,28,Male,13.6,97.9,9,8,Yes,Low,Yes,5,1,81.1,Kinesthetic,100,A
9427,29,Male,2.8,83.7,10,5,No,Low,No,5,1,90.4,Kinesthetic,84.5,B
9428,20,Female,6.4,62.0,5,10,No,Low,Yes,4,7,47.0,Visual,57.8,D
9429,25,Male,18.6,97.4,2,5,No,High,Yes,5,3,85.4,Kinesthetic,100,A
9430,22,Female,15.9,90.0,6,7,Yes,Low,No,3,7,65.4,Kinesthetic,92.2,A
9431,28,Female,5.8,92.7,8,6,No,High,No,3,7,46.8,Visual,85.1,B
9432,18,Male,10.5,94.4,9,6,Yes,High,No,3,5,45.2,Reading/Writing,92.8,A
9433,21,Male,9.1,83.4,2,10,Yes,Low,Yes,2,8,89.7,Kinesthetic,77.7,B
9434,26,Male,14.6,88.6,6,6,Yes,High,Yes,1,8,45.4,Visual,92.7,A
9435,20,Male,3.0,74.8,5,10,Yes,Low,Yes,3,10,96.1,Visual,67.5,C
9436,20,Male,16.9,74.0,1,3,No,High,Yes,2,3,77.5,Auditory,85.7,B
9437,20,Male,12.5,60.6,10,5,No,High,Yes,4,1,77.4,Visual,92.7,A
9438,18,Male,9.9,94.2,4,1,Yes,Low,Yes,3,8,66.9,Reading/Writing,87.7,B
9439,20,Male,17.8,61.1,2,7,Yes,Low,Yes,5,5,51.0,Auditory,85.7,B
9440,27,Female,4.5,86.1,3,9,No,Low,Yes,3,4,79.7,Reading/Writing,71.4,C
9441,18,Female,16.6,94.0,6,7,Yes,Low,Yes,3,6,89.1,Reading/Writing,97.8,A
9442,25,Male,3.0,77.5,6,1,Yes,High,No,4,1,52.6,Auditory,67.3,C
9443,23,Female,14.6,66.3,1,8,No,High,Yes,2,8,79.0,Auditory,87.8,B
9444,28,Female,18.8,98.5,8,10,No,Low,Yes,5,0,72.6,Auditory,92.4,A
9445,26,Male,7.0,55.7,3,3,No,High,Yes,3,4,64.3,Visual,71.1,C
9446,30,Male,14.3,74.8,5,8,No,Low,Yes,1,1,69.7,Kinesthetic,81.1,B
9447,30,Male,4.2,83.0,10,7,No,High,No,4,8,64.1,Reading/Writing,84.2,B
9448,23,Female,1.9,58.6,9,1,No,High,No,1,7,86.4,Visual,69.8,C
9449,29,Female,3.6,88.9,1,10,No,High,Yes,5,0,45.5,Kinesthetic,61.2,C
9450,18,Male,10.0,98.7,5,9,Yes,Low,Yes,5,6,75.5,Reading/Writing,79.2,B
9451,30,Female,18.5,86.6,10,4,No,High,Yes,4,8,66.3,Reading/Writing,100,A
9452,19,Female,2.2,90.1,10,5,No,Low,No,2,2,64.9,Kinesthetic,78.1,B
9453,30,Female,4.7,55.3,6,8,No,High,No,1,3,65.2,Auditory,57.3,D
9454,20,Male,6.9,57.3,3,4,Yes,Low,Yes,1,6,84.1,Visual,67.8,C
9455,22,Male,7.2,53.7,4,10,Yes,High,No,2,4,55.8,Reading/Writing,70.8,C
9456,28,Female,1.3,66.0,3,4,Yes,High,Yes,0,5,56.2,Visual,62.0,C
9457,20,Female,19.7,84.8,7,8,Yes,High,No,4,2,41.6,Auditory,100,A
9458,30,Female,19.7,50.6,7,10,Yes,High,No,5,8,40.5,Auditory,98.9,A
9459,27,Male,14.9,60.4,3,2,No,Low,Yes,0,9,66.9,Kinesthetic,73.9,C
9460,21,Male,9.5,50.2,4,7,No,Low,Yes,4,0,64.6,Auditory,66.7,C
9461,26,Male,5.1,98.4,8,3,No,High,No,3,8,84.7,Reading/Writing,97.2,A
9462,22,Female,13.0,64.0,6,4,Yes,Low,Yes,5,9,62.9,Kinesthetic,83.8,B
9463,28,Male,9.6,79.3,7,1,No,High,Yes,3,9,57.9,Kinesthetic,93.1,A
9464,24,Female,6.6,85.1,6,3,Yes,Low,Yes,3,10,95.8,Reading/Writing,93.7,A
9465,29,Male,9.5,90.1,3,9,No,Low,Yes,2,0,40.5,Visual,65.4,C
9466,23,Male,12.3,61.1,2,10,Yes,Low,Yes,5,5,60.0,Visual,79.0,B
9467,18,Female,4.9,85.5,2,10,Yes,High,No,2,7,52.1,Auditory,75.2,B
9468,21,Male,17.9,81.7,9,8,Yes,Low,No,0,6,77.7,Auditory,100,A
9469,27,Female,13.2,73.2,8,3,Yes,High,Yes,0,9,89.3,Kinesthetic,99.2,A
9470,28,Male,11.5,60.3,2,7,No,High,No,1,7,75.4,Reading/Writing,72.4,C
9471,18,Male,19.9,98.4,6,9,No,Low,Yes,3,9,89.6,Visual,100,A
9472,30,Male,2.1,72.9,2,10,Yes,Low,No,5,6,84.0,Reading/Writing,59.0,D
9473,21,Male,9.7,83.1,1,1,Yes,High,Yes,1,10,98.4,Reading/Writing,98.1,A
9474,18,Male,12.1,99.3,8,9,No,Low,Yes,2,6,95.7,Kinesthetic,91.0,A
9475,19,Male,6.6,79.1,3,4,Yes,Low,Yes,0,6,71.1,Kinesthetic,68.8,C
9476,25,Male,6.0,83.7,9,10,No,High,Yes,0,3,64.3,Reading/Writing,69.1,C
9477,25,Female,11.8,64.1,3,1,Yes,High,No,2,6,81.7,Reading/Writing,87.6,B
9478,25,Male,15.9,76.9,6,9,Yes,Low,Yes,3,3,64.8,Auditory,94.5,A
9479,19,Female,13.7,98.9,6,4,No,Low,Yes,2,4,95.1,Kinesthetic,98.9,A
9480,26,Female,8.8,81.4,2,8,Yes,Low,No,4,4,42.0,Auditory,77.5,B
9481,22,Male,14.3,60.3,9,2,Yes,Low,No,5,7,81.4,Auditory,94.4,A
9482,20,Male,17.1,69.6,6,8,Yes,High,Yes,3,4,94.9,Auditory,96.1,A
9483,19,Female,15.9,99.0,10,10,Yes,Low,Yes,4,4,55.3,Auditory,100,A
9484,29,Male,9.5,65.1,3,1,No,High,No,2,2,67.1,Reading/Writing,80.5,B
9485,27,Female,3.4,64.1,4,10,No,Low,No,5,7,48.7,Auditory,60.4,C
9486,25,Female,18.2,78.1,1,6,No,High,No,3,5,41.0,Auditory,88.3,B
9487,25,Female,18.8,94.2,7,6,Yes,Low,No,1,3,81.1,Reading/Writing,100,A
9488,22,Female,12.5,99.9,1,4,No,High,Yes,2,1,91.6,Kinesthetic,95.7,A
9489,20,Male,5.9,57.4,1,9,Yes,High,Yes,0,10,50.1,Kinesthetic,54.7,D
9490,24,Male,13.8,82.8,1,3,Yes,High,Yes,3,4,54.7,Auditory,81.1,B
9491,30,Male,6.6,79.8,4,8,Yes,Low,Yes,2,10,83.7,Kinesthetic,72.1,C
9492,18,Female,1.8,68.5,10,8,Yes,High,No,3,9,60.5,Visual,66.6,C
9493,26,Female,7.9,65.8,2,2,No,High,Yes,2,8,69.1,Kinesthetic,77.0,B
9494,25,Male,3.9,61.2,9,8,Yes,Low,Yes,1,10,45.4,Reading/Writing,71.2,C
9495,23,Male,5.5,58.2,8,8,No,Low,No,2,3,71.2,Reading/Writing,72.5,C
9496,29,Female,16.4,66.3,3,4,No,Low,Yes,4,6,80.7,Visual,87.5,B
9497,18,Female,7.7,99.8,4,7,No,High,No,5,0,45.6,Auditory,84.9,B
9498,30,Female,6.4,87.8,2,2,No,High,Yes,5,6,46.3,Kinesthetic,81.7,B
9499,26,Male,8.8,83.6,1,5,No,High,No,5,10,47.2,Visual,80.5,B
9500,30,Male,2.9,82.8,2,3,No,Low,No,5,1,41.8,Reading/Writing,56.7,D
9501,19,Male,3.8,87.4,10,6,No,High,No,0,1,91.3,Kinesthetic,86.7,B
9502,29,Male,12.6,91.0,9,6,Yes,High,No,4,3,88.7,Kinesthetic,100,A
9503,22,Male,17.6,65.6,4,2,No,Low,No,0,7,83.8,Auditory,97.8,A
9504,24,Female,6.4,76.3,4,4,No,High,Yes,4,9,46.7,Reading/Writing,73.0,C
9505,30,Male,5.9,53.1,3,7,Yes,High,No,5,7,94.4,Auditory,71.7,C
9506,20,Female,19.7,72.6,4,7,Yes,High,Yes,5,8,80.6,Reading/Writing,100,A
9507,27,Female,2.0,90.0,6,7,No,Low,No,0,0,99.4,Kinesthetic,68.7,C
9508,24,Female,17.1,91.3,1,2,Yes,High,No,3,9,87.1,Reading/Writing,100,A
9509,23,Male,14.9,80.5,10,8,Yes,Low,No,0,5,53.0,Visual,86.9,B
9510,20,Female,19.4,87.2,8,2,Yes,High,Yes,3,8,84.5,Kinesthetic,100,A
9511,27,Male,6.7,96.3,1,2,Yes,High,No,1,10,74.3,Visual,81.6,B
9512,23,Female,7.9,71.2,7,1,Yes,Low,No,2,4,86.9,Reading/Writing,89.4,B
9513,27,Female,13.2,87.3,9,7,Yes,Low,Yes,5,7,62.2,Auditory,100,A
9514,26,Female,19.5,93.7,2,9,Yes,Low,No,0,0,76.5,Auditory,92.2,A
9515,24,Male,12.9,81.7,7,8,No,Low,Yes,5,8,53.0,Auditory,86.7,B
9516,21,Male,16.0,65.0,1,4,No,Low,No,5,7,72.3,Reading/Writing,79.1,B
9517,27,Male,3.6,80.5,7,6,No,High,Yes,5,8,43.9,Reading/Writing,80.5,B
9518,26,Female,19.1,59.5,6,7,Yes,High,No,3,1,90.0,Auditory,95.6,A
9519,27,Female,5.9,86.2,7,9,No,High,No,0,7,61.7,Auditory,82.3,B
9520,29,Female,8.0,67.9,9,6,No,Low,Yes,4,3,57.6,Reading/Writing,72.5,C
9521,27,Male,4.1,94.2,3,10,Yes,High,Yes,0,2,77.2,Kinesthetic,73.7,C
9522,27,Female,17.8,92.4,4,10,Yes,Low,No,2,4,67.6,Auditory,90.0,A
9523,23,Male,12.3,95.3,7,8,Yes,High,No,0,5,50.2,Reading/Writing,92.1,A
9524,24,Female,5.8,60.3,6,3,Yes,Low,Yes,1,7,51.4,Auditory,70.5,C
9525,21,Male,13.6,58.7,3,1,Yes,Low,No,4,8,85.2,Auditory,84.4,B
9526,19,Female,15.6,70.1,7,8,Yes,Low,No,5,5,72.3,Auditory,97.5,A
9527,23,Male,4.7,64.5,4,5,Yes,Low,Yes,5,4,91.5,Visual,69.8,C
9528,19,Male,8.3,85.1,9,4,Yes,High,No,2,1,93.9,Auditory,100,A
9529,18,Female,5.6,54.1,7,7,Yes,Low,No,1,10,65.4,Reading/Writing,60.5,C
9530,25,Male,8.5,57.1,7,6,No,High,Yes,0,8,60.9,Kinesthetic,71.1,C
9531,25,Female,5.4,68.5,10,5,No,Low,No,1,9,97.7,Reading/Writing,85.5,B
9532,21,Male,2.2,59.8,2,6,Yes,High,Yes,5,9,73.5,Visual,61.6,C
9533,28,Female,15.1,97.7,2,1,No,High,No,1,3,86.6,Auditory,100,A
9534,27,Male,17.2,79.5,8,8,Yes,High,No,2,6,92.6,Auditory,100,A
9535,30,Male,8.6,63.1,9,2,Yes,High,No,2,5,92.3,Kinesthetic,83.4,B
9536,26,Female,18.6,60.5,8,4,Yes,Low,Yes,0,8,76.6,Auditory,92.2,A
9537,27,Male,8.1,97.0,2,8,No,High,Yes,5,3,98.8,Reading/Writing,77.5,B
9538,30,Male,1.4,82.3,8,4,Yes,Low,No,5,6,61.0,Reading/Writing,66.6,C
9539,22,Male,14.8,83.2,5,8,No,High,No,4,9,48.4,Visual,95.2,A
9540,28,Female,16.9,63.4,3,6,Yes,Low,No,1,7,65.0,Visual,92.5,A
9541,22,Male,16.9,84.2,7,9,No,Low,No,5,9,77.6,Reading/Writing,99.3,A
9542,28,Female,17.1,76.5,8,8,No,Low,Yes,5,3,70.9,Kinesthetic,98.6,A
9543,18,Male,17.6,77.4,3,3,Yes,Low,No,5,1,98.3,Visual,100,A
9544,21,Female,8.9,99.0,4,8,No,Low,No,5,1,56.8,Reading/Writing,68.3,C
9545,30,Female,3.8,90.4,5,9,No,High,Yes,0,9,93.4,Auditory,72.8,C
9546,25,Female,19.4,97.1,9,2,No,High,No,4,2,72.4,Visual,100,A
9547,27,Female,11.1,51.8,2,8,Yes,High,No,4,2,48.3,Auditory,70.1,C
9548,21,Male,2.5,56.2,8,6,No,High,No,1,7,78.2,Auditory,73.8,C
9549,30,Female,13.6,83.1,6,5,No,High,Yes,5,5,52.9,Kinesthetic,97.2,A
9550,24,Male,7.3,72.3,7,7,Yes,High,Yes,3,1,95.4,Reading/Writing,79.3,B
9551,18,Male,13.6,74.6,2,9,No,Low,No,5,10,62.4,Visual,74.9,C
9552,25,Female,12.0,77.1,9,1,Yes,Low,Yes,5,2,65.4,Kinesthetic,87.4,B
9553,19,Male,2.9,68.6,7,6,Yes,Low,No,3,1,72.9,Visual,64.6,C
9554,25,Female,10.3,68.0,2,9,Yes,High,Yes,0,6,96.5,Visual,76.0,B
9555,27,Male,4.4,82.6,5,9,No,Low,Yes,1,8,52.8,Kinesthetic,58.1,D
9556,26,Female,12.3,92.5,9,5,No,Low,Yes,5,4,90.4,Visual,94.6,A
9557,19,Female,9.2,66.1,2,7,Yes,High,Yes,5,5,96.0,Kinesthetic,76.2,B
9558,21,Female,1.0,83.3,2,5,Yes,Low,No,4,0,50.0,Kinesthetic,55.2,D
9559,21,Male,1.3,92.6,7,10,Yes,High,Yes,0,8,45.2,Reading/Writing,72.6,C
9560,21,Male,16.8,54.9,10,10,No,Low,Yes,2,3,74.2,Reading/Writing,89.0,B
9561,30,Female,4.3,79.8,8,7,No,Low,No,0,7,71.0,Kinesthetic,71.4,C
9562,19,Female,3.0,57.3,7,8,Yes,Low,No,3,4,87.3,Auditory,63.0,C
9563,30,Female,14.2,56.2,10,6,No,Low,No,0,9,45.6,Auditory,80.0,B
9564,27,Male,18.0,98.2,2,1,Yes,High,No,4,10,51.7,Visual,100,A
9565,24,Male,16.4,58.6,2,8,Yes,Low,Yes,4,10,45.6,Auditory,75.8,B
9566,26,Male,11.6,96.6,5,2,Yes,Low,No,4,9,53.7,Kinesthetic,100,A
9567,27,Female,15.7,51.0,10,2,Yes,Low,Yes,4,7,91.3,Kinesthetic,100,A
9568,21,Male,8.1,94.9,9,9,Yes,High,No,2,0,65.8,Auditory,90.8,A
9569,23,Female,11.9,62.1,1,1,Yes,High,Yes,3,9,88.2,Reading/Writing,89.1,B
9570,27,Male,18.2,92.9,10,1,Yes,High,Yes,2,8,50.0,Visual,100,A
9571,29,Female,2.7,86.7,8,5,Yes,Low,Yes,1,0,53.7,Reading/Writing,63.5,C
9572,22,Female,8.4,79.9,2,5,Yes,High,No,4,4,82.9,Auditory,78.3,B
9573,25,Male,9.4,97.8,6,9,Yes,Low,No,1,9,83.7,Visual,80.6,B
9574,19,Female,10.4,54.0,7,4,Yes,Low,No,1,5,89.6,Visual,75.6,B
9575,25,Male,2.9,77.4,2,10,Yes,Low,Yes,1,0,75.8,Kinesthetic,51.4,D
9576,19,Female,9.9,78.2,10,1,Yes,High,Yes,2,6,57.1,Visual,88.7,B
9577,24,Male,8.4,75.4,8,3,No,Low,Yes,1,9,68.4,Reading/Writing,88.7,B
9578,29,Female,11.3,66.5,10,5,Yes,Low,No,3,9,66.9,Visual,92.2,A
9579,27,Female,6.1,53.2,3,6,No,High,Yes,1,5,72.2,Visual,59.0,D
9580,27,Male,7.0,54.5,9,3,Yes,Low,Yes,4,6,46.5,Kinesthetic,68.9,C
9581,27,Male,5.5,63.8,7,2,Yes,Low,Yes,1,5,64.5,Visual,65.5,C
9582,23,Male,17.3,85.3,2,6,No,Low,No,5,5,84.2,Auditory,83.3,B
9583,21,Female,14.7,52.0,8,2,No,Low,Yes,5,6,85.8,Auditory,87.7,B
9584,18,Male,15.0,57.7,6,6,No,Low,No,0,10,54.5,Kinesthetic,85.1,B
9585,27,Female,10.3,73.2,7,1,No,High,Yes,4,3,46.4,Visual,85.9,B
9586,23,Female,10.2,95.3,1,1,Yes,Low,Yes,0,1,60.1,Reading/Writing,72.7,C
9587,21,Female,7.4,89.4,1,2,Yes,High,No,0,4,55.3,Auditory,77.5,B
9588,25,Female,14.1,70.2,6,4,No,Low,No,0,6,45.1,Reading/Writing,78.4,B
9589,28,Male,13.1,91.2,1,3,Yes,Low,No,1,7,48.6,Auditory,87.7,B
9590,24,Female,2.6,62.0,9,3,No,Low,Yes,5,2,58.8,Visual,64.6,C
9591,21,Male,19.8,56.5,2,2,No,Low,Yes,2,2,88.6,Reading/Writing,81.8,B
9592,22,Male,10.7,62.7,10,10,Yes,Low,No,2,1,84.3,Reading/Writing,77.6,B
9593,23,Female,5.4,68.9,9,5,Yes,Low,Yes,4,5,91.1,Visual,84.2,B
9594,24,Female,7.0,97.9,6,10,No,High,No,5,8,83.9,Reading/Writing,91.2,A
9595,19,Male,8.9,76.7,5,7,No,Low,No,5,2,89.6,Reading/Writing,76.8,B
9596,30,Male,15.9,79.6,8,9,No,High,Yes,1,0,53.4,Reading/Writing,96.8,A
9597,24,Female,3.2,57.3,9,2,Yes,High,Yes,1,0,65.3,Auditory,73.1,C
9598,29,Male,12.9,67.3,8,8,Yes,High,No,0,9,82.3,Auditory,90.1,A
9599,22,Male,18.1,69.7,10,9,Yes,High,Yes,4,8,76.6,Reading/Writing,100,A
9600,20,Female,2.0,68.0,7,2,Yes,High,Yes,5,2,70.5,Visual,82.6,B
9601,22,Female,17.2,99.0,1,6,No,Low,No,0,5,79.0,Reading/Writing,90.6,A
9602,18,Male,8.5,79.4,10,10,Yes,High,No,5,8,82.1,Reading/Writing,89.6,B
9603,25,Male,4.1,71.9,8,5,Yes,Low,No,4,10,60.3,Kinesthetic,80.7,B
9604,20,Female,15.2,79.9,2,1,Yes,Low,Yes,0,5,70.2,Reading/Writing,95.5,A
9605,26,Male,19.3,60.7,9,9,Yes,Low,Yes,2,3,52.7,Kinesthetic,89.7,B
9606,22,Male,13.0,64.2,6,10,Yes,Low,No,1,5,86.9,Kinesthetic,86.9,B
9607,25,Female,2.9,55.7,10,8,Yes,Low,Yes,0,8,65.0,Visual,60.4,C
9608,28,Male,10.1,56.0,8,1,No,High,Yes,1,3,47.0,Reading/Writing,84.0,B
9609,29,Female,1.1,88.0,4,6,Yes,High,Yes,0,0,58.4,Kinesthetic,66.6,C
9610,24,Female,5.3,62.2,8,4,Yes,Low,No,3,6,97.6,Visual,81.9,B
9611,27,Female,11.8,98.8,8,4,Yes,High,No,4,2,69.4,Reading/Writing,93.8,A
9612,19,Male,4.3,60.6,4,4,Yes,Low,Yes,4,7,87.7,Auditory,64.0,C
9613,24,Male,8.4,66.9,9,7,No,Low,No,1,2,68.8,Reading/Writing,66.4,C
9614,24,Female,8.3,88.7,9,7,No,Low,No,4,2,72.1,Auditory,90.1,A
9615,26,Male,11.7,65.1,6,10,No,High,Yes,3,3,86.0,Reading/Writing,76.4,B
9616,22,Male,10.5,90.2,2,4,No,High,Yes,2,7,88.5,Auditory,80.4,B
9617,27,Male,17.7,57.9,1,7,Yes,High,No,2,7,40.2,Kinesthetic,80.8,B
9618,26,Male,10.0,93.0,7,4,Yes,High,No,3,5,85.6,Visual,100,A
9619,27,Female,6.5,64.3,10,8,No,High,Yes,0,1,67.1,Auditory,73.5,C
9620,30,Male,10.7,82.3,10,3,No,High,Yes,0,5,42.6,Visual,84.2,B
9621,25,Male,1.6,81.2,5,9,No,Low,Yes,5,3,47.7,Reading/Writing,57.7,D
9622,27,Female,3.3,93.5,5,2,No,Low,Yes,2,7,98.6,Auditory,84.7,B
9623,22,Female,16.7,80.8,4,7,Yes,Low,No,1,7,73.2,Reading/Writing,91.7,A
9624,22,Female,11.0,79.6,7,10,Yes,Low,No,5,7,88.6,Auditory,82.5,B
9625,18,Female,7.9,90.1,9,6,Yes,Low,Yes,1,5,92.3,Kinesthetic,86.0,B
9626,23,Male,5.5,85.5,1,10,No,Low,No,3,6,48.2,Reading/Writing,64.8,C
9627,28,Male,15.6,63.1,7,9,Yes,Low,No,3,4,88.8,Visual,96.4,A
9628,30,Male,14.8,68.4,9,7,Yes,High,No,5,0,52.5,Reading/Writing,92.5,A
9629,30,Male,17.1,87.2,8,10,Yes,Low,Yes,3,6,70.1,Visual,90.4,A
9630,26,Female,15.3,59.6,3,8,Yes,Low,Yes,4,4,81.9,Visual,80.6,B
9631,28,Female,17.8,90.8,7,2,No,High,Yes,4,2,45.7,Visual,94.0,A
9632,24,Male,16.6,86.3,5,8,Yes,High,Yes,4,10,98.6,Auditory,100,A
9633,21,Female,8.5,74.7,2,4,Yes,Low,No,3,3,70.8,Reading/Writing,71.8,C
9634,22,Male,4.4,95.3,2,9,Yes,Low,Yes,4,2,98.5,Kinesthetic,72.9,C
9635,29,Male,7.0,96.1,4,10,Yes,Low,No,1,8,53.4,Reading/Writing,70.4,C
9636,28,Female,19.6,70.1,7,6,Yes,High,Yes,1,0,89.1,Visual,99.3,A
9637,29,Female,4.7,54.9,1,4,No,High,Yes,4,0,82.0,Auditory,58.7,D
9638,20,Female,19.1,73.6,2,10,No,Low,No,5,0,75.2,Auditory,80.6,B
9639,22,Male,17.1,52.0,10,5,No,Low,No,3,7,91.5,Kinesthetic,87.0,B
9640,25,Female,1.8,66.2,4,4,No,Low,No,4,0,79.6,Auditory,52.2,D
9641,27,Male,8.7,82.2,7,4,No,Low,Yes,5,6,80.8,Visual,86.8,B
9642,30,Female,19.5,74.7,4,2,No,High,No,0,7,43.1,Visual,98.4,A
9643,19,Female,19.0,79.5,2,9,Yes,Low,No,0,4,57.4,Visual,92.6,A
9644,27,Male,20.0,75.1,1,1,No,Low,Yes,5,5,65.2,Visual,88.5,B
9645,28,Female,4.2,81.1,7,8,Yes,High,No,3,1,91.4,Auditory,76.1,B
9646,19,Female,4.0,91.9,7,1,No,Low,No,2,8,42.0,Reading/Writing,77.6,B
9647,25,Male,11.2,85.9,7,7,No,High,Yes,1,3,67.9,Auditory,80.2,B
9648,24,Female,15.5,71.8,7,9,No,Low,Yes,5,9,71.3,Reading/Writing,82.2,B
9649,30,Female,7.6,94.7,4,10,Yes,Low,No,2,2,50.7,Auditory,79.4,B
9650,21,Female,13.8,93.6,6,4,Yes,High,Yes,5,7,75.5,Visual,100,A
9651,18,Male,12.6,73.3,10,3,Yes,Low,No,2,1,82.2,Reading/Writing,100,A
9652,19,Female,15.1,87.0,2,2,Yes,High,No,1,5,52.3,Kinesthetic,98.4,A
9653,25,Female,11.1,72.7,9,7,No,Low,No,2,3,51.9,Visual,80.4,B
9654,19,Male,14.4,65.0,3,10,No,High,Yes,2,2,52.9,Reading/Writing,70.2,C
9655,21,Female,19.2,67.4,10,5,Yes,High,Yes,5,9,54.3,Kinesthetic,100,A
9656,19,Male,8.0,93.1,8,7,No,Low,Yes,5,7,99.4,Reading/Writing,84.4,B
9657,22,Male,17.2,80.5,5,7,Yes,High,No,0,7,78.7,Visual,99.5,A
9658,22,Male,8.1,71.8,3,10,No,High,Yes,2,10,95.9,Visual,73.8,C
9659,23,Female,12.0,53.3,5,5,Yes,Low,Yes,4,3,99.4,Kinesthetic,80.0,B
9660,21,Female,5.3,80.6,10,2,No,Low,Yes,4,3,54.1,Kinesthetic,78.4,B
9661,25,Female,7.3,97.1,7,7,No,High,Yes,4,10,46.9,Visual,89.5,B
9662,23,Female,5.0,79.0,6,1,No,Low,Yes,0,3,96.4,Auditory,70.0,C
9663,27,Female,18.7,84.1,5,3,No,High,No,1,4,86.1,Auditory,100,A
9664,26,Male,2.7,66.5,7,2,No,Low,Yes,4,10,52.5,Reading/Writing,62.0,C
9665,18,Male,15.0,57.9,7,3,No,High,Yes,0,5,57.5,Auditory,92.0,A
9666,18,Female,6.1,95.4,3,6,Yes,High,No,4,8,61.7,Reading/Writing,87.6,B
9667,28,Male,16.7,73.3,2,1,Yes,High,No,4,2,84.8,Auditory,95.0,A
9668,24,Male,8.5,53.0,1,7,Yes,High,No,3,6,84.8,Visual,79.0,B
9669,21,Male,4.2,66.7,8,10,No,High,Yes,1,6,60.7,Auditory,73.8,C
9670,29,Male,12.9,66.2,1,2,Yes,Low,Yes,4,3,61.9,Kinesthetic,78.1,B
9671,18,Male,12.5,92.2,6,1,No,High,No,1,1,97.7,Kinesthetic,98.3,A
9672,25,Male,17.5,73.7,10,4,Yes,Low,No,1,10,90.7,Kinesthetic,100,A
9673,24,Female,11.2,77.5,9,6,Yes,High,Yes,0,4,87.0,Reading/Writing,92.2,A
9674,30,Female,8.9,90.2,2,4,No,Low,No,0,8,95.2,Auditory,75.1,B
9675,25,Male,8.4,73.4,7,1,Yes,High,Yes,5,1,45.4,Reading/Writing,91.9,A
9676,18,Male,12.1,59.0,2,1,Yes,Low,No,1,10,72.5,Auditory,78.5,B
9677,25,Female,6.0,78.5,9,2,Yes,High,Yes,2,0,43.4,Kinesthetic,80.0,B
9678,30,Female,1.4,77.0,8,10,No,High,Yes,5,2,55.6,Auditory,70.5,C
9679,22,Male,8.6,63.5,5,1,No,High,Yes,4,0,78.5,Auditory,71.7,C
9680,24,Male,17.1,89.9,4,1,No,High,No,5,7,85.7,Reading/Writing,100,A
9681,23,Male,11.4,52.8,3,9,Yes,Low,No,0,5,89.1,Reading/Writing,78.6,B
9682,23,Female,5.4,83.9,3,8,No,High,No,4,5,79.7,Auditory,73.0,C
9683,22,Female,3.0,91.1,9,6,No,Low,No,3,1,93.8,Kinesthetic,79.7,B
9684,25,Male,17.8,88.2,2,5,No,High,No,5,10,92.0,Kinesthetic,100,A
9685,18,Female,9.6,89.0,1,1,Yes,Low,No,5,0,71.1,Auditory,80.3,B
9686,29,Male,1.8,64.0,1,3,No,Low,No,2,5,60.7,Kinesthetic,48.7,F
9687,23,Male,3.3,60.5,6,9,No,Low,No,0,0,86.4,Auditory,65.4,C
9688,21,Female,5.6,78.8,4,3,Yes,Low,Yes,5,4,65.6,Auditory,80.4,B
9689,24,Male,13.9,96.2,2,10,No,Low,No,3,4,50.8,Kinesthetic,76.7,B
9690,24,Male,18.7,62.2,8,5,No,High,No,5,7,82.7,Auditory,95.0,A
9691,22,Male,7.5,72.0,2,4,No,Low,Yes,4,9,71.1,Reading/Writing,69.8,C
9692,18,Female,2.9,97.0,8,2,Yes,Low,No,1,0,70.1,Visual,71.4,C
9693,30,Male,1.7,65.1,3,5,No,High,Yes,2,7,53.1,Reading/Writing,53.2,D
9694,22,Female,8.2,64.7,7,8,Yes,Low,No,1,2,51.2,Auditory,71.8,C
9695,20,Male,14.9,75.7,6,2,Yes,Low,No,0,3,75.5,Kinesthetic,96.3,A
9696,23,Female,4.6,56.3,6,2,Yes,Low,Yes,0,0,52.2,Visual,71.1,C
9697,21,Female,15.2,81.8,3,7,Yes,Low,Yes,2,7,89.1,Visual,91.7,A
9698,22,Female,4.0,64.2,8,1,Yes,High,Yes,4,4,59.4,Visual,70.5,C
9699,25,Female,6.5,88.1,9,6,Yes,High,No,4,10,58.6,Reading/Writing,97.6,A
9700,18,Male,18.3,50.1,3,6,No,Low,Yes,4,9,95.9,Reading/Writing,90.0,A
9701,25,Male,19.7,74.3,2,10,No,High,No,2,6,91.2,Visual,97.1,A
9702,22,Male,17.7,58.4,4,9,Yes,Low,No,4,3,94.3,Reading/Writing,82.9,B
9703,24,Female,4.4,69.8,10,4,No,High,No,5,8,67.9,Visual,86.3,B
9704,22,Female,18.3,99.9,7,6,Yes,Low,No,1,6,79.7,Auditory,100,A
9705,27,Female,12.4,75.1,5,3,No,High,Yes,2,10,78.3,Reading/Writing,91.4,A
9706,22,Male,8.4,83.8,7,5,Yes,High,No,5,7,46.4,Kinesthetic,87.0,B
9707,23,Female,7.0,57.4,5,6,No,Low,Yes,0,3,58.5,Kinesthetic,62.7,C
9708,18,Female,9.5,56.0,7,1,Yes,Low,Yes,2,4,99.5,Reading/Writing,86.6,B
9709,27,Male,9.2,90.8,1,6,No,Low,Yes,0,10,67.6,Reading/Writing,72.4,C
9710,28,Male,10.9,55.2,5,5,Yes,High,Yes,1,5,94.5,Auditory,79.4,B
9711,24,Male,19.6,85.2,5,5,Yes,Low,No,2,5,66.6,Visual,100,A
9712,19,Female,4.0,56.9,4,1,Yes,Low,No,1,0,52.3,Visual,68.5,C
9713,29,Female,4.3,58.1,4,6,No,Low,Yes,0,4,70.3,Reading/Writing,63.6,C
9714,22,Female,6.9,73.0,9,2,No,Low,No,2,5,46.6,Auditory,73.9,C
9715,28,Female,2.4,90.0,9,4,Yes,Low,Yes,3,2,84.0,Reading/Writing,85.6,B
9716,25,Male,7.8,85.4,3,10,No,Low,Yes,3,7,58.2,Reading/Writing,68.9,C
9717,20,Male,15.3,50.7,4,4,Yes,Low,No,2,0,71.7,Kinesthetic,81.2,B
9718,22,Male,13.3,61.7,3,2,No,High,Yes,5,5,82.8,Visual,82.3,B
9719,18,Male,14.0,76.6,5,5,Yes,High,Yes,3,0,88.0,Reading/Writing,100,A
9720,22,Male,19.0,52.3,8,10,No,High,No,5,6,90.0,Reading/Writing,96.9,A
9721,28,Male,9.5,78.6,1,7,No,Low,No,0,10,84.6,Visual,73.0,C
9722,18,Female,5.2,85.2,2,4,No,Low,Yes,1,9,69.5,Visual,75.2,B
9723,24,Female,12.3,68.6,4,1,Yes,Low,Yes,5,5,83.9,Kinesthetic,82.4,B
9724,30,Female,18.9,51.6,5,6,Yes,High,No,4,8,75.6,Kinesthetic,96.3,A
9725,28,Female,6.8,69.7,2,10,Yes,Low,No,5,4,58.2,Kinesthetic,59.3,D
9726,19,Male,18.8,53.2,10,4,Yes,High,No,3,1,62.3,Visual,94.6,A
9727,24,Male,11.3,96.4,10,4,No,Low,Yes,2,9,64.9,Visual,90.0,A
9728,26,Male,7.9,96.2,3,2,Yes,Low,Yes,1,1,82.7,Reading/Writing,89.4,B
9729,28,Female,3.9,64.8,10,4,No,High,No,2,9,72.6,Auditory,74.9,C
9730,27,Male,8.2,56.2,3,1,No,Low,Yes,2,5,85.6,Reading/Writing,64.5,C
9731,29,Female,15.7,68.6,3,1,No,High,No,0,0,70.7,Auditory,84.5,B
9732,26,Male,1.6,80.7,2,4,No,Low,Yes,5,7,71.3,Reading/Writing,65.6,C
9733,26,Male,16.7,93.1,4,6,No,High,No,2,10,42.5,Visual,99.0,A
9734,27,Male,15.1,96.3,4,5,Yes,High,Yes,5,9,99.2,Visual,100,A
9735,22,Male,2.2,75.2,6,8,No,Low,No,4,10,97.3,Visual,75.1,B
9736,18,Male,17.5,62.0,1,7,Yes,Low,Yes,5,5,42.2,Auditory,81.6,B
9737,26,Male,18.3,79.4,10,8,No,Low,Yes,0,1,81.8,Reading/Writing,91.9,A
9738,19,Male,10.0,53.5,5,3,No,High,No,4,8,45.6,Kinesthetic,76.3,B
9739,18,Female,9.8,72.9,8,3,Yes,Low,No,3,8,91.2,Auditory,89.0,B
9740,27,Female,1.1,51.7,4,2,No,Low,No,0,7,91.6,Reading/Writing,55.3,D
9741,28,Female,18.9,52.2,8,6,No,Low,No,0,8,80.4,Kinesthetic,93.2,A
9742,30,Male,11.5,89.7,2,7,Yes,Low,No,4,4,92.6,Kinesthetic,91.1,A
9743,20,Male,13.3,63.9,3,3,Yes,Low,Yes,0,5,82.8,Auditory,79.2,B
9744,24,Male,17.1,51.1,5,5,Yes,Low,No,3,4,67.3,Auditory,87.6,B
9745,23,Male,7.7,91.1,4,10,Yes,High,No,5,7,97.1,Reading/Writing,84.5,B
9746,26,Female,15.9,77.1,3,1,No,High,Yes,0,4,73.0,Kinesthetic,96.0,A
9747,29,Male,14.4,78.9,6,4,Yes,Low,Yes,0,4,78.9,Auditory,85.7,B
9748,19,Female,13.6,75.1,3,3,Yes,High,Yes,1,9,50.9,Visual,84.7,B
9749,19,Male,12.7,72.9,1,9,No,Low,Yes,1,10,64.9,Auditory,68.6,C
9750,22,Female,16.4,88.5,6,8,Yes,High,No,4,6,64.2,Kinesthetic,100,A
9751,22,Female,4.6,87.5,1,7,Yes,Low,No,2,7,71.6,Kinesthetic,60.8,C
9752,24,Male,6.8,55.0,10,6,Yes,High,No,1,8,85.7,Visual,76.0,B
9753,20,Female,9.4,75.8,2,10,No,High,Yes,5,9,96.2,Kinesthetic,75.4,B
9754,20,Female,16.3,64.8,8,8,No,Low,No,5,7,78.8,Auditory,82.9,B
9755,25,Male,8.8,58.8,2,6,No,Low,No,3,10,60.2,Kinesthetic,58.0,D
9756,21,Female,9.1,57.8,9,4,No,High,Yes,1,2,44.4,Kinesthetic,79.9,B
9757,21,Female,16.0,53.5,10,8,No,High,No,0,9,98.5,Kinesthetic,100,A
9758,28,Male,17.2,91.9,6,5,Yes,High,No,0,1,46.8,Kinesthetic,95.2,A
9759,28,Male,18.8,68.2,7,1,No,Low,No,2,6,40.7,Visual,99.0,A
9760,18,Female,2.3,93.2,3,2,No,High,Yes,5,6,79.4,Kinesthetic,77.9,B
9761,23,Male,15.6,80.0,7,5,Yes,Low,No,5,5,94.4,Visual,98.0,A
9762,20,Female,5.6,63.9,4,9,No,Low,No,0,8,73.0,Auditory,58.6,D
9763,18,Male,3.6,50.1,3,10,Yes,Low,Yes,2,10,80.9,Visual,53.3,D
9764,30,Male,15.7,67.7,9,10,No,Low,No,5,4,73.9,Auditory,96.1,A
9765,20,Male,5.6,73.8,9,8,No,High,Yes,4,4,62.8,Kinesthetic,69.8,C
9766,23,Female,12.4,60.2,3,8,No,High,No,5,0,92.2,Visual,72.4,C
9767,29,Female,19.1,76.6,6,6,Yes,High,No,2,2,82.1,Reading/Writing,100,A
9768,20,Male,15.7,99.9,7,2,No,High,No,3,1,71.7,Kinesthetic,98.6,A
9769,23,Male,17.0,64.7,10,7,Yes,High,No,0,10,90.5,Auditory,100,A
9770,23,Female,13.9,55.2,2,6,No,Low,No,2,5,85.7,Reading/Writing,70.7,C
9771,23,Female,11.1,77.9,1,8,Yes,Low,Yes,2,5,71.2,Kinesthetic,68.6,C
9772,23,Female,11.4,97.1,6,8,No,Low,Yes,4,0,97.2,Reading/Writing,84.8,B
9773,25,Male,2.8,89.8,1,3,No,High,Yes,3,9,58.5,Auditory,75.5,B
9774,23,Female,15.7,50.1,4,4,Yes,Low,No,4,3,69.2,Visual,88.3,B
9775,23,Female,2.1,84.3,6,8,Yes,Low,No,0,8,50.9,Visual,59.4,D
9776,21,Male,8.5,67.8,5,5,Yes,High,Yes,5,4,75.3,Kinesthetic,89.7,B
9777,27,Female,2.8,94.1,4,10,No,Low,Yes,3,9,83.6,Auditory,72.4,C
9778,24,Female,15.8,94.0,2,1,Yes,High,Yes,5,2,94.0,Kinesthetic,100,A
9779,22,Male,7.5,88.1,10,10,No,Low,No,4,7,52.2,Auditory,76.9,B
9780,29,Male,8.8,84.9,5,4,Yes,Low,No,4,4,92.8,Reading/Writing,87.1,B
9781,26,Female,3.1,72.7,3,5,No,Low,No,2,1,85.5,Visual,54.6,D
9782,24,Female,12.0,70.5,6,7,Yes,Low,Yes,2,10,51.5,Visual,76.3,B
9783,22,Male,4.9,79.3,8,8,No,Low,Yes,0,6,41.5,Auditory,60.8,C
9784,19,Female,13.4,80.4,5,5,Yes,Low,No,1,5,41.1,Visual,80.9,B
9785,28,Male,7.4,64.7,8,7,Yes,Low,Yes,4,4,48.7,Visual,65.8,C
9786,24,Female,2.1,55.3,2,8,No,Low,Yes,2,4,53.1,Visual,49.9,F
9787,20,Female,14.6,98.3,10,4,No,High,No,1,1,67.0,Reading/Writing,100,A
9788,21,Male,2.4,97.7,8,9,No,High,Yes,4,1,63.2,Visual,76.7,B
9789,25,Female,13.1,88.8,1,1,Yes,Low,Yes,3,8,71.0,Visual,94.1,A
9790,27,Male,5.4,73.4,4,1,No,High,No,3,5,63.9,Visual,76.7,B
9791,20,Female,19.6,51.9,4,5,Yes,Low,No,1,9,67.3,Reading/Writing,89.1,B
9792,28,Male,16.1,97.4,2,1,Yes,High,Yes,4,10,82.0,Reading/Writing,100,A
9793,21,Male,15.2,86.0,6,2,Yes,Low,Yes,0,10,97.8,Auditory,98.4,A
9794,18,Female,12.3,93.5,8,3,Yes,High,No,5,4,78.4,Reading/Writing,100,A
9795,26,Female,9.6,59.4,1,10,Yes,High,Yes,4,8,88.2,Auditory,76.5,B
9796,23,Male,18.3,60.4,7,5,Yes,Low,Yes,4,2,98.1,Reading/Writing,91.7,A
9797,23,Female,4.1,78.8,2,8,No,Low,Yes,2,7,84.1,Kinesthetic,63.4,C
9798,21,Female,9.8,99.9,5,8,No,Low,No,1,7,99.2,Visual,78.4,B
9799,29,Male,1.7,86.3,6,9,No,High,Yes,5,3,82.4,Kinesthetic,70.1,C
9800,18,Female,12.2,66.3,8,4,No,Low,Yes,3,2,73.8,Visual,89.7,B
9801,28,Male,3.2,54.0,8,1,No,Low,No,1,7,68.2,Visual,69.0,C
9802,30,Female,13.4,68.2,4,3,No,Low,No,4,1,94.4,Reading/Writing,90.9,A
9803,21,Female,1.5,86.9,8,5,Yes,High,Yes,0,8,60.4,Kinesthetic,75.3,B
9804,18,Male,19.4,63.0,7,1,Yes,High,Yes,3,4,78.3,Kinesthetic,100,A
9805,27,Female,9.6,71.1,7,5,No,Low,No,5,5,52.7,Reading/Writing,81.6,B
9806,30,Male,14.8,56.5,2,6,No,Low,No,5,3,60.9,Visual,71.3,C
9807,23,Male,6.4,97.8,9,1,No,High,No,2,2,93.1,Reading/Writing,89.7,B
9808,26,Female,18.1,95.4,10,10,Yes,Low,No,2,6,68.3,Reading/Writing,100,A
9809,20,Male,5.1,97.6,1,1,Yes,High,Yes,4,10,77.8,Visual,89.5,B
9810,22,Female,19.5,65.4,6,6,Yes,High,Yes,1,4,87.9,Visual,100,A
9811,20,Male,16.2,76.1,9,9,Yes,Low,No,5,1,97.6,Auditory,96.1,A
9812,25,Male,15.7,69.0,8,8,No,High,Yes,0,0,51.9,Reading/Writing,82.1,B
9813,29,Female,1.6,84.0,6,6,Yes,High,Yes,4,5,50.7,Reading/Writing,72.4,C
9814,21,Male,18.5,72.1,6,2,Yes,Low,Yes,2,2,40.7,Kinesthetic,94.2,A
9815,20,Male,13.0,50.6,4,3,No,Low,No,4,5,78.9,Reading/Writing,83.3,B
9816,30,Female,14.3,68.6,7,8,Yes,Low,No,4,2,72.5,Auditory,91.0,A
9817,27,Female,13.3,82.8,5,2,Yes,High,No,0,7,40.7,Visual,85.2,B
9818,20,Male,11.5,51.4,5,7,No,Low,Yes,1,1,98.2,Kinesthetic,72.1,C
9819,18,Female,19.4,79.3,10,2,No,Low,No,4,10,77.9,Reading/Writing,100,A
9820,23,Male,8.1,85.3,7,4,Yes,High,Yes,0,9,77.1,Kinesthetic,90.6,A
9821,25,Male,3.7,51.9,5,2,No,Low,No,4,9,92.3,Reading/Writing,68.3,C
9822,26,Female,12.7,98.2,4,2,Yes,Low,Yes,3,8,84.8,Visual,100,A
9823,21,Male,15.9,51.6,1,3,Yes,Low,Yes,4,4,43.8,Kinesthetic,83.6,B
9824,25,Male,10.0,59.7,4,4,Yes,Low,No,0,7,43.5,Visual,68.5,C
9825,26,Female,5.2,81.9,2,1,Yes,High,No,0,2,83.4,Auditory,81.6,B
9826,25,Male,12.9,92.7,1,9,Yes,High,No,3,6,80.1,Visual,90.6,A
9827,20,Male,8.5,56.7,10,5,No,Low,No,4,2,68.0,Auditory,82.7,B
9828,29,Female,12.6,80.9,7,5,No,High,Yes,1,4,97.9,Reading/Writing,90.9,A
9829,26,Male,13.5,60.4,10,4,Yes,High,Yes,0,7,77.2,Reading/Writing,90.2,A
9830,19,Male,15.7,87.3,4,5,No,Low,Yes,1,1,82.8,Kinesthetic,89.7,B
9831,18,Male,8.8,65.8,9,3,Yes,High,Yes,4,5,47.7,Kinesthetic,83.8,B
9832,27,Female,5.2,99.5,8,6,Yes,Low,No,0,1,40.3,Auditory,79.4,B
9833,29,Male,11.7,98.2,5,4,Yes,Low,No,5,9,98.1,Visual,100,A
9834,20,Female,7.4,95.9,2,3,No,Low,Yes,4,4,89.0,Reading/Writing,78.2,B
9835,20,Male,8.5,92.1,3,9,No,Low,Yes,4,8,86.0,Reading/Writing,80.1,B
9836,21,Female,14.7,76.1,8,5,Yes,Low,Yes,4,10,97.6,Auditory,100,A
9837,30,Female,19.2,67.4,5,6,No,Low,No,4,5,86.0,Kinesthetic,86.5,B
9838,27,Female,13.2,93.0,5,8,Yes,Low,Yes,5,5,95.5,Auditory,94.0,A
9839,30,Male,7.1,87.4,5,1,Yes,Low,Yes,3,5,58.3,Reading/Writing,74.7,C
9840,28,Male,8.4,62.4,1,10,Yes,Low,No,5,1,85.1,Kinesthetic,69.7,C
9841,28,Male,18.5,83.4,7,8,Yes,High,Yes,0,5,85.8,Kinesthetic,100,A
9842,25,Male,4.1,71.6,6,3,Yes,High,Yes,5,6,98.1,Reading/Writing,78.2,B
9843,30,Male,19.6,73.4,4,7,No,Low,Yes,0,10,51.9,Reading/Writing,91.5,A
9844,28,Male,16.1,55.0,5,9,No,Low,No,5,5,47.0,Visual,70.7,C
9845,28,Male,7.3,84.5,5,2,Yes,High,No,0,3,64.1,Auditory,86.8,B
9846,19,Male,13.7,96.2,9,4,Yes,High,No,1,9,60.1,Visual,100,A
9847,27,Male,4.4,88.4,5,8,Yes,High,Yes,3,10,89.0,Auditory,83.5,B
9848,24,Female,2.0,98.5,9,6,No,Low,Yes,5,10,70.9,Reading/Writing,75.8,B
9849,28,Female,9.3,60.3,8,4,No,Low,Yes,0,10,54.5,Auditory,82.3,B
9850,19,Male,1.0,71.7,9,7,No,Low,No,1,9,57.3,Auditory,68.5,C
9851,28,Female,19.0,56.4,9,1,No,Low,No,1,9,56.4,Auditory,93.0,A
9852,20,Female,20.0,99.2,1,6,No,High,Yes,3,6,96.5,Kinesthetic,100,A
9853,20,Female,3.8,73.7,10,3,Yes,Low,Yes,1,0,82.8,Auditory,82.4,B
9854,19,Male,13.9,68.1,1,6,Yes,High,No,3,5,66.1,Auditory,89.4,B
9855,21,Male,9.9,81.1,4,7,No,Low,Yes,1,4,46.8,Kinesthetic,65.6,C
9856,22,Male,8.4,58.2,7,2,No,High,No,4,2,87.3,Visual,84.1,B
9857,25,Male,13.1,84.0,1,3,No,High,No,2,7,81.0,Reading/Writing,88.7,B
9858,25,Male,5.7,90.9,6,4,No,High,No,1,9,72.8,Kinesthetic,80.2,B
9859,27,Female,10.1,82.3,1,1,Yes,Low,Yes,5,6,48.8,Kinesthetic,79.8,B
9860,30,Female,18.9,94.7,8,6,Yes,Low,No,1,0,86.1,Kinesthetic,100,A
9861,23,Female,14.4,66.1,9,5,Yes,Low,Yes,0,9,83.1,Auditory,97.1,A
9862,24,Female,19.4,90.2,2,8,Yes,High,Yes,0,1,55.1,Reading/Writing,97.5,A
9863,19,Male,2.9,69.0,6,7,Yes,Low,Yes,3,2,48.0,Kinesthetic,62.9,C
9864,24,Female,7.9,77.6,7,8,No,Low,No,5,3,51.2,Auditory,64.6,C
9865,29,Male,15.4,81.7,3,10,No,Low,Yes,5,4,80.0,Reading/Writing,87.8,B
9866,26,Male,11.0,89.4,1,1,Yes,High,No,4,6,57.9,Auditory,91.7,A
9867,20,Female,18.3,95.9,8,3,No,Low,No,0,8,91.7,Auditory,100,A
9868,22,Male,11.8,97.7,1,3,No,High,No,5,2,72.1,Auditory,94.1,A
9869,22,Male,16.3,81.4,2,4,Yes,High,No,4,5,82.6,Visual,93.8,A
9870,24,Female,9.8,90.8,9,7,Yes,Low,Yes,0,5,40.2,Auditory,76.4,B
9871,18,Female,14.8,67.3,5,1,Yes,Low,Yes,2,3,96.8,Auditory,95.4,A
9872,27,Male,8.6,61.0,10,3,No,High,Yes,1,10,44.1,Visual,74.2,C
9873,23,Female,7.1,56.1,6,8,Yes,Low,Yes,0,2,80.0,Kinesthetic,70.1,C
9874,20,Female,13.6,57.7,3,5,Yes,Low,No,1,9,45.1,Reading/Writing,83.3,B
9875,20,Male,18.2,83.8,10,6,Yes,High,Yes,3,9,83.2,Kinesthetic,100,A
9876,27,Female,7.8,92.7,5,9,No,High,Yes,1,4,84.3,Kinesthetic,86.2,B
9877,21,Male,8.5,59.2,5,4,Yes,Low,Yes,5,10,86.3,Visual,74.4,C
9878,30,Male,9.7,52.2,4,6,No,High,Yes,5,4,40.7,Reading/Writing,75.8,B
9879,24,Female,1.1,91.9,1,10,No,High,No,0,1,66.4,Kinesthetic,58.9,D
9880,19,Male,2.1,87.2,5,10,Yes,High,Yes,4,7,75.0,Kinesthetic,69.2,C
9881,29,Female,3.6,76.2,5,4,No,Low,No,5,5,77.0,Visual,67.0,C
9882,19,Female,4.6,72.7,7,1,Yes,High,Yes,2,10,98.8,Visual,87.7,B
9883,26,Female,18.5,62.6,9,5,No,High,No,1,9,80.4,Auditory,95.0,A
9884,25,Female,10.1,99.8,8,8,No,Low,No,0,10,42.0,Visual,80.7,B
9885,19,Female,8.9,71.1,5,10,Yes,High,Yes,4,4,79.7,Auditory,84.4,B
9886,29,Female,18.5,90.3,4,9,Yes,Low,No,3,6,66.6,Auditory,100,A
9887,28,Male,15.7,84.5,9,4,Yes,High,No,1,8,73.3,Visual,100,A
9888,28,Female,17.3,94.2,1,5,Yes,Low,No,4,7,70.8,Reading/Writing,97.9,A
9889,25,Male,18.5,55.2,6,9,Yes,High,Yes,3,10,91.3,Reading/Writing,92.4,A
9890,20,Male,5.5,79.3,3,4,Yes,Low,Yes,5,3,79.7,Visual,72.2,C
9891,20,Female,10.2,93.8,7,7,No,Low,Yes,3,7,99.7,Kinesthetic,83.7,B
9892,27,Female,2.3,65.2,5,8,Yes,High,No,4,7,96.7,Auditory,64.4,C
9893,20,Female,17.4,81.1,10,8,No,High,No,3,7,64.7,Auditory,100,A
9894,19,Female,1.4,96.1,1,3,Yes,Low,No,5,1,40.5,Auditory,57.8,D
9895,30,Female,8.2,91.0,4,6,No,High,Yes,5,4,50.6,Reading/Writing,83.5,B
9896,21,Male,14.3,73.8,10,5,No,Low,No,0,0,82.5,Reading/Writing,85.2,B
9897,26,Male,6.4,76.9,9,9,Yes,Low,Yes,1,4,95.8,Auditory,73.4,C
9898,24,Male,5.1,76.6,9,2,Yes,High,No,2,7,77.1,Kinesthetic,80.1,B
9899,20,Male,18.1,70.5,10,9,Yes,High,No,1,3,49.8,Reading/Writing,90.9,A
9900,24,Male,10.6,83.8,4,10,No,High,No,5,6,54.3,Kinesthetic,82.6,B
9901,20,Male,13.6,84.6,1,2,Yes,High,No,3,3,56.1,Auditory,81.8,B
9902,26,Female,2.5,58.5,7,3,Yes,Low,No,0,10,57.5,Auditory,64.6,C
9903,23,Male,11.0,90.5,8,6,No,High,No,1,8,41.5,Kinesthetic,93.9,A
9904,19,Male,11.9,55.3,10,10,No,High,No,5,3,69.6,Visual,85.2,B
9905,19,Female,11.6,82.5,2,1,Yes,Low,No,0,2,41.3,Reading/Writing,77.9,B
9906,21,Male,19.3,81.4,3,6,Yes,High,Yes,1,7,77.0,Reading/Writing,100,A
9907,23,Female,6.5,88.8,5,2,No,High,Yes,0,1,51.5,Visual,75.1,B
9908,24,Male,13.0,55.7,3,1,No,High,No,1,8,73.3,Auditory,78.2,B
9909,24,Male,14.0,94.0,3,7,Yes,High,Yes,5,4,96.9,Auditory,95.9,A
9910,22,Female,3.4,90.3,6,8,Yes,High,No,0,3,99.4,Reading/Writing,85.3,B
9911,23,Female,19.1,69.2,2,7,Yes,High,Yes,1,0,74.3,Reading/Writing,85.0,B
9912,19,Male,13.2,62.0,1,6,No,Low,Yes,5,10,50.5,Visual,67.4,C
9913,30,Male,5.8,81.8,1,8,No,Low,No,1,4,88.6,Auditory,66.0,C
9914,28,Female,16.6,95.3,3,7,No,Low,Yes,0,0,98.8,Kinesthetic,90.7,A
9915,21,Male,17.3,95.2,3,2,Yes,High,Yes,1,6,84.0,Kinesthetic,100,A
9916,30,Female,5.8,54.7,5,8,Yes,Low,Yes,3,7,77.2,Reading/Writing,68.0,C
9917,29,Male,9.3,79.0,10,9,Yes,High,Yes,4,7,82.3,Kinesthetic,100,A
9918,21,Female,13.6,78.7,4,1,No,Low,Yes,2,0,49.1,Reading/Writing,81.7,B
9919,26,Male,9.2,98.8,1,6,Yes,Low,No,2,3,43.6,Reading/Writing,70.9,C
9920,29,Male,7.6,77.0,3,9,Yes,Low,No,3,1,40.5,Reading/Writing,57.1,D
9921,25,Male,3.5,71.6,8,6,No,High,No,2,7,76.9,Visual,77.9,B
9922,18,Male,19.9,78.0,8,3,Yes,Low,Yes,4,10,50.2,Kinesthetic,97.7,A
9923,26,Male,10.0,84.4,10,7,Yes,Low,Yes,1,1,84.2,Auditory,96.1,A
9924,19,Male,6.0,84.3,2,7,No,High,Yes,4,6,62.6,Auditory,68.2,C
9925,29,Female,16.3,85.6,4,5,No,High,No,4,0,94.2,Auditory,100,A
9926,20,Male,12.2,97.5,9,7,No,Low,No,2,8,50.7,Kinesthetic,83.4,B
9927,18,Male,13.3,94.4,8,5,No,High,Yes,4,2,95.6,Auditory,98.1,A
9928,23,Female,10.3,71.7,8,8,Yes,High,No,2,4,59.0,Kinesthetic,92.8,A
9929,21,Female,13.7,92.6,4,3,Yes,High,No,1,3,81.2,Kinesthetic,99.8,A
9930,29,Female,4.5,71.6,1,3,Yes,High,Yes,4,4,55.4,Visual,70.6,C
9931,28,Female,1.4,94.8,5,1,Yes,High,Yes,1,8,53.7,Kinesthetic,77.1,B
9932,23,Female,7.9,51.7,4,6,No,High,No,1,3,60.1,Auditory,63.3,C
9933,23,Male,13.7,70.2,7,9,No,High,No,3,8,49.1,Auditory,87.6,B
9934,26,Male,8.5,69.0,10,8,Yes,Low,No,1,0,65.8,Kinesthetic,82.5,B
9935,21,Male,2.7,71.7,8,10,No,High,No,1,3,77.3,Kinesthetic,68.1,C
9936,25,Male,1.1,87.3,2,7,No,Low,No,1,6,78.0,Kinesthetic,60.6,C
9937,30,Male,16.6,99.0,4,8,Yes,Low,No,4,4,99.6,Auditory,93.3,A
9938,28,Female,10.9,87.6,10,8,Yes,High,Yes,3,3,51.3,Kinesthetic,88.2,B
9939,18,Female,9.3,71.7,1,5,No,Low,Yes,3,10,95.5,Auditory,75.4,B
9940,23,Male,10.1,71.2,5,3,Yes,Low,Yes,2,3,77.8,Kinesthetic,83.0,B
9941,18,Male,17.6,60.2,8,6,No,High,Yes,0,2,75.8,Reading/Writing,96.1,A
9942,20,Female,3.9,50.3,3,4,No,High,No,0,3,80.1,Kinesthetic,66.3,C
9943,21,Female,14.0,89.1,2,2,Yes,High,No,4,9,95.1,Visual,94.7,A
9944,23,Male,18.6,77.5,7,7,No,High,Yes,2,1,98.4,Auditory,100,A
9945,21,Female,18.0,73.8,2,4,Yes,High,No,5,9,78.4,Visual,100,A
9946,25,Female,5.4,51.4,10,9,Yes,High,Yes,5,0,51.0,Kinesthetic,70.1,C
9947,27,Female,4.7,67.1,8,8,Yes,Low,Yes,3,10,48.7,Auditory,63.1,C
9948,25,Male,5.9,65.4,2,10,Yes,Low,No,3,10,51.9,Reading/Writing,54.1,D
9949,25,Female,1.7,59.6,9,5,Yes,High,No,0,3,43.6,Visual,63.0,C
9950,21,Male,20.0,73.3,10,4,Yes,Low,No,0,9,57.2,Kinesthetic,100,A
9951,21,Male,1.3,92.0,5,2,Yes,Low,No,3,0,58.8,Reading/Writing,75.3,B
9952,27,Female,7.0,60.2,3,7,No,High,No,5,4,53.3,Reading/Writing,65.5,C
9953,28,Female,2.7,93.4,3,10,Yes,Low,No,1,8,94.0,Visual,64.5,C
9954,26,Female,16.6,66.3,8,9,Yes,Low,No,4,7,57.9,Kinesthetic,96.2,A
9955,18,Male,10.1,77.5,4,7,No,Low,No,4,10,42.9,Auditory,70.5,C
9956,25,Female,2.5,89.7,10,1,Yes,High,Yes,5,0,61.4,Kinesthetic,85.0,B
9957,29,Male,7.0,60.6,7,6,Yes,Low,No,2,8,51.0,Kinesthetic,66.7,C
9958,18,Female,9.8,67.4,8,4,Yes,High,Yes,3,4,61.2,Kinesthetic,92.5,A
9959,20,Male,18.7,82.3,1,10,Yes,Low,Yes,1,1,60.5,Kinesthetic,90.3,A
9960,19,Male,11.1,77.8,7,10,No,Low,Yes,1,1,97.3,Reading/Writing,82.9,B
9961,18,Female,15.7,54.4,3,7,No,Low,No,1,4,78.8,Visual,70.9,C
9962,20,Male,3.8,84.7,10,5,No,Low,No,0,4,53.9,Auditory,72.5,C
9963,30,Male,11.9,90.7,5,4,No,High,Yes,2,10,47.9,Auditory,90.9,A
9964,25,Male,3.0,58.7,10,8,No,High,Yes,4,9,83.9,Auditory,78.2,B
9965,25,Female,5.5,82.8,1,8,No,High,No,0,3,42.6,Auditory,61.0,C
9966,21,Female,19.3,57.8,5,7,Yes,Low,Yes,4,1,64.6,Reading/Writing,89.6,B
9967,25,Female,8.4,86.1,4,7,Yes,Low,Yes,5,1,83.9,Visual,85.1,B
9968,28,Female,2.2,95.4,6,9,Yes,High,No,0,7,72.0,Reading/Writing,76.3,B
9969,26,Male,16.5,70.9,9,10,Yes,Low,No,0,5,40.0,Reading/Writing,81.1,B
9970,23,Female,5.8,55.8,6,10,No,High,Yes,3,2,61.5,Kinesthetic,63.7,C
9971,25,Male,4.2,54.2,3,1,Yes,Low,Yes,2,7,80.2,Reading/Writing,71.8,C
9972,25,Female,8.2,75.3,5,8,Yes,Low,No,1,1,78.9,Visual,73.9,C
9973,30,Female,18.4,86.8,6,4,No,High,No,5,8,94.1,Auditory,100,A
9974,24,Male,7.8,90.1,1,6,Yes,High,Yes,1,9,54.1,Kinesthetic,72.9,C
9975,19,Male,19.9,61.5,2,3,No,Low,No,4,1,81.0,Reading/Writing,93.4,A
9976,26,Female,3.7,68.3,6,10,Yes,High,Yes,1,4,90.2,Auditory,72.1,C
9977,22,Female,1.5,58.8,3,4,No,High,Yes,5,6,91.2,Auditory,64.0,C
9978,30,Female,14.4,88.8,7,6,Yes,Low,No,2,4,88.0,Auditory,100,A
9979,24,Female,9.5,71.2,9,7,Yes,Low,No,0,4,64.6,Kinesthetic,86.4,B
9980,19,Male,15.5,61.0,9,6,Yes,High,Yes,0,8,87.1,Auditory,91.3,A
9981,23,Female,10.1,74.2,10,8,No,High,Yes,2,1,52.8,Auditory,76.4,B
9982,28,Female,3.0,70.9,5,5,Yes,High,Yes,5,0,63.8,Kinesthetic,67.9,C
9983,29,Male,18.7,95.5,10,10,No,High,No,1,7,65.1,Kinesthetic,100,A
9984,18,Female,16.7,50.5,1,1,No,High,Yes,2,5,97.5,Visual,82.2,B
9985,26,Female,16.4,76.8,9,7,No,Low,No,3,4,84.0,Reading/Writing,100,A
9986,28,Male,17.2,96.0,6,2,No,Low,Yes,2,10,87.7,Kinesthetic,98.6,A
9987,25,Female,14.5,89.0,3,5,Yes,High,Yes,2,0,42.5,Reading/Writing,94.6,A
9988,28,Male,2.6,93.8,10,4,No,High,No,1,1,50.0,Visual,72.0,C
9989,18,Female,9.5,55.2,10,4,No,High,Yes,2,4,93.6,Visual,78.1,B
9990,19,Female,1.4,93.7,5,7,Yes,Low,No,5,3,83.0,Visual,72.0,C
9991,29,Male,19.7,87.7,9,7,Yes,High,No,1,7,55.6,Visual,100,A
9992,25,Female,11.9,74.0,2,6,No,High,No,3,2,49.3,Visual,80.4,B
9993,22,Female,19.6,72.5,10,6,Yes,Low,No,5,0,65.9,Visual,98.2,A
9994,19,Male,11.4,50.1,1,4,Yes,High,Yes,4,2,85.9,Visual,84.4,B
9995,24,Male,3.3,92.3,6,7,No,High,No,5,5,72.0,Reading/Writing,73.9,C
9996,20,Female,7.5,86.2,9,1,Yes,High,Yes,5,9,86.4,Kinesthetic,94.2,A
9997,23,Female,9.6,84.8,10,9,No,Low,No,4,7,65.9,Kinesthetic,91.9,A
9998,18,Female,6.4,74.1,6,4,No,High,No,1,0,90.7,Auditory,79.5,B
9999,19,Female,19.2,56.9,7,2,Yes,High,No,2,3,62.2,Auditory,100,A
10000,20,Female,8.4,90.3,2,8,No,High,No,5,0,40.7,Kinesthetic,63.7,C
10001,27,Male,13.7,90.6,1,5,Yes,High,Yes,1,3,41.9,Auditory,93.3,A
10002,25,Female,16.9,91.4,8,2,No,High,No,1,3,48.7,Auditory,100,A
10003,19,Male,18.1,54.9,3,5,Yes,Low,No,1,9,76.3,Auditory,82.1,B
10004,21,Male,17.9,61.4,2,7,Yes,Low,Yes,1,2,83.8,Reading/Writing,84.5,B
10005,22,Female,17.6,58.1,9,10,Yes,High,No,3,3,94.1,Visual,100,A
10006,22,Female,6.5,74.8,2,4,No,High,Yes,3,7,93.4,Auditory,69.2,C
10007,19,Female,12.4,93.5,6,2,Yes,Low,Yes,0,3,64.3,Auditory,88.1,B
10008,24,Female,19.2,89.7,3,9,Yes,High,No,0,7,57.2,Auditory,100,A
10009,28,Male,6.8,64.0,9,5,Yes,High,Yes,2,8,47.9,Reading/Writing,87.4,B
10010,29,Male,10.8,89.1,8,4,No,High,Yes,3,6,50.3,Visual,87.2,B
10011,28,Male,1.9,91.0,10,7,No,High,No,2,8,99.9,Visual,86.2,B
10012,25,Male,2.1,80.7,2,6,Yes,High,No,2,10,57.2,Visual,66.8,C
10013,27,Male,16.1,90.4,10,9,No,Low,Yes,5,3,96.1,Visual,100,A
10014,23,Female,8.2,99.1,4,1,No,High,Yes,3,10,51.7,Visual,87.4,B
10015,19,Female,15.5,56.9,8,5,No,Low,No,4,1,95.0,Visual,89.6,B
10016,18,Male,19.9,91.1,8,8,No,Low,Yes,2,6,86.6,Auditory,99.8,A
10017,24,Male,4.4,76.8,2,10,Yes,High,No,3,7,42.7,Kinesthetic,61.1,C
10018,28,Male,19.0,94.6,10,4,Yes,Low,Yes,2,5,58.1,Reading/Writing,100,A
10019,30,Male,1.2,63.5,8,4,Yes,Low,Yes,5,8,69.6,Auditory,64.7,C
10020,22,Male,19.3,91.2,4,7,No,High,Yes,3,3,92.7,Visual,100,A
10021,30,Female,2.7,80.7,5,3,Yes,Low,Yes,5,9,96.6,Visual,70.5,C
10022,30,Female,9.2,94.9,10,3,No,High,No,5,6,56.4,Kinesthetic,93.1,A
10023,28,Male,18.6,79.8,7,1,No,Low,Yes,1,1,62.6,Kinesthetic,91.1,A
10024,20,Male,18.2,79.0,6,1,Yes,High,No,3,4,82.7,Auditory,100,A
10025,29,Female,14.1,73.3,3,6,No,Low,No,5,7,63.2,Kinesthetic,83.5,B
10026,27,Female,4.8,53.3,2,1,No,Low,No,3,6,74.0,Visual,68.5,C
10027,22,Male,19.6,89.1,6,5,No,Low,No,4,2,62.8,Visual,99.9,A
10028,21,Female,2.7,97.4,4,7,Yes,Low,Yes,0,9,93.4,Reading/Writing,76.8,B
10029,25,Male,18.5,53.1,1,10,Yes,Low,Yes,5,6,98.3,Auditory,93.1,A
10030,27,Female,11.4,63.2,5,4,No,Low,No,1,6,92.6,Reading/Writing,83.6,B
10031,30,Female,10.2,92.5,4,2,Yes,High,Yes,0,2,96.4,Reading/Writing,99.0,A
10032,25,Male,10.2,80.8,2,7,No,High,No,3,9,97.5,Reading/Writing,77.5,B
10033,18,Female,11.3,86.9,4,7,No,High,No,2,10,56.6,Visual,81.0,B
10034,18,Male,3.5,71.8,6,5,Yes,High,No,5,2,82.1,Kinesthetic,70.2,C
10035,24,Male,6.8,95.8,9,9,Yes,Low,Yes,1,0,81.4,Kinesthetic,87.1,B
10036,27,Female,2.3,51.0,8,2,No,High,Yes,3,3,47.2,Kinesthetic,69.2,C
10037,22,Female,17.7,66.3,1,2,Yes,High,Yes,2,1,69.0,Auditory,90.2,A
10038,26,Female,17.5,69.1,9,9,No,Low,Yes,2,1,67.3,Auditory,94.6,A
10039,20,Female,6.8,70.2,5,2,No,Low,No,1,0,77.6,Reading/Writing,74.2,C
10040,22,Male,17.3,53.9,1,5,No,High,No,4,8,69.3,Auditory,78.6,B
10041,26,Male,15.5,57.4,10,6,No,Low,Yes,3,0,81.5,Visual,85.6,B
10042,23,Male,17.4,69.2,9,3,No,High,Yes,4,6,77.5,Kinesthetic,100,A
10043,25,Male,11.4,91.1,1,5,Yes,High,Yes,0,8,63.8,Auditory,86.1,B
10044,24,Male,6.7,68.6,6,5,No,High,Yes,3,2,47.5,Visual,76.6,B
10045,28,Male,18.0,56.7,1,9,No,High,No,4,3,98.4,Reading/Writing,90.0,A
10046,24,Female,6.7,55.0,5,2,No,Low,No,3,4,52.8,Visual,70.1,C
10047,29,Female,5.0,60.1,2,5,No,Low,Yes,1,3,90.6,Reading/Writing,60.1,C
10048,23,Male,11.8,95.6,2,7,Yes,High,No,3,0,90.6,Kinesthetic,94.7,A
10049,26,Female,9.2,84.1,6,1,Yes,High,No,4,8,63.0,Visual,86.5,B
10050,28,Female,18.6,99.4,6,4,No,High,Yes,1,4,97.5,Reading/Writing,100,A
10051,23,Female,12.3,72.7,2,10,Yes,Low,Yes,5,4,93.3,Kinesthetic,80.2,B
10052,19,Female,13.0,74.9,6,5,Yes,Low,Yes,4,6,54.1,Reading/Writing,83.9,B
10053,19,Male,16.2,51.5,2,1,Yes,High,Yes,1,2,88.7,Visual,91.3,A
10054,29,Male,6.6,59.8,4,4,No,Low,No,3,2,49.8,Visual,67.1,C
10055,30,Female,15.3,67.9,7,7,Yes,High,No,5,9,63.7,Auditory,97.1,A
10056,28,Female,16.4,57.3,8,6,Yes,High,No,5,1,81.2,Auditory,100,A
10057,18,Male,2.2,53.2,8,2,No,High,Yes,0,0,93.7,Kinesthetic,75.5,B
10058,28,Female,20.0,77.5,5,5,No,Low,No,4,4,92.5,Kinesthetic,95.2,A
10059,18,Male,14.2,75.6,5,1,Yes,Low,No,1,9,56.2,Visual,88.0,B
10060,20,Male,7.6,85.5,9,8,No,Low,No,4,7,90.8,Auditory,84.6,B
10061,22,Male,14.7,60.1,4,9,No,High,No,1,4,41.3,Visual,74.6,C
10062,20,Female,2.3,82.0,6,8,No,High,Yes,5,0,93.1,Auditory,79.0,B
10063,22,Female,16.4,57.3,8,8,No,High,Yes,0,3,65.3,Visual,94.4,A
10064,19,Male,12.6,76.6,3,8,No,Low,No,0,2,76.0,Auditory,80.5,B
10065,30,Male,3.1,85.9,2,1,Yes,Low,No,0,2,85.7,Kinesthetic,73.9,C
10066,23,Male,14.4,72.5,8,2,No,Low,No,5,8,59.8,Kinesthetic,92.1,A
10067,24,Female,10.5,50.9,9,4,No,Low,No,3,10,99.7,Kinesthetic,80.5,B
10068,29,Male,1.1,81.7,10,6,No,Low,Yes,0,2,56.2,Auditory,65.3,C
10069,28,Female,4.7,69.6,2,4,No,Low,Yes,4,5,66.0,Visual,55.4,D
10070,28,Female,3.5,84.4,9,3,Yes,High,Yes,2,10,99.3,Reading/Writing,85.4,B
10071,21,Female,17.0,66.9,9,9,No,Low,Yes,5,3,86.9,Reading/Writing,97.9,A
10072,23,Female,4.9,77.0,7,6,Yes,High,No,5,3,62.0,Reading/Writing,84.7,B
10073,29,Female,3.3,74.2,1,3,No,High,No,5,0,66.5,Auditory,59.2,D
10074,19,Female,8.3,59.1,8,9,Yes,Low,Yes,4,5,91.7,Visual,86.2,B
10075,22,Female,12.7,70.7,6,3,No,High,No,2,3,81.8,Visual,89.3,B
10076,21,Female,4.2,87.7,3,4,Yes,High,No,4,7,89.9,Auditory,78.8,B
10077,20,Male,9.6,51.3,5,4,No,High,No,0,1,71.4,Visual,64.2,C
10078,23,Female,13.7,88.5,1,2,No,Low,Yes,1,3,52.2,Auditory,85.0,B
10079,18,Male,10.8,61.5,4,10,No,Low,No,5,4,80.8,Auditory,66.3,C
10080,23,Male,5.7,98.9,1,4,Yes,High,No,5,5,99.6,Reading/Writing,85.5,B
10081,22,Male,9.2,94.4,10,5,Yes,High,Yes,5,2,40.9,Visual,94.0,A
10082,24,Female,8.8,60.7,6,2,No,High,No,5,3,88.4,Visual,74.7,C
10083,29,Male,7.8,74.5,6,4,Yes,Low,No,1,2,67.1,Visual,69.3,C
10084,19,Male,10.4,88.0,8,10,No,High,No,1,2,74.6,Visual,86.3,B
10085,25,Male,11.5,85.6,8,3,Yes,Low,Yes,5,10,46.8,Kinesthetic,88.7,B
10086,27,Female,18.4,53.0,6,10,Yes,Low,No,3,9,53.2,Visual,89.9,B
10087,22,Female,15.3,63.1,10,10,No,Low,Yes,3,8,97.1,Reading/Writing,96.1,A
10088,19,Female,6.1,97.5,5,8,No,Low,No,3,0,75.2,Auditory,80.6,B
10089,23,Female,13.6,56.9,3,4,No,High,No,3,4,79.6,Auditory,82.4,B
10090,19,Female,4.8,86.7,2,1,No,Low,No,4,2,64.3,Visual,72.2,C
10091,25,Female,17.3,61.9,4,2,No,High,No,0,5,47.3,Auditory,82.9,B
10092,20,Female,7.1,88.5,1,10,Yes,High,Yes,1,6,93.6,Auditory,75.5,B
10093,18,Female,4.6,71.7,3,10,Yes,High,Yes,4,2,77.3,Visual,73.4,C
10094,27,Female,5.9,76.2,4,4,No,High,No,0,7,52.7,Auditory,65.2,C
10095,21,Male,3.7,91.8,4,8,No,Low,Yes,4,10,67.0,Auditory,69.0,C
10096,22,Male,15.9,87.8,10,4,No,High,Yes,3,5,78.4,Auditory,100,A
10097,20,Female,18.0,58.6,9,10,No,Low,No,0,7,58.8,Reading/Writing,92.7,A
10098,21,Female,11.7,70.3,4,10,No,High,Yes,1,0,58.3,Auditory,71.7,C
10099,24,Female,8.3,72.4,8,2,No,High,Yes,3,1,91.6,Kinesthetic,80.3,B
10100,20,Male,3.2,80.0,10,8,No,Low,Yes,2,4,81.7,Kinesthetic,75.8,B
10101,20,Female,13.5,54.0,7,3,Yes,Low,Yes,1,8,75.5,Auditory,92.5,A
10102,19,Male,6.4,78.4,8,4,Yes,High,No,1,2,48.2,Reading/Writing,86.8,B
10103,25,Male,12.5,85.9,9,8,No,Low,Yes,4,4,58.6,Kinesthetic,94.6,A
10104,24,Male,11.9,75.2,10,4,Yes,Low,Yes,2,0,77.6,Kinesthetic,96.6,A
10105,22,Male,18.6,63.4,5,6,Yes,High,No,5,4,58.8,Visual,90.2,A
10106,23,Male,7.0,94.9,3,10,No,High,Yes,2,2,99.6,Kinesthetic,78.0,B
10107,19,Female,3.5,58.6,6,2,No,High,Yes,5,9,79.4,Kinesthetic,65.4,C
10108,19,Female,19.4,96.6,10,3,Yes,Low,No,2,3,59.5,Auditory,100,A
10109,30,Female,5.0,69.0,8,2,Yes,High,Yes,1,3,94.7,Visual,76.4,B
10110,29,Male,17.2,65.7,8,9,Yes,High,Yes,4,8,77.3,Kinesthetic,100,A
10111,28,Female,11.5,55.6,10,3,Yes,High,No,0,8,71.3,Visual,96.0,A
10112,28,Male,12.0,83.6,5,2,Yes,High,No,3,8,66.7,Kinesthetic,92.9,A
10113,20,Male,10.2,82.6,6,3,No,High,Yes,0,5,91.4,Kinesthetic,96.1,A
10114,26,Female,14.5,84.1,6,7,No,Low,No,5,3,99.1,Visual,98.1,A
10115,19,Male,17.1,52.4,7,1,No,Low,Yes,5,7,70.7,Visual,98.3,A
10116,30,Male,5.7,53.0,8,2,No,Low,Yes,3,4,86.2,Kinesthetic,76.9,B
10117,26,Male,12.4,61.9,10,3,No,Low,No,0,4,83.5,Kinesthetic,87.4,B
10118,18,Female,16.7,97.8,2,8,Yes,Low,Yes,5,4,71.4,Reading/Writing,86.3,B
10119,18,Female,11.7,98.9,7,7,Yes,Low,No,0,10,79.9,Reading/Writing,88.1,B
10120,30,Female,6.7,80.1,8,1,No,Low,Yes,2,5,58.0,Auditory,74.8,C
10121,28,Female,9.5,80.7,2,6,No,Low,No,2,9,99.8,Kinesthetic,76.0,B
10122,27,Female,10.7,65.8,8,6,No,High,No,0,8,49.6,Kinesthetic,73.8,C
10123,28,Female,11.2,81.4,10,10,Yes,Low,No,2,1,65.8,Kinesthetic,82.1,B
10124,22,Male,7.7,86.2,1,10,No,Low,No,3,3,75.7,Visual,61.7,C
10125,19,Male,3.0,62.4,6,10,No,Low,Yes,4,0,70.2,Visual,59.5,D
10126,29,Male,3.7,51.1,6,3,No,High,No,2,9,53.7,Kinesthetic,57.8,D
10127,21,Female,12.1,99.6,10,5,Yes,Low,No,5,5,48.6,Visual,96.0,A
10128,24,Female,17.1,80.6,5,6,Yes,High,Yes,0,0,76.0,Auditory,100,A
10129,27,Male,10.1,95.7,7,10,Yes,Low,Yes,4,10,52.3,Kinesthetic,91.4,A
10130,22,Male,1.2,88.8,7,1,Yes,Low,Yes,2,5,66.2,Reading/Writing,68.7,C
10131,26,Male,10.1,54.6,9,7,No,Low,Yes,3,5,69.4,Kinesthetic,79.4,B
10132,22,Female,10.1,78.1,8,8,No,High,Yes,0,4,89.8,Reading/Writing,90.3,A
10133,28,Male,19.8,60.2,6,5,No,High,Yes,2,5,88.3,Kinesthetic,95.4,A
10134,27,Female,7.5,62.3,10,8,Yes,Low,No,1,2,58.3,Reading/Writing,73.1,C
10135,29,Female,16.8,89.6,2,9,No,High,No,4,2,89.1,Visual,99.4,A
10136,29,Female,4.6,77.6,5,3,No,High,No,0,7,76.8,Visual,73.4,C
10137,27,Female,1.6,95.4,7,4,No,Low,Yes,0,10,46.5,Reading/Writing,70.5,C
10138,30,Female,13.6,74.7,9,1,Yes,High,No,3,8,42.7,Auditory,97.6,A
10139,24,Female,11.2,77.9,6,3,Yes,High,No,1,9,80.7,Auditory,95.3,A
10140,24,Male,6.9,87.8,8,6,Yes,High,Yes,5,1,48.9,Reading/Writing,81.5,B
10141,22,Male,15.7,60.5,6,8,No,Low,No,4,9,74.3,Auditory,85.5,B
10142,22,Female,11.3,82.2,8,9,Yes,Low,Yes,5,0,51.3,Auditory,84.4,B
10143,30,Male,15.3,72.5,8,4,No,Low,Yes,1,9,74.1,Kinesthetic,86.8,B
10144,29,Female,4.8,55.1,1,10,Yes,Low,Yes,0,10,93.3,Kinesthetic,55.1,D
10145,27,Female,6.2,87.5,7,1,Yes,Low,Yes,3,5,65.5,Reading/Writing,82.2,B
10146,29,Female,3.5,70.4,7,6,Yes,Low,No,1,10,71.9,Visual,67.6,C
10147,29,Female,18.5,50.2,2,9,Yes,Low,Yes,1,5,78.1,Visual,75.5,B
10148,20,Male,17.9,78.1,2,4,No,Low,No,1,1,98.9,Kinesthetic,97.8,A
10149,22,Female,1.2,99.9,3,3,No,Low,Yes,4,9,60.4,Visual,72.8,C
10150,19,Female,15.8,50.5,8,2,Yes,Low,Yes,1,10,70.8,Reading/Writing,85.9,B
10151,18,Female,12.1,89.9,2,9,Yes,Low,No,5,10,93.4,Reading/Writing,94.1,A
10152,27,Male,17.4,62.3,10,8,Yes,High,Yes,4,9,82.1,Auditory,100,A
10153,20,Male,11.0,67.8,2,5,No,Low,Yes,1,3,42.4,Kinesthetic,72.2,C
10154,26,Male,16.2,85.0,10,2,Yes,Low,Yes,4,0,79.3,Auditory,100,A
10155,30,Female,19.3,82.3,2,5,No,Low,Yes,1,10,86.8,Reading/Writing,93.8,A
10156,25,Female,13.6,72.5,5,3,Yes,High,Yes,1,10,55.7,Kinesthetic,99.8,A
10157,28,Male,4.9,57.8,2,5,No,Low,No,3,8,64.5,Auditory,66.3,C
10158,24,Female,11.4,69.6,6,5,No,High,Yes,1,6,52.0,Auditory,86.4,B
10159,20,Male,1.8,69.1,6,8,Yes,High,No,3,5,53.9,Visual,64.4,C
10160,26,Female,10.5,68.0,2,2,No,High,No,3,9,49.1,Visual,75.8,B
10161,27,Male,15.0,58.8,10,4,No,High,Yes,4,4,84.7,Kinesthetic,89.0,B
10162,18,Female,12.6,95.9,3,5,Yes,High,No,2,1,96.0,Reading/Writing,98.9,A
10163,28,Male,18.7,83.5,6,4,Yes,High,Yes,3,8,74.9,Reading/Writing,100,A
10164,30,Female,9.2,51.9,4,4,Yes,High,No,4,6,74.6,Kinesthetic,76.8,B
10165,23,Female,12.8,65.8,5,3,Yes,High,Yes,1,6,96.8,Kinesthetic,97.7,A
10166,29,Male,4.4,71.4,1,4,No,Low,Yes,5,0,88.9,Kinesthetic,63.0,C
10167,26,Female,7.1,94.3,6,10,No,Low,No,2,8,68.5,Auditory,81.0,B
10168,30,Female,14.8,73.4,1,3,Yes,High,Yes,4,2,73.5,Visual,95.5,A
10169,27,Male,6.5,75.4,6,6,No,High,Yes,4,0,68.0,Auditory,77.3,B
10170,22,Female,10.2,75.2,3,5,Yes,High,Yes,0,3,44.6,Kinesthetic,76.0,B
10171,29,Male,14.5,75.0,7,7,No,Low,Yes,4,2,64.1,Reading/Writing,79.5,B
10172,25,Male,18.6,59.2,7,9,No,High,No,4,8,89.4,Visual,99.6,A
10173,20,Male,3.3,94.1,2,7,No,High,Yes,2,1,79.7,Kinesthetic,68.0,C
10174,23,Male,3.4,68.2,9,3,No,High,Yes,5,3,43.5,Auditory,77.9,B
10175,30,Male,10.2,60.8,10,7,Yes,Low,No,1,1,67.5,Visual,81.6,B
10176,26,Female,14.2,58.8,10,3,No,Low,Yes,3,9,80.0,Visual,90.7,A
10177,19,Male,19.7,72.1,4,4,No,High,Yes,4,0,87.1,Auditory,99.7,A
10178,30,Female,8.2,98.2,9,5,No,Low,Yes,4,0,68.9,Reading/Writing,77.2,B
10179,30,Female,6.0,69.4,4,9,Yes,Low,Yes,0,7,45.1,Reading/Writing,68.6,C
10180,27,Male,11.4,80.5,5,8,No,Low,No,1,4,86.9,Kinesthetic,80.2,B
10181,26,Female,17.1,70.9,1,10,No,Low,No,4,4,60.6,Kinesthetic,79.7,B
10182,26,Female,3.0,63.6,9,4,No,High,No,2,2,48.1,Kinesthetic,60.1,C
10183,18,Female,3.1,54.6,5,5,No,Low,No,3,3,92.0,Auditory,53.8,D
10184,24,Male,13.8,62.3,8,5,Yes,Low,No,4,1,87.1,Kinesthetic,88.9,B
10185,23,Female,8.1,79.0,9,5,Yes,Low,Yes,3,5,53.3,Visual,86.3,B
10186,30,Female,16.7,64.3,8,4,No,Low,No,3,10,79.2,Auditory,100,A
10187,22,Female,13.7,88.6,10,4,Yes,High,Yes,3,3,93.1,Reading/Writing,100,A
10188,22,Male,8.2,69.8,6,2,Yes,Low,Yes,2,10,42.6,Auditory,75.0,B
10189,24,Female,19.7,79.4,3,4,Yes,High,No,0,5,93.2,Reading/Writing,100,A
10190,25,Female,16.3,74.0,10,1,No,Low,No,3,4,50.0,Kinesthetic,92.5,A
10191,21,Male,16.5,52.4,6,5,No,High,Yes,1,3,71.8,Auditory,79.0,B
10192,26,Male,11.5,77.0,7,5,No,Low,No,4,5,84.3,Auditory,93.9,A
10193,23,Female,2.3,63.0,3,10,Yes,High,No,3,10,55.8,Auditory,62.0,C
10194,30,Female,10.6,71.7,2,9,No,Low,Yes,4,5,66.7,Visual,63.8,C
10195,22,Male,11.2,66.0,8,10,Yes,Low,No,1,5,81.9,Visual,82.7,B
10196,28,Female,17.6,88.9,10,2,Yes,High,No,5,7,72.2,Auditory,100,A
10197,18,Female,4.8,96.7,10,7,Yes,Low,Yes,2,2,46.6,Auditory,79.6,B
10198,26,Female,11.1,80.3,3,4,No,High,Yes,3,9,80.0,Reading/Writing,87.1,B
10199,18,Female,18.2,71.2,10,5,Yes,Low,Yes,1,8,46.4,Kinesthetic,94.0,A
10200,19,Male,18.0,62.7,9,3,Yes,Low,No,4,5,56.1,Kinesthetic,100,A
10201,24,Female,15.0,63.5,7,2,Yes,High,No,5,1,40.1,Kinesthetic,90.9,A
10202,18,Male,1.8,90.1,4,4,No,High,Yes,4,6,94.8,Reading/Writing,80.1,B
10203,19,Female,1.8,61.4,9,7,Yes,High,No,1,0,67.3,Visual,64.7,C
10204,18,Male,2.2,87.5,2,4,Yes,High,Yes,2,5,59.3,Auditory,62.4,C
10205,21,Male,13.8,76.8,2,2,No,Low,No,0,1,87.4,Reading/Writing,88.6,B
10206,18,Male,14.5,59.4,7,5,Yes,Low,No,1,1,64.9,Reading/Writing,86.1,B
10207,19,Male,13.0,84.2,9,8,Yes,Low,No,1,0,74.3,Auditory,89.2,B
10208,30,Female,17.5,74.9,1,5,No,High,No,4,4,60.7,Auditory,85.0,B
10209,21,Male,6.7,53.7,8,5,No,Low,Yes,5,6,83.3,Visual,78.5,B
10210,22,Male,11.7,71.9,2,7,No,Low,Yes,5,8,91.9,Reading/Writing,83.6,B
10211,23,Male,19.7,85.9,7,8,No,High,Yes,3,5,95.5,Visual,100,A
10212,22,Female,3.4,76.0,10,2,Yes,Low,No,1,10,71.8,Kinesthetic,83.7,B
10213,20,Female,5.7,79.0,10,2,Yes,High,No,5,1,60.1,Reading/Writing,85.1,B
10214,19,Male,13.4,53.0,7,1,Yes,High,No,3,9,77.5,Visual,94.9,A
10215,28,Female,18.6,52.8,1,6,Yes,High,Yes,2,9,60.8,Visual,81.3,B
10216,19,Female,5.8,97.8,6,7,No,High,No,0,2,48.5,Visual,71.0,C
10217,20,Male,9.0,62.0,1,9,Yes,Low,Yes,5,10,43.7,Kinesthetic,62.0,C
10218,30,Female,14.4,64.2,7,1,No,High,No,0,4,86.2,Reading/Writing,90.8,A
10219,30,Male,11.1,72.9,2,10,No,Low,Yes,0,6,90.9,Auditory,65.7,C
10220,18,Female,3.2,61.0,2,10,No,Low,Yes,2,1,73.9,Visual,45.0,F
10221,19,Male,13.8,68.7,10,6,No,High,No,3,1,81.4,Kinesthetic,87.3,B
10222,19,Female,11.4,53.2,1,8,No,High,Yes,5,7,57.2,Auditory,64.6,C
10223,30,Female,5.0,73.1,5,8,Yes,High,No,1,2,41.5,Kinesthetic,63.7,C
10224,19,Male,12.8,55.7,8,10,Yes,Low,No,2,6,61.5,Reading/Writing,76.9,B
10225,23,Female,6.8,71.4,1,6,Yes,High,No,4,5,73.4,Visual,72.5,C
10226,24,Male,14.5,69.2,4,2,No,Low,Yes,2,8,67.4,Visual,86.8,B
10227,18,Male,13.1,84.3,3,8,Yes,High,Yes,1,10,52.6,Auditory,89.3,B
10228,29,Female,12.3,61.0,8,9,No,Low,Yes,2,6,43.8,Reading/Writing,77.1,B
10229,28,Male,15.9,72.7,8,2,Yes,Low,No,3,3,86.9,Kinesthetic,92.6,A
10230,21,Female,15.8,76.8,9,10,No,Low,No,1,2,71.8,Reading/Writing,82.9,B
10231,18,Female,16.9,98.8,7,1,Yes,High,Yes,4,1,97.3,Reading/Writing,100,A
10232,30,Female,7.0,61.9,8,1,No,High,Yes,1,4,72.9,Visual,79.4,B
10233,21,Female,8.2,66.3,6,4,Yes,High,Yes,0,3,87.4,Visual,77.0,B
10234,25,Female,4.6,76.9,8,6,Yes,Low,Yes,4,9,55.5,Auditory,76.7,B
10235,24,Female,16.8,75.1,1,5,No,High,Yes,3,5,63.6,Kinesthetic,84.1,B
10236,21,Male,6.7,94.0,10,3,Yes,Low,No,5,0,77.3,Reading/Writing,93.1,A
10237,18,Male,12.9,89.7,8,1,No,High,Yes,1,8,97.0,Reading/Writing,100,A
10238,27,Female,4.6,69.4,3,10,Yes,Low,No,2,9,66.1,Reading/Writing,69.1,C
10239,23,Male,16.7,87.2,5,1,No,High,Yes,1,4,87.6,Reading/Writing,100,A
10240,29,Male,19.5,96.7,4,8,Yes,Low,Yes,2,5,59.9,Reading/Writing,100,A
10241,19,Male,2.5,92.4,3,7,Yes,High,No,2,0,62.9,Auditory,76.9,B
10242,18,Female,8.1,77.7,6,9,Yes,Low,Yes,5,2,86.2,Auditory,73.2,C
10243,18,Female,11.3,87.6,8,5,Yes,High,Yes,5,0,47.0,Kinesthetic,90.9,A
10244,28,Female,18.9,66.9,4,3,Yes,High,No,2,6,87.1,Kinesthetic,100,A
10245,29,Male,13.6,62.9,6,10,Yes,High,No,4,4,52.5,Kinesthetic,76.7,B
10246,26,Female,1.8,72.7,10,10,No,Low,No,0,10,47.6,Auditory,65.5,C
10247,18,Male,15.1,82.7,5,3,No,High,Yes,2,2,51.4,Visual,93.5,A
10248,29,Male,15.1,50.4,1,1,No,High,Yes,1,6,52.7,Auditory,83.4,B
10249,25,Male,17.5,91.9,10,9,No,Low,Yes,5,4,78.2,Auditory,94.4,A
10250,24,Male,19.4,83.1,10,7,Yes,Low,Yes,3,1,55.7,Reading/Writing,97.2,A
10251,25,Female,6.1,76.1,6,7,Yes,Low,No,2,3,41.7,Reading/Writing,66.7,C
10252,22,Female,11.9,72.6,7,9,No,High,Yes,3,7,45.1,Visual,81.4,B
10253,18,Female,13.3,91.2,10,5,No,High,Yes,3,3,63.4,Reading/Writing,100,A
10254,19,Male,19.6,78.4,1,1,Yes,High,Yes,3,9,57.8,Reading/Writing,97.1,A
10255,28,Female,9.3,75.2,6,10,No,Low,Yes,0,3,74.6,Visual,74.7,C
10256,24,Female,17.4,79.7,9,7,Yes,High,No,1,4,51.6,Auditory,100,A
10257,28,Male,11.4,93.3,6,2,Yes,Low,Yes,3,4,73.8,Auditory,96.3,A
10258,25,Female,15.2,83.0,10,9,Yes,Low,Yes,2,2,60.1,Auditory,100,A
10259,18,Female,13.5,84.2,4,2,Yes,High,Yes,0,9,43.5,Auditory,85.2,B
10260,21,Male,9.8,51.5,7,3,No,Low,Yes,2,6,48.7,Kinesthetic,78.8,B
10261,23,Female,2.7,91.8,3,7,Yes,Low,No,0,7,97.4,Auditory,78.1,B
10262,18,Female,18.5,95.1,6,4,Yes,Low,No,5,7,66.0,Reading/Writing,100,A
10263,27,Male,7.5,67.9,1,9,No,High,No,1,7,46.3,Reading/Writing,58.9,D
10264,27,Female,13.8,92.9,2,7,No,High,Yes,1,6,68.1,Kinesthetic,93.5,A
10265,25,Female,8.5,97.8,2,3,Yes,Low,Yes,1,6,77.6,Visual,80.3,B
10266,24,Female,13.7,53.2,1,10,No,High,No,4,5,60.3,Auditory,78.3,B
10267,19,Male,15.6,53.5,2,4,No,High,No,0,3,66.4,Kinesthetic,72.2,C
10268,26,Female,17.2,79.0,7,9,No,High,Yes,1,4,71.0,Kinesthetic,89.8,B
10269,19,Female,16.1,70.4,9,4,No,Low,Yes,2,10,42.0,Reading/Writing,96.9,A
10270,20,Male,11.7,53.8,1,9,No,Low,No,5,2,64.1,Auditory,57.3,D
10271,20,Male,8.3,92.8,3,1,Yes,High,Yes,5,9,83.6,Kinesthetic,93.0,A
10272,29,Male,2.2,82.0,8,3,Yes,High,No,4,7,58.8,Reading/Writing,85.0,B
10273,20,Male,15.1,76.4,7,6,Yes,High,Yes,1,0,87.8,Auditory,90.1,A
10274,19,Female,18.9,94.8,6,3,Yes,Low,No,1,4,75.8,Reading/Writing,100,A
10275,24,Female,19.4,78.5,3,1,No,Low,Yes,2,3,92.8,Kinesthetic,93.4,A
10276,23,Female,11.9,71.8,7,5,No,High,Yes,1,1,73.4,Visual,93.0,A
10277,29,Male,15.8,61.5,1,1,Yes,High,No,5,10,45.1,Reading/Writing,85.0,B
10278,28,Male,3.5,53.3,10,6,No,High,No,2,4,49.7,Visual,60.2,C
10279,25,Male,3.8,73.2,9,1,No,High,Yes,2,9,92.1,Visual,80.6,B
10280,25,Female,11.7,70.5,3,1,Yes,Low,Yes,4,9,91.4,Reading/Writing,95.4,A
10281,24,Female,7.1,71.4,5,10,Yes,High,No,1,6,84.3,Kinesthetic,72.2,C
10282,28,Female,15.5,57.6,8,3,No,Low,Yes,0,0,87.3,Reading/Writing,88.2,B
10283,21,Male,12.9,55.8,1,10,Yes,Low,Yes,0,1,75.3,Auditory,73.0,C
10284,23,Male,17.9,89.6,7,7,No,High,No,3,9,99.4,Auditory,100,A
10285,23,Female,14.3,76.1,4,9,Yes,Low,Yes,4,3,85.1,Reading/Writing,94.1,A
10286,25,Male,12.5,99.2,1,10,Yes,Low,Yes,1,3,67.9,Auditory,77.1,B
10287,30,Male,15.8,63.9,5,2,Yes,High,Yes,3,8,99.0,Auditory,100,A
10288,21,Female,19.1,53.0,9,10,No,High,No,4,8,89.5,Reading/Writing,100,A
10289,25,Male,17.7,85.8,1,3,Yes,High,Yes,2,2,50.8,Visual,95.8,A
10290,29,Male,5.5,66.4,4,9,Yes,Low,Yes,5,4,51.3,Visual,69.5,C
10291,27,Male,11.7,60.7,1,4,No,Low,No,1,6,44.7,Auditory,69.6,C
10292,25,Male,18.4,50.6,3,2,Yes,Low,No,4,8,63.3,Kinesthetic,92.8,A
10293,29,Female,14.5,98.2,6,7,Yes,Low,Yes,4,10,84.6,Reading/Writing,100,A
10294,19,Male,15.1,79.1,1,1,No,High,Yes,1,6,46.9,Auditory,87.7,B
10295,23,Male,10.7,82.9,7,3,No,Low,Yes,5,10,95.4,Auditory,99.5,A
10296,24,Female,7.7,67.5,6,3,Yes,Low,Yes,1,7,73.5,Auditory,77.2,B
10297,19,Male,9.5,93.4,6,7,No,High,Yes,5,1,68.3,Kinesthetic,90.0,A
10298,22,Female,4.1,67.8,1,8,Yes,High,No,2,7,45.5,Visual,54.6,D
10299,22,Male,3.9,55.0,1,5,No,Low,No,0,3,66.4,Visual,50.2,D
10300,28,Female,9.5,87.4,7,2,Yes,Low,No,5,3,75.8,Reading/Writing,93.9,A
10301,27,Female,9.0,69.4,6,10,Yes,High,Yes,3,9,92.3,Kinesthetic,90.6,A
10302,23,Female,16.0,69.4,8,3,Yes,High,No,1,2,74.8,Kinesthetic,91.9,A
10303,26,Male,14.7,56.0,5,9,No,Low,No,2,3,46.1,Reading/Writing,78.0,B
10304,18,Female,16.2,78.3,6,7,No,High,No,5,4,94.6,Reading/Writing,100,A
10305,19,Male,9.9,92.6,1,6,Yes,High,Yes,3,6,60.5,Visual,80.2,B
10306,25,Male,2.1,95.1,3,7,No,Low,Yes,5,5,55.6,Visual,58.2,D
10307,26,Male,16.5,63.1,5,6,No,High,Yes,2,5,89.1,Reading/Writing,88.5,B
10308,27,Female,11.2,55.2,8,5,Yes,Low,Yes,0,3,68.7,Kinesthetic,85.7,B
10309,26,Male,16.6,58.5,2,3,No,High,Yes,1,3,97.5,Visual,87.6,B
10310,25,Female,3.2,81.5,3,2,Yes,Low,No,0,1,96.4,Auditory,72.5,C
10311,29,Male,7.1,75.9,10,3,No,Low,Yes,2,0,57.6,Reading/Writing,75.7,B
10312,30,Male,1.4,92.2,1,9,Yes,Low,Yes,0,10,68.9,Auditory,65.9,C
10313,27,Male,6.8,53.8,10,6,Yes,Low,No,5,4,58.1,Auditory,67.0,C
10314,25,Female,14.0,93.1,7,3,No,High,No,5,4,58.8,Visual,98.4,A
10315,22,Female,6.4,63.2,3,8,No,Low,Yes,5,0,87.3,Reading/Writing,65.3,C
10316,24,Female,3.9,89.0,6,10,Yes,Low,No,0,2,43.1,Reading/Writing,72.4,C
10317,21,Male,11.2,97.6,9,3,Yes,High,Yes,3,10,92.1,Visual,100,A
10318,28,Female,7.0,63.9,3,10,Yes,Low,No,5,6,76.4,Reading/Writing,71.9,C
10319,21,Female,2.9,82.9,9,7,No,High,Yes,1,1,90.1,Reading/Writing,80.5,B
10320,22,Female,15.9,67.5,4,7,Yes,High,No,4,10,83.3,Reading/Writing,96.0,A
10321,29,Male,19.9,76.8,6,9,No,Low,Yes,3,4,47.6,Auditory,82.0,B
10322,21,Male,5.2,61.1,4,9,No,High,Yes,2,7,77.4,Reading/Writing,69.9,C
10323,22,Male,7.9,87.9,2,3,No,High,Yes,1,6,42.2,Kinesthetic,79.7,B
10324,27,Male,3.4,79.3,5,5,No,Low,Yes,3,3,92.8,Kinesthetic,68.0,C
10325,18,Male,14.4,66.8,8,3,No,Low,Yes,0,8,63.8,Visual,93.2,A
10326,24,Male,5.9,63.7,5,8,Yes,High,Yes,4,1,85.2,Kinesthetic,79.8,B
10327,22,Female,12.7,68.0,10,7,No,Low,Yes,4,9,98.9,Reading/Writing,91.4,A
10328,23,Female,19.9,90.3,8,1,Yes,Low,No,0,10,71.9,Kinesthetic,100,A
10329,24,Male,9.9,84.3,1,2,Yes,Low,Yes,2,1,57.8,Visual,83.1,B
10330,21,Male,18.3,98.9,9,5,No,High,Yes,4,0,51.3,Kinesthetic,100,A
10331,21,Male,1.1,80.8,5,4,Yes,High,Yes,4,5,87.1,Visual,83.2,B
10332,21,Male,9.7,58.2,2,9,Yes,Low,Yes,0,0,62.6,Auditory,65.5,C
10333,22,Male,9.6,50.7,7,2,No,Low,Yes,1,8,46.4,Visual,78.2,B
10334,29,Male,3.5,56.5,4,5,Yes,High,Yes,3,5,88.1,Kinesthetic,75.9,B
10335,26,Male,2.4,81.1,7,2,No,Low,Yes,5,3,59.8,Visual,74.5,C
10336,28,Male,18.5,69.0,9,2,No,High,Yes,0,7,68.4,Auditory,100,A
10337,22,Male,2.4,73.9,3,2,Yes,Low,Yes,2,6,62.1,Reading/Writing,71.6,C
10338,23,Female,11.6,76.3,9,9,No,Low,Yes,4,10,44.4,Auditory,75.3,B
10339,30,Female,4.1,50.5,3,10,No,Low,No,4,5,53.8,Visual,57.2,D
10340,20,Female,1.7,77.8,2,2,Yes,High,Yes,1,1,49.9,Kinesthetic,65.8,C
10341,23,Female,4.8,68.5,10,6,No,High,Yes,0,1,74.0,Kinesthetic,77.0,B
10342,25,Female,4.1,84.6,1,5,No,Low,No,1,7,53.0,Visual,63.9,C
10343,24,Male,5.6,79.3,9,4,No,Low,No,0,0,98.4,Visual,80.6,B
10344,30,Female,4.0,98.5,3,8,No,Low,No,4,9,61.9,Reading/Writing,66.3,C
10345,22,Male,19.2,99.6,5,5,Yes,Low,Yes,3,7,42.3,Auditory,98.7,A
10346,23,Female,18.1,63.0,9,7,No,Low,Yes,1,2,75.4,Kinesthetic,92.6,A
10347,26,Female,1.2,83.6,8,1,Yes,Low,Yes,0,1,87.7,Auditory,82.0,B
10348,22,Female,19.8,79.1,7,10,No,Low,No,3,9,64.2,Auditory,91.6,A
10349,26,Female,2.1,82.2,9,3,No,High,No,4,3,65.0,Visual,80.2,B
10350,22,Female,10.2,92.3,4,10,No,Low,No,4,7,44.5,Auditory,77.7,B
10351,22,Female,5.3,63.2,3,8,Yes,Low,Yes,0,10,83.7,Reading/Writing,64.2,C
10352,20,Female,17.5,71.9,2,8,Yes,High,Yes,4,2,49.7,Visual,82.8,B
10353,25,Male,10.9,95.5,8,2,No,High,Yes,1,9,62.1,Kinesthetic,100,A
10354,21,Female,18.9,61.5,9,1,Yes,High,Yes,3,4,74.6,Kinesthetic,100,A
10355,22,Female,11.9,62.4,8,6,Yes,High,Yes,4,4,96.8,Visual,87.5,B
10356,20,Female,3.9,67.3,10,8,Yes,Low,Yes,4,4,45.2,Visual,62.9,C
10357,28,Female,11.7,87.8,1,4,No,High,Yes,3,6,87.4,Reading/Writing,84.2,B
10358,23,Male,4.8,61.9,3,10,Yes,High,Yes,1,7,43.3,Kinesthetic,54.6,D
10359,18,Male,5.1,55.4,5,5,No,High,No,3,3,80.7,Visual,62.9,C
10360,27,Female,11.0,73.0,8,2,Yes,High,No,3,10,71.3,Auditory,94.7,A
10361,27,Male,4.2,60.7,6,9,No,Low,No,3,10,82.1,Reading/Writing,71.7,C
10362,28,Female,7.4,94.5,10,2,Yes,High,No,2,1,98.4,Kinesthetic,100,A
10363,20,Male,1.1,86.7,10,2,No,High,Yes,5,0,98.4,Reading/Writing,85.1,B
10364,30,Female,14.2,79.9,10,3,No,High,No,4,7,66.1,Kinesthetic,97.4,A
10365,27,Female,18.0,77.2,10,7,Yes,High,Yes,5,5,89.4,Auditory,100,A
10366,28,Male,1.8,94.8,6,8,Yes,Low,Yes,4,0,99.0,Auditory,76.6,B
10367,21,Male,8.5,72.1,8,6,No,Low,Yes,3,7,97.9,Kinesthetic,74.7,C
10368,21,Female,1.8,95.9,5,3,Yes,High,No,4,2,96.4,Visual,89.1,B
10369,30,Female,5.5,86.2,5,2,No,Low,No,4,6,98.5,Reading/Writing,71.9,C
10370,24,Female,17.1,51.2,3,2,No,High,No,4,4,54.7,Visual,82.0,B
10371,19,Male,15.1,58.7,3,6,No,High,No,5,2,49.0,Kinesthetic,71.7,C
10372,19,Male,3.5,99.5,5,10,No,High,Yes,2,3,63.7,Reading/Writing,68.4,C
10373,23,Female,3.2,57.1,4,7,Yes,High,Yes,0,0,75.0,Auditory,58.3,D
10374,21,Male,9.1,75.2,10,10,No,High,Yes,3,1,92.5,Auditory,87.8,B
10375,25,Male,16.7,54.7,9,3,No,High,Yes,3,1,64.8,Reading/Writing,89.2,B
10376,23,Female,12.0,92.7,2,6,Yes,High,No,4,4,96.0,Kinesthetic,88.1,B
10377,19,Male,10.8,91.0,9,1,Yes,Low,No,2,0,44.8,Kinesthetic,93.1,A
10378,25,Male,9.0,72.7,4,3,Yes,Low,No,1,10,88.5,Auditory,77.2,B
10379,24,Female,4.9,78.1,9,3,No,High,Yes,4,9,84.2,Auditory,93.3,A
10380,19,Female,13.2,56.3,8,6,Yes,High,No,1,3,49.3,Kinesthetic,82.9,B
10381,22,Male,6.4,77.5,4,5,Yes,Low,Yes,3,0,56.6,Auditory,76.6,B
10382,20,Male,5.1,58.2,10,2,Yes,High,Yes,5,0,87.1,Auditory,83.3,B
10383,29,Female,15.8,83.4,8,10,Yes,Low,No,5,0,72.4,Visual,88.6,B
10384,20,Female,4.6,77.2,1,10,No,Low,No,1,9,63.4,Visual,63.4,C
10385,29,Male,14.7,58.4,4,10,No,High,Yes,5,8,98.1,Reading/Writing,83.8,B
10386,28,Male,8.5,99.4,1,7,No,Low,No,0,4,78.7,Visual,74.2,C
10387,30,Female,8.9,75.6,1,10,Yes,High,Yes,5,1,40.9,Auditory,69.4,C
10388,26,Female,4.8,85.1,1,8,Yes,Low,No,1,0,78.4,Visual,63.3,C
10389,19,Female,16.1,61.0,10,2,Yes,High,Yes,5,2,42.7,Kinesthetic,98.9,A
10390,24,Female,6.8,83.9,2,4,No,Low,No,5,1,42.4,Reading/Writing,57.8,D
10391,18,Female,15.3,66.5,5,1,Yes,Low,No,0,3,43.5,Reading/Writing,80.8,B
10392,28,Female,19.9,88.7,8,9,No,Low,Yes,5,5,97.1,Reading/Writing,100,A
10393,23,Male,13.9,74.2,3,10,Yes,High,Yes,2,0,85.8,Kinesthetic,85.5,B
10394,26,Male,3.0,96.3,1,9,Yes,Low,No,2,4,68.0,Reading/Writing,70.5,C
10395,21,Female,14.3,92.8,8,1,Yes,Low,Yes,5,0,57.0,Auditory,95.0,A
10396,21,Male,7.3,56.0,6,8,Yes,High,Yes,1,6,44.1,Kinesthetic,62.7,C
10397,25,Male,6.5,92.9,3,6,Yes,High,No,3,5,84.1,Visual,80.6,B
10398,19,Male,17.5,89.3,10,2,Yes,Low,Yes,5,2,46.8,Auditory,100,A
10399,26,Female,19.2,73.0,9,1,No,High,No,0,1,55.7,Reading/Writing,95.2,A
10400,19,Male,4.2,74.4,6,7,Yes,Low,No,1,2,91.5,Auditory,73.3,C
10401,21,Male,18.7,63.9,1,8,Yes,High,No,0,8,42.2,Reading/Writing,78.7,B
10402,21,Female,5.8,94.2,2,10,Yes,Low,No,4,0,67.9,Visual,70.9,C
10403,25,Female,8.5,98.2,6,7,Yes,Low,Yes,4,9,83.1,Auditory,81.4,B
10404,18,Male,6.8,79.8,1,10,No,High,Yes,2,0,57.3,Reading/Writing,55.8,D
10405,23,Male,4.3,63.5,2,8,Yes,Low,Yes,4,0,56.1,Auditory,55.2,D
10406,23,Male,5.7,80.5,6,8,Yes,High,No,5,10,46.1,Reading/Writing,76.0,B
10407,25,Male,3.9,92.6,1,7,Yes,High,No,3,3,98.0,Kinesthetic,75.0,B
10408,30,Male,17.2,61.9,10,1,Yes,High,Yes,4,6,76.6,Reading/Writing,100,A
10409,21,Female,16.8,92.5,2,6,No,High,Yes,5,1,52.0,Visual,98.1,A
10410,30,Female,15.2,95.4,10,4,No,Low,Yes,3,8,66.0,Auditory,100,A
10411,27,Female,1.9,77.0,2,3,No,High,Yes,4,9,76.6,Visual,63.9,C
10412,26,Male,1.5,83.3,3,3,No,High,No,5,9,68.6,Reading/Writing,71.7,C
10413,18,Male,18.3,58.3,3,6,No,High,No,0,10,88.9,Reading/Writing,89.8,B
10414,29,Female,4.1,91.3,10,1,No,Low,Yes,5,3,79.9,Visual,91.0,A
10415,27,Male,9.7,84.4,10,1,Yes,High,No,5,2,64.1,Visual,98.9,A
10416,19,Female,19.6,53.2,1,7,Yes,Low,No,0,8,99.2,Kinesthetic,85.9,B
10417,21,Female,16.1,84.0,2,2,No,Low,No,0,10,96.6,Reading/Writing,90.4,A
10418,30,Female,18.6,98.7,2,5,Yes,High,No,0,1,41.5,Kinesthetic,93.4,A
10419,28,Male,10.6,60.3,1,5,No,Low,No,4,8,70.3,Visual,62.4,C
10420,27,Female,6.2,65.0,9,7,Yes,Low,No,4,6,82.3,Kinesthetic,78.2,B
10421,23,Female,19.7,94.9,5,10,No,Low,No,3,2,46.9,Visual,95.4,A
10422,19,Male,4.8,88.2,2,2,Yes,High,Yes,4,1,46.6,Visual,78.1,B
10423,27,Male,8.9,76.6,1,3,Yes,Low,Yes,5,5,90.1,Reading/Writing,80.5,B
10424,29,Female,4.9,74.7,7,7,No,High,No,3,3,50.3,Reading/Writing,76.9,B
10425,26,Male,15.8,95.0,5,3,Yes,Low,Yes,5,2,87.0,Auditory,100,A
10426,26,Male,14.8,51.3,10,10,No,Low,Yes,2,3,83.9,Visual,82.2,B
10427,28,Female,5.2,96.4,6,5,No,Low,No,2,9,69.8,Visual,74.8,C
10428,25,Male,2.1,77.8,8,8,No,High,Yes,1,4,100.0,Kinesthetic,66.3,C
10429,22,Female,17.0,71.4,4,2,Yes,Low,No,3,2,71.9,Reading/Writing,91.3,A
10430,22,Male,12.1,92.7,3,7,Yes,Low,Yes,5,1,94.9,Visual,88.8,B
10431,25,Male,14.6,94.6,6,2,No,Low,No,0,5,62.8,Kinesthetic,87.4,B
10432,30,Female,7.9,52.0,9,3,Yes,High,No,5,0,97.9,Reading/Writing,91.5,A
10433,25,Male,2.0,73.7,9,9,Yes,Low,No,0,10,72.8,Kinesthetic,72.0,C
10434,24,Female,2.3,50.5,5,1,Yes,High,No,1,5,72.2,Kinesthetic,65.7,C
10435,18,Male,14.0,70.8,3,8,Yes,Low,No,2,0,79.7,Visual,80.8,B
10436,18,Female,17.5,60.4,7,8,No,High,No,0,2,63.6,Reading/Writing,83.6,B
10437,27,Male,12.2,55.6,5,3,No,High,Yes,4,8,86.9,Kinesthetic,85.2,B
10438,28,Female,6.1,56.2,8,4,No,Low,No,2,6,97.3,Visual,79.8,B
10439,26,Male,10.8,56.9,10,7,Yes,High,Yes,0,7,97.6,Reading/Writing,87.3,B
10440,27,Male,8.7,92.8,6,6,No,High,Yes,1,8,70.1,Reading/Writing,82.3,B
10441,22,Male,18.4,76.4,3,4,Yes,High,No,2,8,89.3,Kinesthetic,100,A
10442,29,Male,19.2,81.3,6,1,Yes,High,No,3,0,67.8,Visual,100,A
10443,26,Male,19.8,92.7,10,5,No,Low,No,5,3,82.1,Visual,100,A
10444,21,Female,15.3,79.9,1,4,Yes,Low,No,0,1,97.9,Reading/Writing,87.5,B
10445,21,Male,16.8,94.2,10,2,Yes,High,No,0,9,95.6,Reading/Writing,100,A
10446,28,Male,3.6,64.2,9,9,No,Low,Yes,3,8,99.6,Reading/Writing,72.0,C
10447,27,Female,7.9,75.7,5,10,Yes,High,Yes,0,8,71.7,Auditory,72.8,C
10448,30,Female,11.3,88.0,5,4,No,Low,No,3,0,59.2,Kinesthetic,85.7,B
10449,29,Male,2.0,68.7,2,7,No,High,Yes,1,10,74.5,Auditory,61.0,C
10450,24,Female,4.8,63.2,10,1,No,High,No,5,10,42.6,Auditory,80.3,B
10451,27,Male,14.1,82.0,6,2,Yes,Low,Yes,2,1,41.5,Visual,87.0,B
10452,27,Male,14.2,97.5,5,6,No,Low,Yes,3,1,91.4,Reading/Writing,87.8,B
10453,22,Female,2.5,91.8,7,9,Yes,High,Yes,2,8,49.8,Reading/Writing,83.0,B
10454,20,Male,7.5,50.7,5,3,Yes,Low,No,5,9,85.1,Kinesthetic,78.0,B
10455,21,Female,6.3,71.7,8,3,No,Low,Yes,3,6,74.3,Kinesthetic,75.4,B
10456,24,Female,3.3,93.3,4,8,No,High,No,3,7,41.7,Auditory,65.9,C
10457,24,Male,1.3,90.1,9,6,No,Low,Yes,2,10,86.8,Kinesthetic,76.8,B
10458,18,Female,10.7,68.2,1,8,No,High,Yes,0,6,62.5,Visual,70.4,C
10459,26,Male,19.3,78.0,5,9,No,Low,No,1,2,75.4,Visual,82.4,B
10460,25,Female,9.9,59.3,1,6,Yes,High,No,4,4,80.3,Reading/Writing,82.0,B
10461,29,Male,7.9,66.9,4,3,Yes,Low,Yes,5,1,97.6,Visual,86.0,B
10462,23,Male,9.6,87.0,7,6,Yes,High,Yes,2,7,95.6,Reading/Writing,94.1,A
10463,20,Male,5.7,72.8,2,1,No,High,Yes,0,9,96.0,Reading/Writing,69.6,C
10464,22,Female,12.2,100.0,8,5,No,Low,Yes,5,9,69.2,Reading/Writing,100,A
10465,22,Female,13.0,67.8,3,1,No,High,Yes,0,2,99.6,Visual,91.6,A
10466,22,Male,19.5,69.0,5,7,No,Low,No,1,10,79.6,Kinesthetic,93.6,A
10467,22,Male,6.6,70.3,8,7,Yes,High,Yes,3,0,85.1,Visual,76.4,B
10468,22,Male,16.3,80.8,5,2,No,High,Yes,3,6,82.0,Kinesthetic,100,A
10469,29,Male,3.7,82.8,10,10,No,Low,No,2,1,67.0,Visual,68.3,C
10470,24,Male,18.7,85.7,4,9,No,Low,Yes,3,5,90.1,Reading/Writing,88.9,B
10471,20,Female,6.6,94.1,2,2,No,Low,Yes,1,9,82.4,Visual,83.3,B
10472,19,Female,4.8,94.9,2,7,Yes,Low,Yes,2,3,53.4,Visual,67.3,C
10473,26,Male,8.5,97.6,3,2,No,Low,No,1,0,57.6,Kinesthetic,78.1,B
10474,21,Male,12.4,76.5,6,3,Yes,Low,Yes,2,9,59.1,Reading/Writing,87.4,B
10475,22,Female,9.8,99.5,9,10,No,High,No,5,1,81.2,Reading/Writing,96.7,A
10476,28,Female,9.0,57.7,1,7,No,Low,No,4,9,41.6,Auditory,62.6,C
10477,28,Male,17.9,83.2,3,9,No,High,Yes,1,6,94.0,Visual,96.4,A
10478,18,Male,4.1,93.7,8,1,Yes,Low,Yes,2,10,51.6,Visual,89.7,B
10479,21,Male,14.1,86.1,8,8,No,Low,No,5,7,50.4,Visual,85.6,B
10480,28,Male,13.0,76.9,2,3,No,High,Yes,0,7,44.7,Visual,77.1,B
10481,23,Male,3.1,68.5,4,5,Yes,Low,Yes,3,0,75.9,Reading/Writing,62.2,C
10482,24,Female,18.6,65.5,5,10,No,Low,Yes,3,6,75.6,Auditory,87.7,B
10483,27,Female,12.4,84.3,1,5,No,High,No,2,4,85.1,Kinesthetic,78.7,B
10484,19,Female,12.5,59.4,1,7,Yes,Low,No,4,4,65.7,Visual,68.3,C
10485,28,Male,3.4,66.8,7,8,Yes,Low,No,4,2,57.2,Visual,60.0,C
10486,28,Female,3.2,78.1,5,4,No,High,No,5,8,44.5,Kinesthetic,62.5,C
10487,27,Male,8.1,96.4,7,6,Yes,High,No,4,6,97.2,Kinesthetic,88.4,B
10488,20,Female,11.7,90.2,7,3,Yes,Low,Yes,3,3,50.5,Kinesthetic,94.7,A
10489,19,Female,19.6,62.0,6,9,No,Low,Yes,0,4,89.4,Kinesthetic,86.0,B
10490,25,Female,4.7,53.2,3,3,No,High,Yes,2,7,72.2,Auditory,72.0,C
10491,21,Female,11.0,89.2,9,9,No,High,No,3,4,65.7,Reading/Writing,96.1,A
10492,30,Female,11.9,75.3,5,7,No,Low,Yes,1,0,60.0,Reading/Writing,75.7,B
10493,25,Female,19.9,53.0,1,1,No,Low,Yes,4,8,85.6,Visual,81.6,B
10494,20,Male,2.7,82.8,9,6,Yes,High,Yes,5,2,79.7,Reading/Writing,79.1,B
10495,29,Male,15.4,88.6,4,8,Yes,Low,Yes,0,4,91.4,Reading/Writing,95.1,A
10496,27,Male,14.5,94.5,6,8,No,High,No,1,7,96.0,Reading/Writing,99.9,A
10497,18,Male,1.0,52.4,6,7,No,Low,Yes,2,1,67.0,Kinesthetic,52.6,D
10498,29,Female,18.0,96.5,6,2,No,High,No,4,2,54.2,Auditory,99.4,A
10499,18,Female,10.1,68.9,6,3,No,Low,No,3,4,65.2,Reading/Writing,76.7,B
10500,24,Male,5.9,55.0,8,8,No,Low,No,3,2,44.0,Kinesthetic,61.0,C
10501,20,Male,2.5,56.4,7,6,Yes,Low,Yes,0,0,74.4,Kinesthetic,56.7,D
10502,19,Male,7.5,97.8,7,10,Yes,Low,Yes,3,7,58.0,Auditory,79.9,B
10503,19,Male,12.7,64.9,7,7,Yes,Low,No,2,4,97.6,Auditory,93.7,A
10504,26,Female,16.5,88.9,1,9,Yes,Low,No,5,7,94.1,Kinesthetic,91.3,A
10505,25,Male,19.4,77.2,7,9,No,Low,Yes,1,2,97.4,Auditory,98.6,A
10506,27,Male,3.0,70.2,1,4,Yes,Low,Yes,1,2,81.9,Auditory,67.2,C
10507,23,Male,1.6,80.1,2,2,Yes,High,No,2,10,94.8,Kinesthetic,77.8,B
10508,21,Female,7.9,73.6,2,4,Yes,High,No,2,1,77.5,Reading/Writing,74.4,C
10509,26,Male,6.6,54.0,5,9,Yes,Low,Yes,2,2,64.7,Auditory,55.7,D
10510,21,Male,19.9,69.9,5,3,Yes,Low,Yes,2,9,60.0,Visual,96.1,A
10511,23,Female,14.3,91.7,9,7,Yes,Low,No,5,4,63.3,Auditory,95.5,A
10512,21,Female,2.2,88.7,5,5,No,High,No,1,2,81.3,Visual,73.5,C
10513,20,Male,14.4,86.1,2,2,No,Low,Yes,2,9,46.5,Auditory,79.1,B
10514,23,Female,14.3,67.7,6,7,Yes,High,No,1,7,66.0,Reading/Writing,87.2,B
10515,25,Female,2.5,60.2,2,4,No,Low,Yes,3,10,85.9,Auditory,57.6,D
10516,29,Male,17.4,85.1,7,7,No,Low,No,0,4,71.7,Visual,91.7,A
10517,26,Female,6.9,74.7,6,10,No,High,No,1,0,47.9,Auditory,72.6,C
10518,25,Male,17.8,97.7,3,10,No,Low,Yes,1,0,81.3,Reading/Writing,91.5,A
10519,27,Male,7.5,97.7,9,2,No,High,Yes,1,2,56.4,Reading/Writing,91.5,A
10520,30,Male,1.7,65.7,7,10,Yes,Low,Yes,0,7,93.6,Reading/Writing,62.7,C
10521,26,Female,5.6,89.3,10,7,No,Low,Yes,3,9,74.3,Visual,75.2,B
10522,29,Male,2.6,90.9,6,9,No,Low,Yes,5,1,42.9,Reading/Writing,57.4,D
10523,18,Female,6.7,83.7,5,7,No,High,No,2,10,50.7,Reading/Writing,72.7,C
10524,29,Female,14.3,74.9,3,3,No,Low,Yes,0,5,67.9,Auditory,81.7,B
10525,22,Female,10.7,74.6,8,5,Yes,Low,Yes,3,5,44.9,Reading/Writing,89.6,B
10526,22,Female,12.0,53.3,7,5,No,Low,No,0,4,46.6,Kinesthetic,72.0,C
10527,25,Female,17.6,74.3,5,10,No,Low,Yes,4,5,46.3,Kinesthetic,77.1,B
10528,29,Male,16.3,66.6,9,5,Yes,High,Yes,1,6,70.2,Auditory,92.3,A
10529,24,Female,9.9,84.8,1,5,No,High,Yes,3,7,93.5,Auditory,78.4,B
10530,26,Female,14.5,77.2,1,8,Yes,High,No,4,10,81.8,Reading/Writing,83.2,B
10531,25,Female,13.3,50.3,6,2,Yes,Low,Yes,0,3,45.1,Visual,75.8,B
10532,27,Male,6.0,99.7,1,2,Yes,High,Yes,0,6,86.3,Reading/Writing,77.5,B
10533,30,Female,14.5,79.2,9,10,No,Low,No,2,8,54.9,Visual,91.6,A
10534,26,Male,2.9,70.9,8,6,No,High,Yes,1,10,64.1,Reading/Writing,68.4,C
10535,26,Male,2.2,54.3,7,2,Yes,High,No,5,2,50.4,Auditory,62.3,C
10536,30,Female,18.3,75.6,8,7,No,High,Yes,4,4,80.3,Reading/Writing,100,A
10537,26,Male,14.3,62.1,10,8,No,High,Yes,1,8,73.2,Visual,91.6,A
10538,21,Female,15.4,77.1,3,4,No,Low,No,5,3,91.5,Reading/Writing,95.0,A
10539,22,Female,2.7,74.2,8,9,Yes,Low,No,1,8,54.4,Reading/Writing,68.3,C
10540,29,Female,16.1,78.6,1,4,No,High,No,5,1,82.8,Auditory,92.4,A
10541,18,Male,19.3,88.0,3,4,No,High,Yes,0,7,79.0,Auditory,100,A
10542,30,Female,13.9,52.1,10,6,Yes,High,No,4,6,80.4,Reading/Writing,91.5,A
10543,29,Female,4.0,60.8,5,7,No,Low,Yes,1,2,75.8,Kinesthetic,59.3,D
10544,19,Male,7.7,72.3,5,6,No,Low,Yes,5,10,74.6,Reading/Writing,79.1,B
10545,27,Male,18.3,67.2,10,7,Yes,High,Yes,0,5,94.2,Auditory,100,A
10546,27,Male,19.4,86.8,8,4,No,Low,Yes,0,9,85.9,Reading/Writing,100,A
10547,28,Male,16.2,73.9,3,7,Yes,High,Yes,3,2,71.1,Reading/Writing,92.4,A
10548,21,Male,17.3,51.1,9,3,Yes,High,No,3,10,91.4,Reading/Writing,100,A
10549,28,Male,2.8,68.8,5,1,No,Low,Yes,1,1,55.2,Visual,61.4,C
10550,19,Male,11.8,99.0,5,5,No,Low,Yes,5,9,55.1,Reading/Writing,87.2,B
10551,29,Female,17.2,57.5,2,7,No,High,No,4,6,58.1,Auditory,75.4,B
10552,18,Female,8.0,97.7,5,7,No,Low,Yes,5,6,85.6,Auditory,79.4,B
10553,22,Female,10.5,93.6,5,1,Yes,High,Yes,2,2,95.9,Reading/Writing,100,A
10554,29,Male,7.5,56.0,10,6,Yes,High,Yes,5,2,96.1,Auditory,91.6,A
10555,25,Female,9.8,96.3,10,6,Yes,Low,No,5,7,98.4,Visual,100,A
10556,22,Male,11.2,57.5,8,7,Yes,High,Yes,3,3,92.1,Kinesthetic,94.5,A
10557,27,Female,13.8,57.1,3,2,No,Low,Yes,4,10,63.5,Visual,77.9,B
10558,19,Male,11.7,90.3,7,3,No,High,No,4,5,99.0,Kinesthetic,93.9,A
10559,29,Male,18.8,64.2,9,3,No,Low,Yes,5,9,61.9,Visual,99.3,A
10560,18,Male,12.3,99.4,10,5,No,Low,Yes,0,0,54.5,Reading/Writing,88.8,B
10561,19,Male,5.5,67.0,3,1,Yes,High,No,3,1,43.6,Reading/Writing,72.8,C
10562,25,Male,7.2,74.4,9,9,No,Low,Yes,0,3,54.2,Kinesthetic,74.9,C
10563,26,Female,7.0,56.7,8,10,Yes,Low,Yes,0,5,97.2,Reading/Writing,68.4,C
10564,30,Male,7.5,89.1,1,1,No,High,Yes,0,6,97.8,Kinesthetic,84.5,B
10565,30,Male,13.3,57.6,1,2,Yes,High,No,3,2,76.9,Visual,80.3,B
10566,28,Female,9.4,69.7,7,3,Yes,High,No,0,8,69.9,Kinesthetic,81.6,B
10567,29,Male,5.7,59.3,8,8,Yes,Low,Yes,2,1,72.7,Auditory,63.1,C
10568,18,Female,19.4,52.0,5,6,No,High,Yes,2,4,95.8,Reading/Writing,88.7,B
10569,22,Female,18.7,89.6,10,1,Yes,Low,Yes,1,1,74.8,Reading/Writing,100,A
10570,27,Male,15.5,88.7,6,9,No,High,Yes,5,1,64.4,Kinesthetic,98.1,A
10571,20,Female,2.4,75.6,1,5,Yes,High,No,0,6,49.8,Auditory,64.1,C
10572,21,Male,7.5,90.7,3,2,Yes,Low,No,4,9,51.5,Auditory,87.1,B
10573,21,Male,16.4,73.2,2,3,No,High,No,0,3,62.7,Auditory,94.6,A
10574,18,Male,1.5,65.1,7,4,No,High,No,0,6,48.3,Reading/Writing,58.5,D
10575,27,Female,6.6,89.2,5,6,No,High,No,3,10,66.4,Auditory,73.9,C
10576,24,Male,9.5,86.0,10,4,Yes,Low,No,4,4,83.8,Kinesthetic,91.6,A
10577,26,Female,7.3,53.2,7,8,Yes,High,No,2,7,80.4,Reading/Writing,78.3,B
10578,21,Male,17.5,82.4,5,7,No,High,Yes,5,0,69.9,Reading/Writing,90.9,A
10579,25,Female,15.6,76.3,6,5,No,High,Yes,5,2,98.5,Visual,99.7,A
10580,20,Male,11.7,68.1,8,3,No,Low,Yes,3,6,89.1,Auditory,88.1,B
10581,22,Male,6.2,59.2,1,6,No,Low,No,0,8,44.2,Auditory,52.1,D
10582,20,Female,4.5,78.1,10,9,Yes,Low,No,4,7,85.5,Reading/Writing,74.1,C
10583,25,Male,3.9,88.6,8,2,No,Low,Yes,3,6,93.3,Auditory,73.7,C
10584,22,Female,12.5,92.1,4,4,No,Low,No,5,4,85.9,Kinesthetic,82.8,B
10585,25,Female,16.1,60.4,6,9,No,High,No,3,7,54.3,Visual,80.0,B
10586,19,Male,7.6,83.5,10,1,Yes,Low,No,2,7,53.6,Reading/Writing,85.8,B
10587,23,Female,3.5,52.4,4,7,Yes,High,Yes,0,6,42.0,Auditory,55.8,D
10588,19,Male,12.7,82.9,4,2,No,Low,No,5,9,58.9,Auditory,79.0,B
10589,22,Male,4.8,91.6,4,9,No,High,Yes,0,1,99.8,Auditory,79.9,B
10590,22,Female,1.7,91.7,3,4,Yes,Low,No,3,8,87.0,Kinesthetic,65.4,C
10591,24,Female,16.6,54.8,8,2,No,Low,Yes,5,7,99.8,Kinesthetic,98.2,A
10592,26,Male,12.7,79.5,10,7,Yes,Low,No,5,8,79.9,Visual,100,A
10593,19,Female,19.0,75.2,1,10,Yes,Low,Yes,1,5,57.6,Auditory,82.0,B
10594,30,Male,3.8,76.1,2,6,Yes,Low,Yes,1,5,82.0,Auditory,61.4,C
10595,20,Female,7.1,73.6,1,1,No,High,No,0,0,71.3,Reading/Writing,66.0,C
10596,27,Male,12.5,50.8,9,9,No,Low,Yes,3,7,63.8,Kinesthetic,76.2,B
10597,21,Male,8.1,59.4,4,9,No,High,Yes,1,9,50.2,Reading/Writing,66.4,C
10598,30,Female,4.8,65.0,3,6,Yes,High,Yes,4,6,51.9,Visual,62.6,C
10599,26,Female,13.7,60.4,9,3,Yes,Low,Yes,0,0,55.0,Reading/Writing,88.1,B
10600,22,Male,19.6,61.7,3,1,No,High,Yes,0,3,90.2,Reading/Writing,93.3,A
10601,24,Male,6.2,72.2,7,2,Yes,High,Yes,0,7,44.5,Reading/Writing,77.2,B
10602,22,Female,10.3,81.2,3,1,No,High,Yes,0,9,57.4,Kinesthetic,86.1,B
10603,30,Male,1.4,58.8,9,1,Yes,High,Yes,1,0,85.9,Reading/Writing,66.8,C
10604,27,Female,13.6,55.0,8,10,No,High,No,0,10,43.0,Kinesthetic,72.5,C
10605,25,Female,19.8,88.8,6,7,Yes,Low,No,5,10,78.5,Visual,100,A
10606,21,Male,11.1,68.3,9,2,Yes,Low,No,2,9,99.6,Kinesthetic,100,A
10607,19,Female,10.6,62.5,2,9,Yes,High,No,4,8,97.9,Kinesthetic,83.0,B
10608,18,Male,9.6,89.9,2,1,No,High,Yes,1,3,68.4,Visual,78.4,B
10609,20,Male,10.7,74.2,6,9,Yes,High,Yes,3,9,59.4,Kinesthetic,83.9,B
10610,19,Female,1.9,93.9,5,10,No,Low,No,3,9,80.7,Reading/Writing,73.8,C
10611,18,Male,16.9,81.6,1,2,Yes,High,No,1,1,42.5,Visual,91.7,A
10612,22,Male,10.2,59.3,3,3,No,High,Yes,3,3,95.7,Reading/Writing,82.7,B
10613,19,Female,5.1,94.5,8,5,No,Low,Yes,4,8,65.1,Visual,76.6,B
10614,30,Female,1.3,78.4,8,4,No,High,No,2,5,77.8,Kinesthetic,70.9,C
10615,29,Female,6.3,94.2,7,4,No,High,No,0,8,79.6,Reading/Writing,83.8,B
10616,22,Female,7.0,68.0,9,9,No,High,Yes,5,7,53.8,Visual,76.1,B
10617,20,Male,1.7,80.3,5,3,No,Low,Yes,3,5,85.9,Reading/Writing,61.7,C
10618,19,Male,18.6,96.1,1,6,Yes,Low,Yes,0,5,53.8,Auditory,96.5,A
10619,19,Female,11.7,66.0,10,9,No,Low,No,2,2,90.7,Reading/Writing,79.0,B
10620,18,Female,15.4,92.7,8,2,No,High,No,5,7,61.6,Reading/Writing,99.2,A
10621,26,Female,3.3,73.7,6,6,Yes,Low,No,5,4,43.4,Visual,71.5,C
10622,19,Female,15.8,78.9,9,8,No,Low,No,3,10,46.4,Reading/Writing,84.1,B
10623,23,Male,7.8,56.6,3,3,Yes,Low,No,1,1,45.4,Kinesthetic,60.7,C
10624,23,Male,4.9,84.1,6,1,Yes,Low,No,4,5,44.5,Auditory,73.9,C
10625,23,Female,15.9,79.3,7,5,Yes,High,Yes,2,4,71.1,Reading/Writing,100,A
10626,28,Female,4.8,56.5,8,10,No,Low,Yes,1,9,85.8,Kinesthetic,63.7,C
10627,28,Male,13.9,57.8,3,7,No,High,Yes,0,1,62.9,Kinesthetic,77.0,B
10628,19,Female,13.8,80.1,7,5,Yes,Low,No,5,7,46.0,Kinesthetic,85.4,B
10629,22,Male,9.0,81.3,9,4,No,Low,No,5,0,77.6,Auditory,88.6,B
10630,25,Female,10.0,79.3,1,8,No,Low,No,1,10,80.6,Reading/Writing,71.3,C
10631,26,Female,8.6,66.2,1,3,No,Low,Yes,2,8,71.5,Reading/Writing,68.3,C
10632,28,Male,16.1,98.2,3,3,Yes,Low,Yes,3,4,73.1,Auditory,96.0,A
10633,27,Female,8.0,52.5,3,6,No,Low,Yes,2,3,78.0,Auditory,59.3,D
10634,23,Male,17.3,50.7,6,1,Yes,Low,Yes,3,1,67.6,Reading/Writing,87.0,B
10635,30,Male,14.9,91.2,8,4,Yes,Low,No,0,10,75.1,Auditory,96.9,A
10636,30,Male,2.0,68.0,7,4,No,Low,Yes,4,0,63.3,Visual,60.4,C
10637,30,Male,16.7,51.8,6,1,No,Low,Yes,0,2,60.1,Kinesthetic,75.9,B
10638,24,Female,12.2,71.7,8,6,No,Low,Yes,3,10,77.3,Auditory,93.6,A
10639,28,Male,6.2,55.6,8,10,Yes,High,Yes,4,9,80.6,Visual,75.9,B
10640,18,Female,2.2,96.9,2,3,No,Low,Yes,0,7,65.4,Reading/Writing,68.4,C
10641,21,Male,6.6,82.3,10,5,Yes,Low,No,4,10,80.3,Auditory,80.7,B
10642,19,Male,13.6,81.5,4,5,No,High,No,0,10,94.0,Visual,90.4,A
10643,26,Male,14.5,86.7,5,7,No,High,No,1,3,63.9,Kinesthetic,88.3,B
10644,20,Female,6.4,57.1,10,10,No,Low,Yes,1,3,58.9,Reading/Writing,59.1,D
10645,24,Female,9.7,63.8,2,6,No,High,Yes,5,0,45.2,Auditory,69.3,C
10646,20,Male,13.1,76.1,9,2,Yes,High,No,2,0,49.0,Visual,92.1,A
10647,28,Female,15.7,52.5,9,2,No,Low,No,1,1,78.7,Reading/Writing,81.9,B
10648,28,Female,3.2,68.9,2,1,Yes,High,No,0,10,40.8,Auditory,61.1,C
10649,22,Female,3.1,69.4,7,7,No,High,Yes,1,5,46.3,Visual,61.0,C
10650,18,Female,5.4,70.1,5,2,No,High,No,5,0,76.9,Auditory,72.9,C
10651,25,Male,3.8,73.1,2,2,Yes,High,No,4,5,76.3,Auditory,67.1,C
10652,25,Male,19.1,73.1,10,6,No,High,Yes,1,0,78.0,Auditory,100,A
10653,27,Male,19.9,72.7,6,4,No,High,Yes,1,0,52.4,Visual,100,A
10654,22,Male,4.4,65.4,9,9,No,Low,No,4,3,74.3,Visual,64.3,C
10655,23,Female,18.6,56.0,1,3,No,High,No,0,1,95.3,Auditory,89.2,B
10656,20,Female,16.0,78.3,9,6,Yes,High,Yes,3,6,99.3,Reading/Writing,100,A
10657,28,Female,16.5,56.1,9,8,No,High,Yes,4,2,46.2,Reading/Writing,83.0,B
10658,27,Male,4.0,74.6,9,10,Yes,Low,Yes,3,8,87.7,Visual,77.4,B
10659,27,Female,13.7,58.6,9,7,Yes,Low,No,2,5,70.0,Reading/Writing,88.4,B
10660,24,Female,7.5,60.5,3,6,Yes,High,Yes,1,2,94.7,Kinesthetic,77.0,B
10661,20,Female,12.9,82.4,3,2,No,Low,Yes,3,2,75.3,Visual,89.3,B
10662,21,Male,8.3,81.5,8,3,Yes,High,No,5,2,71.9,Kinesthetic,86.6,B
10663,18,Female,18.8,81.9,6,9,Yes,High,No,1,8,84.3,Kinesthetic,97.9,A
10664,20,Female,4.9,60.6,4,1,Yes,High,Yes,5,2,61.2,Auditory,77.8,B
10665,19,Male,18.9,97.5,1,5,No,High,Yes,0,5,83.0,Kinesthetic,94.4,A
10666,28,Female,8.6,93.8,4,4,No,Low,Yes,5,10,50.6,Auditory,79.7,B
10667,30,Female,6.7,76.5,4,7,Yes,Low,No,5,5,54.8,Auditory,73.2,C
10668,20,Male,18.5,82.2,7,4,Yes,High,No,4,7,94.2,Auditory,100,A
10669,18,Male,5.9,65.4,4,5,No,High,No,1,4,93.5,Auditory,75.5,B
10670,23,Male,3.4,79.2,1,3,Yes,High,No,2,1,68.9,Auditory,74.5,C
10671,28,Female,1.2,80.4,6,2,No,High,Yes,1,3,80.3,Auditory,71.0,C
10672,29,Female,3.5,60.7,3,10,Yes,Low,No,1,5,58.1,Auditory,52.8,D
10673,23,Male,18.3,52.6,3,1,No,High,Yes,2,3,41.5,Auditory,90.1,A
10674,19,Male,15.3,54.6,8,8,No,Low,Yes,4,8,64.0,Visual,86.6,B
10675,29,Female,13.9,72.2,9,8,No,Low,Yes,2,1,44.5,Kinesthetic,77.5,B
10676,21,Female,14.9,68.1,3,1,No,Low,Yes,5,2,57.9,Visual,83.6,B
10677,29,Male,14.5,81.9,1,5,No,Low,No,2,1,44.9,Reading/Writing,71.4,C
10678,30,Female,6.6,89.1,5,8,No,High,Yes,1,0,99.1,Auditory,82.7,B
10679,21,Male,10.8,63.8,1,8,Yes,High,Yes,1,7,96.6,Auditory,76.7,B
10680,24,Male,14.1,77.5,8,6,Yes,High,Yes,4,2,97.8,Reading/Writing,94.6,A
10681,28,Female,9.9,63.7,3,5,Yes,Low,Yes,0,10,53.5,Auditory,74.3,C
10682,26,Male,12.7,75.6,6,1,Yes,Low,No,0,6,51.4,Reading/Writing,85.6,B
10683,21,Male,15.5,74.3,6,7,Yes,Low,Yes,3,8,55.8,Kinesthetic,82.5,B
10684,24,Female,4.0,78.0,3,10,Yes,High,No,5,3,42.3,Visual,68.5,C
10685,26,Female,16.2,62.9,4,4,No,Low,No,3,4,56.9,Auditory,81.0,B
10686,23,Female,18.0,88.1,8,6,No,High,No,3,9,47.2,Auditory,100,A
10687,25,Female,3.6,72.2,9,9,No,High,No,3,8,48.3,Visual,75.6,B
10688,22,Male,17.1,55.0,2,8,Yes,Low,Yes,0,5,59.3,Kinesthetic,70.3,C
10689,21,Female,16.7,59.2,9,9,Yes,Low,Yes,1,10,78.9,Visual,98.2,A
10690,23,Male,15.6,75.6,5,5,Yes,Low,Yes,2,7,58.3,Visual,85.2,B
10691,30,Male,4.8,97.9,4,8,No,Low,No,0,3,45.3,Kinesthetic,63.4,C
10692,18,Male,10.0,72.2,8,3,No,High,No,3,1,95.2,Kinesthetic,83.5,B
10693,19,Female,6.9,57.8,6,3,Yes,Low,No,3,7,61.4,Reading/Writing,77.9,B
10694,24,Male,8.3,52.5,3,7,No,Low,No,3,7,70.5,Auditory,63.7,C
10695,28,Female,10.8,74.9,2,5,No,Low,No,3,7,45.0,Reading/Writing,77.7,B
10696,24,Female,6.5,58.5,6,8,No,High,No,5,1,53.6,Reading/Writing,64.3,C
10697,25,Female,5.1,99.2,3,7,No,High,No,0,9,74.4,Reading/Writing,78.7,B
10698,24,Female,3.4,61.2,3,10,No,High,No,2,7,88.2,Auditory,68.1,C
10699,20,Female,7.9,93.5,8,5,No,High,No,5,7,58.7,Visual,87.7,B
10700,24,Female,5.5,72.7,4,6,Yes,High,No,1,4,77.4,Kinesthetic,67.0,C
10701,26,Male,11.1,80.0,9,10,No,High,No,3,4,90.0,Kinesthetic,89.9,B
10702,20,Female,6.8,99.3,4,6,Yes,High,Yes,0,0,69.6,Auditory,74.3,C
10703,24,Female,8.5,74.7,1,2,No,Low,Yes,2,7,68.7,Reading/Writing,63.9,C
10704,21,Female,17.5,67.4,5,7,No,High,No,4,6,96.9,Kinesthetic,92.2,A
10705,30,Female,10.8,96.5,1,2,Yes,Low,No,0,2,88.0,Kinesthetic,82.0,B
10706,19,Female,13.0,74.9,3,8,No,Low,No,5,5,50.6,Auditory,79.6,B
10707,26,Male,13.0,62.1,10,8,No,Low,No,0,5,86.3,Visual,81.6,B
10708,29,Male,18.4,73.9,3,6,Yes,High,No,1,3,58.3,Reading/Writing,87.7,B
10709,23,Male,6.6,70.8,9,5,No,High,No,4,7,83.7,Kinesthetic,80.7,B
10710,23,Male,14.9,85.2,9,10,No,High,No,0,3,44.9,Visual,93.6,A
10711,30,Male,17.4,68.3,1,6,No,Low,No,3,1,71.5,Auditory,77.8,B
10712,26,Male,2.8,91.8,8,8,No,High,No,3,4,61.3,Kinesthetic,75.6,B
10713,22,Male,15.0,62.5,2,9,Yes,High,Yes,3,8,74.2,Auditory,88.0,B
10714,24,Female,9.1,81.2,7,2,Yes,Low,Yes,1,8,71.8,Reading/Writing,84.2,B
10715,29,Female,17.8,73.6,2,4,Yes,High,Yes,2,7,63.4,Auditory,100,A
10716,22,Male,15.7,70.3,1,8,No,Low,No,2,3,53.0,Kinesthetic,69.7,C
10717,26,Male,7.0,92.2,8,6,No,Low,No,3,2,70.2,Auditory,81.9,B
10718,23,Female,15.4,54.4,1,1,No,High,Yes,2,8,50.4,Auditory,88.3,B
10719,27,Male,6.1,93.6,5,4,No,High,Yes,1,9,87.3,Visual,78.0,B
10720,23,Female,6.5,61.9,10,2,No,Low,Yes,2,8,98.2,Visual,76.5,B
10721,20,Male,1.8,60.2,4,5,No,Low,Yes,0,8,62.1,Visual,61.7,C
10722,28,Male,4.2,51.1,9,3,No,Low,Yes,1,8,44.2,Visual,59.9,D
10723,29,Male,4.4,86.0,5,3,No,Low,No,5,5,99.2,Auditory,73.8,C
10724,23,Female,16.1,70.6,2,10,Yes,Low,No,0,1,79.9,Visual,75.6,B
10725,24,Male,14.5,58.3,4,8,No,Low,Yes,1,8,70.8,Visual,75.5,B
10726,24,Female,5.6,81.1,5,1,No,High,Yes,3,3,78.7,Kinesthetic,82.8,B
10727,24,Male,11.7,63.9,5,7,No,High,No,2,2,44.3,Visual,68.5,C
10728,21,Female,18.3,91.0,4,1,Yes,Low,Yes,2,10,77.7,Visual,100,A
10729,19,Female,7.0,67.2,7,8,No,High,Yes,2,3,80.1,Auditory,71.9,C
10730,29,Female,18.7,76.2,10,7,No,High,No,3,10,84.7,Kinesthetic,100,A
10731,26,Male,4.3,52.9,8,6,Yes,High,No,1,5,45.6,Auditory,62.4,C
10732,30,Female,18.4,86.5,5,6,Yes,Low,Yes,4,5,99.5,Visual,100,A
10733,25,Female,2.2,72.2,6,2,No,High,Yes,3,10,97.5,Auditory,81.3,B
10734,21,Male,18.9,87.4,5,4,Yes,High,No,2,7,93.2,Auditory,100,A
10735,18,Female,15.7,82.1,9,4,No,Low,No,3,9,42.4,Visual,93.3,A
10736,18,Female,7.4,70.1,9,8,No,Low,Yes,3,7,62.1,Visual,67.2,C
10737,23,Male,9.3,86.0,7,5,Yes,High,Yes,2,4,47.6,Visual,90.6,A
10738,18,Female,18.8,71.1,5,10,Yes,Low,Yes,3,3,57.6,Auditory,95.2,A
10739,27,Male,10.0,92.8,8,8,Yes,Low,No,0,5,98.9,Visual,87.1,B
10740,21,Female,10.5,63.4,7,3,No,High,Yes,3,8,69.7,Auditory,80.0,B
10741,19,Male,3.9,61.0,3,9,Yes,Low,No,5,5,80.0,Reading/Writing,64.3,C
10742,29,Female,14.7,81.7,5,5,Yes,High,No,3,6,53.2,Visual,97.6,A
10743,19,Male,5.1,52.4,3,8,Yes,Low,No,3,2,87.2,Reading/Writing,56.7,D
10744,28,Female,9.1,86.1,4,1,Yes,Low,No,2,7,92.7,Auditory,89.9,B
10745,27,Female,19.6,74.2,6,7,No,High,Yes,0,4,99.9,Visual,97.8,A
10746,20,Female,12.0,73.3,6,8,No,Low,No,3,7,79.0,Visual,82.5,B
10747,25,Male,10.8,86.3,6,4,No,High,Yes,5,9,93.2,Reading/Writing,93.0,A
10748,18,Male,2.8,90.0,9,4,Yes,High,No,3,8,41.7,Visual,79.8,B
10749,22,Male,16.3,63.5,10,4,Yes,Low,No,2,6,82.1,Reading/Writing,93.3,A
10750,20,Male,19.7,66.9,8,6,No,Low,Yes,4,4,52.6,Reading/Writing,92.0,A
10751,29,Male,7.2,89.8,1,9,No,High,Yes,4,3,53.0,Kinesthetic,64.8,C
10752,18,Female,13.3,55.9,3,2,No,High,Yes,1,2,45.2,Kinesthetic,74.1,C
10753,24,Female,19.5,94.2,2,9,No,Low,No,2,7,66.7,Visual,97.9,A
10754,24,Male,8.7,83.3,7,8,No,Low,Yes,4,1,94.2,Visual,77.3,B
10755,27,Female,2.9,54.0,2,1,Yes,Low,Yes,2,6,99.7,Kinesthetic,61.4,C
10756,22,Male,5.1,50.9,7,10,No,High,Yes,4,7,92.9,Kinesthetic,71.4,C
10757,19,Male,7.3,79.2,10,3,Yes,Low,Yes,1,10,87.5,Reading/Writing,85.6,B
10758,18,Female,11.8,98.5,6,6,No,Low,Yes,2,10,66.7,Kinesthetic,82.2,B
10759,22,Female,16.4,78.0,3,8,Yes,High,No,2,10,43.4,Kinesthetic,96.4,A
10760,28,Male,15.0,74.2,6,7,No,Low,No,2,2,42.7,Reading/Writing,76.5,B
10761,26,Female,8.7,52.6,2,5,Yes,High,No,1,1,77.1,Kinesthetic,67.3,C
10762,30,Female,5.8,90.1,10,7,Yes,High,No,4,8,42.4,Kinesthetic,93.5,A
10763,22,Female,2.3,53.6,7,9,Yes,Low,No,2,9,69.0,Kinesthetic,59.4,D
10764,22,Male,3.2,81.1,10,6,No,Low,No,3,10,58.7,Reading/Writing,78.2,B
10765,19,Female,13.6,64.1,2,4,No,High,Yes,1,0,61.1,Kinesthetic,81.5,B
10766,28,Male,7.1,83.2,2,5,Yes,High,Yes,0,9,90.7,Reading/Writing,88.4,B
10767,22,Male,7.3,99.1,6,9,Yes,Low,Yes,2,4,57.9,Kinesthetic,77.7,B
10768,19,Female,12.6,99.8,1,7,Yes,High,Yes,4,5,52.4,Visual,90.8,A
10769,25,Male,6.8,66.1,2,1,No,High,No,2,9,76.7,Reading/Writing,75.8,B
10770,20,Female,18.1,65.5,5,7,No,High,Yes,1,9,44.1,Kinesthetic,88.2,B
10771,24,Male,12.2,54.3,4,1,No,High,No,3,0,73.4,Visual,74.1,C
10772,21,Female,7.4,51.3,4,6,No,High,No,2,4,51.4,Reading/Writing,64.8,C
10773,27,Female,4.3,51.1,4,10,Yes,High,No,5,7,80.3,Reading/Writing,71.8,C
10774,24,Male,16.0,60.6,4,7,Yes,Low,No,3,2,52.6,Visual,78.0,B
10775,23,Female,17.3,90.3,2,1,Yes,High,No,0,4,59.9,Kinesthetic,94.9,A
10776,26,Female,18.8,64.0,7,8,No,Low,Yes,0,8,44.5,Auditory,78.2,B
10777,22,Male,2.2,67.8,3,2,No,Low,No,1,8,79.0,Kinesthetic,56.4,D
10778,29,Female,1.0,72.3,7,3,Yes,High,No,1,5,79.9,Auditory,68.0,C
10779,21,Female,9.6,88.8,7,2,Yes,High,Yes,1,10,70.2,Visual,94.1,A
10780,20,Male,13.9,56.6,2,2,Yes,High,No,3,5,94.0,Reading/Writing,83.0,B
10781,29,Male,4.2,87.9,5,1,Yes,High,Yes,0,5,87.7,Auditory,84.5,B
10782,25,Female,2.8,63.3,4,2,Yes,Low,No,1,5,75.4,Kinesthetic,67.9,C
10783,19,Female,4.6,96.3,5,4,Yes,Low,No,5,6,57.0,Auditory,76.3,B
10784,27,Female,6.0,59.5,2,2,No,Low,No,0,3,54.4,Kinesthetic,50.9,D
10785,25,Female,11.1,92.1,4,5,Yes,High,Yes,3,3,55.9,Auditory,87.1,B
10786,30,Male,16.4,98.2,4,3,No,Low,Yes,2,4,40.5,Reading/Writing,96.5,A
10787,18,Female,3.9,84.4,8,4,No,Low,Yes,5,6,85.1,Visual,80.8,B
10788,21,Male,4.7,70.1,3,8,Yes,Low,No,2,6,68.0,Visual,66.0,C
10789,25,Female,5.6,93.4,6,8,No,Low,No,4,3,78.7,Reading/Writing,82.1,B
10790,30,Female,17.3,86.0,3,4,Yes,Low,No,2,5,98.9,Reading/Writing,99.7,A
10791,18,Female,9.2,91.5,2,6,No,Low,Yes,1,1,71.3,Kinesthetic,80.7,B
10792,26,Female,2.6,60.9,4,5,Yes,Low,No,2,8,55.0,Visual,63.8,C
10793,22,Male,11.0,89.9,7,6,Yes,High,Yes,2,8,65.9,Kinesthetic,96.4,A
10794,19,Male,4.8,97.7,10,8,Yes,High,No,1,4,78.3,Visual,82.9,B
10795,23,Male,4.9,83.1,6,7,Yes,High,No,4,7,90.9,Reading/Writing,79.1,B
10796,24,Male,15.2,72.1,10,8,No,Low,Yes,0,4,61.1,Visual,89.0,B
10797,22,Female,12.0,75.4,9,5,No,Low,No,0,5,76.8,Reading/Writing,92.4,A
10798,28,Female,4.5,82.2,5,6,No,Low,Yes,0,6,49.6,Auditory,70.3,C
10799,28,Female,14.8,54.6,7,1,Yes,High,Yes,5,7,95.6,Auditory,96.9,A
10800,25,Male,3.4,76.1,8,4,No,High,No,0,2,48.1,Visual,75.3,B
10801,22,Male,11.2,75.5,8,8,No,Low,Yes,2,2,85.8,Kinesthetic,75.8,B
10802,20,Female,8.1,97.8,9,7,Yes,Low,No,2,1,85.6,Visual,92.6,A
10803,19,Male,12.0,61.1,6,6,No,High,No,2,4,73.6,Reading/Writing,88.8,B
10804,21,Female,18.7,89.6,5,5,No,Low,Yes,1,5,49.1,Auditory,90.6,A
10805,24,Male,10.7,52.1,7,9,Yes,Low,No,2,6,90.5,Auditory,76.7,B
10806,20,Male,4.6,72.2,5,8,No,High,Yes,3,10,54.9,Kinesthetic,63.1,C
10807,29,Female,16.4,99.6,9,3,Yes,High,Yes,0,5,89.8,Reading/Writing,100,A
10808,30,Male,12.7,93.1,10,10,No,Low,No,5,3,55.0,Kinesthetic,88.7,B
10809,18,Male,6.9,75.9,3,10,No,High,No,5,3,40.5,Reading/Writing,71.4,C
10810,26,Female,1.1,88.0,1,8,No,High,No,5,5,55.0,Reading/Writing,54.6,D
10811,28,Male,3.1,51.7,1,6,Yes,Low,No,4,2,94.4,Reading/Writing,59.2,D
10812,26,Female,15.6,58.1,1,8,No,High,Yes,2,2,95.0,Kinesthetic,85.4,B
10813,22,Female,3.4,92.9,8,5,Yes,High,Yes,3,7,70.7,Reading/Writing,91.2,A
10814,27,Female,3.2,55.6,9,9,Yes,Low,Yes,3,10,47.4,Kinesthetic,58.6,D
10815,28,Male,5.8,64.6,5,8,Yes,Low,Yes,3,10,62.3,Auditory,72.9,C
10816,19,Male,2.3,90.7,5,7,No,Low,No,2,3,47.2,Auditory,54.3,D
10817,18,Male,13.9,68.4,7,6,Yes,Low,No,2,8,46.0,Auditory,91.3,A
10818,22,Female,11.9,61.9,2,3,No,High,No,3,9,49.7,Kinesthetic,78.0,B
10819,24,Male,6.9,55.5,4,8,Yes,Low,No,1,8,42.7,Auditory,62.1,C
10820,30,Female,17.4,64.0,7,7,No,High,Yes,5,9,55.7,Reading/Writing,90.8,A
10821,20,Female,17.9,66.9,10,6,No,High,Yes,3,2,71.1,Auditory,96.6,A
10822,18,Female,16.1,52.9,3,4,No,Low,No,3,2,62.5,Kinesthetic,75.5,B
10823,24,Male,11.7,65.9,4,2,No,High,No,0,1,96.7,Reading/Writing,78.7,B
10824,30,Female,14.4,51.7,9,6,No,Low,Yes,3,5,93.0,Kinesthetic,92.8,A
10825,19,Female,8.7,54.7,6,8,Yes,Low,No,0,7,47.0,Visual,66.0,C
10826,24,Female,6.0,77.9,10,8,No,Low,Yes,4,1,66.4,Visual,68.8,C
10827,18,Male,11.7,87.7,5,2,No,High,No,2,4,79.7,Kinesthetic,98.6,A
10828,23,Male,14.9,50.8,3,3,Yes,High,Yes,5,10,83.2,Visual,94.0,A
10829,30,Male,5.4,92.2,6,6,Yes,High,Yes,4,8,57.3,Kinesthetic,89.2,B
10830,27,Female,8.4,87.1,6,4,No,Low,Yes,0,3,74.9,Kinesthetic,72.6,C
10831,21,Female,8.9,56.7,5,4,Yes,Low,No,0,3,74.2,Reading/Writing,70.9,C
10832,23,Female,11.4,83.7,7,9,Yes,Low,Yes,4,9,68.5,Visual,89.1,B
10833,28,Female,15.2,53.0,9,1,Yes,Low,Yes,0,5,46.1,Auditory,94.9,A
10834,30,Male,19.4,53.5,8,3,No,High,Yes,5,4,40.6,Visual,87.8,B
10835,29,Female,18.3,63.5,1,6,Yes,Low,Yes,3,5,41.6,Kinesthetic,82.6,B
10836,19,Male,7.8,64.2,3,5,No,High,No,5,8,91.2,Kinesthetic,76.2,B
10837,30,Male,10.2,99.4,10,7,No,High,No,0,3,93.3,Kinesthetic,100,A
10838,19,Male,15.4,67.2,6,2,No,High,Yes,2,6,53.7,Visual,82.9,B
10839,22,Female,4.6,72.7,1,7,Yes,Low,No,3,8,44.8,Visual,60.0,C
10840,28,Male,13.6,87.1,9,10,No,Low,Yes,0,8,75.9,Auditory,85.6,B
10841,28,Female,12.0,96.5,1,1,Yes,Low,No,4,3,97.4,Kinesthetic,97.9,A
10842,20,Female,10.6,68.2,4,2,No,High,Yes,3,10,50.9,Reading/Writing,86.5,B
10843,30,Female,9.3,57.7,1,6,Yes,Low,No,1,8,99.2,Reading/Writing,74.5,C
10844,21,Female,15.1,92.9,8,1,No,Low,No,3,0,71.5,Kinesthetic,90.0,A
10845,25,Female,13.1,79.8,8,9,No,Low,No,2,1,47.4,Auditory,85.2,B
10846,18,Male,12.2,66.8,10,10,Yes,Low,Yes,0,0,84.1,Auditory,81.1,B
10847,21,Male,13.9,53.1,4,1,No,High,Yes,3,7,80.7,Visual,85.2,B
10848,30,Male,8.3,56.8,7,3,No,High,Yes,5,3,70.5,Visual,71.5,C
10849,22,Female,7.4,57.7,8,4,Yes,Low,Yes,1,9,78.7,Kinesthetic,75.8,B
10850,24,Female,16.9,56.7,1,6,Yes,High,No,3,9,69.1,Auditory,80.2,B
10851,24,Male,20.0,55.4,2,5,No,High,No,4,4,84.6,Visual,87.1,B
10852,29,Male,5.6,85.4,8,7,Yes,Low,Yes,4,1,62.5,Reading/Writing,73.7,C
10853,21,Male,18.7,73.2,7,4,No,High,No,4,9,60.8,Kinesthetic,95.4,A
10854,29,Female,14.5,75.1,4,1,Yes,Low,Yes,4,8,97.5,Kinesthetic,100,A
10855,19,Male,16.1,75.5,9,10,No,Low,Yes,1,6,78.3,Visual,85.7,B
10856,28,Female,1.1,79.7,9,5,No,Low,No,4,6,49.4,Auditory,70.1,C
10857,29,Female,2.8,63.3,4,2,Yes,Low,No,3,8,62.0,Auditory,66.1,C
10858,21,Male,9.3,92.3,8,4,Yes,Low,No,2,9,61.2,Visual,83.6,B
10859,21,Female,2.3,54.3,9,4,Yes,High,Yes,0,8,85.9,Auditory,80.9,B
10860,20,Female,7.6,56.3,1,1,No,Low,Yes,0,4,93.9,Visual,65.5,C
10861,28,Female,12.5,52.4,3,10,No,High,Yes,4,2,57.5,Kinesthetic,64.1,C
10862,18,Female,9.1,76.9,1,4,No,Low,Yes,4,6,73.2,Kinesthetic,69.4,C
10863,28,Female,19.9,71.6,8,3,Yes,High,No,1,1,83.1,Auditory,100,A
10864,18,Male,18.9,63.4,4,8,Yes,High,Yes,4,2,73.9,Kinesthetic,92.0,A
10865,27,Female,2.2,67.1,5,4,Yes,Low,Yes,2,8,98.9,Auditory,67.6,C
10866,29,Male,19.0,77.2,8,6,Yes,Low,Yes,1,3,78.5,Visual,97.4,A
10867,18,Female,14.2,84.0,7,5,Yes,High,Yes,2,9,88.1,Reading/Writing,100,A
10868,25,Male,17.3,87.6,4,5,Yes,Low,Yes,0,2,42.1,Auditory,94.1,A
10869,19,Female,2.4,88.2,6,1,No,High,Yes,5,9,61.3,Visual,77.4,B
10870,18,Male,7.2,80.2,6,1,Yes,Low,No,4,6,61.5,Visual,79.8,B
10871,22,Male,18.5,71.0,2,1,Yes,Low,No,3,6,46.8,Auditory,90.1,A
10872,29,Female,13.9,55.4,8,4,Yes,Low,Yes,3,6,46.6,Reading/Writing,76.4,B
10873,22,Female,12.9,82.4,4,1,Yes,High,No,0,2,89.2,Visual,100,A
10874,24,Female,13.6,88.8,5,1,Yes,Low,Yes,1,5,90.6,Auditory,98.4,A
10875,28,Female,17.2,97.6,2,5,Yes,High,Yes,2,6,77.3,Kinesthetic,100,A
10876,26,Male,12.2,62.1,2,2,Yes,High,Yes,0,9,51.8,Kinesthetic,87.3,B
10877,24,Male,2.6,58.0,5,2,Yes,High,Yes,3,1,63.7,Reading/Writing,72.9,C
10878,24,Male,8.6,62.5,10,6,Yes,Low,Yes,0,9,43.4,Reading/Writing,76.6,B
10879,19,Male,8.2,88.8,5,3,No,High,Yes,5,3,72.0,Auditory,80.5,B
10880,19,Female,20.0,84.1,4,5,No,Low,No,5,0,53.0,Kinesthetic,89.9,B
10881,23,Female,6.6,95.1,3,6,No,High,No,1,8,82.6,Visual,78.2,B
10882,23,Female,11.1,51.2,9,9,Yes,Low,Yes,2,1,99.6,Auditory,74.3,C
10883,24,Female,15.8,99.4,6,4,Yes,Low,No,1,1,92.5,Reading/Writing,100,A
10884,21,Female,10.0,76.0,2,7,Yes,Low,No,5,6,65.8,Reading/Writing,69.2,C
10885,20,Male,9.5,65.7,5,2,Yes,Low,No,4,0,51.2,Auditory,82.6,B
10886,18,Male,2.8,75.8,5,8,No,High,No,2,7,55.2,Visual,63.9,C
10887,30,Male,6.6,81.6,8,2,Yes,Low,Yes,0,2,96.1,Kinesthetic,85.0,B
10888,21,Female,1.9,88.3,7,7,Yes,High,Yes,1,10,41.9,Reading/Writing,75.2,B
10889,24,Female,16.2,76.1,3,4,Yes,High,Yes,2,0,45.1,Auditory,86.5,B
10890,22,Female,15.7,65.4,10,9,No,High,No,1,4,75.4,Kinesthetic,98.4,A
10891,21,Male,1.2,77.5,1,10,Yes,High,Yes,4,1,73.7,Kinesthetic,67.2,C
10892,18,Male,11.2,98.1,9,3,Yes,High,No,0,9,65.4,Visual,100,A
10893,23,Female,6.4,74.2,4,1,No,Low,No,1,7,92.7,Reading/Writing,74.0,C
10894,19,Female,5.9,75.7,6,7,No,High,No,4,1,82.3,Auditory,81.5,B
10895,24,Male,5.2,81.4,6,6,Yes,Low,Yes,5,6,44.4,Kinesthetic,75.9,B
10896,22,Male,13.5,91.9,4,10,Yes,Low,No,4,9,48.5,Reading/Writing,86.6,B
10897,27,Female,5.9,77.0,8,5,No,High,No,1,6,71.7,Reading/Writing,77.5,B
10898,21,Male,2.5,62.4,9,1,No,Low,Yes,2,6,83.8,Reading/Writing,76.2,B
10899,27,Male,16.5,60.0,10,2,No,High,No,4,4,96.6,Auditory,100,A
10900,23,Male,3.6,88.1,2,3,Yes,Low,Yes,4,3,57.3,Reading/Writing,65.9,C
10901,24,Male,15.2,70.6,8,9,No,High,Yes,3,3,55.5,Auditory,90.6,A
10902,19,Female,11.2,74.1,2,7,Yes,Low,Yes,1,5,86.0,Kinesthetic,75.9,B
10903,22,Male,1.2,86.7,3,1,Yes,Low,Yes,3,6,79.4,Kinesthetic,67.1,C
10904,20,Female,8.2,60.0,3,7,Yes,High,No,5,1,89.9,Kinesthetic,77.6,B
10905,21,Female,20.0,86.9,3,4,No,High,Yes,0,0,49.6,Visual,95.0,A
10906,27,Male,14.7,97.4,4,7,No,Low,No,2,8,44.2,Auditory,82.3,B
10907,26,Male,2.1,55.9,5,9,No,Low,Yes,5,1,96.8,Auditory,52.5,D
10908,24,Female,17.9,79.2,7,4,Yes,High,No,3,6,86.2,Reading/Writing,100,A
10909,20,Male,5.7,93.2,1,5,No,High,No,5,9,93.5,Auditory,81.9,B
10910,20,Female,6.2,63.1,4,6,No,Low,No,5,10,97.5,Kinesthetic,77.0,B
10911,28,Male,13.6,53.6,3,3,Yes,Low,Yes,0,0,92.2,Visual,83.1,B
10912,28,Female,3.4,52.5,3,1,Yes,Low,Yes,1,4,88.5,Kinesthetic,60.0,C
10913,29,Male,11.1,79.5,2,5,Yes,High,No,3,5,85.7,Reading/Writing,85.4,B
10914,23,Male,8.6,86.2,5,2,Yes,High,Yes,5,9,80.1,Reading/Writing,93.8,A
10915,26,Male,2.3,79.5,5,3,No,High,No,4,8,82.2,Kinesthetic,77.2,B
10916,19,Female,19.2,99.0,4,1,Yes,High,Yes,3,6,49.5,Kinesthetic,100,A
10917,28,Female,7.7,59.8,4,3,Yes,High,No,2,7,77.1,Auditory,79.8,B
10918,19,Male,10.7,68.3,7,1,Yes,High,Yes,4,0,55.3,Kinesthetic,93.8,A
10919,23,Female,2.9,85.4,3,9,Yes,High,No,0,5,72.8,Auditory,76.8,B
10920,26,Female,9.0,99.5,2,10,No,High,No,0,3,96.9,Auditory,84.7,B
10921,23,Male,6.8,74.0,5,7,No,Low,No,4,6,51.3,Auditory,65.2,C
10922,23,Male,12.2,77.8,1,4,No,High,No,4,7,56.9,Auditory,80.6,B
10923,26,Male,7.3,96.4,3,1,No,Low,No,2,7,90.9,Kinesthetic,82.3,B
10924,27,Male,13.4,54.0,3,5,No,High,Yes,3,3,82.2,Kinesthetic,75.5,B
10925,25,Female,10.9,91.3,8,7,No,High,No,0,5,49.8,Auditory,93.6,A
10926,18,Male,15.8,68.8,9,9,No,Low,Yes,5,10,42.2,Reading/Writing,83.0,B
10927,21,Female,14.2,96.0,5,8,No,Low,No,0,0,58.5,Reading/Writing,77.1,B
10928,20,Male,18.1,91.6,2,7,No,Low,No,2,9,42.8,Auditory,80.0,B
10929,19,Female,6.7,56.9,5,3,Yes,Low,No,5,4,42.3,Kinesthetic,70.9,C
10930,23,Female,5.8,85.2,9,7,No,High,Yes,5,4,68.5,Kinesthetic,86.9,B
10931,18,Male,18.2,63.0,10,4,Yes,High,No,0,1,55.9,Kinesthetic,100,A
10932,30,Male,5.6,70.2,6,4,Yes,Low,No,0,4,91.5,Visual,81.4,B
10933,30,Male,13.7,64.6,2,8,No,High,Yes,1,2,62.3,Visual,79.0,B
10934,30,Male,13.2,66.5,4,2,No,Low,Yes,4,2,63.0,Visual,83.7,B
10935,29,Female,6.2,97.4,1,4,Yes,High,No,1,9,42.0,Kinesthetic,77.9,B
10936,29,Female,19.9,74.2,4,6,Yes,High,No,0,1,89.6,Auditory,100,A
10937,23,Female,5.8,60.1,4,8,No,High,Yes,5,5,45.8,Visual,70.8,C
10938,18,Male,17.6,53.0,5,7,Yes,High,Yes,1,5,74.3,Visual,92.0,A
10939,19,Female,4.3,73.9,9,4,No,High,No,0,4,70.9,Auditory,79.2,B
10940,28,Male,8.9,72.2,4,2,No,High,Yes,3,7,62.3,Auditory,71.9,C
10941,30,Female,19.1,92.3,9,10,No,Low,No,5,5,83.0,Reading/Writing,100,A
10942,18,Male,14.6,78.3,1,8,Yes,High,Yes,5,5,91.3,Kinesthetic,83.8,B
10943,20,Male,5.0,84.0,1,6,Yes,Low,Yes,0,4,85.6,Visual,71.7,C
10944,28,Female,2.3,97.2,8,4,Yes,High,No,3,8,58.3,Auditory,87.1,B
10945,29,Female,13.5,67.3,4,3,Yes,Low,No,1,0,44.4,Visual,84.7,B
10946,25,Female,12.5,50.8,4,5,No,Low,No,2,6,57.3,Kinesthetic,77.9,B
10947,18,Female,14.2,76.2,3,7,No,Low,No,5,3,51.1,Visual,79.5,B
10948,22,Female,3.9,82.8,3,3,Yes,High,Yes,5,6,67.3,Reading/Writing,74.3,C
10949,30,Male,16.3,69.7,4,4,No,High,No,1,9,71.2,Reading/Writing,99.0,A
10950,30,Female,17.9,51.2,5,1,Yes,Low,Yes,3,2,67.0,Auditory,88.9,B
10951,20,Female,11.6,81.0,4,10,Yes,High,No,3,6,66.8,Auditory,77.6,B
10952,27,Female,8.8,95.2,4,4,Yes,High,No,1,9,77.0,Kinesthetic,91.6,A
10953,26,Male,18.9,83.7,9,4,Yes,Low,Yes,2,10,99.5,Auditory,100,A
10954,18,Female,5.4,78.6,1,6,Yes,Low,Yes,0,6,57.8,Reading/Writing,66.3,C
10955,26,Female,11.9,81.4,2,7,No,Low,No,5,4,47.5,Visual,70.0,C
10956,28,Male,9.4,95.3,7,6,Yes,High,No,2,10,74.1,Auditory,100,A
10957,29,Male,3.2,96.7,4,3,No,High,No,4,0,62.7,Reading/Writing,73.4,C
10958,25,Male,16.0,58.2,7,5,No,High,No,1,2,58.1,Visual,78.8,B
10959,25,Male,15.5,67.2,10,3,Yes,High,Yes,3,2,59.8,Auditory,94.5,A
10960,25,Male,9.8,57.4,3,10,Yes,Low,Yes,0,6,49.2,Kinesthetic,65.2,C
10961,28,Female,3.0,82.8,2,10,Yes,High,No,1,10,45.7,Visual,67.7,C
10962,20,Female,13.3,58.7,1,5,No,High,No,4,9,54.3,Kinesthetic,76.8,B
10963,18,Female,7.5,99.0,3,6,No,High,Yes,0,9,96.8,Kinesthetic,89.5,B
10964,26,Female,5.8,69.9,9,5,Yes,Low,Yes,3,2,91.8,Auditory,79.3,B
10965,25,Male,16.3,52.6,5,6,Yes,High,Yes,3,2,59.5,Reading/Writing,87.6,B
10966,21,Male,11.7,53.5,2,7,Yes,Low,No,4,1,77.7,Visual,63.7,C
10967,20,Female,14.0,59.0,6,10,Yes,Low,No,0,5,81.7,Kinesthetic,77.9,B
10968,27,Female,4.0,56.2,8,3,Yes,Low,No,2,0,45.4,Visual,70.0,C
10969,24,Female,16.4,87.1,3,1,No,Low,Yes,4,3,72.7,Reading/Writing,84.5,B
10970,22,Female,3.0,88.7,8,2,Yes,High,No,2,6,68.0,Auditory,82.8,B
10971,21,Female,10.1,56.8,5,1,No,High,No,3,5,86.7,Visual,79.0,B
10972,22,Female,16.4,69.4,4,8,No,Low,Yes,3,10,52.7,Kinesthetic,85.5,B
10973,23,Male,5.9,82.3,9,8,No,High,No,3,5,66.3,Visual,86.7,B
10974,19,Male,7.2,61.3,8,2,Yes,High,Yes,4,0,93.3,Visual,89.2,B
10975,19,Female,16.4,63.4,6,7,Yes,Low,No,1,8,98.4,Auditory,93.2,A
10976,24,Male,15.1,64.1,5,4,Yes,High,Yes,1,7,50.5,Visual,86.6,B
10977,24,Male,2.7,67.5,3,8,No,High,No,5,2,55.9,Auditory,58.7,D
10978,30,Male,15.2,64.2,7,3,No,High,Yes,4,3,56.2,Reading/Writing,85.2,B
10979,24,Female,4.3,74.6,9,3,No,High,Yes,5,2,43.2,Auditory,79.0,B
10980,19,Female,4.8,67.9,10,4,Yes,High,No,2,6,61.7,Auditory,80.2,B
10981,29,Male,5.8,65.7,6,6,No,Low,No,3,2,67.4,Visual,63.9,C
10982,22,Female,7.2,56.3,10,1,No,High,No,2,5,41.7,Auditory,78.1,B
10983,28,Female,16.8,95.3,10,1,No,Low,No,3,3,81.5,Reading/Writing,100,A
10984,30,Male,1.9,56.2,9,4,Yes,Low,No,2,2,83.5,Auditory,70.7,C
10985,23,Female,7.5,50.7,9,7,Yes,Low,No,4,7,61.2,Auditory,74.6,C
10986,28,Female,5.4,59.0,5,7,No,High,Yes,0,5,45.5,Kinesthetic,64.7,C
10987,18,Female,18.2,65.7,8,10,Yes,Low,No,3,0,40.7,Visual,91.2,A
10988,26,Male,16.1,71.3,2,2,No,Low,Yes,0,5,73.0,Kinesthetic,86.3,B
10989,30,Female,12.9,62.5,9,7,Yes,Low,No,2,2,58.6,Kinesthetic,82.0,B
10990,28,Female,4.0,85.2,9,1,Yes,High,Yes,5,2,50.7,Auditory,81.7,B
10991,19,Male,6.7,51.5,3,7,Yes,High,No,1,8,48.6,Kinesthetic,64.6,C
10992,22,Male,12.2,92.7,10,2,No,Low,No,4,5,92.4,Visual,100,A
10993,22,Male,6.7,57.3,3,5,Yes,Low,Yes,5,3,52.4,Kinesthetic,57.6,D
10994,27,Female,5.9,99.7,1,7,No,Low,No,1,6,97.2,Visual,65.1,C
10995,20,Male,16.4,85.2,7,4,Yes,High,Yes,5,10,76.8,Kinesthetic,100,A
10996,22,Female,13.6,70.4,8,2,No,High,No,1,4,49.4,Visual,88.7,B
10997,23,Female,16.9,65.0,4,3,No,High,Yes,5,3,77.3,Kinesthetic,100,A
10998,24,Female,6.5,75.2,5,4,No,High,Yes,1,5,77.8,Auditory,81.1,B
10999,26,Male,15.1,80.4,5,1,Yes,Low,Yes,4,8,93.8,Kinesthetic,93.8,A
11000,30,Male,5.5,50.5,8,4,Yes,Low,Yes,5,9,56.2,Auditory,77.8,B
11001,22,Female,7.6,56.4,4,10,No,Low,No,1,0,88.5,Visual,56.2,D
11002,27,Male,15.8,99.0,5,9,Yes,High,No,0,1,52.0,Visual,95.6,A
11003,19,Female,12.8,64.2,2,7,No,Low,No,3,0,99.7,Kinesthetic,69.9,C
11004,22,Male,10.3,59.5,10,1,Yes,Low,No,0,1,62.6,Reading/Writing,85.0,B
11005,20,Female,6.3,57.1,1,3,Yes,Low,No,0,8,98.0,Reading/Writing,62.3,C
11006,25,Female,18.9,53.8,3,2,Yes,Low,Yes,1,7,81.7,Auditory,89.4,B
11007,24,Male,1.1,85.2,2,8,No,High,Yes,3,4,87.2,Reading/Writing,66.4,C
11008,19,Female,16.5,96.9,7,1,Yes,High,No,0,4,74.1,Auditory,100,A
11009,19,Male,6.8,63.8,2,9,Yes,Low,Yes,0,2,41.1,Reading/Writing,63.4,C
11010,23,Male,14.7,60.7,6,3,No,High,Yes,1,1,70.1,Kinesthetic,79.6,B
11011,24,Female,9.1,56.6,6,7,No,High,No,0,3,43.0,Kinesthetic,74.8,C
11012,28,Male,6.5,98.2,1,4,No,Low,No,4,6,92.3,Reading/Writing,72.2,C
11013,22,Male,3.4,61.1,7,6,Yes,Low,No,1,1,79.6,Reading/Writing,72.8,C
11014,23,Male,18.4,96.0,10,10,No,High,No,1,1,82.2,Auditory,100,A
11015,27,Male,11.9,88.9,8,1,Yes,High,No,4,0,86.9,Auditory,100,A
11016,20,Female,5.6,89.1,9,9,Yes,High,Yes,0,1,63.3,Kinesthetic,84.0,B
11017,26,Male,1.9,61.7,3,3,No,High,No,1,0,93.8,Kinesthetic,54.9,D
11018,25,Female,5.8,67.9,6,6,No,Low,No,5,4,86.8,Reading/Writing,64.2,C
11019,18,Male,1.8,58.6,7,1,Yes,High,No,3,8,72.9,Auditory,73.5,C
11020,22,Male,17.9,62.4,4,7,Yes,High,No,0,9,58.8,Visual,89.2,B
11021,25,Male,5.0,86.6,3,2,No,High,Yes,0,0,65.7,Reading/Writing,68.0,C
11022,24,Female,17.2,71.2,5,4,Yes,Low,No,2,3,85.5,Visual,100,A
11023,25,Female,19.7,77.6,8,8,No,Low,Yes,0,8,85.3,Auditory,99.9,A
11024,20,Male,8.0,84.7,3,9,Yes,Low,Yes,1,0,61.6,Visual,67.6,C
11025,30,Male,14.8,54.6,7,5,Yes,Low,No,4,1,63.3,Visual,89.8,B
11026,24,Female,16.1,78.6,8,2,No,Low,Yes,5,0,58.1,Kinesthetic,89.0,B
11027,20,Female,2.1,82.6,8,3,No,High,No,4,0,69.6,Auditory,70.4,C
11028,29,Male,7.0,96.3,6,9,Yes,High,No,2,10,45.0,Auditory,80.2,B
11029,28,Female,15.2,97.7,3,2,No,Low,Yes,0,2,98.1,Reading/Writing,87.0,B
11030,21,Female,7.2,96.2,6,10,No,High,Yes,5,2,52.9,Reading/Writing,75.7,B
11031,18,Male,18.8,77.6,4,3,Yes,High,Yes,0,8,68.9,Auditory,100,A
11032,22,Male,5.8,78.9,3,9,Yes,Low,Yes,0,8,68.1,Kinesthetic,60.9,C
11033,25,Male,10.1,89.0,9,10,Yes,Low,No,4,5,74.4,Reading/Writing,82.8,B
11034,24,Male,9.1,74.7,2,1,No,High,Yes,1,3,43.8,Kinesthetic,76.8,B
11035,29,Female,5.7,71.3,9,1,No,High,No,5,9,55.9,Visual,78.4,B
11036,30,Female,5.9,96.6,2,9,No,Low,No,5,10,87.6,Visual,74.3,C
11037,28,Female,6.1,63.9,5,1,No,High,Yes,5,9,84.6,Reading/Writing,83.2,B
11038,22,Female,15.3,69.5,8,8,No,Low,No,2,3,81.8,Auditory,93.5,A
11039,23,Male,1.7,65.0,2,5,No,Low,Yes,0,2,41.1,Auditory,50.4,D
11040,29,Female,15.1,51.9,4,5,Yes,Low,Yes,2,9,41.0,Kinesthetic,81.7,B
11041,19,Female,3.3,87.7,7,10,Yes,Low,Yes,3,4,73.5,Auditory,75.0,B
11042,27,Female,1.2,72.0,6,10,Yes,Low,Yes,1,3,73.7,Kinesthetic,55.4,D
11043,21,Female,6.1,86.0,2,2,Yes,Low,Yes,3,1,97.5,Visual,71.1,C
11044,26,Male,15.3,89.5,7,4,Yes,High,No,3,4,94.1,Auditory,100,A
11045,28,Female,19.1,54.5,7,2,Yes,Low,Yes,3,6,86.9,Auditory,100,A
11046,28,Female,15.8,50.2,5,9,Yes,Low,No,3,10,97.0,Visual,83.5,B
11047,20,Male,13.0,81.4,3,2,Yes,Low,Yes,0,8,52.4,Kinesthetic,88.3,B
11048,24,Male,6.1,78.4,9,8,Yes,Low,Yes,3,10,56.0,Reading/Writing,74.2,C
11049,23,Female,10.0,55.4,4,9,No,High,Yes,5,0,96.5,Reading/Writing,77.1,B
11050,24,Female,3.1,68.4,5,2,Yes,Low,Yes,2,4,83.1,Visual,64.4,C
11051,28,Male,7.7,65.4,9,6,Yes,Low,Yes,4,4,77.1,Visual,73.5,C
11052,30,Female,15.4,68.4,7,7,Yes,High,No,2,6,95.8,Kinesthetic,97.4,A
11053,24,Male,16.5,66.4,4,9,No,Low,Yes,1,8,49.0,Auditory,73.4,C
11054,24,Female,3.7,76.3,9,8,No,Low,Yes,0,7,84.6,Visual,78.7,B
11055,19,Female,18.5,96.2,10,7,No,Low,Yes,1,2,98.0,Kinesthetic,100,A
11056,24,Male,11.7,82.3,10,8,No,High,No,0,2,42.9,Reading/Writing,85.0,B
11057,18,Female,11.5,87.2,8,2,Yes,High,No,1,5,79.7,Kinesthetic,98.8,A
11058,28,Female,6.8,58.7,10,1,No,High,No,0,5,69.1,Kinesthetic,72.9,C
11059,26,Male,17.9,85.5,1,5,No,Low,Yes,5,5,48.2,Visual,93.3,A
11060,30,Female,18.2,56.3,1,8,Yes,Low,No,0,8,42.5,Visual,85.0,B
11061,27,Male,18.2,77.7,2,6,Yes,Low,Yes,2,10,67.9,Visual,98.7,A
11062,24,Female,1.7,53.4,5,9,No,Low,Yes,4,8,85.8,Kinesthetic,58.9,D
11063,18,Female,6.4,53.8,6,4,No,Low,No,1,4,67.6,Reading/Writing,67.8,C
11064,24,Male,16.0,63.7,2,2,Yes,Low,No,5,6,55.6,Visual,86.8,B
11065,27,Male,5.9,93.3,8,3,Yes,High,No,4,6,96.0,Auditory,100,A
11066,26,Female,14.3,86.5,9,8,Yes,High,Yes,0,8,53.8,Reading/Writing,91.5,A
11067,22,Female,19.0,86.3,6,2,No,High,No,5,10,87.6,Kinesthetic,100,A
11068,22,Female,19.3,64.2,9,5,No,High,No,3,1,68.0,Kinesthetic,97.5,A
11069,24,Female,9.7,54.5,9,10,No,Low,Yes,1,5,69.8,Auditory,74.1,C
11070,19,Male,3.7,79.0,5,1,No,Low,Yes,0,9,77.4,Reading/Writing,65.8,C
11071,27,Female,19.9,64.5,4,5,No,High,No,4,5,49.6,Reading/Writing,85.6,B
11072,20,Female,9.6,83.9,10,1,Yes,High,No,2,5,99.7,Reading/Writing,100,A
11073,30,Female,6.2,81.0,8,8,Yes,High,No,5,9,78.6,Kinesthetic,84.3,B
11074,18,Female,16.8,57.3,1,9,No,High,Yes,4,9,88.4,Visual,91.5,A
11075,22,Male,6.6,100.0,3,5,No,High,No,0,1,41.2,Auditory,76.6,B
11076,27,Male,18.6,82.9,10,6,No,Low,Yes,5,3,78.8,Auditory,100,A
11077,25,Female,11.8,74.8,1,3,Yes,Low,No,0,3,47.0,Kinesthetic,71.1,C
11078,18,Male,10.1,74.2,6,7,Yes,High,No,0,5,86.6,Reading/Writing,94.3,A
11079,21,Male,14.7,89.1,10,4,No,High,No,2,10,84.1,Auditory,100,A
11080,25,Male,3.8,52.3,10,8,Yes,Low,Yes,1,3,97.9,Kinesthetic,70.1,C
11081,22,Male,11.9,77.8,8,8,Yes,Low,No,1,5,66.5,Reading/Writing,83.3,B
11082,23,Male,18.3,51.3,1,10,No,Low,Yes,0,5,87.7,Kinesthetic,75.1,B
11083,30,Male,18.9,58.5,2,9,No,High,No,2,8,52.2,Visual,86.6,B
11084,21,Male,10.5,58.0,3,1,No,High,Yes,3,6,96.3,Auditory,74.9,C
11085,23,Male,6.1,64.8,9,6,No,Low,Yes,3,4,69.4,Kinesthetic,65.9,C
11086,26,Male,10.9,71.6,3,4,No,High,Yes,4,0,67.7,Kinesthetic,78.6,B
11087,23,Female,15.7,65.1,3,8,No,High,No,1,6,47.9,Visual,80.3,B
11088,18,Female,1.5,88.3,4,9,No,Low,Yes,2,1,79.0,Kinesthetic,54.0,D
11089,22,Female,19.7,87.1,4,5,No,Low,Yes,2,5,60.6,Visual,90.1,A
11090,30,Female,14.7,82.5,9,4,No,High,Yes,0,6,73.6,Reading/Writing,100,A
11091,25,Male,6.4,91.2,7,4,Yes,High,Yes,4,4,84.1,Visual,92.0,A
11092,28,Male,19.7,64.6,4,4,No,Low,Yes,1,6,97.1,Visual,100,A
11093,29,Female,17.2,71.0,8,10,No,High,Yes,1,0,81.1,Visual,95.6,A
11094,29,Female,17.1,100.0,8,8,Yes,High,No,5,4,42.0,Visual,100,A
11095,28,Female,3.3,51.1,3,5,No,High,Yes,4,0,77.1,Kinesthetic,64.2,C
11096,25,Female,7.3,65.0,7,10,No,High,Yes,5,5,71.0,Reading/Writing,81.5,B
11097,20,Male,12.7,59.2,5,10,Yes,High,Yes,2,1,89.3,Kinesthetic,81.7,B
11098,21,Female,13.2,84.5,9,2,No,High,Yes,5,9,59.3,Visual,100,A
11099,30,Female,18.5,84.0,6,2,Yes,High,No,1,1,92.9,Visual,100,A
11100,24,Male,5.6,97.4,2,9,Yes,High,No,0,4,57.0,Reading/Writing,75.0,B
11101,28,Male,19.9,85.9,9,5,No,Low,Yes,1,10,87.3,Visual,100,A
11102,28,Female,13.2,78.7,4,5,No,High,No,1,8,47.2,Kinesthetic,78.4,B
11103,28,Female,8.2,67.8,7,8,Yes,Low,Yes,3,10,86.2,Auditory,72.7,C
11104,19,Female,13.8,63.3,8,2,Yes,High,Yes,5,5,98.4,Visual,99.6,A
11105,28,Male,18.0,59.2,6,4,No,High,Yes,3,2,86.1,Reading/Writing,89.6,B
11106,25,Male,19.6,89.3,8,7,Yes,Low,Yes,3,9,52.5,Auditory,99.0,A
11107,27,Male,19.7,76.4,1,10,Yes,High,Yes,4,9,63.4,Reading/Writing,89.7,B
11108,20,Male,18.3,57.0,1,9,Yes,High,Yes,4,4,79.9,Kinesthetic,95.6,A
11109,29,Female,18.9,85.0,1,4,Yes,Low,Yes,1,6,76.6,Visual,89.4,B
11110,28,Male,13.1,67.6,7,5,Yes,Low,Yes,4,8,78.8,Reading/Writing,93.2,A
11111,28,Female,5.7,92.7,4,6,Yes,Low,No,1,4,74.8,Visual,74.6,C
11112,20,Female,8.6,60.5,10,9,Yes,High,No,4,1,89.7,Kinesthetic,91.4,A
11113,27,Female,16.5,57.0,9,8,No,High,No,1,6,78.6,Kinesthetic,93.9,A
11114,29,Male,15.5,65.4,9,5,Yes,Low,Yes,4,5,89.9,Reading/Writing,93.5,A
11115,18,Male,9.9,86.4,2,9,Yes,Low,No,0,5,71.6,Auditory,76.0,B
11116,20,Female,10.6,87.9,2,6,No,Low,Yes,1,5,58.5,Visual,67.4,C
11117,30,Male,10.8,80.4,6,8,No,High,No,5,8,48.3,Reading/Writing,78.4,B
11118,28,Male,18.1,89.3,5,6,Yes,Low,No,5,0,58.0,Reading/Writing,93.5,A
11119,22,Male,6.0,84.7,4,1,No,High,Yes,4,3,71.6,Kinesthetic,86.1,B
11120,21,Female,8.9,64.6,1,10,No,Low,No,1,8,47.6,Visual,54.8,D
11121,21,Female,17.6,88.9,1,5,Yes,High,Yes,5,7,83.9,Auditory,96.9,A
11122,23,Female,19.2,81.4,3,6,No,High,Yes,0,0,96.3,Kinesthetic,100,A
11123,20,Female,7.6,53.4,10,4,No,High,Yes,5,10,86.4,Visual,84.1,B
11124,27,Female,2.1,69.9,5,10,No,High,Yes,1,7,49.4,Reading/Writing,58.4,D
11125,29,Male,13.1,84.3,6,5,No,Low,Yes,3,1,54.2,Visual,78.8,B
11126,22,Male,4.2,81.0,4,3,No,Low,Yes,0,7,83.8,Visual,77.5,B
11127,23,Female,3.0,65.2,1,2,No,Low,No,2,8,45.8,Kinesthetic,51.9,D
11128,22,Male,5.0,89.1,6,10,Yes,High,No,3,10,58.5,Kinesthetic,86.8,B
11129,28,Female,16.9,98.7,3,2,No,High,Yes,5,0,75.9,Kinesthetic,100,A
11130,20,Male,9.7,75.0,5,5,No,Low,No,0,10,97.4,Auditory,86.8,B
11131,25,Male,15.4,59.6,7,8,Yes,Low,Yes,1,5,73.8,Reading/Writing,90.3,A
11132,29,Male,11.7,64.4,6,1,No,Low,Yes,2,6,66.2,Kinesthetic,79.2,B
11133,29,Male,10.0,72.7,3,1,Yes,Low,No,5,9,71.8,Auditory,88.3,B
11134,30,Female,12.3,57.8,9,10,No,Low,No,1,3,80.2,Reading/Writing,76.1,B
11135,26,Male,9.4,95.2,2,4,Yes,Low,Yes,3,0,79.4,Reading/Writing,83.6,B
11136,28,Male,7.4,67.7,10,2,Yes,Low,No,5,5,99.6,Reading/Writing,88.7,B
11137,29,Male,10.0,83.0,8,7,No,Low,Yes,2,10,68.3,Kinesthetic,84.6,B
11138,25,Male,11.2,51.8,3,4,Yes,Low,No,2,8,88.5,Auditory,72.3,C
11139,23,Male,15.1,59.7,2,8,No,Low,Yes,4,9,80.7,Visual,81.9,B
11140,24,Male,18.1,85.4,10,4,Yes,Low,Yes,4,4,78.0,Kinesthetic,100,A
11141,26,Female,9.8,51.6,8,8,Yes,High,No,2,5,60.3,Auditory,76.4,B
11142,19,Male,9.8,68.6,2,9,Yes,Low,Yes,5,6,90.3,Visual,74.1,C
11143,20,Male,1.9,73.1,1,7,No,High,Yes,3,3,81.1,Kinesthetic,52.4,D
11144,21,Female,6.4,92.9,3,6,No,High,No,4,2,61.7,Kinesthetic,67.2,C
11145,20,Male,16.6,97.2,4,3,Yes,Low,No,4,3,54.8,Auditory,100,A
11146,19,Male,7.4,50.3,4,4,Yes,High,No,0,9,59.0,Auditory,77.9,B
11147,30,Female,13.0,62.5,6,7,No,Low,Yes,0,5,93.9,Auditory,80.8,B
11148,26,Female,4.9,79.6,4,1,No,Low,Yes,5,8,56.0,Auditory,77.5,B
11149,22,Female,10.9,90.1,4,1,No,Low,No,2,5,90.8,Auditory,94.6,A
11150,28,Male,15.6,80.6,3,7,No,Low,Yes,4,8,49.4,Reading/Writing,78.2,B
11151,26,Male,7.0,66.3,4,9,Yes,Low,Yes,4,10,92.6,Reading/Writing,70.9,C
11152,21,Female,4.7,98.6,8,8,Yes,Low,No,5,7,72.8,Visual,78.7,B
11153,30,Male,15.4,61.3,3,10,Yes,Low,No,1,2,91.8,Reading/Writing,79.4,B
11154,22,Male,14.6,94.8,5,8,Yes,Low,No,4,3,44.4,Kinesthetic,87.9,B
11155,25,Female,15.1,99.8,4,5,Yes,Low,Yes,1,3,67.8,Visual,90.0,A
11156,23,Female,6.1,61.9,6,10,Yes,Low,No,5,6,87.2,Reading/Writing,70.9,C
11157,26,Female,18.6,72.8,10,2,Yes,High,Yes,3,10,80.1,Visual,100,A
11158,25,Male,16.1,81.0,2,3,Yes,High,Yes,0,8,82.8,Auditory,90.0,A
11159,26,Male,2.9,53.5,7,8,No,High,No,0,6,60.1,Reading/Writing,58.9,D
11160,30,Female,6.8,78.1,2,6,Yes,Low,Yes,3,0,48.5,Auditory,71.8,C
11161,25,Female,2.0,60.3,2,3,No,High,Yes,2,3,43.8,Reading/Writing,51.8,D
11162,24,Male,14.6,94.8,7,8,Yes,High,No,1,0,75.4,Auditory,100,A
11163,27,Male,2.4,87.5,7,7,No,Low,Yes,4,1,63.8,Reading/Writing,61.5,C
11164,23,Male,2.6,79.5,1,8,Yes,Low,Yes,3,3,75.5,Visual,54.5,D
11165,30,Male,11.8,96.5,8,7,No,High,Yes,3,0,82.4,Kinesthetic,94.2,A
11166,27,Female,19.3,80.5,2,5,Yes,High,No,2,0,90.7,Kinesthetic,100,A
11167,29,Male,18.7,90.2,2,6,No,High,Yes,4,7,88.7,Visual,100,A
11168,19,Female,18.7,79.6,2,3,No,High,No,3,8,42.7,Kinesthetic,87.3,B
11169,23,Female,14.6,95.8,2,5,No,High,No,3,8,73.3,Kinesthetic,87.0,B
11170,18,Female,15.7,74.6,3,8,Yes,Low,No,0,10,97.2,Auditory,83.8,B
11171,28,Male,12.8,86.7,4,5,Yes,Low,No,4,3,42.0,Kinesthetic,87.0,B
11172,24,Female,4.7,67.6,1,3,No,High,No,5,1,66.5,Reading/Writing,62.6,C
11173,27,Male,10.7,92.4,10,1,Yes,Low,No,2,0,48.6,Auditory,94.3,A
11174,26,Female,14.6,90.9,9,3,No,Low,No,1,9,86.2,Visual,96.6,A
11175,28,Female,5.8,93.1,8,8,No,Low,Yes,5,10,66.5,Reading/Writing,72.3,C
11176,19,Male,8.0,99.7,5,2,Yes,Low,No,4,2,49.5,Auditory,87.8,B
11177,25,Male,2.2,59.5,1,3,Yes,Low,Yes,4,3,79.4,Visual,54.6,D
11178,23,Male,4.3,51.6,3,9,Yes,Low,Yes,3,4,90.5,Kinesthetic,56.8,D
11179,28,Male,17.0,89.6,10,8,Yes,Low,No,0,7,48.8,Auditory,97.2,A
11180,19,Male,12.6,60.8,7,2,Yes,High,Yes,1,7,82.7,Kinesthetic,100,A
11181,27,Male,10.4,77.7,7,6,No,High,Yes,0,4,70.1,Reading/Writing,79.5,B
11182,30,Male,10.6,83.2,5,7,Yes,High,No,2,2,76.3,Auditory,81.4,B
11183,29,Female,1.3,97.6,3,7,No,High,No,4,6,82.6,Visual,64.4,C
11184,27,Female,10.6,95.4,3,2,No,Low,Yes,4,3,80.0,Reading/Writing,90.8,A
11185,26,Female,19.1,93.0,7,3,Yes,Low,No,0,3,64.1,Reading/Writing,96.2,A
11186,24,Male,11.4,95.4,10,7,Yes,Low,No,2,7,48.8,Auditory,99.5,A
11187,29,Female,1.6,93.7,8,10,Yes,High,No,5,4,89.3,Visual,86.5,B
11188,29,Female,11.3,82.4,10,4,No,Low,No,0,3,94.7,Auditory,84.9,B
11189,29,Male,7.2,76.0,1,7,Yes,High,No,0,10,43.7,Visual,63.1,C
11190,22,Female,10.3,87.0,6,2,Yes,Low,Yes,3,6,94.9,Auditory,97.8,A
11191,25,Female,13.9,84.7,2,10,Yes,Low,No,1,1,58.4,Kinesthetic,80.9,B
11192,22,Male,3.8,51.4,7,7,Yes,Low,Yes,5,3,87.1,Visual,66.5,C
11193,27,Male,13.5,59.9,8,1,No,Low,No,5,5,99.9,Visual,93.9,A
11194,19,Male,10.7,63.3,9,8,Yes,High,Yes,5,4,62.9,Auditory,90.2,A
11195,18,Male,9.5,92.9,4,4,No,High,No,4,7,80.0,Auditory,83.2,B
11196,28,Male,17.0,66.0,7,1,Yes,High,No,3,0,49.0,Reading/Writing,90.2,A
11197,23,Male,9.1,81.8,2,6,No,High,Yes,2,5,58.0,Auditory,82.4,B
11198,23,Male,17.2,94.6,1,3,No,High,Yes,4,9,51.5,Auditory,99.3,A
11199,27,Male,5.8,98.3,10,2,Yes,Low,Yes,4,1,65.9,Visual,85.5,B
11200,23,Female,17.2,70.2,10,1,No,High,Yes,2,6,67.0,Auditory,96.4,A
11201,30,Female,7.2,73.3,3,6,No,Low,No,2,7,88.3,Kinesthetic,76.6,B
11202,26,Female,17.9,51.9,3,5,Yes,Low,Yes,3,0,79.5,Auditory,87.0,B
11203,18,Female,15.1,68.9,1,3,Yes,High,No,5,7,73.2,Kinesthetic,91.6,A
11204,30,Male,14.0,60.5,9,2,Yes,High,Yes,0,10,48.8,Kinesthetic,98.2,A
11205,26,Male,8.3,66.0,4,2,Yes,High,No,3,9,46.4,Reading/Writing,77.3,B
11206,24,Male,18.2,55.1,5,3,Yes,Low,Yes,1,0,67.4,Reading/Writing,88.5,B
11207,23,Female,15.4,97.6,3,10,Yes,High,Yes,3,0,85.2,Reading/Writing,88.3,B
11208,26,Male,14.2,65.8,8,1,No,High,No,0,1,92.7,Kinesthetic,92.9,A
11209,29,Female,12.0,63.9,10,6,No,High,Yes,1,3,80.4,Reading/Writing,95.9,A
11210,18,Male,19.9,84.2,2,5,No,Low,Yes,2,9,75.4,Reading/Writing,97.9,A
11211,22,Female,17.5,85.9,4,5,No,Low,Yes,3,6,68.1,Auditory,95.3,A
11212,20,Female,15.8,50.4,2,9,No,High,No,0,1,97.3,Kinesthetic,80.5,B
11213,29,Female,14.2,99.2,2,2,No,High,No,2,7,81.2,Auditory,97.6,A
11214,23,Female,5.8,98.7,2,3,No,Low,No,4,6,85.4,Kinesthetic,80.0,B
11215,27,Male,5.2,92.9,5,8,Yes,Low,Yes,2,5,90.7,Visual,70.5,C
11216,29,Female,11.7,56.6,4,2,No,High,No,1,7,81.5,Auditory,81.2,B
11217,22,Female,1.1,86.3,10,6,Yes,High,No,3,4,55.6,Kinesthetic,75.9,B
11218,26,Female,10.4,85.8,1,2,Yes,High,No,0,6,54.4,Kinesthetic,79.4,B
11219,22,Male,7.1,80.3,10,9,No,High,No,2,10,87.3,Auditory,84.0,B
11220,18,Female,3.8,53.8,9,6,No,Low,No,3,10,57.8,Reading/Writing,63.7,C
11221,29,Female,16.2,72.2,5,5,Yes,High,Yes,2,7,61.2,Auditory,88.8,B
11222,24,Male,5.4,84.4,9,9,No,High,No,0,2,53.1,Kinesthetic,77.3,B
11223,20,Male,5.0,88.5,1,8,No,Low,Yes,4,2,45.9,Auditory,60.7,C
11224,21,Male,10.4,81.0,10,1,Yes,Low,Yes,5,3,73.2,Kinesthetic,91.7,A
11225,21,Female,19.3,60.9,4,7,No,Low,No,4,1,64.2,Auditory,89.1,B
11226,20,Male,15.3,83.9,6,7,No,High,No,0,3,45.2,Visual,81.8,B
11227,23,Male,7.9,56.7,7,2,No,High,Yes,5,3,69.7,Visual,75.9,B
11228,24,Male,6.8,53.4,9,3,No,High,No,1,10,59.2,Kinesthetic,70.9,C
11229,19,Male,18.0,97.3,4,2,Yes,Low,Yes,4,7,62.6,Visual,98.6,A
11230,29,Female,7.5,67.3,2,2,Yes,High,Yes,2,1,62.8,Reading/Writing,79.5,B
11231,29,Male,5.0,73.5,5,10,Yes,Low,Yes,2,7,63.7,Kinesthetic,60.5,C
11232,21,Female,16.1,66.2,3,1,No,Low,Yes,1,8,82.6,Visual,87.5,B
11233,25,Female,19.2,86.6,9,5,No,High,Yes,1,9,63.8,Auditory,100,A
11234,22,Male,8.6,91.7,8,8,No,High,Yes,5,2,85.9,Reading/Writing,86.2,B
11235,27,Male,19.2,53.4,1,1,Yes,Low,Yes,4,4,89.1,Kinesthetic,86.9,B
11236,18,Male,14.7,91.5,3,4,No,High,No,0,0,57.4,Visual,88.5,B
11237,19,Male,4.8,61.3,2,7,No,High,No,2,1,59.9,Kinesthetic,65.4,C
11238,19,Male,1.3,79.7,4,4,No,Low,No,2,3,62.0,Reading/Writing,60.6,C
11239,20,Male,10.5,89.9,7,9,No,High,Yes,4,0,55.5,Kinesthetic,86.0,B
11240,23,Male,16.5,72.9,10,10,No,High,Yes,4,7,91.2,Auditory,100,A
11241,18,Male,4.3,57.0,8,1,No,Low,Yes,5,7,63.2,Reading/Writing,62.4,C
11242,30,Female,2.8,62.4,10,9,No,High,Yes,1,8,58.4,Reading/Writing,72.7,C
11243,23,Female,14.8,64.3,8,6,No,High,Yes,5,6,74.8,Reading/Writing,87.8,B
11244,28,Male,10.4,55.8,5,4,Yes,High,No,0,0,91.8,Auditory,79.3,B
11245,27,Female,8.5,99.4,8,3,Yes,Low,Yes,1,8,84.2,Kinesthetic,100,A
11246,21,Male,10.3,71.2,4,7,No,High,Yes,4,10,97.2,Auditory,78.2,B
11247,28,Male,4.0,72.6,2,6,Yes,Low,No,2,3,73.1,Kinesthetic,66.8,C
11248,23,Male,7.6,67.4,10,5,Yes,Low,No,4,0,92.1,Kinesthetic,87.6,B
11249,27,Male,9.2,86.3,4,10,No,Low,Yes,2,5,75.0,Reading/Writing,71.6,C
11250,30,Female,16.0,58.8,10,7,No,Low,No,5,1,61.9,Reading/Writing,89.1,B
11251,25,Female,11.3,71.8,9,6,No,High,No,1,5,75.1,Reading/Writing,93.9,A
11252,28,Male,5.5,90.2,9,10,No,High,Yes,0,3,59.2,Visual,80.5,B
11253,26,Male,14.9,80.9,9,10,No,Low,No,3,2,70.1,Reading/Writing,84.6,B
11254,23,Female,18.0,68.9,3,7,No,Low,Yes,3,10,74.9,Auditory,95.5,A
11255,30,Female,17.4,72.1,4,9,Yes,Low,Yes,4,8,45.9,Auditory,88.0,B
11256,18,Male,9.3,53.4,3,3,Yes,Low,Yes,1,7,64.4,Kinesthetic,75.3,B
11257,21,Female,4.5,62.4,1,6,Yes,Low,Yes,1,10,97.5,Visual,68.4,C
11258,27,Female,2.6,85.4,2,4,No,Low,No,4,7,84.8,Auditory,70.5,C
11259,23,Female,12.5,80.4,8,1,Yes,Low,Yes,1,3,72.1,Kinesthetic,88.0,B
11260,23,Male,3.4,52.7,8,8,Yes,Low,Yes,5,1,52.5,Reading/Writing,57.3,D
11261,22,Male,19.5,52.1,4,3,No,High,Yes,1,7,86.7,Auditory,94.6,A
11262,24,Female,4.1,86.7,4,5,Yes,Low,Yes,0,2,45.1,Auditory,61.3,C
11263,22,Female,17.8,71.0,6,5,No,Low,No,0,10,95.8,Visual,100,A
11264,30,Male,6.2,72.0,5,2,No,High,No,4,7,79.2,Visual,84.0,B
11265,29,Female,17.8,55.7,3,5,No,Low,Yes,1,10,59.5,Auditory,76.9,B
11266,26,Male,13.8,98.7,3,7,Yes,High,Yes,2,3,50.7,Reading/Writing,93.7,A
11267,18,Female,13.0,75.6,6,1,Yes,Low,No,4,10,86.1,Kinesthetic,94.1,A
11268,28,Female,7.3,81.3,4,5,No,High,Yes,1,2,73.4,Auditory,82.7,B
11269,27,Male,17.7,75.5,3,1,No,High,Yes,2,0,64.7,Visual,89.2,B
11270,23,Female,1.4,83.6,1,10,Yes,Low,Yes,0,6,49.5,Auditory,48.1,F
11271,21,Female,15.0,74.3,2,1,No,Low,No,2,10,73.8,Visual,86.2,B
11272,27,Female,1.0,53.9,6,2,No,High,Yes,3,3,65.6,Auditory,62.2,C
11273,20,Male,11.6,79.5,4,1,No,High,Yes,2,5,51.5,Kinesthetic,91.2,A
11274,27,Female,9.5,75.4,7,10,No,Low,Yes,1,1,90.9,Auditory,75.9,B
11275,21,Male,3.8,57.0,4,3,No,High,No,5,3,43.3,Reading/Writing,56.5,D
11276,19,Female,2.0,94.4,4,4,No,High,No,3,2,63.4,Auditory,65.0,C
11277,25,Female,9.4,95.6,7,5,Yes,High,Yes,5,10,71.0,Kinesthetic,94.0,A
11278,27,Male,16.3,80.6,6,6,Yes,Low,No,4,5,46.5,Kinesthetic,88.9,B
11279,23,Female,17.4,61.7,7,2,Yes,High,No,0,8,45.6,Auditory,89.2,B
11280,18,Male,14.8,62.3,6,4,Yes,Low,Yes,4,8,44.9,Auditory,80.8,B
11281,28,Female,15.9,85.1,3,2,Yes,High,No,1,10,48.9,Visual,92.8,A
11282,28,Male,3.8,71.1,2,3,Yes,Low,No,0,1,77.0,Auditory,57.4,D
11283,24,Female,10.0,91.0,8,2,Yes,High,No,3,4,62.5,Auditory,95.3,A
11284,22,Female,18.9,83.4,10,3,No,High,Yes,5,5,71.2,Auditory,100,A
11285,30,Male,17.0,66.9,7,7,Yes,Low,No,5,4,99.9,Visual,89.7,B
11286,28,Male,5.7,73.4,9,9,Yes,Low,Yes,5,2,59.4,Visual,80.6,B
11287,18,Male,2.8,66.6,7,7,Yes,High,No,2,1,96.4,Visual,70.4,C
11288,30,Male,5.5,63.0,9,10,Yes,Low,No,1,4,49.1,Reading/Writing,62.8,C
11289,25,Female,5.9,55.4,8,10,Yes,Low,No,5,0,59.1,Visual,61.0,C
11290,28,Male,14.1,57.8,7,6,No,High,No,2,6,91.7,Reading/Writing,94.5,A
11291,20,Male,14.8,78.8,9,6,Yes,Low,No,3,6,63.5,Reading/Writing,96.1,A
11292,23,Female,10.9,59.5,5,10,Yes,Low,Yes,1,6,47.2,Reading/Writing,65.6,C
11293,28,Male,15.1,59.3,7,8,Yes,High,Yes,0,10,87.6,Kinesthetic,94.7,A
11294,27,Female,9.3,61.3,3,10,No,High,No,1,9,56.1,Kinesthetic,70.2,C
11295,20,Female,18.8,53.2,4,1,Yes,High,No,5,3,71.6,Reading/Writing,92.2,A
11296,19,Male,12.7,63.2,10,5,No,Low,Yes,5,3,86.5,Auditory,87.0,B
11297,30,Female,2.9,94.2,3,1,Yes,High,Yes,3,7,99.6,Kinesthetic,87.5,B
11298,27,Female,2.7,87.0,3,1,Yes,High,No,4,0,92.8,Kinesthetic,76.7,B
11299,19,Female,13.0,86.5,8,6,No,Low,No,0,9,68.8,Auditory,84.5,B
11300,28,Female,1.9,69.7,8,2,Yes,Low,No,2,1,97.8,Visual,73.2,C
11301,19,Male,14.3,70.3,2,5,No,High,No,2,6,60.3,Kinesthetic,87.7,B
11302,28,Female,17.9,83.0,5,3,No,High,No,1,5,83.9,Reading/Writing,100,A
11303,25,Male,11.3,56.9,6,10,Yes,Low,Yes,5,6,93.8,Auditory,82.2,B
11304,25,Female,3.6,87.0,4,7,Yes,Low,Yes,3,2,59.2,Kinesthetic,70.2,C
11305,24,Female,5.4,52.1,10,8,No,High,Yes,2,8,72.3,Auditory,78.5,B
11306,21,Female,5.8,72.8,6,1,No,Low,Yes,5,2,45.1,Auditory,77.0,B
11307,20,Female,6.4,54.3,3,6,No,High,Yes,2,10,95.4,Visual,76.2,B
11308,28,Male,6.1,55.8,2,2,No,Low,No,2,4,45.8,Auditory,58.6,D
11309,28,Female,15.7,52.1,7,7,No,High,No,2,0,46.1,Visual,86.7,B
11310,29,Male,6.8,79.7,2,10,Yes,High,Yes,1,3,66.7,Visual,71.7,C
11311,27,Male,9.2,70.0,7,9,No,Low,No,5,3,41.4,Kinesthetic,64.6,C
11312,21,Male,19.3,93.5,6,4,Yes,Low,Yes,3,9,70.8,Auditory,100,A
11313,18,Male,14.7,60.5,6,6,Yes,Low,No,5,4,49.1,Reading/Writing,75.5,B
11314,24,Female,13.8,73.0,2,6,No,High,No,2,10,59.5,Auditory,86.7,B
11315,29,Male,18.2,87.6,3,4,No,Low,Yes,1,5,80.5,Kinesthetic,90.6,A
11316,27,Female,12.2,73.4,4,4,No,High,Yes,1,10,49.0,Visual,79.4,B
11317,19,Male,2.8,95.7,1,6,No,Low,Yes,2,5,42.7,Reading/Writing,63.9,C
11318,20,Male,10.6,94.3,4,4,No,Low,No,3,1,70.0,Reading/Writing,79.3,B
11319,18,Male,19.0,77.3,3,1,Yes,High,Yes,2,8,40.6,Reading/Writing,96.9,A
11320,21,Female,3.8,79.0,6,2,Yes,High,Yes,3,8,66.4,Kinesthetic,75.8,B
11321,20,Male,10.6,50.4,8,3,No,Low,No,0,9,57.8,Auditory,79.2,B
11322,27,Female,18.2,98.5,9,3,Yes,Low,Yes,3,9,63.5,Reading/Writing,100,A
11323,21,Male,9.8,97.3,10,3,No,Low,No,4,2,52.4,Auditory,81.3,B
11324,27,Male,4.9,86.0,2,9,Yes,High,Yes,2,5,86.4,Kinesthetic,80.4,B
11325,25,Male,2.1,68.0,9,9,No,High,No,2,3,91.2,Kinesthetic,67.3,C
11326,25,Male,12.3,52.8,4,5,Yes,High,No,5,7,46.3,Visual,78.6,B
11327,26,Male,17.3,78.1,5,8,No,Low,Yes,4,0,97.1,Kinesthetic,90.6,A
11328,19,Female,9.0,98.7,3,1,Yes,High,No,5,5,73.8,Reading/Writing,99.9,A
11329,24,Male,10.4,82.1,4,4,No,High,Yes,1,4,62.4,Visual,80.3,B
11330,25,Male,13.8,98.7,8,4,No,Low,Yes,5,10,44.7,Reading/Writing,95.2,A
11331,19,Female,7.1,80.8,10,2,Yes,High,Yes,4,2,46.0,Visual,81.7,B
11332,18,Male,10.2,63.5,2,1,Yes,High,Yes,5,3,98.9,Visual,83.3,B
11333,19,Female,16.1,92.9,3,8,No,Low,Yes,5,6,73.5,Visual,89.4,B
11334,28,Female,10.2,78.6,6,2,Yes,High,No,2,7,70.3,Visual,96.6,A
11335,27,Female,17.6,56.5,3,6,No,High,Yes,4,7,48.0,Visual,76.6,B
11336,26,Male,3.3,93.9,7,1,No,High,Yes,3,10,74.3,Kinesthetic,88.3,B
11337,21,Male,18.8,78.3,1,5,No,High,Yes,4,5,98.4,Kinesthetic,100,A
11338,18,Male,7.6,81.8,1,6,No,Low,Yes,1,8,75.5,Visual,74.4,C
11339,27,Male,7.7,75.8,10,4,Yes,High,Yes,5,4,96.4,Auditory,100,A
11340,29,Female,5.6,54.3,5,4,No,High,No,3,6,77.0,Visual,71.3,C
11341,20,Female,11.8,52.3,6,10,No,Low,Yes,1,4,54.8,Kinesthetic,60.0,C
11342,20,Male,18.6,97.4,8,8,No,High,Yes,3,7,95.7,Reading/Writing,100,A
11343,21,Male,11.3,67.8,10,7,No,Low,Yes,3,4,66.8,Visual,76.4,B
11344,26,Male,13.3,50.7,10,2,Yes,Low,No,1,3,40.7,Auditory,85.8,B
11345,19,Female,18.1,54.3,4,6,No,Low,Yes,1,2,64.6,Reading/Writing,83.3,B
11346,29,Male,10.3,74.0,3,6,Yes,Low,No,3,8,65.5,Visual,84.4,B
11347,18,Female,9.0,51.7,3,3,No,High,Yes,3,9,65.3,Kinesthetic,67.9,C
11348,24,Female,19.2,96.3,7,7,Yes,High,Yes,3,2,87.2,Auditory,100,A
11349,19,Male,12.4,79.7,7,7,No,Low,No,5,0,46.4,Kinesthetic,76.1,B
11350,27,Female,5.5,69.1,4,9,No,High,No,2,3,70.4,Auditory,61.9,C
11351,30,Female,3.0,96.9,8,3,No,Low,No,3,4,85.9,Kinesthetic,73.0,C
11352,30,Female,6.1,96.9,8,9,Yes,High,Yes,4,8,45.4,Auditory,85.8,B
11353,21,Female,1.6,58.5,3,1,No,High,No,4,0,76.9,Auditory,68.1,C
11354,30,Female,7.8,80.3,7,10,Yes,High,Yes,2,10,48.5,Reading/Writing,86.9,B
11355,23,Male,1.2,97.7,6,5,No,Low,Yes,0,8,63.4,Visual,72.7,C
11356,28,Male,18.7,82.8,8,9,Yes,Low,No,2,5,99.7,Kinesthetic,97.6,A
11357,28,Female,17.7,79.6,8,4,No,High,No,5,4,63.0,Visual,98.8,A
11358,28,Male,14.4,87.1,9,1,Yes,Low,Yes,3,6,74.9,Auditory,100,A
11359,29,Female,3.0,71.2,10,8,Yes,Low,No,2,3,54.6,Visual,66.7,C
11360,26,Female,2.6,85.6,6,5,No,High,No,4,8,84.2,Visual,73.0,C
11361,26,Female,3.7,74.5,5,6,No,High,No,4,8,54.0,Auditory,72.8,C
11362,19,Female,1.6,52.2,2,3,No,High,Yes,3,1,59.6,Visual,56.7,D
11363,26,Female,19.4,83.8,2,7,Yes,High,Yes,1,10,46.6,Auditory,95.9,A
11364,19,Female,3.3,56.1,4,6,Yes,Low,No,3,4,73.4,Reading/Writing,62.8,C
11365,28,Female,17.7,50.4,3,1,No,Low,No,2,7,75.5,Reading/Writing,84.3,B
11366,23,Female,3.6,52.0,2,1,Yes,Low,Yes,4,8,88.7,Reading/Writing,61.9,C
11367,30,Male,6.6,93.0,4,2,Yes,Low,No,5,3,78.6,Auditory,87.9,B
11368,25,Male,9.9,50.9,3,9,No,High,Yes,2,9,62.8,Auditory,71.3,C
11369,19,Male,14.2,79.5,8,8,No,Low,No,2,6,58.2,Visual,91.2,A
11370,29,Female,16.3,72.4,2,1,No,Low,Yes,3,2,51.2,Visual,76.2,B
11371,21,Female,13.0,53.2,3,2,Yes,High,No,4,6,45.9,Auditory,84.2,B
11372,28,Female,8.3,66.8,7,5,No,Low,No,1,5,50.3,Kinesthetic,78.1,B
11373,19,Male,19.1,91.2,4,2,Yes,High,No,2,5,41.8,Visual,100.0,A
11374,23,Male,6.7,62.5,5,6,No,Low,No,2,5,41.8,Auditory,53.9,D
11375,28,Male,9.6,84.5,7,1,Yes,Low,No,3,10,60.9,Auditory,83.1,B
11376,20,Male,1.4,68.0,2,6,Yes,High,No,2,7,69.0,Auditory,63.3,C
11377,22,Male,16.7,70.2,4,5,Yes,Low,No,3,5,89.8,Visual,93.4,A
11378,18,Female,13.0,51.6,6,2,No,High,Yes,4,3,55.4,Reading/Writing,74.4,C
11379,22,Male,2.2,62.0,6,7,No,High,Yes,3,6,51.3,Visual,57.2,D
11380,29,Female,7.6,91.5,4,1,No,High,Yes,4,4,69.6,Visual,76.7,B
11381,18,Male,5.2,83.6,5,7,Yes,Low,No,5,0,46.1,Auditory,67.1,C
11382,30,Female,1.3,97.6,1,9,Yes,High,Yes,1,1,76.3,Auditory,73.7,C
11383,23,Male,1.9,52.5,6,2,No,High,Yes,5,1,82.4,Reading/Writing,71.8,C
11384,24,Male,7.6,96.4,1,9,Yes,Low,Yes,2,8,72.2,Visual,71.8,C
11385,21,Male,11.1,65.8,1,8,Yes,High,No,2,1,87.0,Visual,72.6,C
11386,19,Female,7.5,73.9,5,6,No,Low,No,3,2,76.5,Kinesthetic,67.2,C
11387,19,Male,1.8,68.1,7,1,No,Low,Yes,1,7,44.5,Reading/Writing,66.0,C
11388,30,Male,3.3,87.7,9,2,Yes,High,No,2,6,51.2,Auditory,75.6,B
11389,19,Male,7.2,58.2,5,5,Yes,Low,No,3,9,58.6,Kinesthetic,75.9,B
11390,18,Male,9.8,58.6,1,9,Yes,High,Yes,5,0,78.8,Reading/Writing,71.9,C
11391,27,Female,13.5,64.6,1,2,Yes,High,No,5,7,60.6,Kinesthetic,89.4,B
11392,20,Female,17.1,58.5,5,6,Yes,Low,Yes,1,8,52.8,Kinesthetic,79.8,B
11393,18,Male,16.0,83.8,4,6,Yes,Low,Yes,5,4,90.0,Auditory,95.1,A
11394,26,Male,16.1,68.7,1,9,Yes,High,No,0,2,61.5,Kinesthetic,88.3,B
11395,19,Male,13.4,92.1,10,7,Yes,High,No,5,5,47.9,Reading/Writing,100,A
11396,25,Male,16.9,87.1,7,5,No,High,Yes,3,7,89.6,Reading/Writing,100,A
11397,22,Male,17.3,97.6,3,3,Yes,Low,No,3,1,97.2,Kinesthetic,100,A
11398,29,Female,15.7,74.5,4,1,Yes,High,Yes,0,8,40.1,Visual,91.6,A
11399,30,Male,2.2,56.8,1,7,No,Low,Yes,5,7,45.8,Kinesthetic,46.6,F
11400,29,Male,10.8,55.3,1,2,No,Low,No,2,1,79.9,Reading/Writing,71.2,C
11401,18,Male,18.1,69.4,5,4,No,Low,No,4,3,95.6,Visual,96.7,A
11402,25,Male,16.7,54.0,4,3,Yes,Low,No,4,5,74.4,Visual,86.1,B
11403,25,Male,3.2,92.8,6,5,No,High,No,4,9,98.7,Visual,75.2,B
11404,27,Female,5.7,85.3,10,6,No,Low,Yes,2,10,67.0,Reading/Writing,75.3,B
11405,27,Female,9.8,84.7,10,8,No,High,Yes,0,2,75.1,Visual,86.6,B
11406,18,Female,4.6,69.7,10,10,No,Low,Yes,5,0,45.7,Reading/Writing,72.3,C
11407,27,Male,16.7,84.3,8,1,No,High,No,4,3,67.8,Kinesthetic,100,A
11408,24,Female,7.6,83.4,10,8,Yes,Low,No,3,4,69.0,Auditory,76.5,B
11409,23,Male,15.2,86.8,4,5,Yes,High,Yes,1,0,60.3,Reading/Writing,86.9,B
11410,30,Female,10.5,66.3,8,8,Yes,High,No,5,9,75.3,Auditory,85.0,B
11411,22,Female,10.5,51.2,9,4,No,Low,Yes,4,5,51.3,Auditory,69.9,C
11412,19,Female,13.6,84.1,10,7,No,High,Yes,3,4,71.4,Visual,92.6,A
11413,24,Female,13.1,50.6,5,9,No,High,No,2,9,84.8,Auditory,88.0,B
11414,23,Male,5.7,63.6,9,4,No,High,No,4,5,41.8,Visual,72.2,C
11415,29,Male,16.5,83.9,6,7,Yes,Low,No,4,10,49.7,Reading/Writing,91.0,A
11416,28,Male,19.0,71.6,10,8,No,Low,No,5,3,53.9,Visual,100,A
11417,27,Female,16.2,79.2,9,7,Yes,Low,No,3,3,64.8,Reading/Writing,100,A
11418,22,Male,8.9,54.0,1,5,Yes,High,No,1,8,83.4,Visual,70.1,C
11419,27,Female,7.6,84.7,5,7,No,Low,No,4,4,95.9,Visual,78.5,B
11420,25,Male,3.4,54.8,10,6,No,Low,No,1,3,63.4,Visual,57.9,D
11421,18,Male,13.2,68.8,8,4,Yes,Low,No,1,2,66.7,Kinesthetic,87.5,B
11422,18,Male,16.5,63.0,6,1,No,High,Yes,5,4,91.6,Kinesthetic,98.2,A
11423,23,Female,18.9,53.5,7,2,No,High,Yes,2,9,94.4,Kinesthetic,100,A
11424,29,Female,19.2,53.7,10,2,Yes,High,No,2,7,48.2,Visual,100,A
11425,27,Male,14.1,85.1,5,4,Yes,Low,Yes,1,5,46.0,Visual,94.5,A
11426,25,Female,11.4,84.5,1,3,No,Low,No,5,10,54.1,Visual,72.1,C
11427,26,Female,9.1,87.7,1,9,No,High,Yes,4,5,60.8,Reading/Writing,70.2,C
11428,27,Male,6.5,54.7,5,3,Yes,High,Yes,5,8,41.4,Visual,80.5,B
11429,27,Male,11.3,85.1,4,9,No,Low,Yes,5,2,65.8,Auditory,79.0,B
11430,22,Male,3.4,73.8,5,4,No,Low,Yes,5,6,85.0,Reading/Writing,65.2,C
11431,28,Male,6.4,62.4,9,9,Yes,High,Yes,4,1,64.5,Auditory,72.0,C
11432,22,Male,8.4,70.6,4,2,Yes,High,No,1,4,69.4,Reading/Writing,81.1,B
11433,28,Male,12.5,62.8,9,2,Yes,Low,Yes,2,10,85.4,Reading/Writing,89.0,B
11434,19,Female,4.4,84.3,4,2,Yes,High,No,0,3,62.7,Auditory,81.3,B
11435,24,Male,11.5,79.4,1,8,No,Low,No,1,7,93.8,Visual,70.9,C
11436,18,Female,12.6,70.7,10,2,No,Low,Yes,1,10,40.9,Visual,88.9,B
11437,20,Female,7.7,55.5,8,1,No,High,No,3,8,96.1,Auditory,88.3,B
11438,25,Male,13.0,94.4,2,5,No,High,Yes,1,3,53.4,Auditory,89.1,B
11439,20,Male,1.9,86.5,2,1,No,Low,Yes,4,5,98.0,Reading/Writing,72.7,C
11440,18,Female,17.7,67.6,3,2,Yes,Low,Yes,0,10,86.3,Kinesthetic,98.7,A
11441,28,Female,13.5,86.5,8,7,No,High,Yes,4,9,93.0,Kinesthetic,100,A
11442,22,Female,18.9,97.3,1,8,No,Low,No,3,2,99.5,Kinesthetic,94.5,A
11443,23,Male,9.7,82.7,2,10,Yes,High,No,2,4,50.9,Reading/Writing,72.7,C
11444,24,Female,18.0,96.4,5,5,No,Low,Yes,0,2,84.3,Auditory,100,A
11445,28,Male,1.9,56.0,1,9,No,High,No,3,8,51.0,Kinesthetic,52.5,D
11446,28,Male,19.9,68.7,6,2,Yes,High,Yes,4,6,80.2,Visual,100,A
11447,29,Male,2.5,59.1,1,10,No,Low,Yes,1,5,50.6,Auditory,39.9,F
11448,26,Male,15.3,76.8,6,8,No,Low,No,2,4,85.8,Visual,80.2,B
11449,20,Male,9.0,97.5,6,2,No,Low,Yes,3,4,64.2,Auditory,86.3,B
11450,19,Male,12.8,74.7,10,6,Yes,Low,Yes,0,10,40.6,Visual,90.1,A
11451,30,Male,1.6,81.5,10,7,No,Low,No,2,7,63.7,Visual,64.2,C
11452,29,Male,2.3,56.2,6,6,Yes,Low,No,1,8,58.3,Reading/Writing,59.8,D
11453,22,Male,7.2,89.1,5,10,No,Low,No,3,6,42.6,Kinesthetic,64.0,C
11454,29,Male,11.3,74.9,1,6,Yes,High,No,4,4,79.9,Visual,90.4,A
11455,30,Female,12.1,50.9,2,6,No,Low,No,0,4,95.4,Auditory,69.9,C
11456,26,Female,12.1,53.8,1,7,No,Low,Yes,1,6,72.6,Reading/Writing,69.6,C
11457,30,Male,2.3,89.0,3,6,Yes,Low,No,4,1,60.4,Kinesthetic,63.7,C
11458,29,Female,16.3,94.9,9,9,Yes,High,No,3,7,60.9,Visual,100,A
11459,21,Female,3.2,71.4,1,7,Yes,High,Yes,1,7,52.6,Kinesthetic,60.3,C
11460,27,Female,9.2,57.0,9,5,Yes,High,Yes,2,8,95.2,Kinesthetic,89.9,B
11461,28,Female,4.4,71.7,10,3,Yes,Low,Yes,0,4,91.5,Visual,72.6,C
11462,20,Female,4.1,68.3,8,4,Yes,High,No,2,8,74.8,Reading/Writing,86.7,B
11463,26,Male,15.8,98.8,9,1,No,Low,Yes,0,0,53.6,Visual,100,A
11464,27,Male,16.9,97.2,2,10,No,Low,Yes,5,8,74.8,Reading/Writing,92.6,A
11465,26,Female,10.2,98.3,8,9,No,High,Yes,5,0,61.1,Auditory,92.8,A
11466,22,Male,14.2,68.5,1,4,No,High,Yes,5,9,48.4,Reading/Writing,84.0,B
11467,29,Male,3.0,82.7,5,2,No,High,Yes,5,2,43.8,Auditory,62.2,C
11468,28,Male,12.2,98.2,3,3,No,High,Yes,0,0,61.1,Visual,82.3,B
11469,25,Female,19.0,50.5,2,1,No,Low,No,1,9,51.3,Kinesthetic,78.6,B
11470,23,Female,10.9,83.0,10,2,No,Low,No,5,10,57.2,Auditory,97.8,A
11471,29,Female,15.3,97.6,1,3,Yes,Low,Yes,3,9,85.1,Visual,94.4,A
11472,26,Male,5.5,64.0,5,4,Yes,Low,No,5,7,84.9,Kinesthetic,80.0,B
11473,28,Male,8.6,54.0,2,9,No,Low,Yes,2,4,56.5,Auditory,53.8,D
11474,19,Female,18.1,62.3,4,5,No,High,Yes,4,9,75.4,Kinesthetic,97.0,A
11475,27,Male,18.2,74.1,2,10,Yes,High,Yes,1,2,60.0,Kinesthetic,88.6,B
11476,21,Male,12.5,88.0,5,3,Yes,Low,No,4,2,57.2,Kinesthetic,80.9,B
11477,27,Female,6.1,98.4,2,3,No,Low,No,4,10,94.7,Auditory,80.9,B
11478,19,Female,17.1,90.2,10,4,Yes,Low,No,1,1,52.8,Visual,99.5,A
11479,20,Female,15.5,82.2,7,5,Yes,Low,Yes,4,9,45.4,Reading/Writing,100,A
11480,27,Female,13.5,83.4,5,8,No,Low,Yes,2,3,90.9,Visual,77.3,B
11481,28,Male,15.5,96.7,3,3,No,Low,Yes,3,6,68.8,Auditory,85.1,B
11482,23,Female,12.4,80.7,9,6,No,High,No,1,1,72.6,Visual,88.9,B
11483,22,Female,8.7,57.0,6,1,No,High,Yes,1,0,69.1,Kinesthetic,74.3,C
11484,29,Male,4.7,79.4,3,8,No,Low,Yes,2,6,95.2,Kinesthetic,64.8,C
11485,24,Male,9.5,93.8,3,9,Yes,Low,No,2,1,99.6,Auditory,81.8,B
11486,22,Female,8.5,90.4,9,6,No,Low,Yes,0,2,42.2,Visual,69.5,C
11487,29,Female,12.7,72.2,2,6,Yes,Low,Yes,1,2,66.3,Kinesthetic,78.6,B
11488,24,Male,3.4,54.5,6,8,Yes,Low,Yes,3,4,80.2,Visual,58.0,D
11489,18,Male,1.0,99.3,6,3,No,High,No,1,3,89.3,Kinesthetic,81.5,B
11490,30,Female,9.1,63.3,7,7,No,Low,No,2,7,87.6,Reading/Writing,78.8,B
11491,27,Female,9.1,57.2,2,6,No,High,No,5,2,86.1,Visual,64.1,C
11492,30,Male,15.8,77.8,1,5,Yes,Low,Yes,2,9,73.2,Visual,89.1,B
11493,28,Female,9.4,97.0,10,3,Yes,High,Yes,3,5,41.3,Reading/Writing,99.5,A
11494,20,Male,13.2,78.1,6,2,Yes,Low,No,3,10,79.2,Kinesthetic,99.1,A
11495,20,Male,5.8,95.2,10,9,No,Low,Yes,3,2,71.2,Reading/Writing,83.7,B
11496,24,Male,9.1,62.7,7,2,No,High,No,5,9,59.3,Kinesthetic,76.0,B
11497,20,Female,10.6,91.9,4,9,No,High,No,4,10,88.8,Visual,85.2,B
11498,26,Female,4.7,61.4,7,3,Yes,Low,No,3,8,83.2,Visual,69.8,C
11499,22,Female,17.2,68.7,3,8,No,Low,No,2,10,97.4,Kinesthetic,81.2,B
11500,23,Male,7.6,54.2,10,7,No,Low,Yes,1,2,45.6,Auditory,69.4,C
11501,22,Female,17.9,58.2,9,1,No,High,No,0,5,97.7,Kinesthetic,98.8,A
11502,22,Male,11.8,61.6,6,4,Yes,Low,No,1,4,88.4,Auditory,86.8,B
11503,28,Female,17.3,91.4,2,1,Yes,Low,No,0,6,82.8,Auditory,95.7,A
11504,27,Female,16.5,91.2,3,4,Yes,High,No,1,10,64.4,Kinesthetic,94.1,A
11505,26,Female,1.6,67.1,5,4,Yes,Low,No,1,1,40.5,Visual,55.0,D
11506,28,Female,3.2,61.9,8,7,Yes,High,No,0,3,76.5,Kinesthetic,78.7,B
11507,25,Female,6.6,83.3,5,8,No,High,No,4,9,54.0,Visual,73.1,C
11508,28,Male,2.1,72.6,4,2,Yes,High,Yes,5,9,72.5,Auditory,68.3,C
11509,27,Male,2.2,56.1,5,10,Yes,Low,No,2,3,48.2,Reading/Writing,45.3,F
11510,27,Female,3.6,88.0,3,3,Yes,High,No,2,2,54.4,Kinesthetic,75.2,B
11511,20,Female,5.5,56.2,6,7,Yes,Low,Yes,5,2,80.6,Visual,69.1,C
11512,23,Female,9.2,67.1,5,6,Yes,Low,Yes,4,9,77.7,Auditory,81.4,B
11513,22,Male,10.7,69.7,5,7,No,High,Yes,5,0,91.0,Auditory,80.9,B
11514,22,Male,12.0,64.0,7,1,No,Low,No,3,5,45.2,Kinesthetic,87.1,B
11515,28,Male,6.3,97.1,3,8,No,Low,No,5,3,90.9,Kinesthetic,70.6,C
11516,29,Female,14.5,52.8,6,4,No,High,No,1,10,41.3,Reading/Writing,74.5,C
11517,26,Female,15.3,62.9,2,7,No,Low,No,1,2,59.8,Reading/Writing,75.4,B
11518,30,Female,15.9,50.3,4,10,Yes,Low,Yes,2,2,49.4,Auditory,71.3,C
11519,23,Female,9.5,75.0,4,3,No,Low,No,3,2,85.6,Reading/Writing,81.8,B
11520,19,Male,17.4,95.4,10,1,Yes,High,No,3,2,95.7,Kinesthetic,100,A
11521,24,Male,13.0,87.9,1,4,Yes,High,Yes,0,3,94.2,Reading/Writing,94.0,A
11522,18,Male,14.0,82.5,1,10,Yes,Low,No,0,1,58.9,Reading/Writing,77.9,B
11523,28,Female,5.3,74.1,10,5,Yes,High,Yes,3,8,85.3,Visual,90.7,A
11524,21,Female,13.3,91.0,2,10,Yes,High,No,3,7,54.7,Visual,90.0,A
11525,20,Female,12.5,77.9,1,4,No,High,No,0,5,93.2,Reading/Writing,86.1,B
11526,28,Female,10.7,79.6,9,10,Yes,Low,No,0,6,54.6,Auditory,85.6,B
11527,21,Male,14.4,61.0,10,7,No,Low,Yes,3,4,61.3,Auditory,80.1,B
11528,27,Male,19.9,85.1,4,6,Yes,High,No,2,2,84.9,Auditory,100,A
11529,28,Male,11.7,86.4,10,2,No,High,No,3,10,63.8,Reading/Writing,91.5,A
11530,30,Male,16.4,93.9,9,5,No,High,Yes,3,3,44.7,Reading/Writing,93.3,A
11531,26,Female,9.4,81.5,9,6,Yes,Low,No,5,7,63.4,Visual,91.6,A
11532,26,Female,15.1,66.4,2,7,Yes,High,Yes,2,6,93.0,Reading/Writing,90.1,A
11533,18,Male,5.7,81.6,9,3,Yes,Low,Yes,1,5,41.2,Reading/Writing,82.7,B
11534,24,Female,7.8,60.4,9,5,Yes,High,No,2,4,57.7,Kinesthetic,73.4,C
11535,24,Female,9.8,96.2,7,9,No,Low,Yes,0,1,85.9,Auditory,88.2,B
11536,30,Male,8.6,89.2,7,9,Yes,High,Yes,2,10,62.4,Visual,89.9,B
11537,25,Male,1.3,93.6,2,4,No,High,Yes,4,3,69.8,Kinesthetic,72.0,C
11538,18,Female,10.0,89.4,5,10,No,High,Yes,0,7,70.7,Kinesthetic,82.2,B
11539,27,Female,14.9,92.9,10,5,No,High,No,1,10,43.4,Auditory,100,A
11540,20,Male,19.9,97.6,5,7,No,High,Yes,2,4,75.2,Auditory,100,A
11541,30,Female,3.1,68.3,5,6,Yes,Low,Yes,5,9,63.3,Auditory,70.1,C
11542,26,Female,9.2,50.2,8,6,No,High,No,4,0,46.0,Reading/Writing,75.9,B
11543,29,Female,7.3,99.8,9,5,Yes,Low,No,1,4,82.5,Kinesthetic,89.2,B
11544,22,Female,19.2,67.2,5,8,No,High,No,0,10,86.0,Visual,97.5,A
11545,24,Female,9.1,60.2,5,3,No,High,Yes,1,10,79.7,Kinesthetic,85.3,B
11546,27,Female,13.3,92.2,9,1,Yes,High,No,3,8,92.8,Visual,100,A
11547,24,Female,14.4,59.6,9,4,Yes,High,Yes,2,4,84.0,Reading/Writing,90.9,A
11548,18,Male,3.2,96.9,4,1,Yes,Low,Yes,2,7,79.9,Visual,84.3,B
11549,22,Female,7.0,68.1,6,4,Yes,Low,Yes,0,2,83.5,Reading/Writing,77.2,B
11550,22,Male,11.4,94.5,2,10,Yes,Low,No,0,8,75.8,Auditory,81.8,B
11551,19,Female,17.1,93.8,8,6,No,Low,Yes,2,1,79.0,Visual,91.3,A
11552,28,Male,9.8,74.4,6,10,Yes,High,Yes,4,0,60.6,Visual,76.0,B
11553,26,Male,10.7,95.9,6,6,Yes,High,Yes,2,0,83.6,Reading/Writing,97.7,A
11554,29,Female,10.5,67.7,3,4,No,High,No,0,5,63.9,Visual,78.1,B
11555,21,Female,2.8,73.6,8,3,Yes,Low,No,4,6,46.8,Reading/Writing,67.3,C
11556,18,Female,17.9,86.3,3,4,No,Low,No,2,10,79.4,Visual,94.7,A
11557,29,Male,3.6,58.1,1,3,No,High,No,1,8,57.9,Reading/Writing,66.2,C
11558,26,Female,14.0,50.2,10,6,No,Low,No,5,3,73.3,Auditory,79.6,B
11559,21,Male,17.2,88.5,9,6,No,Low,Yes,0,2,57.9,Auditory,97.0,A
11560,20,Male,1.2,77.7,6,6,Yes,Low,Yes,1,9,73.9,Auditory,63.1,C
11561,24,Male,3.6,52.4,6,8,No,High,No,1,9,53.0,Kinesthetic,59.7,D
11562,25,Female,9.0,77.0,9,5,Yes,Low,No,1,8,50.5,Reading/Writing,75.2,B
11563,27,Male,1.6,61.8,4,2,No,Low,Yes,5,0,95.3,Auditory,57.0,D
11564,26,Male,18.4,58.7,5,7,Yes,Low,Yes,3,7,94.8,Kinesthetic,90.4,A
11565,28,Male,15.5,95.4,3,2,No,Low,Yes,5,5,99.8,Visual,100,A
11566,30,Female,17.0,82.1,10,10,Yes,Low,No,5,3,61.7,Auditory,99.0,A
11567,22,Female,5.5,61.4,8,9,No,Low,Yes,4,10,69.0,Visual,71.1,C
11568,30,Male,11.6,91.7,7,4,No,High,Yes,0,3,91.7,Kinesthetic,100,A
11569,19,Female,9.3,90.7,3,3,No,High,Yes,0,5,64.9,Kinesthetic,79.9,B
11570,27,Female,9.4,72.0,6,8,Yes,Low,Yes,5,0,52.8,Visual,75.2,B
11571,27,Female,14.2,89.3,5,7,Yes,High,Yes,4,8,86.2,Visual,93.6,A
11572,25,Male,12.2,81.9,1,2,Yes,High,Yes,0,7,43.2,Visual,81.4,B
11573,27,Male,5.1,91.2,1,6,Yes,Low,No,4,0,75.5,Reading/Writing,63.0,C
11574,27,Female,3.6,99.1,7,6,Yes,Low,Yes,3,1,68.9,Auditory,76.7,B
11575,25,Male,9.9,93.3,9,3,Yes,Low,No,3,8,96.9,Kinesthetic,100,A
11576,28,Female,19.3,72.7,2,3,Yes,High,No,0,2,66.9,Auditory,97.9,A
11577,26,Male,7.0,81.1,2,3,Yes,High,Yes,1,1,73.4,Reading/Writing,73.5,C
11578,27,Female,2.7,68.3,7,10,Yes,High,Yes,1,1,73.4,Auditory,60.1,C
11579,29,Female,14.8,61.4,5,2,Yes,Low,Yes,3,7,87.0,Kinesthetic,92.9,A
11580,22,Female,3.3,53.9,1,10,No,High,Yes,1,1,40.5,Visual,50.9,D
11581,18,Male,8.2,61.4,8,8,Yes,Low,No,4,2,88.5,Kinesthetic,80.7,B
11582,29,Male,10.1,50.3,7,6,No,Low,No,1,0,53.4,Visual,71.5,C
11583,18,Female,7.4,78.8,10,9,Yes,High,No,5,5,73.2,Auditory,95.8,A
11584,21,Female,8.1,57.7,6,7,No,Low,No,5,10,70.7,Reading/Writing,72.0,C
11585,25,Male,9.0,98.7,10,2,No,Low,No,1,4,94.0,Visual,92.5,A
11586,24,Female,12.7,57.9,7,1,No,Low,Yes,1,1,88.1,Visual,80.5,B
11587,29,Female,4.6,78.0,10,8,Yes,High,No,0,6,44.7,Auditory,71.0,C
11588,26,Male,14.0,53.8,6,10,No,Low,Yes,1,9,77.1,Kinesthetic,69.9,C
11589,24,Female,6.9,74.4,4,2,No,High,Yes,5,4,93.7,Kinesthetic,73.5,C
11590,18,Female,14.1,78.4,4,2,Yes,High,Yes,3,9,83.3,Kinesthetic,93.6,A
11591,19,Male,14.1,92.1,3,1,Yes,High,Yes,4,2,74.7,Kinesthetic,100,A
11592,21,Female,1.9,51.5,9,9,Yes,Low,No,4,5,44.0,Reading/Writing,65.2,C
11593,25,Male,10.5,72.9,3,2,Yes,Low,Yes,3,5,61.9,Reading/Writing,78.0,B
11594,19,Female,1.9,69.5,2,4,Yes,Low,Yes,4,8,48.4,Reading/Writing,66.4,C
11595,24,Male,8.9,79.2,8,8,Yes,High,No,0,1,66.5,Kinesthetic,78.3,B
11596,27,Male,16.8,69.1,3,1,Yes,Low,No,1,0,98.6,Visual,94.9,A
11597,20,Female,18.2,70.2,5,1,Yes,Low,Yes,0,3,80.4,Visual,99.2,A
11598,20,Female,9.0,95.2,6,9,No,Low,No,4,6,97.8,Reading/Writing,83.1,B
11599,29,Female,17.8,81.7,4,1,Yes,High,No,4,1,88.0,Auditory,100,A
11600,30,Male,12.0,59.3,3,10,Yes,Low,No,1,10,62.7,Kinesthetic,77.0,B
11601,24,Male,15.9,73.9,4,9,No,High,Yes,0,10,52.0,Visual,80.0,B
11602,25,Male,5.2,94.3,3,7,Yes,High,Yes,5,4,46.5,Auditory,70.6,C
11603,24,Male,11.1,97.9,4,2,No,Low,Yes,2,4,91.5,Visual,90.3,A
11604,19,Female,5.8,61.4,3,3,Yes,High,Yes,0,0,52.1,Auditory,71.7,C
11605,24,Female,15.8,84.2,1,3,Yes,High,Yes,4,6,54.0,Visual,97.4,A
11606,21,Male,17.6,97.5,6,5,Yes,High,No,5,6,58.9,Kinesthetic,100,A
11607,26,Female,8.9,57.0,10,8,No,Low,Yes,1,1,42.1,Auditory,68.7,C
11608,23,Male,4.9,81.4,4,2,Yes,High,Yes,1,6,63.9,Kinesthetic,75.4,B
11609,28,Female,3.8,90.9,6,7,No,High,No,2,3,72.5,Auditory,80.0,B
11610,20,Female,15.1,57.3,10,9,No,Low,No,3,10,88.7,Auditory,90.5,A
11611,29,Female,18.7,50.3,6,10,Yes,Low,Yes,5,1,61.5,Auditory,86.0,B
11612,27,Male,9.8,91.9,9,1,Yes,High,Yes,0,4,62.1,Reading/Writing,100,A
11613,29,Male,13.7,75.9,9,2,Yes,High,Yes,0,4,43.6,Visual,96.9,A
11614,29,Female,9.8,71.2,10,9,No,Low,No,5,3,93.8,Kinesthetic,91.5,A
11615,26,Female,18.6,72.9,7,4,Yes,High,No,2,2,50.0,Reading/Writing,92.2,A
11616,19,Male,14.7,63.9,5,9,No,Low,Yes,3,9,49.2,Visual,77.3,B
11617,18,Female,16.3,75.2,3,3,Yes,High,Yes,1,2,85.6,Kinesthetic,91.1,A
11618,19,Female,6.9,90.2,3,7,Yes,Low,Yes,3,5,63.6,Auditory,79.9,B
11619,20,Male,8.2,55.6,9,6,Yes,Low,No,4,7,45.2,Kinesthetic,69.6,C
11620,20,Male,12.2,54.2,10,3,No,High,Yes,1,2,94.7,Reading/Writing,94.6,A
11621,27,Female,1.2,64.6,6,9,Yes,High,No,3,0,50.3,Kinesthetic,61.9,C
11622,23,Male,2.2,91.1,8,5,No,High,No,4,5,71.7,Auditory,70.1,C
11623,23,Female,2.3,98.6,10,2,Yes,Low,No,0,8,88.3,Visual,91.1,A
11624,21,Female,17.5,51.5,2,4,No,High,Yes,2,9,55.3,Kinesthetic,85.1,B
11625,28,Female,18.2,95.4,3,3,Yes,Low,No,2,6,55.1,Visual,90.4,A
11626,20,Male,12.7,59.6,4,7,Yes,High,Yes,4,2,98.7,Kinesthetic,80.3,B
11627,26,Male,4.9,71.8,8,5,Yes,High,Yes,5,8,45.9,Visual,76.7,B
11628,20,Female,11.0,68.1,6,9,No,Low,No,0,9,53.3,Kinesthetic,68.8,C
11629,22,Male,1.9,73.9,7,2,Yes,High,Yes,5,8,64.9,Visual,72.0,C
11630,22,Female,12.0,56.7,1,6,Yes,Low,No,4,3,48.7,Reading/Writing,69.6,C
11631,30,Male,11.8,90.6,2,5,Yes,High,Yes,5,2,60.7,Kinesthetic,87.7,B
11632,29,Male,8.9,85.9,1,2,No,High,No,3,8,63.0,Reading/Writing,77.6,B
11633,18,Male,7.2,85.0,5,10,No,Low,Yes,4,7,92.2,Visual,71.3,C
11634,29,Male,12.0,54.8,4,9,Yes,Low,Yes,2,10,81.5,Kinesthetic,80.9,B
11635,19,Female,18.8,80.8,1,9,Yes,Low,No,5,2,43.2,Visual,88.0,B
11636,19,Male,9.4,96.5,7,7,Yes,High,Yes,2,6,65.8,Visual,89.6,B
11637,25,Male,16.5,80.2,1,9,No,High,Yes,5,0,43.3,Auditory,73.4,C
11638,24,Female,7.3,74.1,2,10,Yes,High,No,3,7,82.1,Reading/Writing,67.6,C
11639,22,Female,9.9,82.8,10,8,No,High,No,5,4,97.9,Kinesthetic,97.8,A
11640,27,Male,2.1,58.9,10,8,No,High,Yes,2,4,58.0,Reading/Writing,68.0,C
11641,30,Female,8.6,81.5,3,10,No,Low,Yes,1,6,88.0,Reading/Writing,65.5,C
11642,21,Female,13.8,76.0,7,5,No,High,Yes,0,6,66.6,Reading/Writing,94.9,A
11643,22,Male,5.8,73.8,8,5,No,High,No,1,2,99.0,Kinesthetic,81.7,B
11644,29,Female,17.8,92.7,10,4,No,High,Yes,5,9,60.3,Auditory,100,A
11645,25,Male,13.7,93.8,10,4,No,Low,No,2,4,62.2,Kinesthetic,92.4,A
11646,28,Female,1.1,80.5,1,8,Yes,High,No,5,9,87.2,Reading/Writing,67.7,C
11647,22,Male,9.0,66.7,2,8,No,Low,Yes,3,5,52.4,Auditory,68.7,C
11648,24,Female,7.4,52.2,4,3,No,High,Yes,5,6,52.7,Reading/Writing,74.3,C
11649,22,Male,10.3,98.3,10,1,Yes,High,No,4,4,44.4,Kinesthetic,95.7,A
11650,20,Male,17.8,65.2,4,7,Yes,High,No,3,3,45.0,Kinesthetic,88.2,B
11651,23,Female,2.7,64.6,8,7,Yes,Low,No,1,6,97.3,Visual,65.5,C
11652,20,Female,1.7,77.6,3,1,No,High,No,5,10,85.7,Kinesthetic,67.9,C
11653,21,Male,1.9,55.0,3,7,Yes,Low,No,1,1,46.9,Kinesthetic,54.6,D
11654,25,Male,4.4,57.6,9,6,No,High,No,1,8,81.6,Visual,76.1,B
11655,20,Female,14.2,92.6,5,9,Yes,High,No,4,3,68.8,Auditory,97.5,A
11656,22,Female,15.7,68.9,7,6,No,Low,No,1,5,69.8,Auditory,93.2,A
11657,19,Female,10.8,85.2,9,5,Yes,High,No,5,6,58.8,Reading/Writing,100,A
11658,28,Female,19.3,99.3,2,6,Yes,Low,Yes,5,9,87.7,Reading/Writing,100,A
11659,22,Male,13.6,50.2,8,9,No,High,Yes,2,10,58.9,Kinesthetic,85.6,B
11660,21,Male,14.0,95.6,8,3,No,Low,No,0,7,54.7,Kinesthetic,90.8,A
11661,29,Female,19.2,55.5,6,6,Yes,High,Yes,5,10,50.9,Auditory,100,A
11662,28,Female,8.8,56.7,10,10,Yes,High,Yes,0,4,94.9,Auditory,80.0,B
11663,29,Female,9.2,92.9,3,4,Yes,Low,No,4,8,60.1,Auditory,81.4,B
11664,28,Female,11.0,94.7,10,6,No,High,No,1,8,41.9,Reading/Writing,86.5,B
11665,18,Female,6.8,91.2,9,6,No,Low,No,0,2,51.3,Auditory,83.0,B
11666,26,Female,17.7,89.9,9,1,Yes,Low,No,4,9,79.9,Reading/Writing,100,A
11667,23,Male,8.2,72.3,3,4,Yes,High,Yes,4,10,97.6,Kinesthetic,85.4,B
11668,27,Female,7.4,79.2,4,7,Yes,High,Yes,0,6,87.4,Visual,78.1,B
11669,28,Female,1.1,83.6,7,10,Yes,High,Yes,4,0,81.2,Kinesthetic,64.8,C
11670,25,Female,5.8,78.5,1,8,No,High,Yes,2,3,58.0,Visual,66.5,C
11671,18,Female,4.8,66.5,5,7,No,High,Yes,3,1,56.9,Auditory,65.8,C
11672,28,Male,2.4,93.6,9,6,Yes,Low,No,1,8,68.3,Kinesthetic,76.1,B
11673,19,Female,5.5,59.4,3,8,No,Low,No,2,6,54.2,Reading/Writing,54.1,D
11674,25,Female,8.4,98.5,10,10,No,High,No,5,9,41.0,Reading/Writing,87.5,B
11675,28,Female,3.8,57.4,8,5,Yes,High,Yes,2,8,62.6,Reading/Writing,73.3,C
11676,22,Female,8.4,52.6,2,8,Yes,Low,No,3,0,43.5,Kinesthetic,55.6,D
11677,19,Male,2.5,72.3,2,9,No,High,Yes,1,1,60.3,Kinesthetic,62.2,C
11678,22,Female,11.5,57.2,7,2,Yes,High,Yes,3,4,53.2,Visual,85.0,B
11679,30,Male,12.9,64.1,1,6,Yes,High,Yes,5,3,66.2,Reading/Writing,83.5,B
11680,26,Male,13.3,54.8,2,7,No,Low,No,4,1,91.8,Kinesthetic,75.4,B
11681,27,Female,10.6,79.1,7,2,Yes,Low,Yes,0,1,94.1,Visual,90.1,A
11682,18,Female,13.6,73.9,5,2,Yes,Low,No,4,3,98.5,Reading/Writing,100,A
11683,20,Male,5.4,56.2,8,9,No,Low,Yes,5,10,90.4,Reading/Writing,76.4,B
11684,24,Female,17.6,63.9,10,2,Yes,Low,No,4,8,86.8,Reading/Writing,100.0,A
11685,30,Female,10.1,62.4,10,2,Yes,Low,No,4,7,53.0,Visual,91.0,A
11686,18,Male,12.4,73.3,6,3,No,Low,Yes,0,3,74.7,Auditory,88.9,B
11687,27,Male,19.6,93.7,5,2,No,High,Yes,2,4,69.8,Kinesthetic,100,A
11688,20,Female,4.0,80.7,9,4,Yes,High,Yes,4,4,94.7,Visual,87.4,B
11689,29,Female,1.2,89.4,10,7,No,High,Yes,2,0,80.2,Kinesthetic,68.3,C
11690,18,Male,9.5,69.8,8,1,Yes,High,No,3,1,48.4,Visual,85.9,B
11691,18,Male,19.9,92.5,4,3,No,High,No,2,7,96.0,Auditory,100,A
11692,25,Female,7.1,94.5,7,5,No,High,Yes,4,9,61.2,Kinesthetic,94.2,A
11693,20,Male,12.7,56.9,8,10,Yes,High,Yes,3,2,60.2,Auditory,87.8,B
11694,20,Male,15.1,56.7,7,2,No,Low,Yes,3,5,66.6,Visual,86.1,B
11695,19,Male,12.5,72.0,9,7,Yes,Low,No,5,2,63.5,Kinesthetic,80.6,B
11696,25,Female,1.7,88.7,1,8,No,High,Yes,1,0,44.2,Kinesthetic,54.2,D
11697,25,Male,7.6,60.8,10,2,No,High,Yes,4,2,67.6,Auditory,83.5,B
11698,25,Female,16.4,81.9,2,5,Yes,Low,Yes,5,9,52.1,Reading/Writing,90.1,A
11699,18,Female,15.3,84.7,1,5,No,Low,No,4,9,55.8,Visual,85.3,B
11700,20,Male,4.1,90.5,4,10,No,High,Yes,2,3,92.7,Reading/Writing,70.4,C
11701,28,Female,12.1,93.4,4,7,No,Low,Yes,1,6,92.8,Auditory,85.4,B
11702,20,Male,18.3,58.6,8,2,No,High,No,4,5,67.8,Auditory,98.5,A
11703,29,Female,4.1,62.2,3,1,Yes,Low,No,0,2,41.8,Visual,62.8,C
11704,30,Female,9.2,59.6,2,6,Yes,Low,Yes,0,5,73.5,Auditory,76.3,B
11705,30,Male,11.3,80.5,4,4,Yes,High,Yes,1,6,48.1,Auditory,87.7,B
11706,24,Female,7.9,86.8,2,4,Yes,Low,Yes,4,7,40.8,Auditory,66.5,C
11707,19,Female,4.4,53.8,10,7,Yes,Low,Yes,1,4,47.0,Visual,58.1,D
11708,25,Male,19.3,90.0,4,5,Yes,High,Yes,2,0,46.6,Reading/Writing,100,A
11709,24,Male,2.8,95.6,2,8,No,Low,Yes,0,0,68.6,Kinesthetic,59.2,D
11710,18,Female,2.0,55.0,6,4,Yes,High,Yes,4,1,53.1,Auditory,71.6,C
11711,18,Male,3.2,91.4,3,6,Yes,Low,Yes,0,0,59.2,Reading/Writing,57.0,D
11712,26,Female,6.1,67.9,3,2,No,High,Yes,3,9,42.7,Reading/Writing,68.7,C
11713,25,Male,16.3,67.2,3,6,No,High,No,2,3,45.9,Auditory,79.6,B
11714,25,Female,19.9,67.7,9,3,Yes,Low,Yes,3,3,54.1,Reading/Writing,100,A
11715,26,Male,4.4,71.4,9,10,Yes,High,No,2,7,93.3,Reading/Writing,73.1,C
11716,27,Female,8.5,85.3,1,6,No,High,Yes,2,4,58.6,Kinesthetic,70.4,C
11717,21,Male,5.1,98.2,9,3,Yes,Low,Yes,1,10,54.0,Visual,84.6,B
11718,24,Female,12.4,80.0,3,5,No,Low,No,3,0,69.3,Reading/Writing,82.0,B
11719,22,Female,2.6,83.5,10,9,Yes,High,No,3,3,63.1,Auditory,84.2,B
11720,28,Female,1.3,64.3,1,1,No,High,No,0,6,57.9,Auditory,55.0,D
11721,27,Male,11.7,70.1,1,3,No,Low,Yes,0,5,44.5,Auditory,74.0,C
11722,18,Male,14.4,83.4,9,5,Yes,Low,Yes,1,0,85.4,Kinesthetic,90.9,A
11723,21,Female,1.6,65.0,7,4,Yes,Low,Yes,0,0,92.6,Kinesthetic,60.8,C
11724,22,Male,6.5,75.5,6,9,No,High,Yes,2,9,71.1,Kinesthetic,77.5,B
11725,30,Male,19.0,79.3,5,9,Yes,Low,Yes,2,3,40.5,Kinesthetic,90.2,A
11726,19,Male,15.7,51.4,5,4,Yes,High,No,1,3,86.7,Auditory,86.9,B
11727,27,Male,15.4,74.4,3,5,No,High,Yes,0,7,84.7,Reading/Writing,86.0,B
11728,19,Male,5.5,81.9,10,10,No,Low,No,5,5,72.3,Visual,79.7,B
11729,25,Female,13.4,73.1,1,2,No,High,No,3,10,94.3,Visual,82.0,B
11730,30,Female,13.1,92.6,4,9,No,Low,Yes,2,5,63.9,Kinesthetic,88.7,B
11731,30,Male,3.2,87.2,9,7,No,Low,Yes,3,8,64.1,Visual,79.2,B
11732,29,Male,3.3,93.3,4,8,No,High,Yes,5,2,55.1,Visual,71.2,C
11733,29,Male,8.4,96.6,3,7,Yes,High,No,4,7,94.1,Visual,87.8,B
11734,21,Male,9.6,79.4,6,9,Yes,High,No,3,6,42.0,Kinesthetic,86.5,B
11735,23,Male,17.5,78.9,9,4,No,Low,No,5,3,63.8,Auditory,99.7,A
11736,18,Male,16.3,71.0,5,2,Yes,Low,Yes,0,9,87.6,Auditory,95.8,A
11737,30,Male,16.5,57.5,6,3,Yes,High,Yes,3,5,64.8,Kinesthetic,95.5,A
11738,22,Male,11.8,85.3,1,5,No,High,Yes,4,1,62.1,Auditory,73.7,C
11739,28,Male,5.6,68.9,8,10,Yes,High,No,5,6,93.7,Kinesthetic,88.4,B
11740,22,Female,8.0,87.5,9,8,Yes,Low,No,0,8,76.4,Visual,78.2,B
11741,26,Male,7.6,54.0,1,9,Yes,Low,No,4,6,62.5,Kinesthetic,57.4,D
11742,28,Male,18.4,51.3,10,5,No,High,No,5,6,82.5,Auditory,97.6,A
11743,19,Male,14.9,81.8,5,5,Yes,Low,No,5,6,82.4,Auditory,94.9,A
11744,23,Female,8.6,72.7,10,4,Yes,Low,No,0,8,91.9,Kinesthetic,86.9,B
11745,21,Male,2.7,76.4,5,1,Yes,Low,Yes,1,7,60.5,Kinesthetic,75.8,B
11746,25,Female,7.7,69.3,8,7,No,High,Yes,0,10,79.0,Auditory,86.9,B
11747,18,Male,1.4,99.1,5,7,No,High,No,2,0,95.4,Auditory,70.9,C
11748,27,Male,10.5,93.7,9,8,No,Low,No,5,0,46.1,Auditory,78.1,B
11749,20,Female,4.1,62.5,8,3,Yes,High,Yes,4,3,82.2,Kinesthetic,86.5,B
11750,24,Female,8.7,63.1,3,3,No,Low,No,0,9,57.7,Auditory,70.7,C
11751,23,Male,14.5,66.3,4,10,Yes,High,Yes,3,10,92.8,Reading/Writing,96.8,A
11752,24,Male,9.5,61.0,1,3,Yes,Low,No,5,8,81.2,Auditory,72.5,C
11753,22,Female,9.0,85.2,1,3,Yes,Low,Yes,2,8,76.0,Kinesthetic,74.1,C
11754,22,Male,10.8,84.7,5,2,Yes,Low,Yes,4,0,89.7,Auditory,84.3,B
11755,28,Female,12.0,51.4,6,1,Yes,Low,Yes,0,6,55.2,Kinesthetic,83.2,B
11756,30,Female,3.1,52.7,6,4,No,Low,No,3,1,76.5,Kinesthetic,58.1,D
11757,24,Female,11.4,53.9,3,10,No,Low,Yes,3,0,69.3,Visual,62.0,C
11758,30,Female,14.7,99.1,10,3,Yes,High,No,0,0,89.3,Visual,100,A
11759,23,Male,17.7,55.4,9,2,No,Low,Yes,5,0,54.0,Kinesthetic,90.1,A
11760,22,Female,17.5,94.1,4,10,Yes,Low,Yes,0,7,98.6,Visual,97.8,A
11761,27,Female,11.4,57.4,4,2,No,High,No,0,0,95.5,Visual,86.8,B
11762,29,Male,1.0,52.4,7,8,No,High,No,2,1,44.4,Reading/Writing,49.3,F
11763,18,Female,8.7,82.0,9,9,Yes,High,No,1,10,51.5,Kinesthetic,87.2,B
11764,27,Female,9.1,61.7,8,5,No,High,No,3,10,92.4,Kinesthetic,85.0,B
11765,27,Female,13.6,83.2,3,8,Yes,High,Yes,3,1,47.2,Auditory,90.1,A
11766,30,Male,15.4,91.1,8,1,Yes,High,No,5,9,82.2,Reading/Writing,100,A
11767,23,Female,4.4,92.7,10,2,No,Low,No,3,3,84.2,Kinesthetic,82.6,B
11768,21,Female,12.9,67.1,6,10,Yes,Low,No,1,1,96.9,Reading/Writing,76.6,B
11769,27,Male,6.4,97.1,6,6,No,High,Yes,2,9,43.7,Reading/Writing,75.8,B
11770,30,Female,3.5,67.4,8,7,Yes,High,Yes,1,1,86.0,Visual,76.7,B
11771,26,Female,10.3,85.5,4,10,No,High,Yes,3,7,43.2,Reading/Writing,76.3,B
11772,29,Female,2.2,78.8,6,10,Yes,High,No,2,3,41.2,Reading/Writing,62.1,C
11773,19,Female,6.5,51.4,3,5,Yes,Low,No,3,5,42.6,Kinesthetic,61.9,C
11774,26,Male,7.4,58.4,2,7,No,Low,Yes,4,1,58.3,Auditory,53.0,D
11775,21,Female,14.2,73.6,2,4,Yes,Low,No,4,7,49.8,Visual,83.5,B
11776,23,Male,7.5,54.9,2,5,Yes,High,No,3,5,88.0,Auditory,66.1,C
11777,25,Male,18.3,59.5,10,8,Yes,Low,Yes,0,7,45.1,Visual,90.8,A
11778,26,Male,19.6,87.8,9,9,No,High,No,2,6,52.1,Kinesthetic,100,A
11779,20,Male,2.8,50.6,6,6,No,High,No,2,3,72.8,Reading/Writing,65.6,C
11780,20,Female,11.9,87.1,6,1,No,High,No,1,7,50.1,Auditory,82.7,B
11781,26,Male,12.4,54.9,1,9,Yes,High,No,4,4,74.8,Auditory,73.7,C
11782,23,Male,14.0,69.7,8,3,No,Low,No,0,5,45.4,Reading/Writing,87.9,B
11783,20,Male,9.9,79.8,3,6,No,High,No,2,3,40.0,Visual,73.9,C
11784,22,Male,12.9,66.9,8,2,No,Low,Yes,3,6,93.9,Reading/Writing,83.1,B
11785,30,Female,10.8,58.9,4,10,Yes,High,No,4,4,88.6,Kinesthetic,80.8,B
11786,30,Female,11.3,85.8,8,10,Yes,Low,No,0,9,61.8,Visual,80.3,B
11787,22,Male,8.4,72.9,4,5,No,Low,No,1,6,88.6,Visual,69.8,C
11788,23,Female,10.2,93.0,5,6,No,High,Yes,2,1,48.9,Reading/Writing,79.3,B
11789,29,Male,6.8,90.8,8,1,No,High,No,4,9,92.1,Reading/Writing,98.5,A
11790,26,Male,18.8,79.7,4,2,Yes,Low,No,1,4,77.1,Reading/Writing,100,A
11791,19,Female,9.4,70.0,2,3,Yes,Low,No,2,10,56.7,Auditory,68.4,C
11792,21,Female,15.1,57.1,2,1,Yes,Low,No,2,1,90.0,Visual,90.2,A
11793,23,Male,5.9,59.9,10,2,No,Low,No,0,10,74.3,Auditory,76.5,B
11794,28,Female,18.5,58.1,5,9,Yes,Low,No,0,3,73.5,Kinesthetic,83.6,B
11795,19,Female,20.0,86.5,6,4,No,Low,No,2,4,49.8,Reading/Writing,91.6,A
11796,28,Female,12.0,66.2,4,10,Yes,Low,Yes,5,1,98.0,Auditory,75.9,B
11797,19,Male,16.4,95.9,10,10,Yes,High,No,4,7,56.2,Visual,100,A
11798,24,Male,13.5,75.5,1,2,Yes,High,Yes,3,2,63.8,Auditory,81.6,B
11799,19,Female,13.5,94.5,4,6,No,High,No,4,2,57.8,Kinesthetic,92.1,A
11800,20,Male,17.6,65.5,8,10,No,High,Yes,4,4,81.5,Visual,93.0,A
11801,20,Male,15.0,94.2,5,7,No,Low,Yes,0,10,53.3,Kinesthetic,81.6,B
11802,26,Female,10.0,68.7,8,4,Yes,High,Yes,1,8,60.9,Visual,80.8,B
11803,23,Male,6.3,83.8,3,1,Yes,High,Yes,0,9,59.0,Reading/Writing,82.1,B
11804,20,Female,7.6,99.2,3,4,Yes,High,No,1,8,42.3,Kinesthetic,83.7,B
11805,30,Male,13.8,65.1,5,10,Yes,Low,No,0,10,48.2,Reading/Writing,74.1,C
11806,24,Female,14.7,62.9,4,9,No,High,Yes,1,3,82.1,Reading/Writing,76.5,B
11807,29,Male,3.1,98.3,9,10,Yes,High,No,1,1,84.6,Reading/Writing,77.2,B
11808,29,Male,16.6,72.3,1,8,Yes,High,No,3,8,79.6,Reading/Writing,94.2,A
11809,21,Male,12.7,76.0,7,10,Yes,Low,Yes,1,3,49.4,Visual,86.5,B
11810,21,Female,16.4,55.6,10,5,No,High,No,3,8,83.6,Auditory,100,A
11811,27,Female,17.8,52.1,2,8,Yes,Low,No,2,6,91.5,Visual,83.2,B
11812,19,Female,13.8,90.4,6,2,No,Low,No,0,4,43.8,Kinesthetic,79.4,B
11813,25,Male,3.8,57.1,7,4,Yes,Low,No,5,2,56.3,Reading/Writing,60.8,C
11814,27,Male,9.0,56.6,1,9,No,Low,No,4,9,69.2,Reading/Writing,63.6,C
11815,22,Female,9.4,71.2,4,9,No,High,No,4,6,56.0,Kinesthetic,67.1,C
11816,20,Female,14.4,64.0,3,6,No,High,Yes,2,8,81.5,Reading/Writing,79.9,B
11817,24,Female,2.4,54.7,3,6,Yes,Low,Yes,1,6,74.0,Kinesthetic,56.9,D
11818,27,Male,6.5,98.2,3,7,Yes,High,Yes,5,9,58.3,Visual,79.9,B
11819,22,Female,18.8,83.2,9,6,No,Low,No,2,7,78.1,Reading/Writing,98.1,A
11820,23,Female,2.7,55.3,7,9,No,High,Yes,0,5,63.6,Kinesthetic,52.4,D
11821,29,Male,15.7,80.3,8,5,Yes,Low,Yes,2,8,54.9,Auditory,98.8,A
11822,29,Female,3.0,99.7,8,10,Yes,Low,No,5,1,56.3,Auditory,68.7,C
11823,21,Female,12.2,95.7,8,8,Yes,Low,Yes,2,10,41.1,Kinesthetic,84.7,B
11824,20,Female,16.5,87.4,1,6,Yes,High,Yes,5,1,76.7,Kinesthetic,95.6,A
11825,25,Male,18.4,76.8,6,2,No,Low,No,0,0,77.7,Visual,89.0,B
11826,28,Female,6.6,62.7,3,5,No,High,Yes,1,7,66.1,Reading/Writing,67.2,C
11827,18,Male,12.4,89.1,3,8,No,High,Yes,3,1,95.1,Kinesthetic,94.2,A
11828,29,Female,17.4,64.6,10,4,Yes,Low,Yes,3,0,74.9,Visual,100,A
11829,19,Male,19.3,96.5,6,9,No,Low,No,5,6,81.2,Kinesthetic,100,A
11830,20,Female,15.6,85.6,5,2,Yes,Low,No,5,7,91.5,Visual,100,A
11831,19,Female,11.4,68.4,5,8,Yes,High,No,5,4,86.8,Auditory,91.6,A
11832,29,Male,4.3,98.7,1,5,Yes,High,Yes,3,1,77.2,Visual,70.3,C
11833,19,Female,10.4,70.8,2,8,No,High,No,2,6,98.4,Kinesthetic,74.9,C
11834,25,Male,3.6,90.3,7,4,No,Low,Yes,3,2,56.4,Auditory,62.7,C
11835,28,Male,2.4,51.4,1,8,No,Low,Yes,2,10,41.5,Auditory,50.2,D
11836,21,Male,2.7,62.4,10,3,No,High,No,1,6,41.2,Auditory,74.8,C
11837,25,Female,11.3,82.4,3,8,Yes,High,No,0,7,40.3,Visual,77.1,B
11838,21,Male,16.9,89.2,2,9,No,High,No,1,8,97.2,Visual,100,A
11839,21,Male,13.6,93.3,1,4,No,Low,No,3,6,97.7,Reading/Writing,94.5,A
11840,19,Female,15.1,97.2,1,5,No,Low,Yes,3,5,77.7,Kinesthetic,91.7,A
11841,19,Female,12.6,59.4,9,4,Yes,Low,No,0,5,44.4,Reading/Writing,77.1,B
11842,27,Male,18.4,72.1,9,9,No,High,Yes,4,9,61.6,Kinesthetic,97.5,A
11843,27,Male,13.3,91.0,2,3,No,High,No,2,0,60.0,Auditory,83.8,B
11844,19,Male,13.9,89.4,4,5,Yes,Low,No,2,6,65.9,Visual,94.3,A
11845,22,Male,2.6,87.3,4,10,Yes,High,No,0,2,90.7,Visual,69.1,C
11846,28,Male,6.3,85.9,7,4,No,Low,No,4,2,51.4,Reading/Writing,74.5,C
11847,27,Male,15.5,67.0,5,3,No,High,No,5,7,73.4,Visual,95.0,A
11848,21,Female,7.8,86.2,6,5,Yes,Low,No,2,3,99.5,Visual,84.0,B
11849,26,Male,17.8,81.1,3,5,Yes,Low,Yes,3,0,84.0,Auditory,95.3,A
11850,22,Female,8.8,90.7,2,8,No,Low,No,0,10,61.3,Kinesthetic,66.6,C
11851,22,Male,8.2,50.0,10,7,No,High,Yes,4,6,42.5,Auditory,71.8,C
11852,27,Female,15.8,75.3,3,5,Yes,Low,Yes,2,10,97.6,Visual,88.2,B
11853,25,Male,17.8,91.2,9,9,No,Low,Yes,4,0,66.3,Reading/Writing,90.1,A
11854,21,Female,16.1,70.7,4,8,Yes,High,Yes,4,8,99.1,Visual,100,A
11855,28,Male,14.1,74.1,5,10,No,Low,Yes,0,5,80.2,Auditory,86.8,B
11856,24,Male,19.8,54.2,7,10,No,Low,No,2,6,89.2,Reading/Writing,93.0,A
11857,23,Female,12.7,67.2,7,4,No,High,Yes,0,8,49.0,Auditory,79.5,B
11858,21,Male,8.3,86.9,9,7,Yes,Low,No,3,3,99.7,Reading/Writing,93.6,A
11859,23,Male,3.0,89.1,9,6,No,Low,Yes,5,10,92.3,Reading/Writing,79.3,B
11860,24,Male,14.4,66.4,5,10,Yes,Low,No,1,7,48.5,Visual,84.0,B
11861,25,Male,18.5,54.0,10,2,No,High,Yes,3,10,42.4,Auditory,98.4,A
11862,27,Male,19.1,95.0,9,4,No,High,No,2,1,47.8,Auditory,100,A
11863,23,Female,1.2,70.1,8,9,Yes,Low,Yes,4,1,94.6,Visual,67.4,C
11864,18,Female,19.3,93.1,9,8,Yes,Low,Yes,3,7,90.3,Reading/Writing,100,A
11865,18,Male,3.7,86.0,6,10,Yes,High,Yes,2,4,46.1,Auditory,74.3,C
11866,26,Male,15.4,83.2,3,8,No,Low,No,1,2,93.3,Reading/Writing,83.9,B
11867,26,Female,17.5,78.6,9,4,No,Low,Yes,3,4,59.7,Auditory,100,A
11868,24,Female,19.6,71.2,8,1,Yes,High,No,2,1,53.4,Auditory,100,A
11869,27,Male,5.5,89.1,5,4,Yes,High,Yes,2,4,75.1,Reading/Writing,76.6,B
11870,27,Female,3.9,61.1,6,3,No,Low,Yes,2,0,82.2,Visual,63.1,C
11871,26,Male,4.8,73.8,7,6,No,Low,Yes,1,9,40.6,Auditory,70.3,C
11872,19,Male,6.3,99.3,2,1,No,Low,Yes,3,1,88.4,Reading/Writing,76.9,B
11873,24,Female,19.7,86.2,1,2,Yes,High,Yes,4,5,84.6,Kinesthetic,100,A
11874,27,Male,3.0,67.7,7,4,Yes,High,No,3,1,62.4,Reading/Writing,71.1,C
11875,18,Female,7.5,72.2,1,2,Yes,Low,No,0,4,61.7,Auditory,72.3,C
11876,22,Female,7.1,85.8,3,8,No,High,Yes,1,0,68.7,Reading/Writing,79.2,B
11877,21,Male,17.7,95.4,4,8,No,Low,No,1,9,59.3,Visual,88.5,B
11878,30,Male,6.4,51.7,3,3,Yes,High,Yes,3,5,77.1,Visual,70.7,C
11879,20,Female,17.4,76.3,6,1,No,High,Yes,4,9,80.0,Visual,100,A
11880,22,Female,1.2,98.5,1,4,No,High,Yes,4,0,66.7,Visual,70.1,C
11881,30,Female,5.2,91.6,6,3,No,High,No,2,8,97.7,Visual,84.9,B
11882,30,Male,6.8,89.6,9,2,Yes,Low,No,1,3,89.0,Reading/Writing,87.8,B
11883,25,Female,3.2,76.3,1,6,Yes,High,No,1,5,63.5,Auditory,73.1,C
11884,26,Male,12.5,73.4,2,2,No,High,Yes,1,8,46.6,Visual,80.8,B
11885,25,Female,16.6,96.2,8,6,No,High,Yes,1,3,73.6,Auditory,96.7,A
11886,28,Male,6.8,67.1,8,9,No,High,Yes,2,8,54.4,Auditory,80.5,B
11887,20,Male,5.1,92.2,5,9,No,Low,Yes,1,6,59.1,Auditory,62.2,C
11888,29,Male,16.0,93.1,7,7,Yes,High,No,0,5,95.2,Kinesthetic,100,A
11889,28,Female,15.7,57.3,5,5,Yes,Low,Yes,2,3,44.4,Reading/Writing,84.7,B
11890,18,Male,17.6,88.0,7,3,No,Low,Yes,2,5,53.1,Auditory,99.0,A
11891,25,Male,1.3,85.9,5,8,No,Low,Yes,3,0,82.0,Visual,55.9,D
11892,29,Male,7.1,61.1,8,10,No,High,No,2,10,91.0,Auditory,81.8,B
11893,20,Male,19.7,74.8,10,4,Yes,High,Yes,0,5,83.3,Kinesthetic,100,A
11894,28,Female,14.1,60.6,5,7,No,High,Yes,3,3,41.0,Reading/Writing,80.7,B
11895,21,Female,10.6,89.8,8,10,Yes,High,No,2,1,70.4,Visual,82.2,B
11896,25,Male,8.4,93.2,7,2,No,High,No,4,3,99.1,Reading/Writing,87.8,B
11897,28,Female,8.3,74.6,7,4,No,Low,No,1,5,85.6,Visual,77.6,B
11898,25,Female,17.0,95.9,7,1,No,High,Yes,5,4,49.7,Auditory,100,A
11899,24,Female,15.1,75.0,1,8,No,Low,Yes,5,6,77.8,Reading/Writing,78.6,B
11900,29,Female,19.6,53.0,9,7,No,High,No,5,9,64.5,Reading/Writing,97.6,A
11901,18,Male,7.3,87.3,1,3,No,High,Yes,4,0,51.7,Auditory,67.8,C
11902,30,Male,10.9,68.3,4,3,No,High,No,0,9,70.7,Visual,77.0,B
11903,27,Male,17.9,65.9,3,3,No,Low,No,4,0,69.2,Kinesthetic,86.7,B
11904,19,Male,1.7,55.3,1,7,Yes,High,No,5,5,74.5,Reading/Writing,53.5,D
11905,18,Female,1.4,67.5,2,8,Yes,High,No,1,3,95.8,Auditory,57.8,D
11906,25,Female,8.4,71.4,9,10,No,Low,No,5,2,41.2,Visual,66.0,C
11907,19,Male,1.0,67.5,9,7,Yes,High,Yes,2,3,55.8,Reading/Writing,66.0,C
11908,27,Female,10.7,60.1,1,5,Yes,Low,No,5,6,62.4,Auditory,65.2,C
11909,18,Female,19.7,85.3,4,1,Yes,High,No,2,6,95.9,Auditory,100,A
11910,22,Male,18.6,73.0,7,5,Yes,High,Yes,1,10,42.5,Reading/Writing,100,A
11911,30,Male,18.2,76.2,5,7,Yes,Low,No,4,1,95.4,Auditory,95.8,A
11912,22,Female,5.5,75.3,9,6,Yes,Low,Yes,3,8,67.8,Auditory,80.4,B
11913,18,Male,8.0,76.1,6,6,Yes,High,No,0,4,75.5,Auditory,88.0,B
11914,28,Male,9.5,54.3,3,9,No,Low,Yes,3,8,40.3,Auditory,62.3,C
11915,29,Male,15.1,99.0,4,7,No,Low,Yes,5,8,55.2,Visual,82.5,B
11916,19,Male,5.9,50.4,2,5,Yes,High,Yes,4,10,89.9,Kinesthetic,70.2,C
11917,22,Male,2.2,59.5,6,6,Yes,High,Yes,2,5,76.2,Auditory,74.0,C
11918,21,Male,4.6,90.7,5,10,Yes,Low,No,4,8,66.0,Reading/Writing,67.5,C
11919,22,Male,13.0,88.5,4,6,Yes,High,No,4,10,98.9,Kinesthetic,100,A
11920,22,Female,19.1,73.3,7,1,Yes,High,Yes,0,5,70.0,Auditory,100,A
11921,21,Female,16.0,90.5,10,1,Yes,High,Yes,0,5,69.4,Visual,100,A
11922,26,Male,10.2,73.9,9,6,Yes,Low,No,2,1,61.6,Visual,80.1,B
11923,25,Female,18.3,75.7,4,10,Yes,High,Yes,1,10,68.7,Reading/Writing,98.1,A
11924,20,Male,13.5,94.6,2,3,No,Low,Yes,3,10,98.1,Kinesthetic,93.3,A
11925,25,Female,18.0,56.0,9,1,Yes,Low,No,3,7,82.2,Visual,95.6,A
11926,21,Male,15.7,69.9,10,5,No,High,No,4,10,84.8,Auditory,99.2,A
11927,26,Female,5.2,50.4,7,10,No,Low,No,2,7,71.0,Kinesthetic,54.1,D
11928,23,Female,16.5,91.3,4,6,No,Low,No,4,2,85.9,Kinesthetic,92.4,A
11929,21,Male,8.0,96.4,3,4,Yes,Low,No,3,10,82.5,Visual,86.7,B
11930,26,Female,17.7,68.1,8,5,Yes,High,Yes,0,2,72.3,Visual,100,A
11931,29,Female,2.9,53.6,6,5,No,High,Yes,2,9,89.3,Visual,69.6,C
11932,30,Male,16.2,93.9,4,9,No,Low,No,4,0,53.3,Kinesthetic,87.1,B
11933,24,Female,19.7,82.1,4,4,No,High,No,5,10,63.4,Kinesthetic,99.0,A
11934,18,Female,13.8,69.2,8,6,No,Low,No,2,5,57.4,Visual,89.7,B
11935,28,Female,2.1,93.7,4,4,No,Low,No,3,10,43.9,Auditory,69.9,C
11936,22,Male,11.7,54.8,2,8,No,Low,No,1,2,58.3,Reading/Writing,57.6,D
11937,24,Male,13.5,54.9,6,3,No,Low,No,4,4,68.6,Kinesthetic,80.0,B
11938,22,Female,17.8,68.4,7,6,No,High,Yes,2,6,76.0,Visual,97.1,A
11939,21,Male,15.0,98.1,10,5,No,High,No,3,0,98.1,Kinesthetic,100,A
11940,25,Male,6.6,66.0,3,3,Yes,Low,Yes,5,7,89.2,Reading/Writing,78.0,B
11941,26,Female,7.3,56.9,10,3,Yes,High,Yes,3,4,89.4,Kinesthetic,88.5,B
11942,21,Male,16.3,64.7,3,4,No,High,No,3,4,97.0,Auditory,85.4,B
11943,23,Male,4.8,75.4,4,2,No,High,No,2,2,56.2,Auditory,65.2,C
11944,25,Female,18.3,71.2,6,2,No,Low,Yes,0,3,52.1,Visual,88.8,B
11945,19,Female,10.3,50.6,2,6,No,Low,Yes,0,4,95.3,Reading/Writing,72.8,C
11946,25,Female,17.1,90.7,5,7,Yes,Low,No,2,1,86.9,Auditory,100,A
11947,23,Female,12.4,91.7,7,6,Yes,High,Yes,0,3,77.4,Reading/Writing,98.7,A
11948,30,Female,12.7,89.8,2,5,No,High,No,1,9,87.1,Auditory,84.6,B
11949,24,Male,3.0,98.4,4,4,No,High,No,2,6,62.3,Visual,72.2,C
11950,24,Male,8.5,78.4,6,8,Yes,High,Yes,0,2,99.3,Auditory,91.5,A
11951,19,Male,3.7,53.0,6,3,No,High,Yes,4,4,63.0,Visual,73.9,C
11952,23,Female,13.9,62.1,10,3,No,Low,No,0,7,60.2,Auditory,85.4,B
11953,20,Female,19.2,94.8,4,1,Yes,Low,Yes,2,2,51.1,Visual,98.7,A
11954,21,Male,18.4,84.1,8,9,Yes,Low,Yes,0,5,57.2,Reading/Writing,100,A
11955,27,Male,4.7,60.8,10,5,Yes,Low,Yes,2,5,91.8,Reading/Writing,79.9,B
11956,18,Male,7.8,59.4,2,6,Yes,High,Yes,2,7,72.6,Kinesthetic,78.2,B
11957,21,Male,19.0,96.8,5,9,No,Low,No,3,2,96.1,Reading/Writing,93.2,A
11958,19,Female,15.5,93.9,2,9,No,Low,No,5,0,53.8,Visual,82.6,B
11959,29,Male,2.5,85.0,1,5,Yes,Low,No,5,8,85.9,Kinesthetic,76.6,B
11960,27,Male,12.5,93.2,2,9,No,High,Yes,5,7,46.7,Auditory,83.7,B
11961,22,Male,18.0,63.9,7,2,No,High,Yes,1,8,75.6,Auditory,93.6,A
11962,18,Female,13.3,93.7,4,9,No,High,Yes,0,7,86.9,Kinesthetic,89.9,B
11963,20,Female,10.0,66.6,5,6,Yes,Low,Yes,2,9,79.9,Auditory,72.4,C
11964,20,Female,5.5,85.8,8,9,No,Low,No,0,3,52.2,Reading/Writing,68.1,C
11965,29,Female,2.0,73.7,9,8,Yes,Low,Yes,2,0,47.4,Reading/Writing,64.2,C
11966,20,Female,11.9,93.6,7,10,Yes,Low,No,5,5,50.4,Kinesthetic,88.4,B
11967,23,Female,15.4,53.6,1,4,Yes,Low,Yes,3,0,68.4,Auditory,75.0,B
11968,22,Female,19.6,90.0,8,2,Yes,Low,Yes,5,5,69.4,Reading/Writing,100,A
11969,26,Female,11.0,53.7,1,2,Yes,Low,No,5,10,59.8,Auditory,75.4,B
11970,18,Female,9.8,66.0,5,5,Yes,High,Yes,2,10,83.2,Visual,79.0,B
11971,29,Male,10.3,82.8,8,9,No,High,No,4,0,61.3,Kinesthetic,83.5,B
11972,26,Male,18.3,76.5,8,6,No,High,Yes,2,5,77.6,Reading/Writing,100,A
11973,30,Male,8.5,69.1,2,2,Yes,Low,No,5,8,77.8,Kinesthetic,73.0,C
11974,21,Female,9.5,83.5,1,8,Yes,Low,Yes,3,0,59.2,Reading/Writing,72.7,C
11975,27,Female,3.3,74.3,2,7,No,Low,Yes,3,2,84.3,Visual,52.9,D
11976,20,Female,18.0,97.4,7,2,Yes,Low,No,0,8,76.3,Auditory,100,A
11977,25,Female,17.4,50.4,3,7,No,High,Yes,3,5,73.0,Reading/Writing,85.2,B
11978,21,Male,4.6,80.5,9,1,No,Low,Yes,4,7,46.4,Kinesthetic,81.4,B
11979,26,Female,2.7,82.5,3,6,No,High,Yes,0,0,75.1,Auditory,60.2,C
11980,21,Male,4.5,59.9,7,3,Yes,Low,No,4,7,98.9,Kinesthetic,80.6,B
11981,26,Female,8.4,92.4,3,7,No,High,No,4,3,76.2,Auditory,82.0,B
11982,27,Female,10.4,90.5,7,3,No,High,No,4,2,48.5,Reading/Writing,80.7,B
11983,28,Male,13.1,73.2,3,3,No,Low,Yes,3,1,78.6,Kinesthetic,73.1,C
11984,29,Male,15.4,79.0,1,9,Yes,Low,Yes,3,2,65.4,Kinesthetic,79.0,B
11985,23,Male,19.1,99.0,3,6,No,Low,Yes,0,8,58.6,Reading/Writing,92.9,A
11986,22,Female,14.2,75.4,2,2,Yes,Low,Yes,5,6,60.7,Visual,87.6,B
11987,19,Male,13.3,59.4,10,6,Yes,High,No,1,7,99.0,Auditory,98.9,A
11988,23,Male,4.1,98.1,7,5,Yes,Low,No,0,9,64.7,Auditory,77.5,B
11989,22,Male,10.7,61.1,3,9,Yes,Low,No,0,5,66.2,Reading/Writing,65.5,C
11990,19,Male,3.5,78.7,1,10,No,High,No,4,5,64.0,Kinesthetic,57.3,D
11991,20,Male,17.5,84.8,5,1,No,Low,Yes,0,5,50.9,Visual,93.3,A
11992,30,Female,12.7,59.9,8,7,Yes,Low,Yes,5,5,86.9,Reading/Writing,93.3,A
11993,26,Male,13.6,93.3,9,1,No,Low,No,1,0,71.1,Visual,96.6,A
11994,24,Male,12.4,54.4,5,2,No,Low,Yes,1,3,88.5,Auditory,81.1,B
11995,29,Male,5.2,64.8,6,1,No,High,Yes,1,6,73.0,Auditory,81.2,B
11996,18,Male,1.2,68.5,8,4,Yes,High,No,0,7,72.8,Auditory,78.8,B
11997,21,Male,15.7,84.8,10,5,No,High,No,4,10,60.7,Visual,96.3,A
11998,21,Female,4.1,65.4,9,6,No,High,No,3,3,73.8,Auditory,68.9,C
11999,24,Female,8.3,96.3,1,3,No,High,Yes,0,1,66.8,Reading/Writing,71.8,C
12000,26,Male,17.9,75.3,6,6,Yes,Low,No,1,7,90.4,Kinesthetic,100,A
12001,25,Male,8.7,97.9,6,6,No,Low,Yes,2,3,93.1,Visual,84.0,B
12002,29,Female,15.8,84.8,10,4,No,High,Yes,0,6,61.6,Visual,100,A
12003,22,Male,2.2,86.8,6,5,No,Low,No,1,9,69.4,Kinesthetic,72.0,C
12004,22,Female,2.0,59.5,5,7,No,Low,No,4,4,74.5,Visual,49.3,F
12005,25,Female,4.0,55.0,5,10,No,Low,Yes,3,3,86.3,Visual,62.1,C
12006,26,Male,15.7,68.6,5,2,Yes,High,No,0,1,65.8,Visual,99.1,A
12007,27,Female,14.3,80.4,10,5,No,High,Yes,1,5,92.1,Kinesthetic,100,A
12008,27,Male,3.7,95.9,7,8,Yes,High,No,1,8,77.5,Visual,84.2,B
12009,19,Female,3.0,53.9,7,5,Yes,High,No,1,3,69.0,Kinesthetic,62.0,C
12010,18,Male,2.6,67.8,6,3,No,Low,Yes,1,2,62.9,Kinesthetic,62.8,C
12011,30,Female,9.8,69.8,10,5,Yes,Low,Yes,4,0,41.5,Reading/Writing,80.5,B
12012,22,Female,8.1,85.3,8,1,No,High,No,2,0,70.1,Reading/Writing,86.9,B
12013,25,Male,8.3,63.8,3,7,Yes,High,Yes,3,6,54.4,Visual,66.6,C
12014,19,Male,11.4,65.5,1,9,No,Low,Yes,1,8,78.0,Auditory,65.5,C
12015,25,Female,16.2,62.8,4,10,Yes,High,Yes,0,0,98.8,Reading/Writing,96.1,A
12016,18,Female,14.3,97.7,7,5,No,High,Yes,3,0,80.6,Visual,99.1,A
12017,26,Female,8.1,81.8,10,1,Yes,Low,No,0,0,43.0,Reading/Writing,77.2,B
12018,23,Female,1.0,56.5,8,9,No,Low,No,4,5,93.9,Auditory,66.6,C
12019,26,Male,8.1,56.7,2,7,Yes,High,Yes,0,10,56.1,Visual,66.2,C
12020,29,Male,18.0,83.8,2,7,Yes,High,Yes,3,6,60.5,Auditory,94.1,A
12021,30,Female,14.9,75.1,10,4,Yes,Low,Yes,4,8,82.4,Auditory,100,A
12022,29,Female,12.2,67.4,5,5,No,Low,Yes,5,5,99.7,Reading/Writing,84.2,B
12023,19,Female,17.5,94.1,8,10,Yes,Low,Yes,4,4,92.1,Auditory,100,A
12024,23,Male,9.8,54.4,9,5,No,Low,Yes,0,9,95.4,Reading/Writing,73.5,C
12025,18,Male,11.6,89.6,4,9,No,Low,Yes,1,10,58.4,Reading/Writing,74.7,C
12026,26,Female,14.4,56.8,8,8,Yes,Low,Yes,4,4,43.6,Kinesthetic,84.3,B
12027,30,Male,11.3,71.3,7,4,Yes,Low,Yes,4,6,74.3,Visual,93.6,A
12028,24,Male,14.5,65.7,8,1,Yes,Low,Yes,3,7,54.8,Visual,91.4,A
12029,21,Male,17.5,89.5,6,2,Yes,High,No,0,9,92.5,Kinesthetic,100,A
12030,21,Female,5.2,58.8,8,10,No,Low,Yes,4,1,45.4,Kinesthetic,60.0,C
12031,23,Female,4.0,86.6,2,5,Yes,High,Yes,4,4,64.3,Auditory,80.8,B
12032,29,Male,3.6,86.3,1,10,No,High,Yes,4,0,97.9,Kinesthetic,60.6,C
12033,22,Male,11.1,67.0,7,10,Yes,High,Yes,0,8,69.6,Visual,87.6,B
12034,24,Male,14.2,69.4,3,1,No,High,Yes,5,4,79.3,Kinesthetic,82.9,B
12035,24,Female,2.7,86.3,7,7,No,High,Yes,1,3,67.2,Reading/Writing,64.0,C
12036,18,Female,18.4,67.1,9,2,No,Low,Yes,1,6,97.3,Reading/Writing,94.9,A
12037,23,Male,19.7,83.5,1,3,No,Low,No,4,6,55.4,Kinesthetic,91.9,A
12038,22,Female,15.5,59.9,7,4,No,High,No,3,0,40.9,Auditory,81.9,B
12039,18,Female,6.0,95.5,8,8,No,High,No,0,8,94.9,Kinesthetic,91.2,A
12040,30,Female,11.8,85.8,4,9,No,Low,No,2,3,42.3,Kinesthetic,80.7,B
12041,21,Female,9.6,73.8,2,8,No,High,Yes,2,5,52.4,Visual,77.6,B
12042,24,Female,7.1,90.5,8,7,No,High,No,1,8,99.6,Visual,89.8,B
12043,20,Male,2.0,59.3,10,8,Yes,Low,Yes,4,9,80.0,Auditory,73.3,C
12044,28,Male,19.0,82.8,4,8,No,Low,Yes,5,8,53.1,Visual,85.8,B
12045,26,Male,6.1,68.1,5,8,No,Low,No,1,4,51.9,Kinesthetic,66.8,C
12046,27,Female,12.1,74.2,1,7,Yes,Low,Yes,0,2,72.8,Visual,68.5,C
12047,26,Female,4.2,71.4,1,4,No,High,No,5,9,94.3,Reading/Writing,76.0,B
12048,24,Female,15.5,65.8,6,3,No,Low,Yes,2,7,62.3,Visual,88.4,B
12049,24,Male,14.0,55.1,7,3,No,Low,No,5,6,47.1,Auditory,74.5,C
12050,21,Male,15.4,65.8,9,10,Yes,High,Yes,1,1,64.6,Visual,85.1,B
12051,25,Male,18.8,73.2,2,5,Yes,High,Yes,1,2,65.8,Visual,92.0,A
12052,30,Male,5.1,81.6,8,3,No,High,No,0,0,74.5,Reading/Writing,74.2,C
12053,24,Female,4.4,80.3,2,1,No,High,Yes,4,7,91.8,Auditory,72.4,C
12054,20,Female,1.7,66.0,1,4,Yes,High,Yes,5,5,86.7,Visual,60.8,C
12055,27,Female,1.1,88.8,2,3,Yes,Low,No,5,7,65.3,Reading/Writing,62.7,C
12056,30,Male,10.3,75.4,2,6,No,High,Yes,3,3,43.2,Auditory,79.4,B
12057,23,Female,4.3,53.7,7,10,No,Low,Yes,5,8,90.6,Reading/Writing,60.0,C
12058,27,Male,2.1,57.1,3,5,Yes,Low,No,1,6,57.5,Kinesthetic,52.9,D
12059,29,Female,6.7,57.6,3,10,Yes,High,No,0,0,90.1,Reading/Writing,66.8,C
12060,21,Female,8.2,59.7,3,10,Yes,High,No,5,6,75.2,Kinesthetic,67.9,C
12061,18,Male,1.4,98.1,9,7,Yes,High,No,3,2,42.8,Kinesthetic,84.1,B
12062,19,Male,10.9,95.5,8,6,No,High,Yes,5,6,68.3,Reading/Writing,95.2,A
12063,20,Female,10.6,76.9,10,4,Yes,Low,No,4,1,79.0,Kinesthetic,93.1,A
12064,30,Male,1.9,93.0,10,2,No,High,No,2,4,40.2,Auditory,82.6,B
12065,18,Male,6.6,92.0,2,6,No,High,Yes,4,6,94.0,Visual,81.1,B
12066,22,Male,1.2,55.9,6,1,Yes,High,Yes,5,8,78.9,Reading/Writing,69.1,C
12067,20,Male,4.4,94.5,5,8,No,Low,No,5,9,45.9,Kinesthetic,68.0,C
12068,22,Male,6.8,76.0,6,2,No,Low,Yes,3,7,79.4,Reading/Writing,79.0,B
12069,27,Male,17.7,86.5,2,4,No,High,Yes,2,4,64.5,Kinesthetic,100,A
12070,28,Female,15.1,67.6,3,3,No,High,Yes,0,9,49.0,Auditory,88.4,B
12071,22,Male,8.1,80.7,6,1,No,High,No,5,2,89.0,Reading/Writing,92.8,A
12072,18,Female,2.7,57.0,8,8,Yes,Low,Yes,4,3,77.2,Visual,65.0,C
12073,20,Male,16.9,68.9,5,2,Yes,High,No,4,6,53.2,Visual,100,A
12074,21,Female,19.5,84.5,10,2,No,High,No,2,6,87.4,Kinesthetic,100,A
12075,18,Female,14.7,91.3,9,9,No,Low,No,5,9,99.0,Reading/Writing,100,A
12076,19,Female,6.0,98.7,7,4,No,High,Yes,3,2,85.3,Reading/Writing,88.3,B
12077,22,Male,14.1,93.7,5,8,Yes,High,Yes,0,2,87.4,Reading/Writing,100,A
12078,18,Female,6.5,58.8,8,5,No,High,Yes,5,9,72.1,Kinesthetic,74.4,C
12079,21,Male,16.6,73.1,4,2,Yes,Low,No,5,2,78.4,Kinesthetic,86.8,B
12080,26,Female,16.4,75.4,8,9,Yes,High,No,3,9,89.0,Auditory,99.6,A
12081,29,Male,10.7,88.3,5,7,Yes,High,No,0,0,52.2,Visual,75.8,B
12082,21,Male,14.3,61.1,6,9,Yes,High,Yes,1,3,97.7,Visual,95.6,A
12083,18,Male,3.0,65.1,5,7,No,High,Yes,3,1,96.2,Reading/Writing,65.6,C
12084,26,Female,7.3,89.0,10,4,Yes,High,No,2,9,86.1,Kinesthetic,100,A
12085,25,Male,12.8,79.4,6,10,No,Low,No,2,8,93.0,Auditory,79.4,B
12086,27,Female,10.7,89.0,2,4,No,Low,Yes,0,8,84.2,Visual,82.7,B
12087,25,Female,14.6,81.0,4,6,Yes,Low,No,5,1,92.3,Kinesthetic,98.9,A
12088,28,Female,11.5,81.2,5,4,Yes,Low,Yes,4,5,64.6,Kinesthetic,82.2,B
12089,18,Female,10.5,96.0,9,10,Yes,Low,No,2,8,87.5,Auditory,87.0,B
12090,23,Female,19.7,96.9,6,10,Yes,High,Yes,3,6,67.4,Reading/Writing,100,A
12091,24,Male,4.2,95.9,10,4,Yes,Low,No,2,2,73.2,Auditory,82.1,B
12092,30,Male,19.3,81.3,1,3,Yes,High,No,3,4,85.0,Kinesthetic,98.6,A
12093,29,Female,14.9,75.4,8,6,No,High,Yes,0,5,86.7,Reading/Writing,94.5,A
12094,18,Female,15.3,66.5,10,1,Yes,High,Yes,0,5,67.4,Visual,100,A
12095,29,Male,6.0,55.9,2,10,Yes,High,No,2,0,63.3,Kinesthetic,59.6,D
12096,28,Male,17.2,81.1,1,7,No,High,Yes,1,7,42.7,Kinesthetic,77.3,B
12097,18,Male,6.8,83.0,3,3,No,Low,Yes,4,7,85.2,Reading/Writing,75.5,B
12098,21,Female,15.9,87.9,9,10,Yes,High,No,3,4,61.2,Kinesthetic,99.4,A
12099,30,Female,13.7,76.7,9,5,No,Low,Yes,1,2,75.0,Kinesthetic,86.5,B
12100,21,Female,1.8,97.7,6,10,No,High,Yes,1,8,51.1,Reading/Writing,67.3,C
12101,28,Male,1.3,91.9,3,6,No,High,Yes,4,9,48.9,Visual,62.1,C
12102,20,Male,11.9,62.3,10,6,Yes,High,Yes,2,3,45.3,Visual,85.5,B
12103,28,Female,9.0,87.2,8,4,Yes,High,No,1,7,45.1,Visual,96.9,A
12104,22,Male,17.9,58.4,8,9,Yes,High,No,4,0,73.9,Kinesthetic,94.7,A
12105,22,Male,15.8,74.9,8,3,Yes,Low,No,4,6,57.6,Reading/Writing,97.7,A
12106,27,Female,9.6,68.6,9,10,Yes,Low,No,2,3,43.3,Reading/Writing,72.9,C
12107,28,Female,18.9,97.4,6,4,Yes,High,Yes,0,8,99.8,Kinesthetic,100,A
12108,20,Female,10.9,71.0,1,9,No,Low,Yes,0,0,70.5,Reading/Writing,72.5,C
12109,19,Female,16.9,78.5,4,2,No,High,No,1,10,62.8,Reading/Writing,98.7,A
12110,24,Male,8.4,55.7,2,10,Yes,Low,Yes,1,6,62.5,Auditory,57.8,D
12111,23,Female,14.7,66.6,10,1,Yes,High,No,2,3,49.5,Visual,91.2,A
12112,24,Female,11.3,99.5,10,8,No,High,No,3,10,61.1,Kinesthetic,100,A
12113,20,Female,1.7,91.3,10,9,Yes,Low,Yes,4,4,77.0,Reading/Writing,82.2,B
12114,19,Male,15.8,81.0,2,5,Yes,High,Yes,5,4,44.2,Visual,83.8,B
12115,27,Female,14.6,58.8,1,1,No,Low,No,0,2,51.7,Auditory,73.2,C
12116,29,Female,10.7,89.4,3,1,Yes,Low,Yes,4,1,49.3,Kinesthetic,78.9,B
12117,21,Female,18.4,86.4,10,7,No,Low,Yes,2,3,51.5,Auditory,95.0,A
12118,27,Female,4.9,97.3,3,1,No,High,Yes,2,7,57.2,Kinesthetic,77.2,B
12119,26,Male,5.9,53.8,10,9,No,High,No,2,9,79.8,Reading/Writing,77.7,B
12120,22,Male,13.4,81.7,3,3,Yes,High,No,2,2,97.8,Auditory,92.3,A
12121,27,Male,13.2,79.8,3,1,Yes,Low,Yes,5,8,73.1,Visual,97.5,A
12122,20,Male,16.1,87.1,3,6,Yes,Low,Yes,2,9,85.8,Kinesthetic,99.7,A
12123,19,Female,7.9,88.7,7,10,No,Low,Yes,1,5,50.4,Kinesthetic,76.0,B
12124,24,Female,8.7,75.3,8,2,No,Low,No,1,7,61.2,Auditory,73.5,C
12125,18,Female,17.8,90.8,7,8,No,Low,No,0,1,93.5,Reading/Writing,89.7,B
12126,27,Female,1.7,56.9,5,7,No,High,Yes,1,3,54.4,Visual,60.1,C
12127,22,Female,8.1,51.2,2,8,Yes,Low,No,1,8,64.8,Auditory,55.6,D
12128,27,Female,16.0,88.0,3,8,No,High,No,5,3,82.4,Kinesthetic,93.2,A
12129,23,Male,11.6,72.9,4,5,No,High,No,2,5,43.8,Auditory,71.6,C
12130,24,Female,12.2,68.7,9,8,No,High,No,0,7,88.3,Auditory,84.7,B
12131,25,Female,19.7,70.6,5,8,No,High,Yes,3,10,75.0,Kinesthetic,94.4,A
12132,18,Female,10.4,67.5,9,6,No,High,No,0,8,75.6,Visual,87.6,B
12133,27,Female,15.5,51.5,10,1,No,High,Yes,4,4,65.8,Reading/Writing,94.4,A
12134,30,Female,13.9,55.9,9,4,Yes,High,No,4,9,85.4,Kinesthetic,100,A
12135,19,Female,4.9,93.4,9,1,Yes,High,Yes,0,5,73.6,Visual,92.8,A
12136,21,Male,11.3,64.1,9,5,No,High,Yes,1,4,54.6,Kinesthetic,91.1,A
12137,24,Female,7.2,94.6,7,1,Yes,High,Yes,5,10,86.5,Visual,100,A
12138,22,Male,9.3,81.0,9,10,No,High,Yes,1,2,75.9,Auditory,81.6,B
12139,21,Male,15.1,72.8,1,3,Yes,High,No,3,4,67.1,Kinesthetic,94.3,A
12140,19,Female,2.5,76.0,9,4,No,Low,Yes,5,4,94.1,Reading/Writing,78.3,B
12141,26,Male,7.2,73.4,8,5,Yes,High,No,0,5,62.7,Kinesthetic,75.7,B
12142,26,Female,18.4,75.0,2,2,No,Low,Yes,5,6,82.7,Reading/Writing,88.4,B
12143,18,Male,3.6,95.5,8,4,No,Low,Yes,5,3,71.7,Kinesthetic,73.5,C
12144,27,Female,1.3,94.5,4,8,No,Low,No,2,3,55.1,Kinesthetic,67.7,C
12145,25,Male,17.5,52.7,7,5,No,High,Yes,5,0,76.5,Reading/Writing,90.4,A
12146,27,Male,18.4,74.9,6,2,Yes,Low,Yes,2,6,56.9,Visual,100,A
12147,23,Male,11.4,84.1,1,10,Yes,High,Yes,3,5,45.0,Auditory,77.3,B
12148,27,Female,17.4,76.2,1,6,No,Low,Yes,0,2,49.6,Visual,71.6,C
12149,28,Male,11.6,89.1,7,9,Yes,Low,No,0,1,87.1,Visual,89.0,B
12150,18,Female,7.0,54.3,1,10,No,High,Yes,3,3,42.8,Reading/Writing,60.3,C
12151,25,Female,6.4,50.5,6,7,Yes,Low,Yes,1,9,47.9,Reading/Writing,57.6,D
12152,26,Female,10.0,81.0,1,8,Yes,High,Yes,0,4,98.9,Visual,76.6,B
12153,27,Male,1.8,73.7,9,7,No,High,No,1,10,85.8,Kinesthetic,76.1,B
12154,18,Male,2.6,77.4,9,5,No,Low,Yes,0,4,90.2,Auditory,69.0,C
12155,27,Female,6.8,87.7,2,5,Yes,High,Yes,4,3,76.8,Visual,78.9,B
12156,22,Male,9.9,87.3,7,4,No,Low,Yes,2,5,60.2,Kinesthetic,80.4,B
12157,25,Female,9.6,89.9,2,1,No,High,Yes,3,1,52.7,Kinesthetic,78.8,B
12158,21,Female,2.2,96.6,8,8,No,Low,No,4,9,94.7,Kinesthetic,70.1,C
12159,21,Male,7.3,67.5,6,6,Yes,High,No,4,8,88.2,Auditory,76.9,B
12160,21,Male,16.7,98.3,6,6,No,Low,Yes,1,1,81.0,Visual,91.7,A
12161,30,Female,10.3,89.5,1,3,Yes,Low,No,4,3,44.9,Reading/Writing,75.7,B
12162,28,Female,4.9,50.6,7,10,No,Low,Yes,5,5,73.1,Reading/Writing,60.5,C
12163,30,Female,7.2,71.4,3,7,Yes,Low,Yes,0,8,75.9,Kinesthetic,66.8,C
12164,24,Male,12.6,66.2,7,7,No,Low,Yes,3,9,69.5,Visual,80.4,B
12165,23,Female,10.3,94.3,10,8,Yes,Low,Yes,0,0,59.1,Kinesthetic,91.1,A
12166,19,Male,1.8,55.8,1,1,Yes,High,No,1,6,44.7,Reading/Writing,65.9,C
12167,28,Female,18.5,88.5,7,7,No,Low,Yes,0,4,41.3,Auditory,88.1,B
12168,19,Female,5.1,82.5,9,7,No,Low,Yes,5,1,93.1,Kinesthetic,76.0,B
12169,18,Male,4.9,50.1,2,6,No,Low,Yes,3,3,89.9,Visual,59.8,D
12170,22,Female,9.5,75.8,8,6,No,Low,No,1,2,64.1,Visual,69.5,C
12171,27,Female,13.6,62.5,4,4,No,Low,Yes,3,5,55.1,Reading/Writing,76.0,B
12172,24,Female,11.0,62.3,9,1,Yes,High,Yes,5,2,82.6,Reading/Writing,92.2,A
12173,20,Female,8.5,99.2,6,8,Yes,High,No,1,4,67.8,Auditory,90.1,A
12174,19,Male,15.8,50.8,8,2,Yes,High,No,3,1,68.1,Kinesthetic,90.4,A
12175,24,Female,3.9,96.0,1,1,No,High,No,0,9,53.9,Visual,76.0,B
12176,21,Female,18.6,50.7,2,1,Yes,Low,Yes,3,1,63.7,Auditory,79.6,B
12177,18,Female,14.7,65.1,9,2,Yes,High,Yes,5,3,57.2,Visual,97.0,A
12178,18,Male,14.3,89.4,10,9,No,Low,No,0,3,66.5,Auditory,91.1,A
12179,26,Male,19.2,51.1,6,2,No,High,No,1,3,83.0,Visual,97.9,A
12180,24,Female,10.0,87.6,8,5,Yes,Low,Yes,4,7,78.4,Kinesthetic,96.5,A
12181,27,Female,12.1,81.4,6,7,No,High,No,3,0,77.1,Auditory,88.7,B
12182,20,Male,2.0,89.0,1,7,Yes,Low,Yes,2,10,83.9,Reading/Writing,73.0,C
12183,20,Female,16.1,96.9,8,1,No,High,No,2,6,89.3,Auditory,100,A
12184,29,Female,16.9,54.6,3,5,Yes,Low,No,3,1,57.4,Kinesthetic,76.2,B
12185,23,Female,18.0,68.3,5,8,Yes,Low,No,2,10,65.9,Auditory,84.6,B
12186,18,Female,3.2,68.6,8,5,Yes,Low,No,2,9,75.6,Kinesthetic,70.9,C
12187,21,Male,19.5,71.9,5,1,Yes,Low,Yes,4,7,94.5,Auditory,100,A
12188,20,Female,4.3,90.6,5,4,Yes,High,No,0,2,79.7,Auditory,84.5,B
12189,21,Female,11.7,92.1,8,1,Yes,High,Yes,3,0,79.9,Kinesthetic,100,A
12190,29,Male,19.1,81.9,1,2,Yes,High,Yes,1,0,95.6,Auditory,100,A
12191,20,Male,3.0,55.3,5,2,No,Low,Yes,0,0,42.0,Auditory,59.6,D
12192,23,Male,16.2,64.4,7,9,Yes,Low,No,0,3,59.1,Kinesthetic,79.7,B
12193,18,Female,3.9,82.6,2,10,No,High,Yes,5,0,46.8,Kinesthetic,59.8,D
12194,29,Female,6.9,59.8,5,8,No,Low,No,3,0,49.7,Visual,58.9,D
12195,19,Female,4.8,50.4,6,2,No,High,No,5,1,67.0,Kinesthetic,74.5,C
12196,30,Male,10.8,55.4,4,4,Yes,High,Yes,3,2,62.4,Visual,84.2,B
12197,21,Male,2.2,75.7,7,2,Yes,Low,No,2,8,79.5,Reading/Writing,80.2,B
12198,22,Male,13.4,68.9,7,5,No,Low,Yes,1,9,92.2,Auditory,89.3,B
12199,27,Male,1.2,90.1,5,9,Yes,Low,Yes,1,2,67.2,Visual,59.5,D
12200,21,Female,2.9,66.5,5,10,Yes,High,Yes,4,6,96.5,Visual,71.7,C
12201,20,Female,17.4,68.5,8,1,Yes,Low,Yes,1,5,55.5,Reading/Writing,98.8,A
12202,19,Female,18.1,90.3,5,7,No,High,No,0,7,79.5,Kinesthetic,94.8,A
12203,23,Female,11.6,50.0,9,7,No,High,Yes,3,9,89.9,Reading/Writing,93.8,A
12204,26,Male,17.0,82.7,5,4,No,Low,Yes,0,0,49.9,Auditory,85.7,B
12205,30,Female,18.9,64.5,6,5,Yes,High,Yes,1,5,67.1,Kinesthetic,100,A
12206,29,Female,14.9,56.9,8,1,No,High,Yes,3,7,97.5,Visual,100,A
12207,28,Female,18.4,94.2,9,8,No,Low,Yes,4,3,85.8,Kinesthetic,100,A
12208,26,Female,10.2,56.7,9,9,No,High,No,5,3,87.4,Visual,77.5,B
12209,28,Male,14.5,54.1,9,4,No,Low,No,4,10,86.7,Visual,95.0,A
12210,22,Female,4.5,74.6,4,8,Yes,High,Yes,0,0,49.7,Kinesthetic,68.8,C
12211,21,Male,8.8,94.7,5,2,Yes,Low,No,0,1,43.8,Kinesthetic,85.9,B
12212,22,Female,17.8,67.5,9,6,Yes,Low,Yes,3,1,86.8,Kinesthetic,93.7,A
12213,29,Male,17.2,76.2,5,4,Yes,High,No,3,7,77.5,Visual,100,A
12214,27,Male,2.1,54.8,5,2,No,High,Yes,5,6,42.5,Kinesthetic,61.3,C
12215,19,Male,4.8,81.7,3,10,No,Low,Yes,3,7,93.0,Visual,59.3,D
12216,18,Male,19.7,52.4,1,5,No,Low,No,3,3,57.8,Reading/Writing,74.8,C
12217,26,Female,7.8,67.6,3,4,Yes,Low,No,0,5,59.4,Reading/Writing,77.0,B
12218,28,Male,13.7,82.5,8,5,Yes,Low,Yes,5,5,83.5,Visual,100,A
12219,28,Female,7.7,78.7,7,2,No,Low,No,4,7,100.0,Kinesthetic,87.9,B
12220,19,Male,3.8,69.0,8,9,No,Low,No,4,0,64.1,Auditory,55.6,D
12221,27,Female,14.6,81.2,1,9,No,Low,Yes,3,7,91.7,Reading/Writing,83.4,B
12222,27,Male,18.9,62.6,3,9,Yes,Low,Yes,1,7,97.1,Reading/Writing,92.3,A
12223,30,Male,6.9,56.9,3,9,No,High,No,5,2,57.1,Reading/Writing,59.2,D
12224,27,Male,6.9,73.8,9,9,No,Low,Yes,3,8,47.1,Kinesthetic,68.6,C
12225,29,Male,15.3,96.6,7,10,No,Low,Yes,5,6,93.9,Kinesthetic,100,A
12226,27,Male,17.1,91.6,4,8,No,Low,Yes,1,6,77.5,Visual,84.9,B
12227,19,Female,1.2,89.6,9,9,Yes,Low,Yes,3,1,64.0,Reading/Writing,63.4,C
12228,28,Female,19.7,95.0,6,7,Yes,High,Yes,4,9,70.7,Auditory,100,A
12229,28,Female,7.0,53.6,5,3,No,Low,Yes,0,9,93.2,Auditory,78.1,B
12230,18,Female,10.4,51.1,10,1,Yes,Low,Yes,4,2,64.4,Visual,88.0,B
12231,18,Male,12.4,74.6,9,7,No,High,No,2,5,62.3,Reading/Writing,81.9,B
12232,27,Female,7.6,79.0,9,1,No,High,Yes,3,1,94.8,Kinesthetic,86.5,B
12233,19,Female,12.6,93.5,7,5,Yes,Low,Yes,3,3,52.3,Kinesthetic,89.7,B
12234,28,Male,12.4,72.3,4,8,Yes,Low,Yes,0,7,71.1,Reading/Writing,85.1,B
12235,24,Male,11.9,70.6,2,2,No,Low,Yes,3,5,98.9,Auditory,75.5,B
12236,21,Female,13.3,64.8,7,5,No,Low,Yes,0,6,56.3,Visual,74.5,C
12237,21,Female,18.3,77.2,2,1,Yes,High,No,1,7,94.7,Auditory,100,A
12238,20,Male,1.8,71.3,7,4,No,Low,No,3,7,65.3,Auditory,68.6,C
12239,22,Male,14.3,52.5,7,8,Yes,Low,Yes,5,6,44.7,Kinesthetic,83.5,B
12240,25,Female,6.1,74.8,1,9,Yes,Low,Yes,4,6,55.8,Visual,56.1,D
12241,25,Male,8.6,97.9,10,8,No,Low,No,5,3,78.4,Auditory,80.5,B
12242,26,Male,1.6,88.5,7,3,Yes,High,No,0,10,48.8,Visual,72.3,C
12243,22,Female,9.5,71.9,10,2,No,Low,Yes,3,4,85.3,Visual,89.5,B
12244,27,Female,10.9,78.1,2,3,Yes,Low,No,5,7,74.3,Visual,88.3,B
12245,21,Female,9.2,58.4,6,2,Yes,Low,No,5,10,45.3,Auditory,80.6,B
12246,30,Female,6.6,70.4,10,4,No,High,Yes,3,10,55.9,Visual,83.4,B
12247,27,Male,6.5,80.1,8,9,Yes,High,Yes,1,4,51.0,Kinesthetic,80.0,B
12248,25,Male,10.9,57.8,3,6,Yes,Low,Yes,1,9,96.0,Visual,73.9,C
12249,24,Female,19.7,58.5,8,10,Yes,Low,No,2,0,82.3,Reading/Writing,97.2,A
12250,30,Male,14.7,58.6,3,7,No,Low,No,5,8,56.3,Auditory,73.1,C
12251,21,Female,2.6,83.0,8,9,Yes,Low,No,0,1,91.5,Reading/Writing,73.6,C
12252,18,Female,5.3,90.6,3,2,No,Low,No,4,1,75.5,Visual,72.8,C
12253,20,Female,14.7,82.4,1,9,No,High,No,3,0,42.4,Kinesthetic,72.7,C
12254,25,Female,2.1,72.1,2,10,Yes,Low,No,2,10,90.2,Kinesthetic,67.9,C
12255,26,Male,19.8,64.9,9,1,Yes,High,No,4,9,86.9,Auditory,100,A
12256,21,Male,6.6,58.2,8,8,Yes,Low,Yes,4,0,70.8,Kinesthetic,64.7,C
12257,19,Male,6.8,96.5,4,4,Yes,High,No,1,10,91.4,Visual,96.9,A
12258,25,Female,15.9,87.6,8,3,Yes,Low,No,3,3,62.0,Visual,98.4,A
12259,29,Female,18.6,56.4,7,7,No,Low,No,0,2,40.6,Visual,85.0,B
12260,23,Male,15.4,73.2,9,6,Yes,High,Yes,5,0,80.9,Kinesthetic,100,A
12261,27,Female,8.2,50.1,9,8,No,Low,No,0,6,70.5,Auditory,66.3,C
12262,22,Male,7.0,64.9,8,2,No,Low,Yes,4,10,86.3,Kinesthetic,72.4,C
12263,25,Male,5.6,98.7,8,8,No,Low,Yes,1,9,42.6,Auditory,72.0,C
12264,20,Male,11.5,92.9,9,6,No,High,No,3,0,57.1,Auditory,92.6,A
12265,28,Male,16.7,93.5,10,2,Yes,High,Yes,1,7,44.4,Auditory,100,A
12266,29,Male,11.6,53.3,9,9,No,High,Yes,3,5,80.2,Visual,77.3,B
12267,27,Female,17.7,72.5,4,1,Yes,High,No,2,6,79.2,Visual,100,A
12268,20,Male,17.4,83.2,9,3,No,Low,Yes,3,9,40.3,Reading/Writing,100,A
12269,23,Female,15.4,83.5,9,8,Yes,High,No,4,2,59.9,Auditory,92.2,A
12270,18,Female,17.8,84.1,9,8,No,High,No,0,10,57.7,Visual,96.9,A
12271,26,Male,12.2,50.7,8,1,No,High,Yes,2,10,41.6,Visual,79.8,B
12272,19,Female,11.3,90.0,4,5,No,High,No,4,6,44.8,Kinesthetic,92.3,A
12273,24,Male,12.7,78.3,8,6,Yes,Low,Yes,0,10,53.7,Auditory,91.4,A
12274,18,Female,6.4,69.3,10,10,No,Low,Yes,5,1,78.6,Reading/Writing,78.0,B
12275,26,Female,8.1,53.1,3,8,Yes,Low,Yes,0,5,49.7,Reading/Writing,62.3,C
12276,21,Female,6.1,50.4,10,7,No,Low,No,0,4,89.6,Auditory,77.0,B
12277,21,Female,9.0,52.0,1,9,Yes,High,Yes,0,1,83.7,Auditory,64.2,C
12278,19,Female,5.6,90.2,6,7,No,Low,No,3,8,78.1,Auditory,81.9,B
12279,26,Female,2.6,51.8,3,2,No,Low,Yes,5,5,89.5,Auditory,64.7,C
12280,24,Female,5.8,69.7,8,2,Yes,High,No,5,9,89.9,Visual,89.3,B
12281,20,Male,14.2,67.0,1,6,No,Low,Yes,1,6,86.3,Visual,76.3,B
12282,27,Male,3.4,73.9,4,4,No,High,No,2,1,49.9,Reading/Writing,62.8,C
12283,27,Male,18.8,88.8,8,5,Yes,High,Yes,0,0,83.7,Kinesthetic,100,A
12284,22,Male,5.5,62.8,3,1,Yes,Low,Yes,4,4,89.3,Reading/Writing,78.1,B
12285,22,Male,14.0,78.3,7,3,Yes,High,Yes,0,5,47.0,Kinesthetic,93.0,A
12286,21,Female,2.4,59.9,2,6,Yes,Low,Yes,5,5,76.0,Auditory,66.5,C
12287,27,Male,14.9,64.3,6,7,No,Low,No,3,0,93.7,Auditory,77.3,B
12288,30,Male,18.3,89.4,7,10,No,High,No,4,4,62.8,Reading/Writing,100,A
12289,25,Male,18.0,62.4,4,1,No,Low,No,2,0,58.2,Visual,82.5,B
12290,22,Female,8.5,54.2,3,5,Yes,High,Yes,1,5,86.5,Reading/Writing,81.9,B
12291,19,Male,13.1,99.0,4,5,No,High,Yes,2,2,66.6,Kinesthetic,84.8,B
12292,18,Female,4.0,94.3,10,5,Yes,Low,Yes,3,7,87.8,Auditory,90.1,A
12293,24,Male,9.9,96.4,4,1,No,Low,Yes,0,7,94.3,Visual,82.1,B
12294,27,Male,1.3,58.7,2,4,Yes,Low,Yes,2,3,79.9,Kinesthetic,60.4,C
12295,20,Male,15.2,93.5,8,4,No,High,No,4,4,64.3,Reading/Writing,96.2,A
12296,25,Male,1.6,79.1,1,8,Yes,Low,Yes,1,0,79.2,Kinesthetic,49.9,F
12297,21,Male,2.8,65.2,8,4,No,Low,No,3,3,74.3,Reading/Writing,63.5,C
12298,27,Male,2.0,93.9,1,7,No,Low,No,1,5,76.8,Kinesthetic,67.0,C
12299,28,Male,3.5,64.4,2,9,Yes,High,Yes,4,6,86.7,Kinesthetic,67.6,C
12300,19,Male,11.0,75.2,3,4,No,High,No,2,4,64.9,Visual,81.4,B
12301,22,Female,5.8,63.8,9,10,Yes,Low,No,4,4,73.1,Reading/Writing,66.4,C
12302,26,Female,3.2,58.1,7,8,Yes,High,Yes,0,4,46.5,Reading/Writing,60.4,C
12303,19,Male,5.6,61.0,8,2,Yes,Low,Yes,3,5,48.0,Visual,70.0,C
12304,29,Male,9.3,78.8,4,4,No,Low,Yes,3,5,69.6,Visual,74.2,C
12305,24,Male,17.2,91.4,1,1,No,High,No,4,7,97.6,Kinesthetic,97.9,A
12306,19,Female,15.7,57.0,1,4,Yes,Low,No,5,5,81.6,Visual,79.1,B
12307,29,Female,16.4,62.0,6,1,No,Low,Yes,5,9,59.8,Reading/Writing,83.0,B
12308,30,Female,13.4,93.6,3,6,Yes,Low,Yes,0,8,53.2,Auditory,91.6,A
12309,19,Female,10.1,69.2,1,10,No,High,No,1,2,90.5,Auditory,70.5,C
12310,30,Female,18.0,73.7,1,1,Yes,High,Yes,1,0,63.0,Kinesthetic,95.9,A
12311,27,Female,4.0,63.7,9,4,No,High,No,4,7,46.4,Kinesthetic,68.3,C
12312,25,Female,13.7,99.2,7,8,No,Low,No,4,5,49.7,Visual,86.1,B
12313,30,Male,17.2,52.2,10,9,No,Low,Yes,5,5,48.2,Kinesthetic,89.3,B
12314,21,Female,5.7,76.9,7,7,Yes,Low,No,4,1,41.6,Auditory,70.1,C
12315,20,Female,10.5,53.1,8,5,Yes,Low,Yes,5,6,74.5,Auditory,81.5,B
12316,25,Male,13.7,79.0,5,2,No,Low,Yes,4,3,66.7,Auditory,92.2,A
12317,26,Female,5.4,75.3,6,2,Yes,Low,No,0,9,62.4,Kinesthetic,75.7,B
12318,29,Female,13.8,55.4,4,7,Yes,High,Yes,3,4,54.9,Kinesthetic,87.3,B
12319,28,Male,18.4,66.7,7,9,Yes,Low,No,5,0,43.8,Kinesthetic,92.5,A
12320,23,Female,10.9,68.7,8,6,No,Low,No,5,4,81.0,Reading/Writing,87.1,B
12321,18,Female,18.8,73.6,2,5,Yes,High,Yes,3,1,95.4,Kinesthetic,100,A
12322,22,Male,16.8,86.4,10,7,Yes,Low,No,4,5,95.0,Reading/Writing,100,A
12323,29,Male,9.3,74.6,9,6,No,High,No,0,10,69.0,Visual,90.0,A
12324,30,Male,14.1,94.0,6,9,No,High,Yes,0,10,93.0,Kinesthetic,94.6,A
12325,22,Male,7.0,85.7,7,7,No,High,No,2,7,52.9,Auditory,71.4,C
12326,28,Female,17.5,91.8,2,9,Yes,Low,No,0,10,47.2,Visual,95.4,A
12327,27,Female,7.9,88.0,7,9,Yes,High,No,1,4,62.0,Kinesthetic,86.1,B
12328,18,Female,6.6,67.8,7,2,Yes,High,Yes,3,9,88.0,Visual,94.1,A
12329,22,Female,14.2,51.9,3,3,No,Low,Yes,1,1,57.0,Reading/Writing,69.1,C
12330,22,Female,12.5,96.2,4,4,No,High,No,3,10,48.3,Kinesthetic,86.5,B
12331,19,Male,15.4,65.6,3,6,Yes,Low,Yes,4,9,96.7,Reading/Writing,85.3,B
12332,27,Female,3.4,57.1,8,4,Yes,High,No,2,7,40.9,Kinesthetic,73.8,C
12333,20,Male,1.1,75.2,1,2,Yes,Low,No,3,6,79.9,Kinesthetic,55.4,D
12334,21,Male,13.2,54.3,8,8,No,Low,No,3,2,63.7,Reading/Writing,74.7,C
12335,26,Female,12.1,92.6,8,2,No,Low,No,5,8,43.4,Auditory,87.4,B
12336,24,Female,12.5,54.7,2,9,No,Low,No,0,7,47.5,Auditory,58.1,D
12337,24,Male,10.7,85.3,10,4,Yes,Low,No,5,3,50.3,Auditory,96.3,A
12338,23,Female,11.6,71.8,1,7,Yes,High,Yes,3,0,91.4,Auditory,74.6,C
12339,24,Female,13.2,97.1,7,8,Yes,Low,Yes,2,10,66.8,Visual,100,A
12340,30,Male,2.4,63.2,4,7,No,Low,No,0,9,69.0,Auditory,49.8,F
12341,28,Male,11.8,83.0,7,2,No,Low,Yes,3,1,76.5,Kinesthetic,89.3,B
12342,19,Female,16.9,98.2,8,1,No,Low,Yes,1,7,87.5,Reading/Writing,100,A
12343,19,Male,6.6,63.5,10,9,Yes,Low,No,0,4,44.9,Reading/Writing,69.3,C
12344,30,Female,19.0,84.3,10,9,No,Low,No,2,7,87.6,Auditory,99.9,A
12345,27,Male,11.5,60.8,2,1,No,Low,No,5,7,70.3,Visual,80.5,B
12346,26,Female,13.5,63.1,5,8,Yes,High,Yes,1,1,42.3,Kinesthetic,82.2,B
12347,18,Male,14.3,96.9,8,4,No,High,No,2,8,55.9,Visual,99.2,A
12348,26,Female,2.0,66.2,8,1,No,Low,Yes,2,3,77.0,Auditory,75.3,B
12349,20,Female,7.8,56.7,3,1,Yes,Low,No,4,6,66.2,Reading/Writing,78.1,B
12350,26,Male,9.6,99.5,5,1,No,High,Yes,1,2,67.4,Kinesthetic,84.5,B
12351,29,Male,10.2,78.8,2,7,Yes,High,No,3,1,42.7,Visual,76.7,B
12352,20,Female,13.9,91.9,1,9,No,High,No,3,8,54.6,Reading/Writing,87.9,B
12353,18,Male,4.1,76.3,10,9,Yes,Low,No,5,6,42.1,Reading/Writing,78.9,B
12354,23,Female,9.2,90.8,4,9,No,Low,No,1,2,80.6,Auditory,68.6,C
12355,21,Male,2.6,66.4,10,9,Yes,Low,Yes,3,9,63.9,Reading/Writing,75.1,B
12356,30,Male,16.8,79.7,1,7,No,Low,No,1,0,92.2,Reading/Writing,87.7,B
12357,18,Male,6.1,57.3,10,7,No,Low,No,5,2,67.3,Visual,75.4,B
12358,28,Female,4.1,56.5,6,3,Yes,Low,No,1,5,43.2,Kinesthetic,70.4,C
12359,18,Female,3.6,81.2,10,2,Yes,High,Yes,2,1,40.8,Auditory,82.2,B
12360,25,Female,17.3,95.2,5,1,No,Low,No,1,10,76.8,Visual,96.4,A
12361,18,Male,9.3,60.5,7,7,No,High,Yes,1,8,48.4,Reading/Writing,72.9,C
12362,23,Female,7.9,92.8,1,1,No,Low,Yes,4,6,94.4,Visual,81.6,B
12363,29,Female,14.1,84.9,7,6,Yes,High,No,3,5,90.4,Auditory,100,A
12364,21,Male,9.7,56.5,3,4,No,Low,Yes,3,8,62.6,Reading/Writing,70.2,C
12365,29,Female,18.5,73.6,3,5,Yes,Low,No,1,6,91.4,Kinesthetic,96.1,A
12366,24,Male,15.9,93.0,2,3,Yes,Low,No,4,10,87.2,Reading/Writing,95.7,A
12367,25,Female,3.6,54.8,5,2,Yes,Low,No,3,7,61.3,Auditory,70.1,C
12368,22,Male,14.8,64.4,2,1,No,Low,No,0,3,89.6,Kinesthetic,89.0,B
12369,23,Female,1.3,64.9,9,8,Yes,Low,No,5,7,51.2,Reading/Writing,59.3,D
12370,25,Female,8.7,87.8,6,6,No,High,Yes,4,2,77.1,Kinesthetic,80.4,B
12371,28,Female,5.5,76.3,1,7,Yes,High,No,2,4,87.2,Reading/Writing,76.2,B
12372,27,Female,18.5,53.1,6,9,Yes,High,Yes,4,3,50.7,Reading/Writing,90.5,A
12373,23,Female,11.6,99.6,4,9,Yes,High,No,0,8,78.5,Reading/Writing,86.4,B
12374,26,Female,8.3,83.5,10,1,Yes,High,No,1,0,61.2,Visual,87.2,B
12375,23,Female,17.6,96.1,4,4,Yes,Low,No,2,4,62.5,Kinesthetic,96.5,A
12376,20,Female,18.6,89.7,9,6,No,High,No,0,5,64.8,Kinesthetic,100,A
12377,26,Male,1.8,77.5,2,5,Yes,Low,No,1,1,53.5,Auditory,59.8,D
12378,22,Female,11.7,95.1,9,5,No,Low,Yes,4,5,97.8,Reading/Writing,98.8,A
12379,21,Male,9.6,99.7,9,7,Yes,Low,No,3,0,91.6,Visual,100,A
12380,19,Male,3.0,66.7,5,8,No,Low,Yes,3,6,47.2,Kinesthetic,60.1,C
12381,21,Female,14.6,52.9,2,10,Yes,Low,Yes,2,4,62.9,Auditory,77.2,B
12382,28,Male,13.8,91.3,9,9,Yes,High,No,2,3,82.2,Auditory,98.4,A
12383,21,Female,1.3,74.0,1,1,Yes,High,Yes,5,9,64.2,Auditory,65.3,C
12384,19,Male,14.5,53.4,1,10,No,High,Yes,5,9,89.0,Reading/Writing,71.3,C
12385,24,Male,9.8,57.0,9,1,Yes,High,Yes,3,7,79.0,Auditory,89.2,B
12386,30,Female,16.7,57.1,7,6,No,High,No,5,5,53.7,Reading/Writing,94.4,A
12387,22,Male,4.9,62.4,3,1,Yes,Low,No,0,8,55.2,Visual,63.5,C
12388,20,Female,18.9,66.1,3,3,Yes,High,Yes,0,2,88.4,Visual,100,A
12389,28,Female,4.4,82.6,9,9,No,Low,No,5,5,86.8,Auditory,77.4,B
12390,26,Male,13.4,51.8,4,5,Yes,High,Yes,3,6,43.3,Auditory,79.7,B
12391,24,Male,7.7,69.6,7,4,No,High,Yes,3,2,86.6,Reading/Writing,81.1,B
12392,26,Female,10.9,80.8,3,6,No,Low,Yes,2,3,65.9,Visual,77.1,B
12393,29,Male,8.8,73.4,10,6,Yes,High,Yes,5,1,75.1,Visual,92.4,A
12394,19,Male,6.5,63.4,1,8,No,High,Yes,3,2,68.8,Visual,61.0,C
12395,21,Female,6.6,94.0,10,3,Yes,High,Yes,5,4,50.1,Auditory,97.2,A
12396,27,Male,17.7,61.2,7,7,No,High,No,4,2,70.4,Visual,97.8,A
12397,25,Male,1.9,91.2,1,6,No,Low,Yes,1,10,68.6,Reading/Writing,55.4,D
12398,18,Male,8.3,61.3,2,10,No,Low,Yes,2,10,62.5,Visual,56.1,D
12399,19,Female,7.2,65.9,2,4,No,High,No,2,3,71.8,Kinesthetic,76.3,B
12400,26,Male,13.4,64.7,1,1,No,High,Yes,0,6,80.7,Visual,87.2,B
12401,29,Female,6.5,71.3,1,10,Yes,High,Yes,1,6,46.0,Reading/Writing,68.8,C
12402,18,Male,8.8,74.0,1,6,No,Low,Yes,5,4,92.7,Auditory,72.9,C
12403,21,Female,9.9,96.7,5,9,No,High,Yes,3,4,76.1,Visual,91.5,A
12404,20,Male,11.8,68.5,9,3,No,High,No,1,0,56.5,Reading/Writing,82.7,B
12405,30,Female,5.9,77.9,3,3,No,Low,No,3,3,67.4,Reading/Writing,60.7,C
12406,21,Female,2.3,87.5,5,1,No,Low,No,3,6,78.7,Reading/Writing,72.6,C
12407,26,Male,11.7,73.4,1,8,No,Low,No,3,8,84.1,Reading/Writing,77.6,B
12408,30,Female,1.5,74.9,9,5,Yes,High,Yes,0,6,87.7,Reading/Writing,78.1,B
12409,26,Male,1.4,67.1,5,2,Yes,High,Yes,1,0,71.7,Visual,68.4,C
12410,27,Female,18.7,77.1,4,1,No,High,Yes,2,8,83.3,Auditory,96.0,A
12411,20,Female,3.3,68.7,4,1,Yes,High,No,5,1,57.4,Visual,64.5,C
12412,18,Female,4.4,54.9,8,4,No,High,Yes,2,8,83.7,Kinesthetic,70.1,C
12413,30,Male,18.1,64.5,9,2,No,High,Yes,1,8,84.3,Auditory,100,A
12414,26,Female,7.4,65.2,5,6,No,High,Yes,3,9,71.0,Reading/Writing,75.7,B
12415,25,Male,4.6,71.0,6,10,Yes,High,Yes,5,3,98.9,Reading/Writing,74.1,C
12416,21,Female,1.1,80.5,3,6,No,Low,No,3,3,79.9,Visual,55.3,D
12417,30,Male,5.3,80.6,2,1,Yes,Low,No,4,10,66.3,Visual,67.1,C
12418,27,Male,12.6,86.8,2,5,Yes,High,Yes,2,9,84.1,Reading/Writing,100,A
12419,28,Male,17.7,95.5,5,5,No,High,No,4,3,84.2,Visual,96.4,A
12420,19,Female,4.1,82.1,5,6,No,Low,Yes,1,8,80.4,Reading/Writing,62.1,C
12421,22,Male,3.8,99.9,8,2,No,Low,No,5,4,81.4,Reading/Writing,88.0,B
12422,28,Female,19.2,83.0,3,6,No,High,Yes,3,4,97.1,Visual,96.4,A
12423,21,Male,17.4,99.1,6,10,Yes,High,No,5,10,85.0,Auditory,100,A
12424,18,Male,13.6,84.9,7,5,No,Low,Yes,0,3,45.3,Kinesthetic,77.7,B
12425,29,Female,16.7,80.2,7,7,No,High,No,4,10,42.4,Kinesthetic,90.9,A
12426,28,Male,13.5,76.8,1,7,No,High,No,0,9,89.9,Visual,92.3,A
12427,19,Female,19.5,92.0,4,3,Yes,High,Yes,0,1,63.4,Auditory,97.5,A
12428,22,Female,18.7,85.4,1,4,Yes,High,No,1,6,63.5,Reading/Writing,91.6,A
12429,22,Male,19.6,80.4,10,9,No,Low,No,2,6,44.1,Auditory,98.1,A
12430,29,Female,1.8,52.1,5,4,Yes,High,No,5,6,75.1,Visual,69.5,C
12431,23,Male,17.6,66.5,5,5,No,Low,No,1,9,66.7,Reading/Writing,80.4,B
12432,25,Female,17.8,57.2,8,8,Yes,High,No,4,4,68.0,Kinesthetic,100,A
12433,25,Female,13.5,83.2,8,2,No,Low,Yes,2,6,98.9,Visual,100,A
12434,30,Male,18.7,69.3,9,10,No,High,Yes,3,7,65.7,Visual,97.1,A
12435,27,Female,3.6,56.2,6,10,Yes,Low,No,5,7,91.9,Reading/Writing,73.0,C
12436,18,Female,16.2,57.6,4,5,No,High,No,4,1,99.9,Reading/Writing,87.4,B
12437,20,Female,6.2,59.5,6,4,No,Low,Yes,3,3,54.1,Visual,68.4,C
12438,27,Male,18.8,73.9,6,7,No,Low,Yes,1,8,91.9,Kinesthetic,90.3,A
12439,24,Female,17.4,99.9,2,9,Yes,High,Yes,4,0,67.9,Reading/Writing,90.3,A
12440,24,Female,16.9,71.7,3,5,No,High,No,5,2,82.0,Reading/Writing,98.5,A
12441,30,Male,8.1,71.5,5,3,Yes,Low,No,4,6,47.1,Auditory,75.6,B
12442,28,Male,7.1,97.2,3,10,Yes,Low,No,1,3,80.7,Reading/Writing,69.8,C
12443,30,Male,8.8,70.5,7,7,No,Low,Yes,0,4,41.5,Visual,62.3,C
12444,23,Male,16.3,93.4,1,7,No,Low,No,4,10,74.3,Visual,81.6,B
12445,23,Male,16.9,86.1,3,1,No,Low,Yes,0,8,88.3,Visual,100,A
12446,23,Male,11.9,81.6,8,10,Yes,Low,Yes,3,8,81.2,Visual,86.8,B
12447,22,Male,13.3,51.4,9,10,Yes,High,Yes,3,5,56.0,Auditory,77.5,B
12448,22,Female,12.9,82.9,3,1,No,High,No,5,4,78.1,Auditory,92.7,A
12449,18,Male,7.4,57.7,8,7,No,High,No,0,6,83.1,Kinesthetic,68.0,C
12450,22,Female,3.5,56.9,8,3,No,High,No,4,10,68.1,Reading/Writing,72.0,C
12451,18,Male,5.9,82.6,8,6,Yes,High,Yes,1,4,55.6,Kinesthetic,80.3,B
12452,18,Female,8.7,59.5,6,7,No,High,Yes,3,6,58.0,Visual,74.2,C
12453,27,Female,13.0,66.3,5,5,No,Low,No,0,6,92.6,Visual,75.0,B
12454,21,Female,4.5,70.3,8,3,No,High,No,0,10,75.4,Reading/Writing,78.2,B
12455,24,Female,19.0,59.3,5,6,Yes,High,Yes,5,1,73.5,Kinesthetic,94.0,A
12456,23,Female,1.2,72.9,4,8,Yes,High,No,2,6,91.7,Reading/Writing,72.9,C
12457,22,Male,12.8,94.4,1,7,Yes,Low,Yes,2,0,77.8,Visual,79.9,B
12458,19,Female,4.6,84.2,1,3,Yes,High,No,0,6,65.3,Reading/Writing,76.4,B
12459,24,Male,12.4,55.8,5,2,Yes,High,Yes,5,9,63.9,Reading/Writing,85.6,B
12460,29,Female,14.7,50.7,3,1,No,High,Yes,0,0,44.7,Kinesthetic,82.1,B
12461,23,Female,4.8,82.9,6,3,No,Low,No,5,0,46.4,Visual,67.6,C
12462,24,Male,14.5,59.3,9,5,Yes,Low,Yes,5,6,60.0,Visual,82.8,B
12463,21,Male,5.6,60.0,7,6,Yes,High,No,3,8,92.9,Kinesthetic,85.1,B
12464,23,Female,12.8,88.1,4,6,Yes,High,No,3,3,47.0,Visual,88.6,B
12465,29,Male,6.5,97.7,4,3,No,Low,Yes,4,0,52.0,Visual,75.4,B
12466,21,Female,2.2,95.2,8,9,No,High,No,5,8,66.3,Kinesthetic,70.9,C
12467,19,Female,18.8,52.4,5,1,No,High,No,3,9,59.9,Kinesthetic,100,A
12468,18,Female,14.9,70.0,7,5,No,Low,No,1,2,93.1,Reading/Writing,82.2,B
12469,22,Female,18.5,89.2,1,3,No,High,No,3,5,45.6,Kinesthetic,95.4,A
12470,21,Female,17.5,79.0,7,1,No,High,No,4,1,55.5,Auditory,98.3,A
12471,30,Female,18.8,95.6,1,9,No,Low,Yes,5,8,66.8,Visual,99.0,A
12472,25,Male,15.1,61.6,6,7,No,High,No,2,2,42.6,Reading/Writing,83.4,B
12473,23,Male,11.3,67.7,1,4,Yes,Low,No,3,1,91.9,Kinesthetic,80.1,B
12474,29,Female,2.6,75.2,7,5,Yes,Low,Yes,1,0,47.8,Reading/Writing,60.6,C
12475,26,Female,18.1,66.5,5,7,Yes,Low,Yes,1,6,64.0,Visual,86.6,B
12476,22,Male,1.4,93.2,4,3,No,High,No,2,7,66.7,Visual,65.7,C
12477,25,Male,6.4,65.0,6,2,No,Low,Yes,2,7,75.5,Visual,65.8,C
12478,22,Female,17.6,94.8,8,3,Yes,High,Yes,1,9,57.7,Auditory,100,A
12479,18,Female,7.8,99.0,4,5,No,Low,Yes,5,5,63.3,Visual,75.7,B
12480,26,Female,11.3,50.3,4,6,Yes,High,Yes,5,10,40.1,Reading/Writing,79.2,B
12481,29,Male,4.8,57.0,8,2,No,Low,Yes,3,10,72.9,Visual,70.6,C
12482,18,Female,4.5,65.9,2,6,Yes,High,Yes,3,7,51.7,Visual,64.3,C
12483,27,Male,12.5,61.1,2,6,No,Low,No,4,9,46.4,Kinesthetic,70.2,C
12484,24,Male,1.8,86.1,8,9,Yes,Low,No,4,8,78.3,Auditory,76.3,B
12485,28,Female,4.8,83.3,4,8,Yes,High,Yes,4,8,56.6,Visual,67.0,C
12486,22,Female,4.2,59.0,5,7,No,Low,Yes,1,9,77.6,Auditory,61.2,C
12487,21,Male,7.6,64.2,10,8,No,Low,Yes,0,7,99.9,Kinesthetic,78.0,B
12488,25,Female,18.9,92.3,7,3,No,Low,No,3,8,47.1,Visual,100,A
12489,25,Female,14.9,74.1,2,8,Yes,Low,No,5,8,68.7,Visual,86.3,B
12490,26,Female,10.7,95.7,9,7,No,Low,Yes,4,5,90.7,Kinesthetic,85.7,B
12491,28,Male,6.5,87.8,4,9,No,Low,No,2,9,98.7,Reading/Writing,81.5,B
12492,24,Male,16.8,81.2,8,5,No,High,Yes,2,3,77.1,Kinesthetic,97.7,A
12493,24,Female,7.9,50.0,7,2,No,Low,Yes,5,2,73.7,Reading/Writing,67.2,C
12494,22,Female,10.1,63.4,3,2,No,High,Yes,5,4,91.1,Kinesthetic,76.0,B
12495,22,Female,4.8,88.5,5,8,Yes,High,No,3,8,48.8,Visual,77.7,B
12496,28,Male,5.4,78.3,9,3,No,High,No,5,8,53.2,Reading/Writing,86.2,B
12497,24,Female,4.0,50.2,3,7,No,Low,Yes,1,9,66.3,Auditory,57.1,D
12498,21,Female,3.0,57.1,8,10,No,High,Yes,4,10,72.6,Visual,66.2,C
12499,18,Female,3.4,90.2,10,3,No,Low,Yes,5,10,49.5,Visual,79.9,B
12500,23,Female,1.7,75.1,1,3,Yes,Low,Yes,4,10,82.0,Visual,62.3,C
12501,25,Female,2.1,71.1,1,2,Yes,Low,Yes,3,3,90.0,Kinesthetic,66.7,C
12502,21,Female,2.5,94.1,3,8,No,Low,Yes,1,2,81.4,Reading/Writing,61.9,C
12503,30,Male,3.7,59.8,4,3,No,Low,Yes,2,8,64.8,Auditory,64.6,C
12504,27,Male,3.8,74.2,9,4,No,High,No,2,3,42.9,Reading/Writing,64.7,C
12505,20,Male,3.6,57.8,9,8,Yes,High,No,0,7,77.6,Reading/Writing,78.8,B
12506,20,Male,19.0,80.4,5,7,Yes,High,No,5,8,63.5,Reading/Writing,100,A
12507,30,Male,17.2,57.5,4,1,Yes,High,Yes,5,5,71.0,Visual,89.6,B
12508,26,Male,1.4,67.0,4,2,Yes,High,Yes,1,9,79.0,Reading/Writing,65.4,C
12509,19,Female,19.8,71.6,1,9,No,High,Yes,3,7,60.1,Reading/Writing,81.3,B
12510,27,Female,19.7,93.9,2,1,Yes,Low,No,2,9,45.2,Reading/Writing,93.2,A
12511,27,Female,13.2,86.2,10,10,Yes,Low,Yes,2,4,96.9,Kinesthetic,100,A
12512,18,Male,4.8,52.5,9,1,No,High,Yes,5,9,94.0,Kinesthetic,84.0,B
12513,24,Female,7.8,60.6,6,8,Yes,Low,Yes,0,7,40.9,Auditory,67.5,C
12514,26,Male,14.8,75.7,7,1,No,Low,No,3,6,99.4,Kinesthetic,90.0,A
12515,29,Male,6.6,69.4,4,4,Yes,Low,Yes,1,6,82.9,Kinesthetic,69.0,C
12516,29,Female,3.3,93.1,5,2,Yes,Low,Yes,2,5,90.1,Reading/Writing,84.0,B
12517,23,Male,6.2,86.3,7,1,No,Low,No,5,5,79.6,Visual,84.4,B
12518,28,Male,1.3,57.9,10,2,Yes,High,No,1,3,47.0,Auditory,65.8,C
12519,20,Female,16.6,81.8,8,1,Yes,High,No,3,0,91.4,Reading/Writing,100,A
12520,25,Male,7.5,75.2,5,1,Yes,Low,Yes,5,7,47.8,Auditory,72.9,C
12521,18,Male,1.4,95.2,2,5,Yes,Low,No,0,8,66.6,Reading/Writing,62.6,C
12522,23,Male,7.6,84.0,5,4,Yes,High,No,0,4,66.1,Reading/Writing,85.8,B
12523,21,Female,10.3,63.4,2,2,No,High,No,1,8,49.0,Kinesthetic,79.0,B
12524,18,Male,3.1,97.9,1,4,No,Low,No,2,9,87.6,Reading/Writing,64.3,C
12525,29,Female,3.2,56.6,9,2,No,Low,Yes,1,6,40.4,Reading/Writing,67.6,C
12526,24,Female,17.8,56.3,2,10,No,High,No,5,7,90.8,Reading/Writing,83.4,B
12527,26,Female,10.9,63.5,6,9,No,High,Yes,4,7,59.3,Kinesthetic,79.3,B
12528,30,Male,16.5,52.9,8,3,No,High,No,4,6,82.6,Kinesthetic,98.9,A
12529,21,Female,3.0,83.2,3,9,Yes,Low,Yes,1,2,51.6,Reading/Writing,59.0,D
12530,29,Female,14.3,90.2,1,10,Yes,Low,Yes,0,3,73.8,Auditory,86.5,B
12531,30,Female,5.2,92.5,5,6,No,High,Yes,2,3,52.6,Visual,76.4,B
12532,19,Female,6.8,96.0,5,2,Yes,Low,No,3,8,81.5,Kinesthetic,91.8,A
12533,18,Female,7.4,84.8,7,1,Yes,Low,No,5,1,72.4,Auditory,92.4,A
12534,27,Female,5.9,81.9,4,10,No,High,Yes,2,3,46.0,Reading/Writing,67.6,C
12535,20,Male,2.6,94.2,2,8,No,Low,No,2,7,64.2,Auditory,68.9,C
12536,19,Male,2.8,83.4,4,10,Yes,Low,Yes,2,5,76.6,Auditory,68.6,C
12537,20,Male,18.4,79.8,9,5,Yes,Low,No,3,3,96.5,Visual,100,A
12538,20,Male,14.0,74.3,9,3,Yes,Low,Yes,0,9,78.6,Kinesthetic,100,A
12539,30,Female,7.7,78.6,9,1,No,Low,Yes,3,7,76.2,Auditory,77.7,B
12540,24,Female,8.0,67.5,8,5,Yes,High,No,4,6,59.9,Auditory,90.0,A
12541,29,Female,19.7,52.7,10,1,Yes,High,No,4,1,86.0,Visual,100,A
12542,29,Female,10.4,88.0,2,8,No,High,No,0,6,51.0,Reading/Writing,77.5,B
12543,20,Female,2.8,88.7,5,7,Yes,Low,Yes,2,8,50.5,Kinesthetic,75.3,B
12544,22,Female,6.2,90.5,2,6,Yes,High,Yes,2,0,64.2,Kinesthetic,69.2,C
12545,26,Female,7.4,68.6,1,3,No,Low,No,3,9,90.5,Kinesthetic,70.5,C
12546,19,Male,10.1,99.9,1,2,Yes,High,No,1,10,71.8,Auditory,94.1,A
12547,27,Male,7.1,81.7,5,8,No,High,No,2,1,52.7,Auditory,67.1,C
12548,19,Female,19.0,72.3,6,10,No,High,No,2,1,40.4,Reading/Writing,95.2,A
12549,25,Male,7.4,59.2,2,5,Yes,Low,No,0,9,81.0,Kinesthetic,69.9,C
12550,26,Female,17.3,60.5,6,1,No,High,No,5,4,92.3,Auditory,100,A
12551,26,Male,13.2,61.6,2,8,No,High,Yes,1,10,64.2,Reading/Writing,80.8,B
12552,20,Male,13.4,50.3,6,8,No,High,Yes,5,4,84.4,Auditory,85.4,B
12553,30,Female,4.3,69.3,6,7,No,Low,No,5,6,65.8,Kinesthetic,63.4,C
12554,26,Female,7.3,99.5,8,6,Yes,Low,No,1,7,83.2,Kinesthetic,95.0,A
12555,19,Male,19.3,87.6,1,1,No,High,Yes,5,5,63.2,Kinesthetic,100,A
12556,26,Female,17.0,75.2,1,2,Yes,Low,No,4,6,44.3,Auditory,81.0,B
12557,18,Male,18.9,96.6,5,10,No,High,Yes,3,7,84.3,Kinesthetic,100,A
12558,23,Female,17.2,54.1,1,3,No,High,Yes,2,2,68.6,Reading/Writing,83.4,B
12559,20,Male,7.9,99.4,10,6,Yes,High,Yes,0,8,58.8,Visual,91.0,A
12560,28,Male,16.8,67.0,7,2,No,High,No,0,2,99.9,Visual,99.7,A
12561,20,Male,1.8,93.5,3,9,Yes,Low,No,1,9,46.9,Reading/Writing,55.5,D
12562,30,Male,17.7,77.1,5,3,No,High,Yes,3,1,69.5,Auditory,100,A
12563,23,Female,7.2,50.4,4,7,No,High,No,3,2,65.5,Kinesthetic,63.3,C
12564,30,Female,1.7,69.6,7,4,No,High,No,5,5,96.4,Kinesthetic,78.3,B
12565,22,Female,7.8,69.9,3,5,Yes,High,Yes,3,2,51.0,Auditory,80.1,B
12566,24,Male,7.8,88.1,9,8,Yes,Low,Yes,1,1,71.8,Kinesthetic,79.7,B
12567,20,Male,3.8,69.5,4,9,Yes,High,Yes,0,8,65.6,Auditory,68.5,C
12568,24,Male,13.9,70.6,2,9,No,Low,Yes,5,5,99.4,Kinesthetic,73.5,C
12569,18,Male,8.6,96.9,10,6,Yes,High,Yes,5,9,81.2,Kinesthetic,100,A
12570,21,Female,17.5,69.4,10,10,No,High,Yes,5,10,76.0,Kinesthetic,100,A
12571,25,Female,13.5,63.1,5,5,Yes,Low,Yes,3,6,63.5,Auditory,75.2,B
12572,27,Female,6.6,86.4,5,4,Yes,High,No,1,4,70.2,Auditory,89.3,B
12573,18,Female,10.2,96.1,2,8,Yes,High,Yes,5,2,79.4,Reading/Writing,88.9,B
12574,19,Male,12.3,60.2,3,1,No,High,Yes,1,8,79.6,Reading/Writing,89.5,B
12575,30,Female,19.5,53.7,2,1,No,High,No,5,2,40.7,Auditory,90.8,A
12576,29,Male,7.4,73.6,1,3,No,High,Yes,2,3,83.4,Auditory,74.3,C
12577,25,Female,9.8,74.9,7,6,No,High,Yes,2,8,81.8,Reading/Writing,89.0,B
12578,25,Female,10.2,94.4,5,6,No,Low,No,1,8,60.7,Auditory,85.6,B
12579,29,Male,5.0,57.0,4,1,Yes,High,No,5,1,97.4,Reading/Writing,83.7,B
12580,24,Male,2.4,65.9,3,1,Yes,Low,Yes,5,8,99.4,Kinesthetic,78.9,B
12581,29,Male,15.9,89.6,5,8,Yes,High,Yes,2,8,90.4,Visual,100,A
12582,22,Female,19.8,50.5,6,6,No,Low,No,4,10,76.0,Auditory,93.2,A
12583,28,Male,16.6,86.9,5,3,Yes,Low,Yes,5,8,89.5,Kinesthetic,100,A
12584,23,Female,9.3,81.6,6,1,No,High,No,0,4,93.8,Auditory,84.9,B
12585,20,Male,11.0,60.2,1,8,No,High,Yes,0,5,85.2,Kinesthetic,67.3,C
12586,26,Male,5.6,78.6,2,10,No,Low,No,3,1,57.0,Auditory,56.3,D
12587,30,Male,16.0,56.5,9,4,No,High,No,5,10,53.2,Reading/Writing,97.2,A
12588,20,Female,7.9,71.6,9,10,No,Low,No,4,4,46.0,Visual,78.4,B
12589,22,Male,13.2,59.2,1,8,No,High,No,5,9,96.3,Kinesthetic,78.6,B
12590,18,Male,6.7,71.9,6,3,Yes,Low,Yes,2,1,40.4,Auditory,65.2,C
12591,26,Female,13.8,86.6,3,5,Yes,High,No,1,5,64.3,Kinesthetic,87.0,B
12592,22,Female,2.8,94.8,1,9,Yes,High,No,5,10,47.4,Visual,75.8,B
12593,24,Male,9.7,53.6,1,10,Yes,High,Yes,0,2,49.2,Kinesthetic,63.3,C
12594,23,Male,14.0,99.9,2,7,Yes,Low,Yes,1,8,85.1,Auditory,84.3,B
12595,28,Female,15.9,92.1,7,3,No,High,Yes,3,4,64.5,Visual,100,A
12596,21,Female,13.3,73.3,8,9,Yes,High,No,3,8,66.3,Kinesthetic,87.1,B
12597,22,Male,15.4,74.2,10,10,No,Low,Yes,1,1,72.8,Visual,82.0,B
12598,22,Male,3.8,61.8,1,5,Yes,Low,No,5,10,41.1,Reading/Writing,55.2,D
12599,18,Female,13.5,82.1,2,7,Yes,Low,Yes,0,1,41.0,Reading/Writing,77.1,B
12600,22,Female,9.8,91.6,2,3,No,Low,Yes,5,5,89.1,Reading/Writing,79.0,B
12601,21,Male,11.5,85.2,4,7,No,Low,Yes,3,0,77.2,Auditory,73.2,C
12602,24,Female,6.9,89.4,4,5,No,Low,No,2,0,63.9,Kinesthetic,66.1,C
12603,30,Female,9.9,57.7,3,9,Yes,Low,Yes,5,8,76.3,Auditory,78.1,B
12604,23,Male,3.7,99.8,10,10,Yes,Low,Yes,1,6,45.0,Auditory,73.1,C
12605,24,Female,3.4,63.2,9,9,Yes,Low,Yes,3,2,92.1,Visual,76.8,B
12606,24,Female,6.9,66.4,3,8,Yes,High,No,3,9,96.1,Auditory,74.6,C
12607,21,Female,12.4,59.9,9,2,Yes,High,No,3,6,49.0,Visual,96.9,A
12608,25,Male,17.7,96.5,9,7,Yes,High,No,5,10,89.7,Auditory,100,A
12609,26,Female,9.3,74.9,7,10,Yes,High,Yes,2,2,88.8,Auditory,82.5,B
12610,20,Male,17.5,51.5,8,3,Yes,Low,Yes,4,9,75.9,Reading/Writing,99.8,A
12611,20,Male,14.7,82.4,6,8,Yes,High,Yes,1,1,88.6,Reading/Writing,94.6,A
12612,26,Female,4.1,96.8,1,8,Yes,High,No,4,8,40.8,Visual,76.0,B
12613,28,Male,11.1,66.7,4,10,Yes,Low,Yes,2,2,73.6,Visual,68.9,C
12614,30,Female,10.2,63.1,7,1,No,Low,Yes,4,4,73.3,Auditory,77.4,B
12615,28,Female,18.6,95.0,6,7,No,Low,No,0,9,50.3,Reading/Writing,100,A
12616,19,Female,1.5,81.6,6,3,Yes,Low,Yes,0,0,85.6,Reading/Writing,66.3,C
12617,22,Male,15.1,62.0,10,8,No,High,No,1,6,85.4,Kinesthetic,93.2,A
12618,27,Female,6.4,73.1,5,2,Yes,High,No,4,7,42.5,Kinesthetic,86.0,B
12619,21,Female,2.7,63.8,2,5,Yes,High,Yes,3,10,95.3,Reading/Writing,65.5,C
12620,21,Female,10.8,84.8,10,6,No,Low,Yes,4,1,49.8,Auditory,86.8,B
12621,24,Male,3.6,71.9,3,5,No,Low,No,0,1,80.4,Reading/Writing,52.3,D
12622,27,Male,19.8,95.1,8,10,Yes,Low,No,1,1,63.1,Kinesthetic,100,A
12623,26,Female,12.7,58.0,10,9,Yes,High,No,4,5,70.9,Reading/Writing,87.0,B
12624,25,Female,17.2,93.0,6,6,No,Low,No,4,6,82.9,Auditory,100,A
12625,25,Male,10.4,87.9,3,4,Yes,High,Yes,1,0,84.2,Reading/Writing,95.1,A
12626,25,Male,3.8,75.8,2,1,No,High,Yes,1,2,60.7,Visual,67.8,C
12627,30,Male,8.6,70.4,2,8,No,High,Yes,5,0,72.3,Reading/Writing,78.0,B
12628,23,Male,14.6,90.4,3,5,Yes,High,No,1,7,40.8,Visual,97.7,A
12629,25,Female,7.9,97.4,2,1,No,High,No,2,0,97.8,Kinesthetic,87.3,B
12630,20,Female,3.8,66.0,1,5,Yes,High,No,2,1,98.7,Reading/Writing,75.2,B
12631,20,Male,7.9,98.2,2,7,No,Low,No,0,1,69.3,Visual,75.0,B
12632,29,Female,12.3,64.1,8,5,Yes,Low,No,0,4,60.5,Auditory,81.2,B
12633,18,Male,11.6,55.8,8,5,Yes,High,No,1,3,93.2,Auditory,94.0,A
12634,26,Female,6.4,64.8,8,6,No,Low,No,5,2,88.3,Reading/Writing,68.9,C
12635,19,Female,4.8,63.6,10,8,Yes,Low,No,4,2,92.3,Visual,78.5,B
12636,23,Female,3.8,64.9,1,8,No,Low,No,0,10,61.4,Reading/Writing,46.9,F
12637,24,Female,14.3,74.7,10,4,Yes,High,No,3,10,72.4,Reading/Writing,100,A
12638,18,Male,17.9,90.8,4,8,No,High,No,1,0,63.0,Auditory,100.0,A
12639,23,Male,10.3,53.5,3,1,Yes,High,Yes,5,1,69.8,Visual,80.7,B
12640,18,Female,13.6,62.9,8,4,No,Low,No,2,10,44.4,Auditory,87.1,B
12641,23,Male,8.5,72.5,1,4,Yes,Low,Yes,3,3,75.4,Reading/Writing,71.0,C
12642,27,Female,3.8,93.7,4,7,Yes,Low,Yes,4,5,73.2,Reading/Writing,75.9,B
12643,18,Male,5.4,83.6,1,4,No,High,Yes,2,2,61.0,Kinesthetic,67.2,C
12644,27,Male,12.5,73.7,4,4,No,High,No,2,2,75.7,Visual,86.4,B
12645,28,Male,13.8,92.4,8,5,No,Low,Yes,4,5,62.9,Auditory,97.2,A
12646,25,Male,14.3,63.3,10,3,Yes,High,No,0,8,84.0,Visual,96.7,A
12647,26,Female,6.9,51.5,10,10,No,Low,Yes,4,3,90.4,Reading/Writing,68.7,C
12648,19,Male,18.3,61.8,9,5,Yes,High,No,1,0,44.0,Reading/Writing,100,A
12649,27,Female,7.3,65.7,7,8,No,High,Yes,3,0,79.6,Reading/Writing,70.0,C
12650,25,Male,17.2,55.5,3,3,Yes,Low,Yes,4,9,50.5,Reading/Writing,80.6,B
12651,24,Male,3.5,91.1,7,3,Yes,High,Yes,2,5,62.9,Kinesthetic,80.7,B
12652,29,Female,18.0,97.6,8,8,No,High,No,3,10,72.7,Reading/Writing,100,A
12653,18,Male,19.3,58.9,10,8,No,Low,Yes,3,6,95.7,Kinesthetic,100,A
12654,30,Female,13.7,70.8,5,7,Yes,Low,Yes,5,1,96.6,Kinesthetic,95.3,A
12655,19,Male,2.1,56.1,2,3,No,High,No,0,7,65.9,Kinesthetic,65.4,C
12656,28,Male,8.1,65.3,5,5,No,Low,No,2,9,63.0,Auditory,74.8,C
12657,30,Female,3.1,79.6,10,8,No,Low,No,4,4,61.9,Kinesthetic,76.2,B
12658,23,Female,3.9,69.3,3,10,Yes,High,No,1,5,87.7,Auditory,69.2,C
12659,30,Male,6.3,90.0,10,4,Yes,Low,No,1,1,74.0,Auditory,87.6,B
12660,28,Male,6.5,51.9,10,10,Yes,Low,No,3,4,68.7,Reading/Writing,76.4,B
12661,27,Female,10.9,69.1,3,7,Yes,High,No,0,4,80.4,Reading/Writing,81.9,B
12662,27,Female,5.1,72.2,7,7,Yes,High,Yes,2,8,51.7,Visual,79.0,B
12663,26,Female,1.9,69.0,7,5,No,High,Yes,2,7,56.3,Kinesthetic,61.6,C
12664,26,Female,11.0,72.0,9,7,No,Low,No,4,0,93.2,Visual,79.0,B
12665,28,Female,17.2,60.0,8,8,Yes,High,Yes,0,4,45.3,Kinesthetic,98.9,A
12666,28,Female,12.8,84.4,8,3,Yes,High,No,5,5,46.6,Reading/Writing,93.8,A
12667,18,Female,15.3,71.8,1,6,No,Low,Yes,5,3,60.0,Auditory,71.6,C
12668,24,Male,15.5,95.0,4,5,No,High,No,0,7,61.0,Reading/Writing,96.4,A
12669,23,Male,9.7,67.3,9,3,No,Low,No,3,9,62.1,Auditory,85.6,B
12670,26,Male,17.5,93.8,3,10,No,High,Yes,1,1,71.8,Reading/Writing,84.4,B
12671,20,Female,17.9,95.0,6,10,No,Low,Yes,4,2,56.6,Reading/Writing,99.3,A
12672,26,Male,13.5,54.0,8,6,No,High,No,4,6,47.2,Visual,82.8,B
12673,19,Male,14.8,98.2,7,3,No,High,No,3,9,57.0,Auditory,98.8,A
12674,21,Male,7.1,69.9,5,4,No,Low,No,1,4,47.4,Kinesthetic,58.9,D
12675,24,Male,16.5,92.9,7,1,No,High,Yes,0,8,61.7,Reading/Writing,98.1,A
12676,22,Male,14.8,70.6,6,2,No,Low,No,3,0,91.4,Auditory,89.5,B
12677,26,Female,17.8,72.4,2,4,No,High,No,4,4,74.0,Kinesthetic,92.6,A
12678,19,Male,19.9,74.0,9,3,Yes,Low,Yes,5,2,74.6,Kinesthetic,100,A
12679,29,Female,12.7,86.3,10,4,Yes,Low,No,0,1,62.7,Auditory,90.1,A
12680,26,Female,2.4,79.1,10,8,Yes,High,Yes,2,3,89.0,Kinesthetic,77.2,B
12681,19,Female,17.6,60.1,6,7,Yes,Low,No,3,10,57.7,Reading/Writing,85.7,B
12682,22,Male,2.7,93.9,8,2,No,High,Yes,2,9,81.5,Visual,83.5,B
12683,26,Female,14.5,77.5,4,7,Yes,Low,No,0,0,99.0,Kinesthetic,89.2,B
12684,23,Female,13.3,62.9,9,1,Yes,High,Yes,3,7,99.8,Auditory,100,A
12685,24,Male,1.7,68.5,7,2,Yes,Low,Yes,5,0,72.9,Kinesthetic,70.9,C
12686,22,Female,6.7,63.1,8,5,No,Low,No,0,7,95.3,Auditory,67.3,C
12687,18,Female,4.3,99.8,5,9,Yes,Low,No,3,0,52.8,Kinesthetic,66.5,C
12688,24,Male,13.7,60.7,10,10,No,High,No,3,7,87.5,Auditory,96.3,A
12689,20,Female,5.9,57.3,1,8,No,Low,Yes,0,9,90.5,Visual,66.5,C
12690,25,Male,9.7,91.0,5,8,No,Low,No,3,4,82.2,Kinesthetic,84.5,B
12691,28,Female,17.4,99.9,5,4,No,High,Yes,3,6,98.0,Kinesthetic,100,A
12692,19,Female,5.5,95.6,1,3,No,High,No,5,4,61.6,Reading/Writing,80.9,B
12693,22,Male,14.4,97.8,5,1,Yes,High,Yes,5,8,57.6,Reading/Writing,100,A
12694,27,Male,7.0,55.5,4,5,No,High,No,0,2,45.4,Auditory,63.5,C
12695,24,Female,7.4,83.4,10,6,Yes,High,Yes,1,1,55.1,Visual,87.6,B
12696,23,Male,2.9,59.9,5,2,No,Low,Yes,1,7,78.4,Reading/Writing,63.2,C
12697,18,Female,18.9,90.0,4,10,Yes,High,No,0,2,82.5,Auditory,100,A
12698,22,Male,10.9,50.4,10,9,No,High,No,2,6,76.4,Reading/Writing,85.9,B
12699,30,Female,3.9,56.0,1,6,Yes,Low,No,2,2,86.5,Visual,56.7,D
12700,20,Female,8.1,90.2,9,10,No,High,No,3,3,49.4,Visual,74.9,C
12701,21,Male,15.4,64.5,1,3,No,High,No,3,0,59.2,Reading/Writing,78.5,B
12702,23,Female,4.3,53.6,6,3,Yes,Low,Yes,4,3,49.2,Visual,71.4,C
12703,30,Male,3.5,71.0,1,8,No,High,No,1,5,77.2,Kinesthetic,53.0,D
12704,21,Female,5.9,90.8,8,9,No,Low,No,0,0,93.4,Kinesthetic,78.8,B
12705,23,Male,17.8,92.7,8,6,Yes,Low,Yes,2,10,54.1,Auditory,100,A
12706,29,Male,1.8,59.3,2,8,Yes,Low,Yes,3,4,85.0,Reading/Writing,54.0,D
12707,30,Female,7.2,56.0,5,9,No,High,No,1,1,95.9,Kinesthetic,61.9,C
12708,19,Male,8.7,96.5,10,6,No,Low,No,3,10,41.5,Kinesthetic,79.0,B
12709,22,Female,3.8,74.6,9,8,Yes,Low,No,3,2,81.6,Reading/Writing,79.1,B
12710,22,Female,5.5,91.2,2,4,Yes,High,Yes,1,5,77.8,Kinesthetic,74.6,C
12711,22,Female,5.7,78.1,1,5,Yes,High,No,4,1,51.0,Reading/Writing,71.4,C
12712,23,Female,4.8,53.3,10,4,Yes,High,No,1,10,57.1,Auditory,72.8,C
12713,27,Male,12.7,84.0,6,6,No,High,No,5,10,62.9,Reading/Writing,97.3,A
12714,23,Male,18.0,94.9,2,6,No,Low,Yes,1,2,65.4,Reading/Writing,84.7,B
12715,29,Female,18.9,66.5,10,10,No,Low,Yes,4,10,86.0,Reading/Writing,93.0,A
12716,24,Female,14.4,94.7,7,2,No,Low,Yes,2,5,76.1,Visual,93.4,A
12717,28,Female,1.8,93.2,8,7,No,Low,No,0,0,71.8,Kinesthetic,59.5,D
12718,26,Male,8.2,95.6,6,7,Yes,Low,Yes,0,4,84.4,Kinesthetic,80.8,B
12719,28,Male,2.1,85.7,5,10,Yes,Low,No,1,9,79.6,Reading/Writing,67.0,C
12720,26,Male,18.5,75.9,9,4,Yes,Low,Yes,0,5,64.3,Auditory,93.9,A
12721,27,Female,4.6,54.0,8,4,Yes,Low,No,3,10,81.0,Auditory,70.8,C
12722,19,Female,17.8,50.2,10,2,No,Low,Yes,1,3,93.4,Auditory,100,A
12723,26,Female,9.1,93.7,5,4,Yes,High,Yes,3,9,80.0,Visual,100,A
12724,26,Female,2.4,55.5,8,10,No,High,Yes,3,10,76.6,Visual,73.0,C
12725,30,Female,15.2,98.2,3,10,Yes,Low,No,4,9,92.0,Kinesthetic,94.0,A
12726,25,Female,12.8,71.1,4,8,Yes,Low,No,2,3,94.6,Auditory,88.3,B
12727,18,Female,3.7,98.4,2,8,Yes,High,No,4,6,45.2,Kinesthetic,68.7,C
12728,25,Male,3.1,99.8,2,4,Yes,High,Yes,2,8,84.7,Kinesthetic,73.4,C
12729,22,Male,18.9,59.8,2,1,No,Low,Yes,4,5,72.2,Visual,94.7,A
12730,25,Male,5.5,51.8,8,9,No,Low,Yes,3,7,79.1,Reading/Writing,67.8,C
12731,27,Female,9.1,57.3,1,8,No,High,Yes,3,3,47.9,Kinesthetic,62.9,C
12732,26,Female,17.7,65.7,3,1,No,High,No,3,0,62.9,Auditory,82.5,B
12733,22,Male,13.5,88.4,2,9,No,High,No,2,10,90.1,Kinesthetic,87.9,B
12734,27,Female,6.5,98.1,10,10,Yes,High,No,2,8,79.6,Reading/Writing,89.4,B
12735,24,Female,17.9,90.6,8,7,No,Low,No,4,10,54.1,Auditory,100,A
12736,28,Female,2.2,66.2,3,3,No,Low,Yes,5,2,44.2,Kinesthetic,51.0,D
12737,24,Male,4.3,64.6,1,4,Yes,High,No,5,10,87.6,Visual,79.0,B
12738,25,Male,3.1,70.6,8,9,Yes,High,Yes,3,1,51.1,Reading/Writing,64.4,C
12739,27,Female,8.7,91.2,5,2,Yes,Low,Yes,4,4,61.9,Auditory,92.4,A
12740,20,Female,17.5,98.5,4,5,Yes,Low,No,4,1,77.9,Kinesthetic,93.3,A
12741,20,Male,7.8,61.5,10,1,No,High,No,0,7,65.2,Visual,76.2,B
12742,21,Male,10.9,55.7,6,5,No,Low,No,3,2,66.8,Visual,70.3,C
12743,18,Male,1.7,56.7,4,1,No,Low,Yes,4,8,90.3,Reading/Writing,66.4,C
12744,21,Female,14.7,84.5,4,6,Yes,High,Yes,3,0,61.9,Kinesthetic,91.3,A
12745,25,Male,16.2,84.7,5,8,Yes,Low,No,4,6,64.2,Auditory,96.3,A
12746,26,Female,2.9,81.0,5,9,Yes,Low,Yes,5,6,77.6,Kinesthetic,68.8,C
12747,27,Male,3.8,88.9,8,9,Yes,Low,No,5,10,97.2,Kinesthetic,80.3,B
12748,18,Female,19.2,75.2,6,2,No,High,Yes,4,9,95.2,Kinesthetic,100,A
12749,27,Female,7.9,65.1,10,5,Yes,High,No,5,9,68.0,Reading/Writing,91.2,A
12750,23,Female,14.5,92.7,9,8,Yes,High,No,5,1,85.2,Reading/Writing,100,A
12751,24,Female,4.0,85.9,9,8,Yes,Low,No,4,9,52.7,Reading/Writing,74.5,C
12752,27,Male,11.4,62.9,9,1,Yes,High,Yes,3,9,70.6,Kinesthetic,97.1,A
12753,19,Male,2.6,83.1,10,1,No,High,Yes,3,3,65.5,Kinesthetic,85.4,B
12754,29,Male,14.3,94.0,7,9,No,Low,No,4,8,67.7,Reading/Writing,97.3,A
12755,29,Male,6.7,62.1,3,9,Yes,High,No,0,7,88.9,Reading/Writing,66.6,C
12756,28,Female,19.5,53.6,9,5,Yes,Low,Yes,5,0,58.9,Auditory,89.2,B
12757,25,Female,2.6,64.9,9,1,Yes,Low,Yes,5,7,44.2,Auditory,75.6,B
12758,21,Female,13.1,94.1,7,2,No,High,No,5,6,94.0,Kinesthetic,99.4,A
12759,28,Female,6.5,93.2,7,7,No,Low,Yes,2,5,91.3,Kinesthetic,83.7,B
12760,26,Female,2.8,51.1,9,4,Yes,Low,Yes,1,2,83.0,Kinesthetic,70.9,C
12761,30,Male,6.7,66.1,6,8,Yes,High,No,3,8,87.6,Kinesthetic,80.2,B
12762,28,Male,14.7,70.1,8,1,Yes,Low,No,0,2,77.5,Kinesthetic,90.1,A
12763,19,Female,14.5,85.9,3,8,No,Low,Yes,2,0,84.7,Kinesthetic,75.8,B
12764,29,Male,15.6,96.2,5,3,No,High,Yes,4,1,60.0,Auditory,100,A
12765,26,Male,5.5,92.9,2,10,Yes,Low,No,1,10,49.9,Kinesthetic,69.1,C
12766,21,Male,6.0,67.9,9,3,No,High,Yes,3,7,72.7,Visual,78.4,B
12767,20,Male,1.7,52.3,10,8,No,High,No,1,9,45.2,Reading/Writing,54.9,D
12768,27,Female,16.5,94.6,1,7,Yes,High,Yes,2,9,85.5,Auditory,100,A
12769,23,Male,19.4,76.6,10,10,No,High,Yes,4,5,62.4,Reading/Writing,100,A
12770,19,Female,16.3,71.3,9,3,Yes,High,No,2,2,78.9,Auditory,100,A
12771,20,Male,13.8,85.5,10,5,No,High,Yes,2,4,58.8,Reading/Writing,100,A
12772,22,Female,7.9,56.8,1,10,No,Low,No,4,8,75.2,Auditory,67.2,C
12773,22,Female,11.9,57.8,7,5,No,High,No,1,1,90.0,Auditory,79.9,B
12774,18,Male,1.6,98.6,8,2,No,Low,No,2,2,41.2,Kinesthetic,66.1,C
12775,29,Female,14.2,72.2,5,4,No,Low,Yes,4,7,59.4,Reading/Writing,84.9,B
12776,21,Female,15.4,95.6,1,8,Yes,Low,No,2,4,91.1,Kinesthetic,95.3,A
12777,20,Male,17.0,73.7,6,7,No,Low,Yes,3,4,94.3,Visual,94.3,A
12778,29,Male,19.9,66.2,6,4,No,Low,Yes,4,8,83.0,Visual,96.4,A
12779,18,Male,3.6,77.0,7,4,No,Low,No,2,4,89.9,Visual,78.1,B
12780,19,Male,2.7,92.6,4,5,Yes,High,No,5,5,77.0,Reading/Writing,84.5,B
12781,20,Female,5.0,55.2,4,6,Yes,Low,No,1,9,88.1,Auditory,68.6,C
12782,24,Female,15.1,57.9,4,7,No,High,Yes,5,1,93.9,Reading/Writing,93.1,A
12783,29,Male,10.1,63.6,8,10,Yes,High,No,3,5,76.9,Auditory,80.0,B
12784,21,Female,7.4,50.3,6,1,Yes,Low,Yes,2,1,82.9,Reading/Writing,69.5,C
12785,29,Female,2.2,55.2,5,4,Yes,Low,No,5,2,80.2,Kinesthetic,59.4,D
12786,24,Male,19.9,83.3,7,4,No,Low,Yes,4,2,83.6,Kinesthetic,100,A
12787,23,Female,17.5,74.0,8,2,No,Low,No,2,5,50.4,Reading/Writing,92.2,A
12788,22,Male,18.0,87.2,9,9,No,High,Yes,0,10,89.3,Kinesthetic,100,A
12789,25,Female,13.2,71.1,4,3,No,High,Yes,2,9,57.1,Reading/Writing,92.2,A
12790,19,Male,8.8,99.5,9,2,Yes,Low,No,2,9,99.1,Kinesthetic,100,A
12791,28,Male,3.2,81.0,8,6,Yes,Low,Yes,1,3,54.5,Auditory,68.9,C
12792,25,Male,18.8,63.5,8,5,No,Low,No,5,0,56.2,Visual,95.0,A
12793,27,Female,8.0,71.1,5,6,No,Low,Yes,4,5,56.6,Visual,70.3,C
12794,22,Male,11.5,77.7,10,1,Yes,Low,Yes,3,7,48.2,Auditory,91.0,A
12795,27,Female,4.7,56.5,8,10,Yes,Low,Yes,2,3,55.8,Kinesthetic,65.4,C
12796,28,Male,15.2,99.5,8,5,Yes,Low,Yes,4,2,63.4,Visual,100.0,A
12797,22,Female,16.8,69.8,6,10,Yes,High,No,4,10,98.1,Auditory,98.7,A
12798,28,Male,10.3,76.7,7,1,Yes,High,No,2,7,77.2,Auditory,96.1,A
12799,25,Female,11.5,78.9,3,1,No,Low,Yes,3,5,87.6,Kinesthetic,86.4,B
12800,19,Female,2.9,97.4,6,6,Yes,High,No,3,5,56.1,Visual,76.5,B
12801,30,Male,7.6,94.8,6,8,Yes,High,No,0,0,92.5,Visual,80.3,B
12802,20,Female,9.3,85.1,1,9,No,Low,No,1,8,78.4,Auditory,72.1,C
12803,29,Female,13.6,66.5,6,3,Yes,Low,Yes,3,4,64.9,Visual,87.6,B
12804,19,Male,17.2,94.2,1,2,Yes,High,No,0,9,74.2,Reading/Writing,98.4,A
12805,22,Female,1.6,66.7,1,6,Yes,Low,Yes,2,10,89.0,Visual,59.5,D
12806,21,Male,5.9,83.6,5,8,No,High,Yes,2,4,52.3,Auditory,76.5,B
12807,27,Male,16.3,87.0,9,3,No,High,Yes,2,10,92.9,Kinesthetic,100,A
12808,28,Male,15.5,87.3,5,7,Yes,High,No,0,6,44.9,Auditory,94.1,A
12809,28,Male,10.9,51.2,9,7,No,High,No,2,5,87.1,Kinesthetic,76.4,B
12810,29,Male,17.3,84.6,10,1,Yes,Low,No,0,4,46.0,Auditory,96.9,A
12811,27,Female,2.2,60.2,3,10,No,Low,No,1,8,95.9,Kinesthetic,50.4,D
12812,27,Male,17.6,54.9,4,8,Yes,High,No,3,8,95.7,Visual,89.0,B
12813,25,Male,13.3,60.6,6,6,No,High,No,3,5,61.4,Reading/Writing,81.4,B
12814,25,Male,10.5,99.9,10,1,Yes,Low,Yes,1,5,90.3,Visual,100,A
12815,25,Male,6.0,73.6,10,2,Yes,High,Yes,5,3,65.3,Visual,87.0,B
12816,23,Male,8.4,60.7,4,5,Yes,High,Yes,1,0,83.6,Auditory,69.8,C
12817,19,Female,17.8,90.9,2,7,Yes,High,No,0,3,73.3,Visual,89.1,B
12818,23,Male,17.9,67.5,2,5,No,Low,Yes,1,2,94.2,Auditory,83.1,B
12819,22,Male,10.7,77.5,4,10,Yes,High,No,0,3,78.1,Kinesthetic,82.6,B
12820,21,Female,15.0,73.2,7,5,No,High,Yes,1,3,68.4,Reading/Writing,94.9,A
12821,26,Female,2.6,50.3,6,10,Yes,Low,Yes,3,4,71.8,Reading/Writing,60.0,C
12822,21,Male,9.9,53.9,6,9,Yes,High,No,1,8,59.0,Reading/Writing,78.3,B
12823,27,Female,14.3,63.9,3,2,Yes,Low,Yes,0,9,90.2,Reading/Writing,92.8,A
12824,27,Male,2.0,89.9,10,2,No,High,No,3,10,69.1,Visual,77.6,B
12825,23,Male,4.3,54.5,3,4,Yes,High,Yes,5,10,59.8,Visual,74.6,C
12826,30,Female,13.3,64.5,10,5,No,High,No,2,5,62.9,Reading/Writing,84.6,B
12827,18,Female,12.9,59.6,6,3,No,High,No,1,3,65.8,Reading/Writing,89.9,B
12828,18,Male,10.4,87.5,2,8,No,Low,Yes,4,0,55.7,Kinesthetic,75.1,B
12829,20,Male,6.6,50.4,10,3,Yes,High,Yes,2,10,92.9,Kinesthetic,81.4,B
12830,27,Female,10.7,78.8,2,5,No,Low,Yes,2,10,81.1,Auditory,77.5,B
12831,30,Male,7.0,94.1,9,9,No,Low,Yes,5,1,70.0,Auditory,81.9,B
12832,20,Male,9.9,88.5,4,8,Yes,High,No,0,9,70.5,Kinesthetic,91.0,A
12833,28,Male,12.1,63.2,7,4,No,High,Yes,2,1,68.8,Auditory,91.6,A
12834,24,Female,2.1,72.9,7,2,Yes,High,Yes,5,8,54.3,Kinesthetic,78.0,B
12835,21,Male,7.2,73.2,6,7,Yes,High,No,3,1,48.0,Reading/Writing,72.3,C
12836,26,Male,17.0,60.3,10,8,No,Low,No,5,9,40.4,Kinesthetic,88.8,B
12837,26,Female,20.0,83.1,1,3,No,High,No,5,8,69.6,Auditory,99.8,A
12838,20,Male,15.5,93.6,7,4,No,High,No,3,3,62.1,Auditory,91.4,A
12839,23,Female,11.0,57.6,4,1,Yes,Low,No,3,0,92.2,Kinesthetic,75.5,B
12840,22,Male,12.7,69.6,3,7,Yes,Low,No,2,0,45.2,Auditory,76.7,B
12841,25,Male,18.4,51.6,2,4,Yes,Low,No,2,10,75.7,Reading/Writing,90.5,A
12842,30,Female,11.7,60.2,1,10,No,Low,No,2,7,58.8,Reading/Writing,68.1,C
12843,18,Female,7.5,79.6,7,3,Yes,High,Yes,3,2,48.1,Auditory,89.2,B
12844,23,Female,16.7,52.6,7,5,No,Low,Yes,2,5,84.9,Visual,89.6,B
12845,29,Male,13.0,88.6,3,8,No,High,No,4,10,57.3,Auditory,87.6,B
12846,24,Male,6.6,81.0,1,4,Yes,High,Yes,5,0,41.1,Reading/Writing,75.0,B
12847,26,Male,16.0,98.2,5,7,Yes,Low,No,5,3,77.1,Auditory,100,A
12848,29,Female,11.5,74.3,8,3,No,High,No,5,2,57.7,Auditory,88.7,B
12849,23,Female,1.9,88.4,8,5,Yes,Low,No,3,1,92.2,Kinesthetic,68.8,C
12850,19,Female,12.7,55.3,2,3,No,High,No,3,6,54.0,Kinesthetic,71.1,C
12851,23,Male,1.0,79.7,3,8,No,High,No,5,10,66.6,Reading/Writing,70.0,C
12852,20,Male,17.1,56.3,4,6,No,High,No,5,2,48.8,Kinesthetic,88.1,B
12853,26,Male,6.1,76.3,6,2,Yes,Low,Yes,2,6,79.1,Visual,85.0,B
12854,26,Female,13.4,95.1,9,3,No,Low,Yes,4,5,57.6,Reading/Writing,97.6,A
12855,22,Male,9.7,88.9,6,8,No,High,Yes,4,6,40.5,Kinesthetic,81.2,B
12856,22,Male,13.6,66.3,3,8,No,Low,Yes,4,9,70.6,Auditory,70.2,C
12857,29,Male,12.5,99.4,10,5,No,Low,Yes,0,3,48.6,Auditory,91.8,A
12858,21,Female,19.5,90.7,3,10,No,High,No,4,5,50.9,Reading/Writing,100,A
12859,29,Male,10.0,66.3,3,5,No,Low,No,1,10,41.7,Reading/Writing,60.7,C
12860,24,Female,9.8,97.0,9,9,No,High,No,0,0,62.3,Auditory,90.9,A
12861,20,Female,7.3,70.4,8,10,No,Low,Yes,4,10,54.0,Visual,72.0,C
12862,28,Female,19.5,51.0,5,3,Yes,Low,No,5,4,69.0,Visual,100,A
12863,21,Female,15.3,95.5,1,2,No,High,No,2,10,45.0,Auditory,91.7,A
12864,29,Female,1.7,97.5,10,4,No,Low,Yes,2,4,57.0,Reading/Writing,75.6,B
12865,24,Male,17.3,85.9,6,2,Yes,Low,Yes,2,1,83.0,Auditory,99.3,A
12866,29,Male,12.5,91.1,5,4,No,High,Yes,2,0,82.6,Auditory,83.7,B
12867,21,Male,16.1,52.4,2,7,Yes,High,No,0,9,47.2,Visual,72.9,C
12868,22,Male,6.8,51.0,9,4,Yes,Low,No,1,8,63.0,Auditory,67.0,C
12869,27,Female,4.0,68.4,10,3,Yes,Low,No,1,6,88.7,Reading/Writing,79.8,B
12870,21,Male,10.2,51.6,7,7,Yes,High,Yes,2,2,87.0,Visual,75.2,B
12871,28,Male,18.7,68.3,3,8,No,Low,Yes,2,1,86.1,Reading/Writing,92.7,A
12872,24,Female,12.5,59.3,2,7,No,Low,Yes,2,8,40.3,Visual,69.7,C
12873,26,Male,7.9,70.3,1,4,No,Low,Yes,3,0,96.3,Kinesthetic,66.0,C
12874,29,Male,7.0,77.2,5,4,Yes,High,No,0,5,66.7,Kinesthetic,74.9,C
12875,23,Female,19.4,74.1,6,6,Yes,High,No,3,4,90.2,Reading/Writing,100,A
12876,28,Female,7.6,75.1,7,6,Yes,High,No,2,1,54.6,Kinesthetic,83.1,B
12877,29,Female,19.8,64.5,2,1,No,Low,Yes,4,9,85.0,Kinesthetic,100,A
12878,28,Female,12.7,61.0,6,4,No,Low,No,4,8,81.5,Visual,77.8,B
12879,23,Male,4.0,89.0,2,8,No,High,No,4,5,68.1,Auditory,72.9,C
12880,26,Female,4.6,50.6,1,6,Yes,High,Yes,3,5,52.7,Visual,63.6,C
12881,19,Female,16.6,81.9,10,9,Yes,Low,Yes,3,6,91.6,Reading/Writing,100,A
12882,20,Female,15.4,87.1,6,9,Yes,High,Yes,5,6,47.9,Auditory,100,A
12883,20,Male,19.5,89.8,10,1,Yes,Low,No,1,0,65.7,Visual,100,A
12884,28,Female,4.7,54.5,4,1,No,Low,No,1,10,61.3,Kinesthetic,68.0,C
12885,24,Male,5.9,64.6,3,5,Yes,High,Yes,3,2,95.0,Reading/Writing,67.1,C
12886,21,Male,8.8,78.8,1,2,Yes,Low,Yes,3,3,53.6,Kinesthetic,71.2,C
12887,29,Female,12.6,89.4,4,10,Yes,High,Yes,3,5,58.6,Visual,84.2,B
12888,25,Female,13.9,99.9,1,6,No,Low,Yes,0,4,56.1,Visual,74.3,C
12889,19,Male,10.8,94.1,10,5,Yes,Low,Yes,3,10,63.6,Kinesthetic,90.9,A
12890,24,Female,13.2,63.6,1,2,No,Low,No,0,5,74.5,Reading/Writing,75.5,B
12891,26,Male,13.1,72.6,6,6,No,High,No,5,4,40.3,Reading/Writing,83.8,B
12892,20,Male,2.9,84.9,5,7,No,Low,Yes,5,2,53.0,Kinesthetic,66.1,C
12893,26,Female,14.5,56.3,9,4,No,High,No,1,6,82.7,Visual,99.9,A
12894,27,Female,14.6,84.3,7,8,Yes,Low,No,5,0,84.4,Visual,97.4,A
12895,29,Female,13.5,56.4,6,5,No,High,No,2,8,95.5,Reading/Writing,93.8,A
12896,27,Male,7.9,73.0,9,3,Yes,Low,No,5,9,92.6,Kinesthetic,94.5,A
12897,21,Female,12.6,72.9,9,1,No,Low,No,3,3,77.9,Visual,89.0,B
12898,29,Male,14.7,82.2,10,9,No,Low,No,3,8,59.0,Kinesthetic,83.8,B
12899,21,Male,14.2,64.3,2,2,Yes,High,No,3,8,93.2,Visual,100,A
12900,27,Male,2.5,98.3,3,1,Yes,High,No,4,5,41.3,Visual,76.7,B
12901,24,Female,19.3,80.1,6,9,No,High,Yes,5,1,54.0,Auditory,100,A
12902,25,Female,9.0,79.7,3,3,No,High,No,5,8,81.7,Kinesthetic,88.9,B
12903,18,Male,9.4,54.8,5,9,No,Low,No,4,5,65.6,Visual,62.4,C
12904,23,Male,14.5,90.9,7,2,Yes,Low,Yes,2,5,79.6,Reading/Writing,96.0,A
12905,26,Male,7.3,83.4,9,5,Yes,High,No,3,9,94.8,Visual,98.0,A
12906,29,Male,10.8,89.2,7,5,Yes,High,Yes,0,5,48.1,Kinesthetic,91.5,A
12907,28,Male,12.7,76.8,9,6,No,Low,Yes,0,3,97.2,Auditory,86.4,B
12908,23,Female,8.2,69.7,9,9,No,Low,Yes,2,9,46.0,Visual,68.3,C
12909,28,Female,7.5,88.9,9,4,No,Low,No,0,9,86.3,Auditory,89.6,B
12910,25,Male,13.9,80.9,7,10,No,High,No,3,3,62.4,Reading/Writing,89.8,B
12911,19,Female,9.3,63.0,4,7,Yes,Low,Yes,4,0,74.3,Auditory,70.7,C
12912,21,Male,5.4,64.8,1,6,Yes,High,Yes,5,5,64.3,Auditory,64.0,C
12913,25,Female,19.5,51.7,2,7,Yes,Low,Yes,5,7,43.9,Auditory,76.3,B
12914,25,Female,17.9,63.2,10,1,Yes,Low,No,4,1,85.1,Auditory,96.1,A
12915,22,Female,8.2,84.4,3,4,No,Low,Yes,0,0,91.1,Auditory,68.4,C
12916,30,Male,17.2,72.9,2,3,No,High,No,4,7,59.8,Visual,90.2,A
12917,25,Male,15.0,63.1,2,1,Yes,High,Yes,3,5,64.4,Kinesthetic,92.4,A
12918,23,Male,3.2,58.4,2,9,Yes,Low,Yes,2,5,93.0,Kinesthetic,51.0,D
12919,26,Male,11.3,58.9,1,1,Yes,Low,Yes,3,3,61.8,Reading/Writing,73.8,C
12920,28,Male,15.2,80.1,7,10,Yes,High,No,5,4,94.6,Auditory,93.6,A
12921,21,Male,13.3,59.8,4,1,Yes,Low,No,4,1,91.1,Auditory,86.7,B
12922,19,Female,11.9,86.0,10,8,Yes,Low,No,3,0,44.3,Kinesthetic,86.9,B
12923,22,Male,4.6,77.1,10,6,No,Low,Yes,0,7,67.3,Kinesthetic,73.9,C
12924,20,Female,7.3,91.3,4,2,Yes,High,No,0,6,72.8,Visual,80.7,B
12925,22,Male,17.8,64.6,6,7,Yes,Low,No,0,5,48.6,Kinesthetic,85.0,B
12926,23,Female,8.0,97.4,10,6,Yes,Low,Yes,1,9,89.3,Auditory,100,A
12927,25,Male,9.1,97.9,10,6,Yes,High,No,0,10,55.9,Kinesthetic,88.5,B
12928,24,Female,5.1,60.1,7,3,Yes,Low,No,5,3,67.0,Auditory,70.6,C
12929,26,Male,6.1,63.1,5,7,Yes,Low,Yes,2,8,41.3,Visual,72.8,C
12930,21,Female,19.4,65.3,10,5,No,High,Yes,2,10,52.9,Reading/Writing,100,A
12931,23,Female,6.9,97.2,9,8,Yes,High,No,3,3,67.7,Auditory,91.4,A
12932,18,Male,2.2,68.3,6,4,No,High,Yes,3,0,85.4,Kinesthetic,62.0,C
12933,24,Male,4.5,52.5,3,7,Yes,High,Yes,3,10,56.7,Auditory,64.2,C
12934,21,Male,11.1,97.1,5,9,No,Low,Yes,4,3,75.7,Visual,76.6,B
12935,23,Female,11.0,60.5,3,3,No,High,Yes,0,0,62.3,Auditory,71.6,C
12936,20,Female,3.1,86.5,2,6,No,High,No,4,0,44.7,Visual,55.6,D
12937,28,Female,17.0,53.8,10,7,No,Low,Yes,4,1,86.6,Auditory,91.1,A
12938,24,Female,18.3,70.0,2,10,No,High,Yes,3,9,50.8,Reading/Writing,91.6,A
12939,26,Female,14.6,86.8,5,8,Yes,Low,Yes,2,3,62.1,Reading/Writing,86.7,B
12940,29,Male,15.3,80.9,3,9,No,Low,No,0,6,92.0,Reading/Writing,91.0,A
12941,30,Female,17.2,68.7,4,7,Yes,Low,No,4,1,79.0,Visual,86.6,B
12942,19,Female,5.4,54.2,4,7,Yes,High,No,0,0,73.1,Visual,64.4,C
12943,21,Female,11.7,72.8,2,3,No,High,Yes,2,0,74.3,Visual,81.1,B
12944,23,Female,16.1,77.1,4,5,No,High,Yes,2,3,67.3,Kinesthetic,82.7,B
12945,22,Female,5.6,92.7,9,4,No,High,Yes,3,9,63.8,Kinesthetic,92.8,A
12946,18,Female,10.1,78.5,6,9,No,Low,Yes,5,8,46.2,Reading/Writing,76.0,B
12947,20,Male,16.2,80.5,10,10,Yes,Low,Yes,3,2,94.9,Reading/Writing,95.1,A
12948,20,Male,12.9,79.8,3,10,Yes,High,Yes,2,9,98.9,Kinesthetic,90.2,A
12949,20,Male,3.3,70.0,8,3,Yes,High,No,3,4,79.4,Visual,78.1,B
12950,30,Male,11.2,53.0,7,9,Yes,Low,Yes,0,6,56.0,Auditory,74.6,C
12951,21,Female,3.2,55.3,7,10,Yes,High,No,3,0,95.1,Visual,61.6,C
12952,21,Male,10.0,57.2,2,5,Yes,High,Yes,1,6,95.1,Auditory,78.0,B
12953,24,Female,12.5,87.5,3,5,No,High,No,3,9,54.9,Visual,81.5,B
12954,25,Female,16.5,62.4,10,7,No,Low,Yes,5,10,57.5,Reading/Writing,90.8,A
12955,24,Male,2.1,56.4,6,9,No,High,No,4,7,73.9,Reading/Writing,67.2,C
12956,24,Female,17.5,72.9,10,10,Yes,Low,No,2,7,48.1,Reading/Writing,92.3,A
12957,27,Female,19.7,57.7,5,8,Yes,High,No,0,7,50.5,Kinesthetic,94.8,A
12958,26,Female,16.3,83.9,2,9,No,Low,Yes,4,1,87.5,Visual,88.0,B
12959,29,Female,17.5,54.5,4,7,Yes,Low,No,5,7,53.8,Visual,81.2,B
12960,23,Female,7.9,90.3,2,1,Yes,Low,No,0,9,69.2,Reading/Writing,74.7,C
12961,18,Female,15.5,64.5,3,10,Yes,Low,Yes,4,4,43.3,Visual,79.6,B
12962,20,Male,2.9,85.7,7,1,No,High,Yes,0,8,40.2,Reading/Writing,74.5,C
12963,28,Male,10.3,58.7,3,10,Yes,High,No,4,7,42.0,Reading/Writing,73.6,C
12964,18,Male,12.7,80.5,1,10,Yes,High,Yes,1,9,83.7,Reading/Writing,82.0,B
12965,21,Female,5.2,88.0,10,1,Yes,Low,No,0,9,75.8,Auditory,86.2,B
12966,29,Female,6.5,76.9,1,3,No,Low,Yes,4,10,88.7,Kinesthetic,72.6,C
12967,27,Female,14.3,52.7,6,10,Yes,Low,Yes,0,6,61.8,Auditory,79.1,B
12968,19,Female,16.3,89.3,9,9,Yes,High,Yes,3,10,94.7,Auditory,100,A
12969,23,Female,18.8,63.5,6,2,Yes,Low,Yes,5,6,71.0,Reading/Writing,100,A
12970,20,Male,10.8,88.6,4,7,Yes,Low,Yes,2,3,71.5,Auditory,76.2,B
12971,19,Male,18.4,97.4,6,9,Yes,Low,Yes,1,4,52.8,Kinesthetic,90.8,A
12972,28,Male,16.1,97.0,1,10,Yes,Low,No,2,1,71.7,Visual,83.7,B
12973,25,Female,11.8,60.6,7,10,Yes,High,Yes,3,7,98.9,Kinesthetic,82.8,B
12974,22,Female,17.0,89.1,5,7,No,Low,Yes,3,8,71.7,Kinesthetic,97.8,A
12975,22,Female,1.6,92.6,1,4,No,High,Yes,5,3,73.3,Auditory,65.1,C
12976,28,Female,18.8,67.2,10,10,Yes,Low,Yes,4,4,75.2,Auditory,95.2,A
12977,21,Female,11.9,99.5,6,7,No,High,Yes,1,6,75.1,Reading/Writing,89.2,B
12978,26,Female,12.2,53.8,4,10,No,Low,Yes,4,0,43.4,Visual,69.6,C
12979,19,Female,6.9,76.0,7,2,Yes,Low,No,3,4,57.7,Visual,83.9,B
12980,21,Female,17.2,58.0,9,10,Yes,High,No,1,9,94.0,Auditory,97.6,A
12981,29,Female,19.7,64.8,8,2,No,High,No,5,5,77.6,Reading/Writing,100,A
12982,28,Male,7.6,62.9,1,4,No,Low,Yes,5,10,94.6,Auditory,66.7,C
12983,30,Female,7.9,89.8,4,8,Yes,High,Yes,0,1,56.9,Kinesthetic,80.2,B
12984,24,Female,12.9,88.1,8,3,No,High,No,1,5,56.8,Auditory,92.1,A
12985,21,Male,1.6,78.5,1,3,Yes,High,Yes,4,6,57.7,Kinesthetic,69.5,C
12986,27,Male,8.3,62.5,5,2,No,High,No,4,1,80.0,Visual,71.2,C
12987,25,Female,16.2,90.7,2,2,Yes,Low,No,5,2,61.2,Auditory,95.7,A
12988,23,Female,18.4,81.7,7,6,No,High,Yes,3,3,90.8,Visual,96.0,A
12989,26,Female,15.2,73.2,9,2,No,High,Yes,1,4,90.5,Kinesthetic,100,A
12990,19,Female,15.4,80.6,7,7,Yes,Low,No,0,8,55.1,Kinesthetic,94.8,A
12991,22,Female,16.5,76.4,2,10,Yes,Low,No,4,4,86.6,Visual,94.8,A
12992,24,Male,6.8,58.4,1,10,No,High,Yes,4,4,62.3,Kinesthetic,57.5,D
12993,28,Female,9.3,76.1,1,7,Yes,High,No,5,5,50.2,Auditory,72.5,C
12994,30,Female,4.8,88.4,4,2,No,Low,Yes,3,6,56.4,Kinesthetic,74.4,C
12995,20,Female,5.3,52.5,1,9,Yes,High,Yes,1,3,84.2,Kinesthetic,57.6,D
12996,29,Female,14.5,83.0,7,1,No,Low,No,5,3,91.4,Kinesthetic,94.0,A
12997,18,Female,9.6,63.5,3,4,Yes,High,No,2,9,46.1,Reading/Writing,72.2,C
12998,28,Male,18.7,87.9,10,3,No,Low,No,1,10,87.8,Kinesthetic,100,A
12999,21,Male,8.4,81.6,7,3,Yes,High,No,0,10,69.7,Auditory,95.4,A
13000,19,Male,1.6,84.5,2,2,No,High,No,1,8,69.5,Visual,61.3,C
13001,20,Male,2.4,88.3,3,2,Yes,High,Yes,0,4,58.1,Auditory,69.2,C
13002,21,Male,9.1,67.7,4,9,No,High,Yes,4,0,85.9,Visual,67.0,C
13003,29,Female,10.0,91.0,1,4,Yes,High,No,1,1,46.0,Kinesthetic,85.9,B
13004,19,Female,14.8,83.1,9,3,No,High,No,1,2,57.8,Reading/Writing,93.1,A
13005,20,Female,17.6,88.1,5,8,Yes,Low,Yes,3,0,60.7,Visual,96.4,A
13006,24,Female,10.9,70.6,1,2,Yes,High,No,2,9,70.3,Reading/Writing,90.2,A
13007,29,Male,12.9,61.9,2,3,No,Low,No,1,3,63.9,Kinesthetic,80.0,B
13008,23,Female,6.2,70.1,8,10,No,Low,No,5,4,99.3,Auditory,81.4,B
13009,26,Female,16.0,98.4,8,2,No,Low,Yes,2,6,55.2,Kinesthetic,93.0,A
13010,21,Male,3.7,62.7,2,8,No,Low,Yes,1,9,42.6,Auditory,52.2,D
13011,19,Male,6.0,90.2,5,10,Yes,High,Yes,5,8,46.6,Auditory,71.5,C
13012,27,Male,16.2,87.0,7,7,Yes,Low,No,0,7,60.8,Reading/Writing,90.2,A
13013,29,Male,1.9,88.0,7,4,Yes,Low,Yes,0,8,93.0,Reading/Writing,73.4,C
13014,27,Male,13.7,85.6,7,9,Yes,Low,Yes,3,9,62.4,Auditory,95.0,A
13015,30,Female,17.0,64.4,9,10,Yes,High,No,5,5,87.5,Visual,97.3,A
13016,30,Male,13.3,83.0,7,4,Yes,High,No,2,4,91.8,Kinesthetic,100,A
13017,18,Female,2.9,87.9,4,3,No,Low,No,1,1,74.7,Reading/Writing,59.6,D
13018,21,Female,16.2,96.8,9,10,No,High,Yes,3,3,55.4,Reading/Writing,98.3,A
13019,30,Male,1.1,69.5,5,3,No,Low,No,1,7,56.9,Kinesthetic,52.4,D
13020,22,Female,15.8,83.4,1,10,No,High,No,5,5,57.6,Reading/Writing,77.1,B
13021,26,Female,13.6,88.0,4,1,No,High,Yes,4,2,76.8,Auditory,93.4,A
13022,26,Female,8.7,70.4,7,4,Yes,Low,Yes,1,0,87.5,Kinesthetic,75.7,B
13023,18,Male,8.2,89.0,9,3,No,High,Yes,1,4,85.0,Visual,93.5,A
13024,25,Female,12.3,98.1,7,4,No,Low,Yes,2,9,83.5,Visual,93.2,A
13025,20,Female,13.1,72.5,1,1,Yes,High,Yes,4,7,65.9,Visual,85.6,B
13026,28,Male,1.3,56.9,9,2,No,High,Yes,5,2,53.5,Visual,66.8,C
13027,25,Female,2.6,71.8,3,1,Yes,Low,Yes,4,8,46.1,Reading/Writing,71.7,C
13028,20,Female,11.3,63.1,7,1,Yes,Low,No,1,10,42.5,Visual,85.4,B
13029,23,Male,5.4,95.7,5,7,No,High,Yes,1,3,63.7,Auditory,75.9,B
13030,29,Female,6.4,90.4,10,7,Yes,Low,Yes,4,8,98.2,Visual,83.6,B
13031,25,Male,10.4,98.9,8,10,Yes,Low,No,0,2,44.8,Auditory,84.6,B
13032,24,Female,1.3,52.3,8,6,Yes,High,No,0,6,42.8,Auditory,56.4,D
13033,25,Female,5.3,70.1,6,10,Yes,Low,Yes,3,7,58.7,Visual,60.8,C
13034,24,Female,6.2,70.1,5,8,Yes,High,No,4,2,68.7,Visual,81.5,B
13035,30,Male,13.0,95.3,6,8,No,High,No,1,9,42.6,Auditory,90.9,A
13036,30,Male,17.6,67.4,7,9,Yes,Low,No,3,7,50.5,Visual,85.7,B
13037,19,Male,19.6,54.3,7,9,Yes,High,No,4,3,44.7,Kinesthetic,87.4,B
13038,26,Female,18.1,88.4,3,9,No,Low,Yes,3,2,73.7,Reading/Writing,87.7,B
13039,20,Male,15.6,82.7,4,7,No,High,Yes,2,10,74.3,Kinesthetic,99.8,A
13040,26,Male,2.7,65.3,9,4,Yes,Low,Yes,2,9,70.5,Visual,75.4,B
13041,25,Male,16.1,88.0,4,2,No,High,Yes,0,6,62.3,Auditory,98.6,A
13042,25,Male,19.8,78.9,5,6,Yes,Low,Yes,3,6,87.9,Reading/Writing,95.7,A
13043,27,Male,3.0,83.6,10,9,Yes,High,Yes,4,5,66.0,Reading/Writing,83.1,B
13044,24,Male,4.7,65.9,1,7,Yes,High,Yes,1,5,70.5,Visual,72.6,C
13045,26,Female,1.0,99.6,2,4,Yes,High,No,0,8,51.4,Auditory,65.7,C
13046,23,Female,8.4,81.9,1,1,No,Low,Yes,4,1,52.1,Reading/Writing,69.2,C
13047,18,Male,8.5,64.1,10,4,No,Low,No,0,2,47.9,Auditory,80.0,B
13048,18,Female,7.0,96.7,2,1,No,High,No,3,6,80.8,Visual,82.9,B
13049,24,Female,5.3,98.2,9,10,Yes,Low,Yes,1,0,76.2,Reading/Writing,85.2,B
13050,28,Male,16.0,96.1,6,3,Yes,Low,Yes,0,9,81.7,Visual,100,A
13051,27,Male,19.1,78.6,8,3,Yes,Low,No,1,1,75.5,Reading/Writing,100,A
13052,29,Male,10.6,83.9,8,1,No,High,No,1,0,48.4,Kinesthetic,89.5,B
13053,21,Female,18.3,95.5,10,10,Yes,Low,No,3,3,54.1,Reading/Writing,100,A
13054,30,Male,14.6,79.2,8,4,No,High,Yes,4,2,91.8,Reading/Writing,93.3,A
13055,19,Male,2.7,79.9,3,9,No,Low,No,0,4,63.2,Kinesthetic,54.7,D
13056,22,Female,14.9,86.4,6,9,Yes,High,Yes,5,9,49.7,Visual,88.4,B
13057,19,Female,3.1,58.7,3,5,No,High,No,4,1,51.5,Visual,53.4,D
13058,21,Male,9.7,67.3,5,6,Yes,Low,Yes,0,5,83.1,Reading/Writing,80.0,B
13059,28,Female,4.9,80.1,8,5,Yes,High,No,1,9,87.9,Kinesthetic,93.3,A
13060,19,Female,5.6,51.3,4,8,Yes,High,Yes,0,7,98.2,Reading/Writing,77.2,B
13061,29,Male,18.1,87.5,9,7,No,Low,Yes,1,7,94.1,Visual,97.7,A
13062,27,Female,1.1,62.8,5,1,Yes,High,Yes,0,5,72.6,Kinesthetic,68.4,C
13063,18,Female,15.9,55.1,1,5,Yes,Low,No,5,10,96.8,Visual,94.0,A
13064,26,Female,4.0,61.3,7,6,No,Low,No,3,3,92.3,Visual,61.1,C
13065,26,Male,18.7,81.2,7,5,No,High,No,2,3,57.8,Auditory,97.7,A
13066,30,Male,18.1,94.0,2,7,No,Low,Yes,2,9,79.9,Visual,94.0,A
13067,23,Female,3.2,62.2,1,2,No,Low,Yes,2,10,92.2,Reading/Writing,62.6,C
13068,24,Female,14.3,80.5,6,8,Yes,High,Yes,5,7,44.2,Reading/Writing,89.8,B
13069,30,Female,17.3,73.9,6,3,No,Low,No,2,9,94.6,Reading/Writing,100,A
13070,24,Male,6.1,90.2,2,8,No,High,Yes,2,3,96.3,Kinesthetic,73.1,C
13071,29,Female,7.6,64.5,8,10,Yes,Low,Yes,3,8,51.7,Reading/Writing,69.8,C
13072,25,Female,7.1,55.7,7,1,No,High,Yes,4,9,76.1,Kinesthetic,78.1,B
13073,28,Female,8.5,51.1,2,3,Yes,Low,No,3,10,81.7,Visual,74.5,C
13074,19,Female,7.2,59.8,8,4,Yes,High,No,1,5,89.6,Kinesthetic,91.1,A
13075,20,Female,4.3,65.1,1,7,No,High,Yes,5,5,51.7,Kinesthetic,61.0,C
13076,18,Female,19.5,97.9,8,7,No,High,Yes,2,10,60.9,Auditory,100,A
13077,28,Female,8.8,83.1,8,3,Yes,High,Yes,4,4,83.5,Kinesthetic,100,A
13078,19,Female,2.6,52.4,2,7,No,High,No,1,10,78.0,Reading/Writing,64.6,C
13079,21,Male,8.0,71.1,9,9,Yes,Low,Yes,2,3,100.0,Reading/Writing,80.1,B
13080,26,Female,1.1,58.6,4,1,Yes,High,No,4,2,92.6,Kinesthetic,71.3,C
13081,25,Female,19.0,55.3,10,5,No,High,No,5,3,50.4,Auditory,100,A
13082,23,Female,11.9,87.3,7,1,Yes,High,No,4,1,98.2,Reading/Writing,100,A
13083,19,Female,12.7,67.3,6,2,No,Low,No,4,0,80.0,Kinesthetic,81.3,B
13084,29,Female,4.4,79.0,5,9,No,Low,Yes,4,7,50.1,Visual,61.2,C
13085,19,Female,1.8,65.1,4,5,Yes,Low,Yes,4,5,92.3,Reading/Writing,69.3,C
13086,30,Female,15.8,87.1,4,9,Yes,High,No,3,10,56.3,Visual,100,A
13087,19,Male,14.4,51.5,1,2,Yes,Low,No,4,10,98.8,Kinesthetic,89.3,B
13088,26,Female,15.5,80.3,9,8,No,High,Yes,2,7,41.8,Auditory,86.0,B
13089,24,Female,13.2,65.8,3,6,Yes,Low,No,4,8,42.8,Visual,84.8,B
13090,30,Female,14.7,86.8,10,4,Yes,Low,No,2,4,67.4,Visual,100,A
13091,24,Female,13.3,92.1,10,4,No,High,No,0,9,89.4,Kinesthetic,100,A
13092,18,Female,12.8,67.8,3,4,Yes,Low,Yes,2,8,71.7,Auditory,84.2,B
13093,23,Male,6.6,74.5,8,1,No,High,Yes,4,1,52.1,Visual,85.2,B
13094,22,Female,7.8,79.8,2,6,Yes,High,No,3,0,74.2,Auditory,73.1,C
13095,21,Male,17.7,82.7,2,1,No,Low,Yes,1,6,70.7,Auditory,93.5,A
13096,30,Female,11.3,56.3,6,5,Yes,Low,Yes,4,7,77.5,Auditory,87.9,B
13097,21,Female,2.6,85.4,6,9,Yes,Low,Yes,1,10,70.6,Visual,77.0,B
13098,30,Female,7.1,60.0,8,2,No,High,No,2,2,87.6,Reading/Writing,78.4,B
13099,20,Female,14.3,89.6,3,7,Yes,High,Yes,4,3,68.7,Reading/Writing,95.5,A
13100,23,Female,5.3,51.1,7,6,Yes,High,Yes,3,7,95.3,Kinesthetic,70.8,C
13101,27,Male,4.8,66.2,2,1,Yes,High,No,4,2,82.4,Reading/Writing,72.6,C
13102,30,Male,2.3,50.5,5,4,Yes,High,Yes,5,3,81.1,Visual,75.3,B
13103,18,Female,11.1,51.5,1,6,No,High,Yes,4,1,42.9,Visual,60.2,C
13104,30,Male,12.6,66.4,1,5,No,High,Yes,0,10,85.9,Kinesthetic,84.8,B
13105,22,Female,17.6,81.8,2,1,No,Low,Yes,5,7,73.9,Kinesthetic,95.6,A
13106,21,Male,7.5,99.0,4,6,Yes,Low,Yes,2,5,88.7,Auditory,84.2,B
13107,24,Male,13.2,76.2,5,5,Yes,Low,Yes,4,9,71.0,Kinesthetic,82.0,B
13108,19,Female,6.0,89.8,10,5,Yes,Low,No,0,2,67.8,Visual,85.1,B
13109,25,Female,16.6,50.1,3,2,No,High,No,4,1,92.6,Kinesthetic,93.8,A
13110,21,Female,2.4,78.6,3,1,No,High,Yes,0,4,68.2,Reading/Writing,74.6,C
13111,22,Male,8.3,59.5,5,5,Yes,Low,No,4,7,76.7,Kinesthetic,79.5,B
13112,25,Male,13.8,76.7,7,2,No,Low,No,0,7,46.9,Auditory,89.4,B
13113,30,Male,2.7,51.3,3,8,No,High,No,4,5,67.9,Kinesthetic,63.5,C
13114,26,Female,9.0,92.0,6,4,Yes,High,Yes,5,4,82.4,Reading/Writing,95.4,A
13115,20,Male,4.4,86.8,10,9,No,High,Yes,4,0,88.4,Auditory,87.3,B
13116,30,Female,8.2,57.1,7,5,Yes,High,No,3,6,85.2,Reading/Writing,78.9,B
13117,18,Female,14.0,59.4,8,2,Yes,Low,Yes,2,8,90.9,Auditory,87.0,B
13118,24,Female,10.3,92.8,4,5,Yes,High,No,4,3,90.0,Reading/Writing,88.0,B
13119,29,Male,6.0,71.4,3,4,Yes,Low,No,1,2,44.7,Auditory,66.7,C
13120,19,Female,3.9,70.1,3,2,Yes,High,Yes,0,6,85.0,Kinesthetic,68.1,C
13121,23,Male,7.7,87.5,10,9,Yes,High,No,2,6,49.6,Kinesthetic,84.1,B
13122,24,Male,7.4,64.0,8,5,No,Low,No,4,2,77.7,Kinesthetic,66.9,C
13123,25,Male,11.5,80.1,2,10,No,High,No,2,7,88.9,Visual,76.3,B
13124,18,Female,11.1,81.1,7,3,Yes,High,Yes,4,1,59.8,Reading/Writing,95.5,A
13125,30,Male,10.4,66.9,5,3,Yes,Low,No,3,6,76.8,Kinesthetic,82.6,B
13126,20,Male,5.0,65.8,4,10,No,Low,No,4,7,51.9,Kinesthetic,59.3,D
13127,29,Female,4.3,67.8,4,9,Yes,Low,Yes,3,3,72.7,Reading/Writing,63.9,C
13128,20,Female,10.8,97.5,1,4,Yes,Low,Yes,1,2,98.5,Auditory,91.2,A
13129,21,Female,5.5,50.3,3,7,No,Low,No,3,8,84.7,Kinesthetic,67.8,C
13130,20,Female,13.7,97.6,6,5,No,Low,No,5,1,99.1,Kinesthetic,89.9,B
13131,23,Male,6.7,75.9,2,3,No,Low,No,4,8,54.6,Auditory,68.3,C
13132,30,Male,13.4,81.3,3,8,Yes,High,Yes,0,5,49.8,Visual,84.6,B
13133,29,Male,1.9,69.1,6,5,No,High,Yes,1,8,49.6,Reading/Writing,61.2,C
13134,29,Female,8.0,78.8,6,8,Yes,High,No,2,4,72.0,Visual,79.9,B
13135,26,Male,7.0,84.1,4,6,No,Low,Yes,5,6,95.9,Kinesthetic,71.9,C
13136,27,Male,10.4,98.3,8,4,Yes,High,Yes,5,10,88.3,Kinesthetic,100,A
13137,20,Female,1.7,88.3,7,1,No,High,Yes,3,0,91.2,Visual,85.8,B
13138,18,Male,7.3,68.3,4,6,Yes,High,Yes,3,4,75.6,Kinesthetic,78.9,B
13139,28,Male,6.9,57.1,9,2,No,Low,No,1,2,53.5,Visual,66.5,C
13140,18,Female,2.1,86.1,1,7,No,Low,Yes,3,5,44.3,Auditory,55.8,D
13141,20,Female,7.2,70.3,10,9,No,High,No,5,10,65.6,Kinesthetic,77.8,B
13142,22,Female,13.4,90.6,1,1,No,High,No,2,1,45.0,Visual,77.3,B
13143,21,Male,18.9,87.9,5,4,No,High,Yes,2,9,99.9,Visual,100,A
13144,18,Female,2.9,54.6,9,2,Yes,Low,Yes,1,10,63.5,Auditory,71.3,C
13145,19,Male,11.4,68.3,6,6,No,High,No,5,5,69.9,Auditory,85.7,B
13146,24,Female,12.8,59.8,4,7,Yes,Low,No,3,7,90.7,Reading/Writing,79.6,B
13147,18,Male,13.4,85.2,7,4,Yes,Low,Yes,4,7,59.2,Reading/Writing,87.1,B
13148,18,Male,12.5,59.4,4,3,Yes,Low,No,5,8,84.9,Visual,85.5,B
13149,27,Male,3.1,91.4,8,5,Yes,High,Yes,2,6,97.2,Kinesthetic,91.3,A
13150,19,Male,19.9,75.6,9,10,Yes,High,Yes,3,10,70.5,Reading/Writing,100,A
13151,26,Male,10.7,98.7,9,5,Yes,Low,No,5,9,73.8,Reading/Writing,91.8,A
13152,23,Female,5.3,60.7,4,3,Yes,High,No,3,6,42.0,Reading/Writing,76.3,B
13153,20,Female,6.5,62.4,7,4,Yes,High,Yes,3,3,62.9,Reading/Writing,80.9,B
13154,24,Male,3.8,90.8,4,4,No,High,No,1,5,93.3,Visual,76.1,B
13155,29,Female,18.9,67.9,9,8,No,High,No,4,9,75.6,Auditory,99.5,A
13156,28,Male,3.8,78.8,9,4,No,High,No,3,2,87.1,Auditory,81.2,B
13157,28,Female,10.0,90.8,1,1,No,High,Yes,1,6,42.9,Visual,83.0,B
13158,27,Female,15.4,58.8,2,7,No,High,Yes,3,7,70.4,Visual,76.7,B
13159,18,Female,4.6,79.1,9,3,Yes,Low,No,5,10,58.9,Kinesthetic,77.6,B
13160,21,Female,19.6,98.3,5,8,No,Low,No,0,10,75.4,Visual,96.1,A
13161,29,Male,3.8,62.1,8,4,Yes,High,Yes,0,3,59.4,Kinesthetic,78.1,B
13162,29,Male,8.5,95.0,1,6,Yes,Low,No,3,9,40.8,Reading/Writing,68.4,C
13163,22,Male,5.7,94.5,6,7,No,Low,No,5,7,60.6,Visual,81.3,B
13164,20,Male,5.2,79.6,7,3,Yes,High,Yes,2,5,55.9,Auditory,82.0,B
13165,20,Female,10.1,64.9,4,7,No,High,No,5,7,60.9,Reading/Writing,77.3,B
13166,25,Female,11.6,95.1,8,9,Yes,Low,No,1,7,77.8,Auditory,88.4,B
13167,25,Female,1.5,78.1,3,1,No,High,No,2,9,46.3,Visual,66.2,C
13168,23,Male,8.9,63.7,8,1,Yes,High,Yes,4,4,54.1,Reading/Writing,86.6,B
13169,30,Female,8.5,63.6,3,6,No,Low,Yes,5,4,71.3,Reading/Writing,65.5,C
13170,20,Male,5.9,84.5,7,7,No,High,No,5,4,57.0,Kinesthetic,71.5,C
13171,18,Female,9.9,87.6,1,2,Yes,High,Yes,5,9,81.2,Visual,83.5,B
13172,23,Male,8.1,89.9,2,2,Yes,Low,No,5,4,88.5,Auditory,81.6,B
13173,19,Female,19.4,86.8,5,1,No,Low,Yes,3,7,66.2,Auditory,93.5,A
13174,24,Female,16.3,56.3,7,5,Yes,Low,Yes,1,10,74.9,Visual,88.2,B
13175,23,Male,9.0,89.2,1,8,Yes,High,No,2,2,92.3,Visual,87.4,B
13176,21,Female,11.1,80.2,8,5,Yes,Low,Yes,3,10,50.7,Auditory,80.2,B
13177,27,Male,13.3,86.8,3,5,No,High,No,4,6,45.2,Auditory,89.7,B
13178,28,Female,3.2,71.9,3,7,No,High,No,3,9,81.0,Reading/Writing,71.7,C
13179,30,Male,3.4,69.3,7,5,No,Low,No,2,1,70.9,Kinesthetic,67.4,C
13180,21,Female,9.4,91.3,4,1,No,High,Yes,1,0,80.8,Visual,90.3,A
13181,30,Male,1.9,76.3,4,6,No,Low,Yes,4,8,91.5,Visual,67.3,C
13182,29,Male,2.3,94.1,6,6,Yes,High,Yes,4,4,58.0,Reading/Writing,74.7,C
13183,28,Male,13.8,90.8,6,1,Yes,High,No,5,7,74.2,Reading/Writing,98.3,A
13184,30,Male,3.4,84.7,9,5,No,Low,Yes,4,0,96.1,Visual,80.5,B
13185,18,Female,5.5,66.2,8,9,No,High,Yes,2,1,97.8,Reading/Writing,75.7,B
13186,30,Male,16.6,79.2,6,5,No,Low,Yes,1,7,60.4,Auditory,95.4,A
13187,29,Female,6.0,75.0,8,7,No,High,No,1,5,53.4,Kinesthetic,68.2,C
13188,21,Male,4.3,89.3,3,4,Yes,High,No,1,0,49.8,Auditory,65.8,C
13189,25,Male,12.5,84.5,2,8,Yes,Low,Yes,4,6,77.6,Auditory,90.4,A
13190,21,Male,7.0,82.6,8,10,No,Low,Yes,1,7,41.0,Kinesthetic,77.3,B
13191,23,Male,16.9,76.6,3,8,Yes,Low,No,3,9,75.6,Visual,91.1,A
13192,26,Male,17.2,63.4,10,1,No,Low,Yes,1,3,44.9,Visual,88.3,B
13193,28,Male,2.2,74.0,7,4,No,High,Yes,1,9,73.1,Auditory,65.4,C
13194,21,Male,11.8,60.3,7,7,Yes,High,No,4,7,67.0,Reading/Writing,83.0,B
13195,26,Male,1.3,57.6,10,4,Yes,High,No,4,8,68.4,Auditory,75.0,B
13196,18,Female,13.0,79.6,6,10,Yes,High,Yes,2,8,44.1,Auditory,88.3,B
13197,23,Female,11.7,50.3,9,9,No,Low,No,4,6,48.2,Visual,74.1,C
13198,30,Female,16.6,99.9,3,8,Yes,Low,Yes,2,2,71.2,Auditory,98.7,A
13199,20,Male,14.4,64.7,3,5,Yes,Low,No,1,6,80.5,Kinesthetic,89.7,B
13200,29,Male,11.7,52.7,4,9,Yes,Low,Yes,3,5,50.3,Kinesthetic,72.1,C
13201,30,Male,15.2,56.6,10,9,Yes,Low,No,4,2,77.4,Reading/Writing,82.5,B
13202,22,Female,6.8,91.9,8,6,Yes,High,No,3,1,71.7,Auditory,93.5,A
13203,22,Female,3.5,83.7,2,2,Yes,High,Yes,2,5,44.9,Kinesthetic,67.4,C
13204,24,Male,3.7,61.5,10,1,Yes,Low,No,2,10,44.6,Auditory,81.6,B
13205,20,Male,8.0,80.2,9,4,Yes,High,Yes,4,7,70.3,Auditory,89.6,B
13206,18,Female,9.6,55.7,7,9,No,High,No,3,4,80.5,Kinesthetic,69.7,C
13207,26,Male,19.7,61.4,9,5,No,Low,No,0,8,44.4,Auditory,91.1,A
13208,28,Male,9.2,71.9,9,1,Yes,Low,No,3,6,88.3,Kinesthetic,92.7,A
13209,27,Female,12.0,52.2,10,3,No,High,No,1,4,62.9,Visual,86.7,B
13210,20,Male,8.3,61.2,4,3,No,Low,Yes,4,5,83.4,Reading/Writing,65.4,C
13211,27,Male,10.8,88.6,5,2,Yes,Low,Yes,2,7,71.9,Visual,97.3,A
13212,22,Female,16.4,52.6,4,5,Yes,Low,No,2,0,46.8,Visual,82.7,B
13213,18,Male,15.6,92.6,2,5,No,Low,No,2,6,58.2,Kinesthetic,85.6,B
13214,27,Male,3.8,56.0,7,8,No,Low,No,5,7,81.6,Reading/Writing,57.5,D
13215,27,Female,19.8,73.0,7,10,No,High,No,4,5,95.5,Visual,99.7,A
13216,23,Female,18.0,55.3,8,1,Yes,Low,Yes,0,5,53.9,Visual,100,A
13217,29,Female,8.4,52.2,10,8,No,Low,Yes,1,10,47.1,Kinesthetic,70.2,C
13218,23,Female,3.5,70.1,1,8,No,Low,No,3,2,62.5,Kinesthetic,45.9,F
13219,21,Male,18.0,76.0,9,3,No,Low,Yes,1,2,76.0,Kinesthetic,97.3,A
13220,27,Female,1.9,94.9,8,4,Yes,High,No,4,10,75.0,Reading/Writing,93.7,A
13221,23,Female,15.7,73.4,8,9,No,Low,No,4,2,51.2,Reading/Writing,86.5,B
13222,30,Female,17.0,75.8,6,9,Yes,High,Yes,2,3,77.7,Auditory,100,A
13223,20,Female,18.9,57.2,9,10,No,Low,No,4,7,54.6,Kinesthetic,95.8,A
13224,29,Female,5.4,85.8,5,2,No,Low,Yes,3,4,68.3,Kinesthetic,71.4,C
13225,20,Female,16.5,54.7,10,4,Yes,Low,No,4,0,61.7,Visual,99.2,A
13226,21,Male,10.2,70.0,3,4,Yes,Low,No,5,3,47.2,Reading/Writing,74.8,C
13227,23,Male,15.5,82.2,10,3,No,Low,No,5,6,44.4,Visual,97.2,A
13228,27,Male,12.3,70.7,3,4,Yes,Low,Yes,0,2,57.9,Auditory,73.4,C
13229,27,Male,12.4,85.3,3,4,No,High,Yes,5,7,81.9,Reading/Writing,86.3,B
13230,18,Male,15.1,79.0,1,2,No,Low,Yes,3,2,57.4,Reading/Writing,84.9,B
13231,26,Male,18.5,96.5,1,5,Yes,Low,Yes,2,1,75.9,Auditory,92.0,A
13232,30,Male,6.1,97.3,8,2,No,High,No,5,9,79.7,Kinesthetic,95.9,A
13233,20,Female,9.1,90.7,2,3,Yes,Low,No,1,2,71.7,Reading/Writing,71.9,C
13234,23,Female,7.6,66.4,2,3,No,Low,Yes,3,1,78.6,Reading/Writing,70.0,C
13235,22,Female,14.0,78.7,3,3,Yes,Low,No,4,0,42.7,Reading/Writing,78.1,B
13236,21,Female,16.6,84.5,5,7,No,Low,No,1,0,83.7,Auditory,93.6,A
13237,23,Female,6.2,52.1,4,6,No,High,No,0,0,65.1,Reading/Writing,53.8,D
13238,30,Male,6.7,90.4,7,3,Yes,High,Yes,3,6,67.8,Auditory,83.4,B
13239,19,Male,8.8,96.1,7,9,Yes,Low,Yes,1,5,93.7,Visual,84.4,B
13240,26,Female,13.8,79.0,6,5,Yes,High,Yes,1,5,77.3,Visual,100,A
13241,30,Male,18.0,57.3,7,1,No,Low,No,3,1,46.7,Auditory,93.3,A
13242,27,Female,2.5,92.0,7,6,No,High,Yes,2,0,53.4,Reading/Writing,77.1,B
13243,30,Female,3.3,82.3,9,3,Yes,Low,No,1,4,55.9,Reading/Writing,68.2,C
13244,25,Female,17.4,81.0,2,7,Yes,Low,Yes,1,8,55.0,Reading/Writing,84.4,B
13245,26,Female,6.9,99.2,5,1,No,Low,No,5,9,79.6,Auditory,89.0,B
13246,29,Male,5.8,93.5,2,4,Yes,High,Yes,0,0,89.2,Visual,81.2,B
13247,19,Female,13.3,53.8,7,7,No,Low,Yes,3,3,78.9,Auditory,77.4,B
13248,30,Male,14.3,93.6,7,3,Yes,Low,No,2,6,94.6,Reading/Writing,96.4,A
13249,28,Female,3.3,99.9,9,2,Yes,Low,No,4,0,92.1,Visual,79.4,B
13250,20,Male,17.8,63.0,7,5,Yes,High,Yes,4,5,54.5,Kinesthetic,100,A
13251,27,Female,4.8,96.4,4,8,Yes,Low,Yes,3,1,69.2,Kinesthetic,68.3,C
13252,19,Female,6.2,69.8,5,6,Yes,Low,Yes,0,5,60.9,Visual,62.5,C
13253,22,Female,13.4,58.9,5,10,No,High,No,3,4,42.9,Kinesthetic,67.6,C
13254,26,Male,17.0,57.8,1,1,No,High,Yes,1,9,61.4,Reading/Writing,88.3,B
13255,25,Male,10.4,69.0,4,4,No,Low,Yes,2,5,91.3,Kinesthetic,81.2,B
13256,23,Male,4.8,72.1,7,5,No,High,Yes,2,8,67.2,Auditory,80.0,B
13257,30,Female,18.0,65.8,9,7,No,Low,No,0,7,64.1,Reading/Writing,85.0,B
13258,28,Male,9.9,86.0,4,5,No,Low,No,1,9,81.4,Auditory,73.4,C
13259,20,Female,19.3,94.3,10,7,No,Low,No,0,1,61.3,Kinesthetic,100,A
13260,22,Male,9.2,60.1,4,4,No,Low,Yes,0,7,91.0,Kinesthetic,66.4,C
13261,26,Female,6.0,60.6,9,6,Yes,High,No,0,7,58.9,Reading/Writing,84.9,B
13262,19,Female,4.4,73.5,10,7,Yes,High,Yes,4,5,84.1,Reading/Writing,90.2,A
13263,21,Male,8.2,71.1,8,8,Yes,Low,No,2,7,88.8,Reading/Writing,81.2,B
13264,23,Male,2.9,87.9,7,7,Yes,High,No,2,6,50.7,Reading/Writing,76.9,B
13265,22,Female,3.2,69.9,10,5,Yes,Low,Yes,3,7,97.0,Reading/Writing,81.7,B
13266,18,Male,6.6,89.8,9,10,Yes,High,Yes,2,7,49.9,Reading/Writing,86.4,B
13267,22,Male,13.6,87.2,6,4,Yes,High,Yes,2,3,98.2,Auditory,100,A
13268,20,Female,13.9,89.7,4,2,No,Low,Yes,2,0,42.9,Auditory,75.8,B
13269,18,Female,4.9,58.9,2,4,No,Low,No,5,4,47.9,Visual,53.4,D
13270,20,Female,5.6,93.1,5,2,No,Low,Yes,3,0,51.4,Kinesthetic,71.6,C
13271,27,Male,19.8,81.2,2,1,No,High,No,1,5,45.6,Kinesthetic,100,A
13272,22,Male,2.8,98.2,8,2,No,Low,Yes,3,5,95.7,Visual,76.0,B
13273,18,Male,17.0,76.8,2,8,No,High,No,5,8,99.2,Auditory,95.5,A
13274,26,Male,8.7,85.5,7,4,Yes,Low,Yes,5,7,54.5,Auditory,82.7,B
13275,26,Male,6.4,77.2,4,9,No,Low,Yes,5,0,42.0,Reading/Writing,60.9,C
13276,24,Female,7.5,85.8,5,7,No,High,No,3,9,75.3,Reading/Writing,75.6,B
13277,26,Male,7.9,78.4,5,1,No,Low,Yes,3,9,78.5,Visual,74.0,C
13278,26,Male,1.3,55.2,6,3,No,High,Yes,3,8,62.9,Reading/Writing,65.7,C
13279,23,Female,7.9,53.0,8,2,No,High,No,4,2,83.8,Kinesthetic,75.7,B
13280,24,Male,13.8,55.9,10,9,Yes,High,Yes,1,4,63.4,Kinesthetic,96.7,A
13281,21,Female,4.9,66.9,3,4,Yes,Low,No,5,0,51.5,Reading/Writing,71.3,C
13282,30,Male,18.0,99.2,3,1,Yes,High,No,0,10,43.5,Visual,100,A
13283,18,Female,14.2,65.2,1,9,No,High,No,1,6,67.7,Auditory,73.6,C
13284,23,Female,19.8,53.6,6,5,No,High,Yes,3,1,91.8,Visual,99.6,A
13285,28,Female,11.9,58.9,6,1,No,Low,No,5,8,41.6,Auditory,70.6,C
13286,18,Female,11.6,61.2,3,7,No,High,Yes,2,6,91.7,Kinesthetic,71.7,C
13287,20,Female,4.7,82.4,6,4,No,High,No,5,3,47.7,Kinesthetic,78.3,B
13288,30,Female,9.0,55.4,5,10,No,Low,Yes,4,9,77.0,Auditory,74.1,C
13289,25,Male,15.6,68.7,9,7,No,High,Yes,5,5,74.4,Auditory,99.7,A
13290,29,Female,18.8,75.8,4,2,No,High,Yes,2,1,61.2,Reading/Writing,93.3,A
13291,25,Male,19.2,70.2,1,2,No,High,No,2,9,45.6,Kinesthetic,94.7,A
13292,23,Male,13.4,54.6,6,4,Yes,High,No,4,10,50.2,Reading/Writing,88.3,B
13293,30,Male,14.1,59.4,5,7,No,Low,Yes,0,4,77.6,Auditory,83.2,B
13294,22,Male,1.6,70.1,9,9,No,High,Yes,0,1,80.8,Reading/Writing,73.6,C
13295,18,Female,17.2,74.9,8,3,Yes,High,Yes,2,3,43.4,Kinesthetic,98.2,A
13296,23,Female,12.9,97.1,4,5,Yes,High,Yes,3,4,67.0,Auditory,96.8,A
13297,21,Male,12.2,93.2,3,8,Yes,High,No,2,0,48.4,Kinesthetic,78.0,B
13298,25,Male,18.1,98.6,8,1,Yes,High,No,4,0,96.0,Auditory,100,A
13299,20,Male,2.3,92.9,3,1,Yes,High,Yes,2,2,55.8,Reading/Writing,69.6,C
13300,21,Female,9.9,79.6,9,10,Yes,High,Yes,5,9,40.9,Reading/Writing,83.4,B
13301,30,Male,2.5,64.5,10,7,Yes,Low,Yes,2,1,58.4,Visual,71.7,C
13302,20,Female,15.1,61.7,8,8,No,High,Yes,3,2,81.7,Auditory,83.1,B
13303,27,Male,9.6,85.9,6,6,No,Low,Yes,2,1,68.3,Auditory,82.8,B
13304,20,Male,17.7,71.0,8,7,No,Low,Yes,2,4,58.6,Visual,90.1,A
13305,28,Male,15.8,83.5,1,8,Yes,High,Yes,0,3,43.0,Reading/Writing,77.5,B
13306,18,Male,18.1,51.5,9,8,No,Low,No,0,0,85.2,Reading/Writing,91.7,A
13307,19,Female,15.8,92.0,4,1,Yes,High,Yes,5,6,67.2,Reading/Writing,100,A
13308,26,Female,8.4,95.1,8,7,No,Low,Yes,3,2,90.7,Visual,91.7,A
13309,22,Male,2.4,99.7,8,1,Yes,Low,No,1,8,54.8,Auditory,74.3,C
13310,29,Male,19.5,67.6,3,4,No,High,Yes,3,10,68.7,Auditory,94.4,A
13311,22,Male,3.9,79.4,4,9,Yes,Low,No,2,6,44.9,Auditory,62.2,C
13312,26,Male,19.0,85.3,10,7,No,High,Yes,2,3,59.3,Auditory,100,A
13313,25,Female,13.8,77.9,8,3,No,High,Yes,1,4,76.6,Kinesthetic,89.6,B
13314,28,Female,8.3,81.0,5,10,No,High,Yes,0,10,59.3,Visual,83.3,B
13315,22,Male,15.7,51.1,10,3,No,Low,Yes,1,8,67.4,Visual,90.8,A
13316,25,Female,14.5,76.9,10,10,No,High,Yes,4,9,51.4,Reading/Writing,89.0,B
13317,29,Male,7.4,68.3,10,2,Yes,Low,Yes,5,3,65.6,Reading/Writing,90.8,A
13318,18,Female,11.8,82.9,10,10,Yes,High,Yes,5,2,89.9,Auditory,96.7,A
13319,28,Female,9.7,61.0,5,1,Yes,High,Yes,5,0,70.4,Auditory,81.2,B
13320,23,Female,13.9,61.1,8,2,Yes,High,Yes,0,5,72.9,Reading/Writing,98.8,A
13321,20,Female,14.2,57.9,2,9,No,High,Yes,3,4,86.6,Auditory,78.5,B
13322,28,Male,3.7,76.3,8,2,No,Low,Yes,2,10,91.2,Reading/Writing,76.1,B
13323,28,Male,12.6,72.8,7,8,No,Low,No,5,10,69.3,Visual,86.5,B
13324,30,Male,14.7,65.2,5,4,No,High,Yes,1,2,43.4,Visual,81.5,B
13325,19,Female,15.7,68.9,9,6,Yes,Low,No,0,1,49.6,Reading/Writing,85.3,B
13326,26,Female,14.9,95.2,2,9,No,High,Yes,3,2,66.0,Visual,91.6,A
13327,27,Female,16.5,84.3,2,5,No,Low,No,2,4,75.0,Kinesthetic,94.1,A
13328,19,Male,1.1,65.3,7,7,Yes,Low,No,1,10,84.5,Reading/Writing,59.8,D
13329,20,Female,15.3,67.6,5,10,Yes,Low,Yes,5,6,65.0,Kinesthetic,89.8,B
13330,26,Male,2.9,54.3,4,10,Yes,High,No,0,3,77.6,Kinesthetic,54.0,D
13331,28,Female,13.9,65.6,1,9,Yes,Low,Yes,0,8,66.3,Visual,73.9,C
13332,25,Female,6.1,99.0,5,3,Yes,Low,No,0,9,95.5,Visual,83.5,B
13333,24,Female,5.5,79.6,1,8,No,Low,No,2,1,58.3,Visual,50.2,D
13334,29,Male,1.4,65.4,7,4,Yes,High,Yes,3,9,80.0,Kinesthetic,68.7,C
13335,29,Female,15.7,75.2,10,3,Yes,Low,No,0,9,82.1,Kinesthetic,100,A
13336,26,Male,12.8,92.8,5,8,No,Low,Yes,2,9,49.1,Auditory,83.1,B
13337,20,Male,17.1,97.8,9,3,Yes,Low,Yes,4,0,43.7,Kinesthetic,98.2,A
13338,22,Female,18.1,58.0,7,1,Yes,Low,No,2,9,100.0,Visual,95.0,A
13339,23,Male,4.9,78.9,9,10,Yes,High,No,3,7,77.0,Auditory,80.8,B
13340,30,Female,3.8,71.2,5,3,Yes,High,No,4,8,40.1,Reading/Writing,70.5,C
13341,23,Male,19.2,92.9,8,8,Yes,High,Yes,4,6,90.6,Visual,100,A
13342,27,Female,12.7,63.5,3,5,No,High,No,4,8,40.9,Reading/Writing,83.6,B
13343,18,Male,2.3,59.5,1,1,No,Low,No,1,2,45.2,Auditory,53.4,D
13344,27,Male,14.9,62.3,1,6,No,Low,Yes,5,0,45.3,Kinesthetic,65.9,C
13345,30,Male,15.7,61.0,9,4,Yes,High,Yes,5,8,62.4,Visual,96.4,A
13346,28,Female,18.8,71.3,1,9,No,High,Yes,4,6,72.7,Kinesthetic,89.9,B
13347,24,Male,6.4,98.9,7,7,Yes,Low,No,4,9,41.0,Reading/Writing,88.0,B
13348,18,Female,12.5,79.6,7,8,Yes,High,Yes,4,2,67.3,Auditory,95.6,A
13349,19,Female,18.8,89.1,8,3,Yes,High,No,3,4,72.7,Kinesthetic,100,A
13350,22,Male,10.0,65.0,1,1,Yes,Low,No,2,6,63.5,Visual,69.9,C
13351,28,Male,13.2,76.9,8,9,No,High,Yes,4,1,94.3,Kinesthetic,90.7,A
13352,24,Female,16.6,92.6,1,3,Yes,Low,No,4,1,45.9,Auditory,95.9,A
13353,25,Female,1.3,55.4,2,7,No,Low,Yes,4,5,40.2,Auditory,41.2,F
13354,23,Female,15.4,87.6,3,6,No,Low,No,0,3,74.3,Reading/Writing,86.0,B
13355,18,Male,8.6,69.7,9,3,Yes,High,Yes,5,9,48.1,Reading/Writing,93.6,A
13356,19,Male,5.4,66.0,2,4,No,High,No,2,3,70.4,Visual,58.4,D
13357,18,Female,7.2,96.5,8,8,No,Low,Yes,3,0,99.8,Reading/Writing,77.3,B
13358,26,Male,2.9,56.5,3,10,Yes,Low,No,4,5,61.0,Reading/Writing,52.8,D
13359,30,Male,14.7,71.5,5,5,No,Low,No,2,0,95.5,Visual,85.7,B
13360,29,Female,5.7,57.1,2,4,Yes,Low,No,3,6,96.9,Kinesthetic,73.7,C
13361,20,Male,17.6,81.0,10,6,Yes,High,No,4,4,56.4,Auditory,99.1,A
13362,27,Male,11.0,57.2,10,7,Yes,High,Yes,4,2,67.2,Kinesthetic,81.0,B
13363,30,Male,19.1,69.6,2,4,Yes,High,Yes,3,5,72.7,Visual,100,A
13364,26,Female,12.9,62.0,2,10,Yes,Low,No,1,6,52.6,Reading/Writing,75.6,B
13365,21,Female,11.6,79.8,1,1,Yes,Low,Yes,1,2,61.0,Reading/Writing,80.4,B
13366,30,Male,2.0,59.7,6,3,Yes,High,Yes,2,7,97.1,Auditory,71.8,C
13367,26,Female,7.3,77.5,8,6,Yes,High,No,4,7,66.5,Auditory,88.8,B
13368,26,Male,4.6,69.5,10,3,Yes,Low,Yes,5,0,68.6,Auditory,83.6,B
13369,20,Male,15.4,79.4,7,8,No,Low,No,3,3,57.5,Auditory,79.9,B
13370,21,Female,9.8,88.3,3,1,Yes,Low,No,1,9,86.6,Reading/Writing,92.3,A
13371,21,Male,4.7,59.1,6,6,Yes,High,No,5,6,72.0,Visual,70.6,C
13372,26,Male,11.0,50.3,7,5,No,Low,No,1,4,60.0,Auditory,79.4,B
13373,20,Male,6.3,85.3,8,5,No,Low,No,4,3,88.7,Kinesthetic,87.2,B
13374,21,Female,14.2,82.5,5,6,Yes,Low,No,3,0,73.3,Kinesthetic,90.8,A
13375,21,Male,18.2,80.2,10,9,No,Low,Yes,2,5,41.1,Visual,86.6,B
13376,30,Female,14.4,59.2,10,6,No,Low,No,4,7,50.7,Reading/Writing,88.2,B
13377,20,Female,9.0,84.1,10,4,Yes,High,Yes,1,9,87.8,Kinesthetic,100,A
13378,20,Female,15.8,61.4,4,6,No,Low,No,5,5,53.3,Visual,71.8,C
13379,27,Female,6.3,55.3,8,8,No,High,Yes,1,9,98.5,Reading/Writing,80.1,B
13380,27,Male,16.0,97.0,2,6,Yes,High,No,4,10,85.7,Reading/Writing,100,A
13381,18,Female,16.1,86.5,4,10,Yes,High,Yes,0,2,97.6,Kinesthetic,100,A
13382,30,Male,19.0,78.0,3,5,No,Low,No,3,6,85.0,Kinesthetic,100,A
13383,30,Female,1.5,99.9,7,2,Yes,Low,Yes,5,1,49.6,Kinesthetic,69.6,C
13384,27,Male,10.2,58.1,7,5,No,High,No,5,4,61.9,Visual,71.9,C
13385,18,Female,15.0,86.6,7,7,Yes,Low,Yes,5,7,64.7,Reading/Writing,88.1,B
13386,26,Female,14.2,92.0,10,1,Yes,High,Yes,5,10,51.7,Auditory,100,A
13387,22,Female,8.7,89.3,7,1,Yes,High,Yes,5,8,94.8,Visual,100,A
13388,25,Male,14.7,89.7,4,8,Yes,High,Yes,2,5,61.7,Kinesthetic,88.1,B
13389,30,Male,1.7,54.8,5,4,No,Low,Yes,5,0,49.8,Auditory,49.1,F
13390,30,Male,15.2,94.8,6,8,Yes,High,No,4,8,41.8,Reading/Writing,92.9,A
13391,29,Female,15.7,76.8,7,6,Yes,High,No,3,5,57.1,Kinesthetic,92.7,A
13392,28,Male,10.4,74.2,2,6,No,Low,Yes,3,8,77.2,Auditory,70.8,C
13393,24,Female,7.6,77.4,5,6,Yes,Low,Yes,5,2,100.0,Reading/Writing,79.1,B
13394,29,Female,13.6,61.0,3,9,Yes,Low,Yes,1,2,46.3,Reading/Writing,72.4,C
13395,18,Female,10.9,69.5,9,1,No,High,Yes,3,2,45.6,Reading/Writing,86.5,B
13396,23,Female,8.5,64.8,10,4,No,Low,Yes,4,9,52.9,Reading/Writing,75.1,B
13397,21,Male,12.8,54.5,1,3,No,Low,Yes,1,4,50.6,Kinesthetic,69.7,C
13398,18,Female,16.1,76.6,2,8,No,High,Yes,0,10,92.6,Reading/Writing,88.6,B
13399,24,Male,5.7,83.6,6,7,Yes,High,Yes,2,1,80.2,Reading/Writing,73.3,C
13400,28,Male,6.4,88.9,8,10,No,Low,Yes,5,7,77.0,Reading/Writing,74.8,C
13401,18,Female,16.7,93.9,1,10,Yes,Low,Yes,1,6,88.5,Auditory,92.6,A
13402,30,Male,19.3,64.5,2,9,Yes,High,Yes,2,2,45.0,Kinesthetic,90.7,A
13403,19,Female,1.9,71.8,7,8,Yes,Low,Yes,0,5,69.8,Auditory,60.3,C
13404,18,Female,10.1,90.7,2,5,No,Low,No,0,8,84.2,Visual,76.4,B
13405,21,Male,10.7,54.0,3,8,Yes,Low,Yes,2,10,99.9,Visual,79.1,B
13406,24,Female,10.6,98.6,8,6,No,Low,Yes,3,0,79.5,Auditory,82.3,B
13407,28,Male,3.6,50.0,1,2,Yes,Low,No,5,2,71.0,Visual,51.0,D
13408,27,Female,9.5,87.7,8,9,No,High,No,4,6,80.5,Auditory,89.1,B
13409,27,Female,3.5,60.4,8,10,No,High,No,3,4,95.3,Visual,66.3,C
13410,30,Female,8.9,98.8,2,2,Yes,Low,Yes,5,2,52.2,Reading/Writing,77.3,B
13411,25,Female,17.3,83.0,8,6,Yes,Low,No,1,0,94.2,Reading/Writing,93.3,A
13412,27,Male,10.4,65.3,8,4,No,High,No,0,2,40.5,Auditory,74.1,C
13413,25,Female,2.0,94.8,3,5,No,Low,No,5,2,54.1,Reading/Writing,62.5,C
13414,18,Male,7.7,78.6,4,2,Yes,Low,Yes,0,6,79.4,Reading/Writing,72.9,C
13415,25,Male,14.0,90.3,3,10,Yes,High,No,5,2,47.2,Reading/Writing,85.7,B
13416,21,Female,15.1,95.1,2,1,Yes,High,Yes,5,2,80.6,Reading/Writing,94.4,A
13417,20,Male,13.4,66.1,2,5,No,High,No,2,0,52.1,Auditory,75.2,B
13418,21,Male,4.4,63.7,6,7,Yes,High,No,3,3,45.1,Auditory,72.2,C
13419,27,Male,11.7,70.6,1,7,Yes,High,Yes,1,4,73.7,Reading/Writing,77.3,B
13420,26,Female,2.1,63.0,6,2,Yes,High,Yes,3,3,86.8,Visual,80.2,B
13421,27,Male,5.4,82.0,8,1,No,High,Yes,0,7,66.6,Visual,86.7,B
13422,28,Female,2.1,71.1,3,5,No,Low,No,4,8,61.2,Reading/Writing,55.7,D
13423,20,Female,3.3,93.9,8,8,Yes,High,Yes,2,1,42.9,Kinesthetic,75.4,B
13424,27,Male,7.0,84.6,5,7,Yes,Low,No,2,0,55.8,Visual,76.8,B
13425,18,Male,1.5,93.3,7,7,Yes,Low,No,3,5,84.0,Reading/Writing,76.1,B
13426,18,Female,8.3,94.4,5,5,Yes,Low,Yes,2,9,82.1,Auditory,92.6,A
13427,18,Male,4.0,91.5,4,4,Yes,High,No,4,3,67.3,Auditory,74.7,C
13428,24,Male,7.3,52.3,6,8,No,High,Yes,3,0,75.5,Reading/Writing,63.3,C
13429,25,Male,6.5,92.8,6,2,Yes,Low,Yes,1,6,50.9,Visual,88.5,B
13430,28,Male,4.3,92.9,9,5,Yes,High,No,5,3,73.1,Visual,81.1,B
13431,19,Male,11.7,53.3,8,4,No,Low,No,4,1,75.4,Kinesthetic,73.5,C
13432,24,Male,5.5,76.0,9,8,No,Low,No,1,9,55.7,Kinesthetic,64.3,C
13433,18,Male,2.9,87.2,7,2,Yes,Low,No,2,10,51.1,Visual,74.9,C
13434,25,Female,13.9,87.4,1,6,Yes,Low,No,0,0,58.4,Auditory,82.6,B
13435,19,Male,12.9,89.0,1,9,Yes,Low,Yes,2,9,70.3,Reading/Writing,86.0,B
13436,30,Female,14.3,70.0,2,10,No,High,No,5,7,50.6,Kinesthetic,76.0,B
13437,18,Male,13.3,80.0,1,3,No,Low,Yes,1,1,87.0,Visual,77.9,B
13438,29,Female,2.5,81.1,2,6,Yes,High,No,4,9,43.9,Auditory,61.5,C
13439,25,Male,15.3,69.2,7,6,No,High,Yes,4,3,97.5,Kinesthetic,88.0,B
13440,18,Female,1.2,57.2,4,7,No,Low,No,2,1,54.8,Visual,41.7,F
13441,18,Female,19.8,64.3,10,3,Yes,Low,No,1,8,80.0,Visual,100,A
13442,28,Female,14.5,78.8,7,5,Yes,Low,Yes,5,7,96.3,Auditory,96.5,A
13443,23,Male,13.0,64.4,1,4,Yes,High,Yes,3,10,68.0,Visual,77.8,B
13444,29,Male,16.3,92.8,2,3,Yes,High,No,0,3,77.0,Visual,98.7,A
13445,23,Male,13.6,73.1,6,8,Yes,High,Yes,0,9,72.1,Kinesthetic,88.5,B
13446,25,Male,10.1,72.8,5,2,No,Low,Yes,2,5,67.9,Auditory,77.7,B
13447,22,Male,16.1,75.5,10,2,No,High,No,5,0,49.4,Auditory,100,A
13448,30,Female,11.2,54.7,1,4,No,High,No,2,9,85.5,Kinesthetic,73.2,C
13449,22,Female,16.8,99.5,10,1,Yes,High,No,3,8,44.1,Kinesthetic,100,A
13450,20,Male,2.0,57.5,5,6,Yes,Low,No,4,10,55.2,Auditory,65.9,C
13451,30,Female,5.9,56.3,1,9,Yes,Low,Yes,5,3,51.2,Auditory,59.8,D
13452,26,Female,13.2,88.1,10,10,Yes,High,No,3,9,67.2,Visual,100,A
13453,26,Female,10.0,95.6,2,4,No,High,Yes,3,6,73.9,Kinesthetic,92.8,A
13454,26,Female,10.3,54.9,4,7,No,High,Yes,4,8,90.4,Auditory,70.7,C
13455,22,Female,12.1,71.8,8,3,Yes,High,Yes,5,7,85.6,Visual,99.5,A
13456,26,Female,9.0,68.4,6,5,Yes,High,Yes,1,4,56.3,Auditory,76.6,B
13457,22,Female,8.2,75.0,2,4,No,High,Yes,2,2,68.8,Visual,80.3,B
13458,22,Male,15.7,98.0,9,9,Yes,Low,No,4,0,70.1,Auditory,95.9,A
13459,18,Male,3.7,71.4,7,8,Yes,High,Yes,4,3,43.5,Auditory,71.8,C
13460,22,Male,4.8,88.7,8,2,No,Low,No,0,7,98.3,Visual,75.2,B
13461,21,Female,15.5,66.1,1,8,No,Low,No,3,5,54.1,Kinesthetic,74.2,C
13462,25,Male,10.8,71.2,4,3,Yes,High,Yes,4,0,48.9,Reading/Writing,81.1,B
13463,30,Female,10.5,94.5,9,4,Yes,High,No,3,8,51.2,Auditory,96.9,A
13464,18,Female,1.7,80.6,6,9,Yes,High,No,0,7,87.1,Reading/Writing,65.8,C
13465,20,Male,17.5,91.1,8,10,No,High,No,4,9,91.1,Auditory,100,A
13466,19,Male,16.2,63.5,1,9,Yes,High,No,2,2,56.1,Visual,85.9,B
13467,28,Female,12.8,74.9,5,3,No,High,No,1,4,62.8,Reading/Writing,90.7,A
13468,25,Male,5.2,66.0,1,4,No,High,No,0,7,77.0,Auditory,64.5,C
13469,27,Female,17.9,69.7,10,4,Yes,High,Yes,4,5,53.0,Kinesthetic,100,A
13470,21,Male,15.9,57.9,9,8,Yes,Low,No,5,8,42.2,Kinesthetic,93.2,A
13471,19,Female,13.7,59.5,10,6,Yes,Low,Yes,5,6,41.2,Kinesthetic,85.4,B
13472,19,Male,10.5,97.7,9,7,Yes,High,No,3,9,90.8,Reading/Writing,99.7,A
13473,27,Female,7.1,82.4,7,6,Yes,Low,No,3,8,90.6,Visual,86.4,B
13474,25,Female,6.4,68.9,9,1,No,High,No,3,8,60.0,Kinesthetic,75.9,B
13475,21,Female,11.5,76.2,2,3,No,Low,Yes,4,2,92.1,Reading/Writing,85.0,B
13476,18,Female,6.8,56.4,10,8,Yes,High,No,5,2,66.3,Reading/Writing,71.7,C
13477,19,Female,3.2,59.4,10,2,Yes,High,Yes,0,5,54.2,Visual,71.6,C
13478,24,Male,10.2,83.1,8,5,Yes,Low,Yes,1,6,73.4,Reading/Writing,93.2,A
13479,23,Female,6.9,91.6,2,2,No,Low,Yes,2,5,49.1,Reading/Writing,76.6,B
13480,24,Female,19.3,96.8,8,9,No,Low,No,5,5,73.1,Reading/Writing,100,A
13481,24,Female,15.6,91.0,10,1,No,Low,Yes,3,5,58.5,Visual,97.1,A
13482,29,Male,6.3,70.8,4,3,Yes,Low,No,3,0,46.7,Auditory,66.1,C
13483,24,Female,11.1,64.1,7,8,No,High,No,4,10,82.0,Reading/Writing,83.4,B
13484,20,Male,8.5,76.0,5,6,No,Low,Yes,0,2,93.7,Visual,82.3,B
13485,24,Male,8.0,63.5,2,7,Yes,High,No,0,10,68.7,Visual,73.9,C
13486,28,Female,13.1,87.3,4,7,Yes,Low,Yes,2,4,58.2,Auditory,77.7,B
13487,22,Male,6.4,50.2,2,3,Yes,Low,Yes,3,0,69.1,Kinesthetic,59.7,D
13488,29,Male,18.4,89.5,10,4,Yes,High,Yes,2,6,54.7,Reading/Writing,100,A
13489,23,Female,10.8,65.1,9,10,Yes,Low,No,1,3,55.4,Visual,69.6,C
13490,26,Female,11.3,79.9,3,2,No,High,Yes,4,10,68.9,Auditory,92.6,A
13491,21,Male,12.5,93.5,1,1,Yes,High,No,1,3,73.2,Visual,84.0,B
13492,29,Female,19.3,69.2,10,7,No,Low,Yes,0,4,57.3,Reading/Writing,99.2,A
13493,22,Female,1.1,90.2,3,10,No,Low,No,2,7,64.2,Kinesthetic,60.3,C
13494,22,Male,16.9,66.9,5,4,No,Low,No,4,8,96.2,Visual,91.6,A
13495,22,Female,17.7,73.3,2,9,Yes,Low,Yes,5,1,57.6,Visual,90.4,A
13496,23,Female,8.7,73.5,7,2,Yes,High,Yes,5,1,74.7,Kinesthetic,81.8,B
13497,21,Female,13.4,70.4,9,10,No,Low,No,2,4,62.7,Visual,87.6,B
13498,20,Female,2.9,73.7,5,2,Yes,High,Yes,2,2,57.5,Visual,69.8,C
13499,27,Male,6.7,77.8,3,9,No,High,Yes,2,8,77.2,Kinesthetic,66.1,C
13500,24,Female,12.2,68.6,3,3,Yes,High,No,2,1,63.9,Visual,82.1,B
13501,20,Male,17.0,91.6,1,9,Yes,High,No,4,9,43.4,Auditory,86.6,B
13502,28,Female,16.2,77.4,3,3,Yes,High,Yes,5,10,80.9,Visual,100,A
13503,25,Male,4.8,83.5,6,3,No,High,No,1,10,40.7,Reading/Writing,69.2,C
13504,25,Female,12.5,99.7,8,3,Yes,Low,No,2,4,95.7,Reading/Writing,100,A
13505,18,Female,15.0,72.6,2,10,Yes,High,Yes,1,5,77.4,Auditory,81.0,B
13506,21,Male,18.7,73.3,9,2,No,Low,Yes,3,1,60.3,Visual,100,A
13507,19,Male,17.1,51.7,1,10,No,Low,No,0,2,75.0,Kinesthetic,71.8,C
13508,25,Female,18.3,73.3,3,9,Yes,High,Yes,4,8,88.4,Reading/Writing,100,A
13509,20,Female,13.6,92.4,5,1,No,High,Yes,1,4,63.3,Reading/Writing,95.4,A
13510,24,Female,13.9,58.6,7,9,Yes,High,Yes,0,9,63.6,Auditory,84.2,B
13511,29,Male,8.3,76.8,6,3,No,High,No,5,8,59.5,Reading/Writing,88.9,B
13512,29,Female,7.0,69.1,5,3,No,High,Yes,1,7,72.8,Reading/Writing,75.1,B
13513,21,Female,8.3,88.2,9,3,Yes,Low,Yes,5,9,85.8,Auditory,90.5,A
13514,21,Male,19.3,60.4,10,9,Yes,High,Yes,3,6,98.2,Reading/Writing,100,A
13515,28,Male,8.7,80.8,6,10,No,Low,No,4,7,64.0,Kinesthetic,79.8,B
13516,24,Male,19.6,83.8,8,10,Yes,Low,No,5,1,98.3,Reading/Writing,100,A
13517,24,Male,2.2,50.0,2,4,Yes,Low,Yes,3,3,79.9,Visual,60.7,C
13518,18,Female,11.6,75.5,9,8,No,High,Yes,3,0,57.2,Reading/Writing,80.7,B
13519,24,Male,9.0,91.2,4,4,Yes,High,Yes,1,4,48.0,Kinesthetic,80.5,B
13520,26,Female,3.6,74.8,6,2,No,Low,Yes,4,5,71.3,Kinesthetic,77.8,B
13521,27,Female,5.2,95.6,10,3,Yes,Low,No,5,4,72.1,Auditory,91.1,A
13522,23,Male,16.6,84.5,3,9,No,High,No,2,0,94.2,Auditory,88.4,B
13523,19,Male,3.9,60.5,8,1,No,Low,Yes,2,10,70.7,Visual,75.5,B
13524,18,Female,6.8,72.8,7,3,No,Low,Yes,3,1,91.6,Reading/Writing,74.3,C
13525,20,Female,10.1,81.3,7,7,Yes,Low,Yes,4,6,65.6,Reading/Writing,84.7,B
13526,24,Male,19.8,61.5,2,5,No,Low,No,1,6,75.8,Kinesthetic,93.7,A
13527,19,Female,5.1,86.7,9,4,Yes,Low,Yes,3,4,87.5,Visual,86.5,B
13528,23,Male,7.4,57.9,7,9,No,High,Yes,0,2,47.7,Kinesthetic,58.7,D
13529,22,Male,9.9,64.3,3,4,Yes,Low,Yes,4,9,66.9,Auditory,69.7,C
13530,20,Female,2.1,60.3,5,9,Yes,Low,No,2,2,47.2,Auditory,59.4,D
13531,18,Male,17.2,76.5,3,6,Yes,High,No,5,4,48.7,Visual,89.5,B
13532,29,Female,2.8,91.4,3,7,No,High,No,2,5,56.7,Auditory,72.5,C
13533,19,Female,6.4,65.1,7,9,No,Low,Yes,3,7,99.8,Reading/Writing,73.6,C
13534,26,Female,15.7,87.4,3,6,Yes,Low,No,4,1,43.9,Auditory,87.7,B
13535,25,Female,18.3,91.5,1,8,Yes,High,No,1,2,53.8,Kinesthetic,96.4,A
13536,25,Female,6.7,80.3,8,7,No,Low,Yes,3,3,55.8,Reading/Writing,66.5,C
13537,29,Male,19.3,71.7,9,5,Yes,Low,Yes,4,6,43.0,Kinesthetic,99.6,A
13538,27,Male,14.3,62.3,4,4,No,Low,No,2,0,98.3,Kinesthetic,75.5,B
13539,26,Male,15.6,60.0,7,4,Yes,Low,Yes,0,7,74.3,Kinesthetic,97.2,A
13540,25,Female,3.1,76.5,2,3,Yes,Low,No,3,3,81.8,Auditory,70.7,C
13541,25,Male,8.5,63.2,9,8,Yes,Low,No,5,1,78.1,Reading/Writing,71.9,C
13542,28,Female,19.7,64.6,10,8,No,High,Yes,1,9,57.2,Auditory,95.7,A
13543,27,Male,6.3,73.2,3,5,Yes,Low,No,3,2,45.2,Kinesthetic,60.1,C
13544,23,Female,14.5,80.7,4,3,No,Low,No,5,0,77.7,Visual,91.7,A
13545,18,Male,13.4,51.9,5,3,No,High,Yes,4,0,88.9,Kinesthetic,89.5,B
13546,30,Female,11.1,87.9,6,2,Yes,Low,No,3,4,72.4,Visual,95.7,A
13547,20,Female,6.4,62.7,5,1,Yes,High,Yes,3,8,91.5,Kinesthetic,82.2,B
13548,24,Male,5.9,69.5,7,1,Yes,Low,No,3,1,86.9,Visual,73.3,C
13549,25,Female,5.1,76.9,4,3,No,Low,Yes,3,5,51.4,Reading/Writing,74.0,C
13550,20,Male,8.1,63.4,9,2,No,High,No,4,3,41.8,Kinesthetic,71.3,C
13551,20,Male,4.1,71.1,8,7,Yes,Low,No,2,6,43.6,Kinesthetic,61.7,C
13552,23,Female,1.6,78.4,8,6,No,High,No,1,0,91.2,Auditory,78.0,B
13553,19,Male,2.6,54.0,5,9,Yes,Low,Yes,3,8,90.6,Reading/Writing,69.6,C
13554,22,Female,12.1,92.2,9,1,Yes,Low,No,1,10,45.2,Visual,90.8,A
13555,24,Male,17.3,73.9,3,5,No,High,Yes,0,0,73.3,Visual,86.4,B
13556,25,Male,18.2,94.4,1,4,Yes,Low,Yes,4,8,87.8,Auditory,94.1,A
13557,27,Male,14.0,96.1,7,9,Yes,Low,No,5,3,82.3,Auditory,92.6,A
13558,25,Female,12.2,87.8,9,3,Yes,High,No,3,4,78.9,Auditory,100,A
13559,19,Male,15.4,65.9,10,1,No,Low,No,0,4,80.0,Visual,91.3,A
13560,30,Male,5.8,82.3,9,8,No,High,No,5,4,82.4,Visual,84.6,B
13561,18,Male,10.3,79.2,4,7,No,Low,No,0,8,46.8,Kinesthetic,65.3,C
13562,18,Male,5.6,95.3,9,4,No,High,Yes,0,8,69.1,Reading/Writing,79.4,B
13563,29,Male,6.3,76.2,9,8,Yes,Low,No,1,6,77.1,Auditory,76.2,B
13564,18,Male,8.9,84.5,3,5,No,Low,Yes,4,2,93.8,Kinesthetic,85.3,B
13565,19,Female,17.7,81.1,5,4,No,Low,No,3,0,58.5,Reading/Writing,95.1,A
13566,19,Female,11.1,62.5,10,1,No,Low,No,5,10,96.8,Auditory,88.3,B
13567,29,Male,12.9,82.1,8,1,Yes,High,Yes,5,3,90.6,Reading/Writing,100,A
13568,28,Female,18.0,55.1,8,2,Yes,High,No,1,9,48.8,Visual,95.8,A
13569,18,Female,1.6,82.1,1,5,Yes,High,Yes,4,5,93.1,Kinesthetic,68.5,C
13570,23,Female,8.7,50.9,6,3,Yes,High,Yes,4,1,84.3,Kinesthetic,88.0,B
13571,23,Female,3.2,64.2,8,3,No,Low,No,5,10,92.6,Kinesthetic,75.0,B
13572,19,Female,12.7,91.4,10,7,No,High,Yes,1,8,46.3,Visual,100,A
13573,28,Male,19.4,82.0,1,8,Yes,High,No,5,8,82.9,Reading/Writing,100,A
13574,19,Female,5.6,63.9,3,3,Yes,Low,No,0,8,60.7,Auditory,67.0,C
13575,21,Female,9.3,79.5,3,5,No,High,No,3,2,66.7,Auditory,84.8,B
13576,30,Female,11.3,69.2,8,3,Yes,High,Yes,5,5,87.2,Visual,96.4,A
13577,30,Male,4.6,90.4,7,5,Yes,Low,Yes,1,0,66.9,Auditory,79.6,B
13578,26,Male,5.8,69.7,6,10,No,Low,Yes,4,1,85.8,Visual,66.3,C
13579,29,Male,12.1,66.1,8,8,No,Low,No,1,9,85.6,Auditory,85.2,B
13580,25,Male,8.0,76.8,6,1,No,Low,No,3,6,92.3,Kinesthetic,89.8,B
13581,19,Female,13.2,72.6,9,8,No,Low,Yes,5,7,90.6,Visual,85.8,B
13582,20,Male,6.2,66.0,2,2,Yes,High,No,4,6,72.9,Kinesthetic,81.1,B
13583,23,Male,15.8,88.4,10,6,No,High,No,0,4,78.1,Visual,100,A
13584,21,Female,13.5,90.2,9,1,Yes,High,No,5,2,89.6,Visual,100,A
13585,27,Male,10.5,85.5,5,6,Yes,High,Yes,1,5,66.4,Kinesthetic,81.5,B
13586,20,Male,14.5,79.6,8,9,Yes,High,No,3,6,69.4,Auditory,100,A
13587,24,Female,5.3,50.5,4,4,Yes,High,Yes,2,5,65.0,Visual,62.7,C
13588,18,Male,3.4,95.0,4,3,No,Low,Yes,4,8,41.6,Visual,72.5,C
13589,18,Male,11.7,52.6,9,1,Yes,High,No,0,3,66.0,Reading/Writing,83.1,B
13590,21,Male,3.9,58.1,2,7,Yes,High,Yes,1,6,81.4,Visual,66.5,C
13591,25,Male,19.5,83.8,7,9,Yes,High,Yes,5,1,79.2,Visual,99.4,A
13592,22,Male,9.6,64.7,5,10,Yes,Low,Yes,4,0,91.1,Kinesthetic,82.8,B
13593,23,Male,6.0,83.2,4,8,Yes,High,No,2,2,51.9,Reading/Writing,68.1,C
13594,29,Female,12.2,84.6,3,3,Yes,High,Yes,4,0,45.2,Auditory,91.2,A
13595,20,Male,7.9,87.1,5,7,Yes,Low,No,4,9,90.1,Reading/Writing,85.7,B
13596,26,Female,10.3,95.5,8,3,No,High,Yes,4,4,53.8,Auditory,92.8,A
13597,25,Female,2.1,57.7,8,4,No,High,No,4,10,57.5,Auditory,64.5,C
13598,18,Male,14.2,99.0,3,2,Yes,Low,No,2,2,86.6,Auditory,96.4,A
13599,19,Male,16.1,99.7,9,7,No,Low,No,2,3,61.8,Visual,90.5,A
13600,20,Female,2.9,93.0,8,10,Yes,Low,No,0,10,96.9,Auditory,77.5,B
13601,29,Female,2.8,52.1,10,8,No,High,No,0,3,83.5,Reading/Writing,69.5,C
13602,23,Female,11.2,77.3,2,8,Yes,High,No,3,3,86.1,Reading/Writing,84.2,B
13603,18,Male,13.7,96.5,3,5,No,Low,No,4,9,89.9,Auditory,92.7,A
13604,30,Male,3.1,83.1,4,5,No,High,No,1,1,96.2,Auditory,65.9,C
13605,20,Male,16.6,82.7,3,4,No,Low,Yes,3,7,48.7,Reading/Writing,85.0,B
13606,30,Female,13.5,73.5,2,7,No,Low,No,1,7,42.9,Reading/Writing,77.6,B
13607,25,Male,19.0,84.8,1,9,No,High,Yes,0,0,94.9,Kinesthetic,85.0,B
13608,28,Male,5.3,66.7,9,5,Yes,Low,Yes,1,0,80.8,Auditory,82.3,B
13609,26,Male,6.5,78.4,9,2,No,Low,No,2,0,78.6,Kinesthetic,76.6,B
13610,23,Female,15.6,73.9,6,8,Yes,Low,Yes,0,5,41.5,Auditory,78.6,B
13611,21,Male,11.6,51.6,3,7,No,High,Yes,2,4,47.9,Kinesthetic,61.8,C
13612,25,Male,13.6,55.3,3,8,No,High,Yes,4,5,49.6,Kinesthetic,80.0,B
13613,29,Female,6.6,70.7,1,5,No,High,No,0,1,59.9,Auditory,61.6,C
13614,30,Female,5.0,55.2,10,7,Yes,Low,Yes,3,10,56.2,Reading/Writing,68.9,C
13615,29,Male,4.6,90.2,5,9,Yes,High,No,2,2,50.2,Reading/Writing,71.3,C
13616,28,Male,12.2,56.9,7,8,Yes,High,No,2,8,71.7,Visual,93.0,A
13617,21,Male,7.2,76.6,2,4,Yes,Low,Yes,1,6,94.9,Reading/Writing,68.5,C
13618,24,Male,4.6,97.9,5,9,No,Low,Yes,2,3,98.7,Visual,75.0,B
13619,23,Female,3.0,68.9,9,6,No,Low,No,2,6,43.8,Reading/Writing,63.3,C
13620,29,Female,2.9,99.1,10,1,Yes,High,Yes,4,7,53.0,Reading/Writing,94.9,A
13621,22,Female,19.8,77.1,8,6,Yes,High,Yes,1,1,75.6,Kinesthetic,100,A
13622,22,Male,3.3,52.6,2,1,Yes,High,Yes,5,9,93.4,Auditory,69.0,C
13623,28,Male,11.4,79.4,5,8,No,Low,No,0,5,99.9,Visual,85.2,B
13624,22,Male,16.4,78.6,2,7,Yes,High,No,3,0,41.5,Visual,84.4,B
13625,18,Male,19.8,50.5,10,7,No,High,Yes,4,7,43.9,Auditory,93.3,A
13626,22,Male,3.2,75.1,1,4,No,Low,Yes,4,5,46.9,Visual,53.9,D
13627,26,Female,12.8,53.5,1,1,No,Low,No,2,0,67.9,Visual,67.9,C
13628,22,Male,13.5,93.3,7,2,No,High,No,0,9,62.2,Reading/Writing,93.1,A
13629,30,Male,14.1,66.8,10,10,No,High,Yes,1,4,72.3,Kinesthetic,83.4,B
13630,19,Female,2.7,83.9,4,8,No,Low,No,2,3,57.9,Kinesthetic,51.6,D
13631,22,Female,13.9,81.8,7,8,No,Low,Yes,4,1,90.7,Auditory,84.1,B
13632,30,Female,18.5,80.2,2,5,No,Low,No,5,5,67.6,Auditory,94.1,A
13633,19,Male,6.7,90.9,9,4,No,Low,No,3,3,63.8,Kinesthetic,74.4,C
13634,21,Male,10.1,76.6,2,6,Yes,Low,Yes,3,9,53.3,Reading/Writing,74.5,C
13635,29,Female,10.9,65.3,4,7,Yes,High,Yes,0,8,60.8,Kinesthetic,84.2,B
13636,21,Female,14.7,75.4,5,10,No,High,No,0,9,81.4,Visual,88.3,B
13637,25,Female,16.6,57.5,5,3,No,Low,Yes,5,8,74.6,Reading/Writing,88.3,B
13638,22,Female,12.9,59.7,5,3,Yes,Low,Yes,4,9,67.5,Reading/Writing,92.3,A
13639,22,Female,19.0,96.9,5,5,Yes,Low,Yes,5,1,42.5,Kinesthetic,99.2,A
13640,25,Female,3.0,90.1,7,1,Yes,Low,Yes,4,1,87.4,Visual,83.2,B
13641,24,Female,8.2,90.3,3,6,Yes,Low,No,5,8,86.0,Kinesthetic,78.0,B
13642,18,Male,19.4,64.6,10,7,No,High,No,0,1,90.6,Kinesthetic,100,A
13643,30,Male,6.8,96.5,8,4,No,High,Yes,0,5,79.0,Visual,86.8,B
13644,25,Male,18.5,85.9,8,8,Yes,High,Yes,3,3,90.3,Kinesthetic,100,A
13645,18,Female,19.7,75.0,4,3,Yes,High,Yes,5,7,71.4,Kinesthetic,100,A
13646,27,Female,12.9,100.0,7,5,No,Low,Yes,5,1,45.4,Visual,85.1,B
13647,18,Male,1.1,68.1,9,7,No,High,Yes,0,6,98.1,Auditory,69.8,C
13648,23,Male,5.4,82.0,8,5,No,High,No,0,10,87.5,Reading/Writing,86.0,B
13649,25,Male,6.8,69.0,3,1,No,High,Yes,1,9,60.7,Reading/Writing,76.4,B
13650,23,Male,7.3,66.7,1,2,Yes,High,Yes,1,2,93.4,Visual,77.9,B
13651,20,Female,10.6,81.9,10,9,No,Low,Yes,1,7,70.6,Auditory,76.9,B
13652,30,Female,5.2,59.1,3,4,Yes,Low,Yes,1,1,83.5,Visual,67.3,C
13653,30,Male,10.6,56.0,1,1,No,Low,Yes,2,9,65.3,Visual,62.1,C
13654,19,Male,7.8,55.1,4,2,Yes,High,No,2,2,61.7,Kinesthetic,68.2,C
13655,27,Male,18.9,83.5,1,6,Yes,High,No,2,6,62.8,Kinesthetic,96.0,A
13656,30,Female,8.0,78.7,7,4,No,Low,Yes,0,6,70.7,Auditory,84.3,B
13657,28,Female,10.3,53.0,3,2,No,Low,Yes,3,7,60.7,Kinesthetic,68.0,C
13658,19,Female,19.9,90.7,6,6,No,High,Yes,3,7,42.3,Auditory,100,A
13659,18,Female,6.0,82.2,2,4,Yes,High,No,0,8,92.3,Reading/Writing,72.3,C
13660,21,Male,13.0,92.3,10,2,Yes,Low,No,4,5,98.3,Reading/Writing,100,A
13661,27,Female,15.7,50.1,5,3,No,Low,Yes,0,9,73.7,Visual,87.4,B
13662,28,Female,3.9,84.2,6,3,No,High,No,4,1,61.2,Auditory,69.8,C
13663,23,Female,15.0,92.9,3,3,Yes,Low,Yes,0,3,91.7,Kinesthetic,97.5,A
13664,30,Female,9.5,94.5,10,9,No,Low,Yes,5,4,49.9,Visual,76.6,B
13665,30,Female,6.3,69.2,1,8,Yes,Low,No,2,3,85.0,Reading/Writing,63.0,C
13666,29,Female,10.5,73.1,9,7,Yes,High,Yes,5,2,64.3,Reading/Writing,85.1,B
13667,25,Female,17.1,53.6,9,5,No,Low,No,2,1,43.0,Visual,76.2,B
13668,26,Female,19.9,86.1,7,8,No,Low,Yes,5,4,53.2,Kinesthetic,98.5,A
13669,28,Male,14.7,96.8,8,3,No,Low,No,2,9,69.6,Reading/Writing,100,A
13670,18,Female,2.4,95.5,4,10,No,Low,Yes,5,5,71.8,Reading/Writing,63.7,C
13671,18,Female,1.1,60.1,3,10,No,High,Yes,5,1,81.2,Kinesthetic,55.9,D
13672,28,Male,12.3,69.3,8,9,No,High,Yes,5,10,92.0,Kinesthetic,89.7,B
13673,23,Male,6.7,70.9,8,10,Yes,Low,Yes,1,7,54.6,Visual,77.6,B
13674,18,Male,5.8,90.3,9,1,No,High,No,0,8,83.4,Reading/Writing,94.7,A
13675,24,Male,18.7,92.6,5,6,No,Low,Yes,1,6,46.8,Reading/Writing,88.0,B
13676,21,Male,8.8,97.4,9,8,No,Low,Yes,0,10,93.3,Reading/Writing,93.4,A
13677,30,Female,6.1,67.9,1,9,Yes,High,Yes,2,5,69.0,Visual,72.1,C
13678,29,Male,15.4,58.5,3,10,Yes,High,Yes,5,4,54.7,Reading/Writing,78.7,B
13679,24,Male,1.2,97.9,9,6,Yes,High,No,0,8,88.7,Auditory,85.3,B
13680,19,Female,8.6,76.7,6,2,Yes,Low,No,1,3,80.7,Auditory,82.5,B
13681,25,Male,11.6,59.7,3,10,No,Low,Yes,4,4,95.5,Auditory,71.7,C
13682,23,Male,16.6,82.4,7,5,No,High,Yes,0,5,71.5,Kinesthetic,94.1,A
13683,28,Female,8.0,60.2,2,10,Yes,Low,No,1,0,84.3,Auditory,66.5,C
13684,22,Male,15.3,94.9,10,2,No,Low,Yes,4,1,85.8,Kinesthetic,98.4,A
13685,19,Male,7.6,51.9,10,7,No,Low,No,5,7,55.3,Auditory,74.8,C
13686,24,Female,3.3,81.0,10,8,Yes,High,No,3,3,45.4,Auditory,69.2,C
13687,18,Female,12.5,92.3,5,2,No,Low,No,5,6,92.1,Kinesthetic,94.6,A
13688,27,Female,14.2,61.0,5,2,Yes,Low,Yes,4,5,71.2,Auditory,84.5,B
13689,21,Male,11.5,90.5,10,6,Yes,Low,No,2,4,79.0,Reading/Writing,98.0,A
13690,26,Male,13.0,75.8,5,5,No,High,Yes,1,5,52.1,Visual,81.9,B
13691,24,Male,12.9,98.6,3,9,Yes,High,Yes,5,8,81.1,Visual,90.4,A
13692,30,Male,3.5,69.5,9,9,No,Low,Yes,1,5,69.1,Kinesthetic,63.2,C
13693,24,Male,15.3,51.1,8,4,Yes,High,No,2,1,51.5,Reading/Writing,88.1,B
13694,21,Male,6.2,61.5,1,2,Yes,Low,Yes,4,0,54.7,Visual,69.7,C
13695,30,Female,16.0,70.4,7,1,Yes,High,No,1,6,82.5,Auditory,100,A
13696,27,Female,13.8,52.3,4,6,Yes,High,Yes,5,6,93.6,Kinesthetic,81.1,B
13697,27,Male,13.9,54.2,3,1,Yes,Low,Yes,1,3,75.7,Auditory,76.8,B
13698,18,Male,16.0,57.3,3,4,Yes,High,No,4,2,84.3,Visual,85.5,B
13699,30,Female,14.1,98.4,5,5,No,Low,No,0,5,65.0,Reading/Writing,92.3,A
13700,24,Female,18.2,83.5,7,7,No,High,No,3,2,89.7,Visual,100,A
13701,27,Female,16.9,69.0,1,6,Yes,High,Yes,4,2,43.2,Visual,81.7,B
13702,20,Female,1.1,65.7,7,3,No,Low,Yes,5,0,93.8,Auditory,60.3,C
13703,24,Male,13.1,66.8,3,9,No,Low,No,4,10,67.9,Reading/Writing,78.5,B
13704,29,Female,11.3,95.2,3,1,No,High,No,0,9,49.6,Kinesthetic,85.9,B
13705,18,Female,14.1,82.0,10,1,No,High,Yes,2,8,72.4,Auditory,97.5,A
13706,21,Male,16.6,67.1,7,4,No,High,Yes,3,10,82.1,Reading/Writing,94.9,A
13707,21,Male,6.1,90.1,10,4,Yes,Low,Yes,3,0,68.1,Auditory,81.0,B
13708,29,Female,18.5,54.1,10,9,No,High,No,2,6,66.1,Kinesthetic,100,A
13709,28,Female,13.7,78.1,5,5,No,High,No,1,9,44.5,Reading/Writing,78.4,B
13710,24,Female,13.8,73.3,5,9,Yes,Low,Yes,0,9,66.1,Kinesthetic,77.2,B
13711,29,Female,16.3,92.6,4,7,Yes,Low,Yes,2,5,81.2,Visual,93.8,A
13712,29,Male,12.7,60.2,9,2,Yes,Low,Yes,3,3,85.9,Kinesthetic,93.8,A
13713,23,Female,17.8,68.2,6,8,No,Low,No,1,7,57.9,Auditory,92.3,A
13714,27,Female,4.8,59.3,9,9,No,Low,Yes,0,1,64.9,Kinesthetic,58.7,D
13715,25,Female,8.1,72.6,9,5,Yes,Low,No,5,9,50.3,Visual,75.0,B
13716,21,Male,17.5,93.3,10,6,No,High,Yes,3,9,92.1,Kinesthetic,100,A
13717,29,Male,9.9,58.8,9,7,No,Low,Yes,2,3,55.8,Visual,80.8,B
13718,21,Male,15.7,54.1,5,4,Yes,High,No,2,8,61.1,Visual,93.9,A
13719,30,Female,16.0,68.6,1,7,Yes,High,No,1,6,88.2,Reading/Writing,89.8,B
13720,30,Male,6.7,60.8,10,3,Yes,High,No,1,1,58.1,Kinesthetic,73.8,C
13721,26,Female,9.9,87.3,8,8,Yes,Low,Yes,0,9,81.3,Kinesthetic,89.8,B
13722,18,Female,7.7,95.2,2,6,Yes,High,Yes,4,2,52.5,Reading/Writing,80.6,B
13723,25,Female,7.9,90.9,8,10,Yes,High,No,5,4,66.1,Reading/Writing,87.4,B
13724,29,Male,15.0,95.4,10,9,Yes,Low,No,2,5,94.8,Reading/Writing,100,A
13725,22,Male,11.0,88.9,9,6,No,High,Yes,5,6,44.4,Visual,86.2,B
13726,22,Male,2.6,53.9,5,5,No,High,No,0,1,77.1,Auditory,53.8,D
13727,19,Female,11.7,65.1,8,9,Yes,High,No,0,3,43.8,Auditory,88.0,B
13728,20,Female,10.9,52.5,1,4,Yes,High,No,1,3,83.8,Auditory,69.4,C
13729,21,Male,4.1,72.5,9,10,Yes,High,No,1,3,54.3,Auditory,66.2,C
13730,18,Female,16.4,55.5,7,10,No,High,No,1,9,82.4,Reading/Writing,87.3,B
13731,20,Male,10.0,93.8,5,3,Yes,Low,No,2,3,92.1,Kinesthetic,87.8,B
13732,19,Female,7.5,53.0,2,2,Yes,Low,No,4,6,54.2,Reading/Writing,71.6,C
13733,22,Female,15.8,89.7,8,3,No,High,Yes,4,10,83.2,Reading/Writing,100,A
13734,30,Female,7.4,81.1,1,7,No,High,Yes,0,1,78.2,Auditory,73.6,C
13735,29,Female,4.9,78.7,9,5,No,High,Yes,0,0,75.2,Auditory,70.4,C
13736,30,Female,16.2,72.5,6,8,Yes,Low,Yes,1,9,81.4,Auditory,94.8,A
13737,28,Male,13.2,51.2,5,1,No,High,No,5,3,44.8,Auditory,74.1,C
13738,23,Female,7.0,59.3,7,9,Yes,Low,Yes,4,9,91.6,Kinesthetic,71.0,C
13739,30,Male,12.4,89.9,8,4,No,High,Yes,2,9,61.1,Kinesthetic,93.2,A
13740,29,Male,1.9,97.8,9,6,No,Low,Yes,4,0,97.7,Visual,83.9,B
13741,21,Female,12.7,56.5,6,6,Yes,High,Yes,4,1,44.8,Visual,77.1,B
13742,18,Female,14.3,91.4,8,9,Yes,Low,No,4,6,71.3,Visual,88.9,B
13743,30,Male,17.7,60.1,7,4,Yes,High,No,5,9,80.7,Reading/Writing,100,A
13744,22,Male,12.0,82.2,8,2,No,Low,No,2,0,72.7,Reading/Writing,79.8,B
13745,21,Female,11.1,97.9,9,8,Yes,High,Yes,5,10,41.9,Kinesthetic,98.4,A
13746,24,Female,2.9,74.2,2,9,No,High,Yes,3,0,55.6,Visual,56.5,D
13747,23,Male,11.0,89.7,6,1,Yes,High,No,5,1,97.1,Auditory,97.5,A
13748,22,Male,1.5,62.7,4,5,No,Low,Yes,5,5,96.7,Visual,55.9,D
13749,20,Female,11.7,86.6,9,9,Yes,High,No,5,5,82.5,Auditory,100,A
13750,30,Male,12.7,59.7,7,9,No,High,No,1,8,98.1,Auditory,81.2,B
13751,23,Male,17.0,70.4,3,5,Yes,Low,No,1,0,54.3,Auditory,90.5,A
13752,27,Male,16.7,60.2,7,4,Yes,Low,No,2,8,76.0,Kinesthetic,90.5,A
13753,21,Female,4.9,51.0,7,8,Yes,Low,No,0,5,66.5,Reading/Writing,60.5,C
13754,25,Male,10.7,57.0,6,6,No,High,Yes,2,10,81.0,Reading/Writing,83.0,B
13755,19,Female,6.7,62.1,2,10,Yes,Low,Yes,4,0,60.9,Reading/Writing,58.6,D
13756,20,Female,11.7,54.6,2,9,No,Low,Yes,2,3,69.4,Reading/Writing,64.1,C
13757,29,Female,14.1,88.7,1,10,Yes,High,Yes,4,2,94.3,Auditory,87.3,B
13758,18,Male,2.0,63.3,7,5,No,Low,Yes,1,0,70.3,Auditory,64.0,C
13759,21,Female,17.1,64.4,6,1,Yes,Low,No,5,4,91.5,Auditory,94.9,A
13760,24,Male,4.1,72.2,6,1,No,High,No,1,5,93.6,Visual,82.3,B
13761,19,Female,16.5,54.6,3,8,No,Low,No,4,7,83.7,Auditory,78.7,B
13762,28,Male,3.6,80.0,9,9,No,Low,Yes,4,8,98.2,Kinesthetic,71.0,C
13763,19,Female,14.9,58.6,1,4,Yes,High,Yes,1,9,92.6,Auditory,82.2,B
13764,26,Male,1.5,95.8,10,2,No,High,Yes,1,4,99.6,Auditory,85.5,B
13765,30,Female,17.6,64.1,8,7,Yes,Low,No,5,6,56.4,Kinesthetic,89.2,B
13766,26,Male,8.2,53.9,3,2,No,Low,Yes,2,4,86.2,Kinesthetic,69.7,C
13767,24,Female,15.2,53.4,8,5,No,High,Yes,5,10,42.3,Auditory,89.4,B
13768,23,Female,15.8,95.8,3,1,Yes,High,No,3,0,77.2,Auditory,99.4,A
13769,24,Female,13.6,93.6,7,5,Yes,High,No,3,10,51.3,Kinesthetic,93.8,A
13770,28,Male,10.9,69.7,7,8,Yes,Low,No,4,0,69.2,Reading/Writing,78.8,B
13771,19,Female,11.9,56.3,10,3,Yes,Low,No,1,4,63.8,Reading/Writing,90.5,A
13772,25,Male,5.6,96.9,6,4,Yes,Low,Yes,5,6,62.4,Kinesthetic,78.4,B
13773,30,Male,4.0,84.4,5,1,No,Low,Yes,1,0,97.5,Kinesthetic,72.2,C
13774,29,Male,14.7,95.8,4,1,Yes,Low,No,0,7,44.2,Reading/Writing,85.2,B
13775,23,Female,19.8,76.9,7,10,Yes,Low,Yes,0,6,70.6,Visual,90.7,A
13776,27,Male,19.7,98.6,10,1,No,Low,Yes,4,7,45.9,Auditory,100,A
13777,29,Female,11.2,72.1,5,8,No,Low,No,3,8,47.4,Visual,68.7,C
13778,24,Male,2.5,90.9,8,8,No,High,Yes,4,5,75.2,Reading/Writing,78.2,B
13779,19,Female,4.4,78.9,6,1,Yes,Low,Yes,5,10,96.7,Visual,91.7,A
13780,28,Male,9.5,72.7,3,10,No,High,Yes,2,3,62.4,Kinesthetic,65.4,C
13781,19,Male,15.0,97.5,3,10,Yes,High,Yes,5,3,94.8,Visual,100,A
13782,21,Male,4.6,85.3,6,4,Yes,High,No,3,1,80.9,Reading/Writing,80.7,B
13783,20,Female,13.0,72.4,6,9,Yes,High,No,3,5,49.3,Reading/Writing,93.3,A
13784,20,Female,11.9,84.6,10,8,Yes,Low,Yes,0,0,87.7,Visual,92.6,A
13785,21,Male,15.0,51.0,6,5,No,High,Yes,2,6,54.0,Kinesthetic,83.7,B
13786,21,Male,3.1,59.8,2,1,Yes,Low,No,3,0,45.9,Auditory,53.8,D
13787,23,Female,9.5,84.5,7,5,Yes,Low,Yes,5,3,65.2,Auditory,92.9,A
13788,20,Male,3.2,71.2,8,2,Yes,Low,No,2,5,92.7,Auditory,70.3,C
13789,26,Male,12.7,62.5,1,8,No,High,Yes,3,1,86.7,Auditory,72.1,C
13790,30,Male,15.4,56.5,5,9,Yes,Low,No,5,1,43.4,Reading/Writing,79.8,B
13791,25,Male,19.5,51.5,3,8,No,High,No,5,7,52.3,Kinesthetic,81.5,B
13792,22,Female,11.0,84.4,7,8,No,High,Yes,2,5,73.4,Kinesthetic,86.6,B
13793,29,Female,4.4,79.5,3,1,Yes,Low,Yes,4,10,65.8,Auditory,71.5,C
13794,23,Female,11.0,55.6,9,7,No,Low,No,0,3,61.4,Auditory,69.3,C
13795,29,Female,15.8,89.0,5,5,Yes,High,No,1,6,64.0,Visual,100,A
13796,29,Female,4.4,87.1,10,3,No,Low,No,3,4,54.2,Auditory,71.2,C
13797,25,Male,1.1,78.8,2,4,Yes,High,Yes,0,3,54.3,Kinesthetic,62.3,C
13798,25,Male,7.7,89.0,9,8,Yes,High,Yes,0,2,96.6,Visual,90.6,A
13799,26,Male,10.6,62.4,7,5,Yes,Low,No,4,4,85.8,Reading/Writing,79.3,B
13800,25,Male,8.5,74.3,2,6,Yes,High,Yes,5,2,57.4,Visual,83.1,B
13801,28,Male,9.9,50.7,4,1,No,High,Yes,1,2,82.8,Reading/Writing,74.4,C
13802,29,Male,5.7,84.9,4,6,Yes,High,No,3,8,60.1,Reading/Writing,74.3,C
13803,20,Male,9.3,76.2,1,4,Yes,Low,No,0,4,89.1,Visual,80.4,B
13804,29,Male,14.8,59.7,10,9,No,Low,Yes,3,4,82.1,Kinesthetic,80.7,B
13805,28,Female,5.8,73.2,7,10,No,Low,Yes,3,0,89.8,Visual,65.0,C
13806,27,Female,3.8,89.6,10,7,No,Low,Yes,4,10,76.8,Kinesthetic,85.6,B
13807,19,Male,19.6,81.0,3,4,Yes,Low,Yes,1,1,56.2,Kinesthetic,96.7,A
13808,29,Male,13.1,95.5,2,2,Yes,Low,Yes,0,6,95.8,Kinesthetic,96.8,A
13809,22,Male,8.2,56.5,1,5,No,Low,No,1,7,75.1,Visual,57.8,D
13810,20,Female,12.5,66.9,8,7,Yes,High,No,5,0,43.1,Kinesthetic,83.9,B
13811,20,Female,8.9,76.8,1,7,No,High,Yes,2,8,52.3,Visual,70.0,C
13812,19,Female,8.4,59.6,9,8,No,High,No,3,1,90.2,Kinesthetic,81.7,B
13813,25,Male,13.7,68.2,3,5,Yes,Low,No,5,4,76.7,Auditory,86.4,B
13814,18,Female,19.8,80.9,9,6,Yes,Low,No,5,7,51.5,Reading/Writing,100,A
13815,26,Female,12.9,89.7,10,1,No,Low,No,4,1,78.5,Visual,90.3,A
13816,24,Male,19.3,52.3,10,5,Yes,Low,No,2,6,55.5,Reading/Writing,100,A
13817,27,Female,12.6,99.4,9,10,Yes,High,No,3,7,79.7,Visual,96.7,A
13818,24,Male,9.6,68.0,2,8,No,Low,Yes,5,10,80.5,Kinesthetic,64.2,C
13819,18,Male,19.0,61.6,9,4,Yes,High,No,0,7,68.2,Kinesthetic,100,A
13820,22,Male,18.2,74.5,4,6,Yes,High,Yes,4,0,52.4,Kinesthetic,98.4,A
13821,30,Male,1.1,82.0,8,8,Yes,Low,Yes,1,10,66.4,Reading/Writing,73.6,C
13822,22,Female,14.8,53.1,9,1,No,Low,Yes,4,6,60.0,Visual,92.4,A
13823,25,Male,6.6,54.6,3,4,Yes,Low,No,5,9,68.2,Reading/Writing,62.0,C
13824,30,Female,14.6,91.3,3,3,Yes,Low,No,1,8,61.6,Visual,97.2,A
13825,24,Female,19.3,84.5,8,6,No,Low,No,1,7,43.1,Auditory,88.5,B
13826,20,Male,10.3,50.9,8,7,No,Low,Yes,3,1,47.6,Reading/Writing,72.2,C
13827,30,Female,14.3,82.4,5,1,Yes,Low,No,1,0,87.6,Kinesthetic,93.5,A
13828,22,Female,18.0,91.7,2,10,Yes,Low,Yes,5,6,95.8,Auditory,90.3,A
13829,20,Female,5.2,87.6,2,9,Yes,High,No,4,5,70.6,Auditory,68.6,C
13830,21,Male,15.4,67.0,1,7,No,Low,No,2,3,77.3,Visual,74.0,C
13831,19,Male,6.2,90.5,7,4,No,High,No,1,9,98.5,Reading/Writing,93.7,A
13832,26,Male,13.5,63.0,2,2,No,High,Yes,3,1,65.7,Auditory,77.4,B
13833,24,Female,10.9,88.9,7,2,No,Low,Yes,0,4,70.9,Visual,91.4,A
13834,28,Female,13.9,94.8,6,8,No,High,No,2,4,43.5,Visual,89.1,B
13835,26,Male,15.7,64.6,5,6,No,High,Yes,1,8,62.4,Auditory,87.6,B
13836,28,Male,17.8,57.1,9,6,Yes,Low,Yes,2,5,75.0,Kinesthetic,89.2,B
13837,30,Male,16.9,92.1,7,4,Yes,High,Yes,3,2,79.6,Kinesthetic,100,A
13838,27,Male,17.9,81.2,6,8,Yes,Low,No,1,0,76.7,Kinesthetic,92.9,A
13839,18,Female,11.7,55.1,5,8,No,High,Yes,1,10,99.0,Reading/Writing,74.4,C
13840,21,Female,3.0,82.6,9,10,No,Low,Yes,2,5,79.2,Visual,75.6,B
13841,19,Male,3.0,82.9,4,1,Yes,Low,No,5,2,92.2,Reading/Writing,83.3,B
13842,18,Female,6.8,51.2,10,1,Yes,High,Yes,5,4,88.4,Auditory,79.7,B
13843,21,Female,18.5,54.9,10,6,Yes,High,Yes,0,1,55.4,Visual,92.6,A
13844,30,Female,7.4,99.8,1,1,No,Low,Yes,2,10,81.2,Kinesthetic,85.7,B
13845,23,Female,12.7,83.2,5,6,No,High,Yes,1,9,92.8,Kinesthetic,86.5,B
13846,26,Male,8.7,82.5,3,6,Yes,High,Yes,5,8,69.4,Kinesthetic,88.7,B
13847,26,Female,19.1,72.2,3,4,Yes,High,Yes,2,7,63.2,Reading/Writing,100,A
13848,25,Male,3.3,55.7,3,9,No,High,No,1,6,51.2,Reading/Writing,60.8,C
13849,19,Female,12.2,85.1,5,4,Yes,Low,Yes,4,7,57.2,Auditory,91.0,A
13850,21,Male,16.3,80.5,8,5,Yes,Low,Yes,3,7,82.6,Visual,98.0,A
13851,21,Female,11.5,70.2,9,1,Yes,Low,Yes,5,8,47.1,Auditory,98.1,A
13852,25,Female,12.7,85.1,5,6,Yes,Low,Yes,5,10,44.1,Kinesthetic,80.8,B
13853,29,Female,18.4,53.6,1,4,No,High,Yes,0,0,47.8,Auditory,82.5,B
13854,23,Male,3.9,94.2,10,10,Yes,High,No,1,2,77.8,Auditory,76.7,B
13855,23,Male,18.2,72.6,2,7,No,High,No,0,6,92.8,Visual,99.0,A
13856,20,Male,11.8,72.0,3,1,Yes,High,Yes,4,4,72.4,Kinesthetic,81.6,B
13857,25,Male,18.0,88.4,5,8,Yes,High,No,3,3,85.6,Reading/Writing,100,A
13858,29,Male,16.7,75.9,5,9,No,Low,No,2,4,74.0,Auditory,89.5,B
13859,23,Female,7.2,88.4,3,9,Yes,High,Yes,0,10,68.8,Visual,73.5,C
13860,25,Male,10.8,78.5,5,6,No,High,Yes,3,6,87.7,Kinesthetic,79.8,B
13861,22,Female,3.2,53.5,1,4,No,Low,No,4,10,82.8,Auditory,58.9,D
13862,28,Male,12.4,62.3,10,9,Yes,Low,No,0,0,58.1,Reading/Writing,76.4,B
13863,28,Female,1.9,97.4,6,5,Yes,High,No,4,7,78.6,Auditory,80.8,B
13864,22,Female,14.3,96.6,7,2,Yes,Low,No,3,4,96.8,Kinesthetic,100,A
13865,29,Female,1.5,77.0,7,5,Yes,High,Yes,1,9,81.1,Reading/Writing,84.5,B
13866,20,Male,4.2,67.9,6,10,No,High,No,3,9,53.5,Kinesthetic,60.3,C
13867,20,Male,14.7,54.3,1,9,Yes,High,Yes,2,10,57.2,Visual,86.2,B
13868,25,Female,17.1,51.8,5,9,No,Low,Yes,1,9,90.6,Auditory,89.2,B
13869,30,Male,1.7,93.8,6,9,Yes,Low,Yes,3,6,62.4,Auditory,66.6,C
13870,20,Male,17.8,63.3,4,1,No,Low,Yes,2,6,74.5,Auditory,86.1,B
13871,19,Female,5.5,74.7,5,1,No,Low,Yes,5,2,76.3,Auditory,70.8,C
13872,18,Female,6.9,72.9,9,10,No,Low,Yes,2,4,59.6,Kinesthetic,62.4,C
13873,25,Male,9.6,98.7,6,10,No,High,No,4,0,56.8,Visual,75.5,B
13874,20,Female,15.8,76.6,1,6,Yes,High,No,5,3,89.5,Auditory,93.5,A
13875,21,Female,3.3,78.1,3,3,No,High,Yes,3,6,91.4,Reading/Writing,65.6,C
13876,23,Male,15.9,61.6,4,7,Yes,Low,No,0,1,47.7,Auditory,78.8,B
13877,24,Male,7.0,88.0,9,4,No,High,No,4,7,77.7,Auditory,93.4,A
13878,30,Male,7.1,74.2,2,6,No,Low,Yes,5,4,53.2,Reading/Writing,69.9,C
13879,22,Male,12.8,59.9,8,10,No,High,Yes,5,5,69.4,Kinesthetic,78.4,B
13880,27,Female,16.7,80.3,1,9,No,High,No,1,3,86.0,Visual,87.3,B
13881,28,Male,1.9,69.1,8,9,Yes,Low,Yes,1,2,74.1,Visual,67.0,C
13882,20,Male,3.1,94.6,8,2,Yes,High,Yes,5,5,78.4,Reading/Writing,89.4,B
13883,22,Male,18.7,54.5,8,5,Yes,High,Yes,3,5,69.3,Kinesthetic,100,A
13884,25,Female,7.4,60.9,2,8,No,High,No,0,9,81.5,Auditory,65.1,C
13885,23,Male,10.5,66.1,5,10,Yes,High,Yes,5,6,95.5,Auditory,85.6,B
13886,19,Female,13.5,89.0,9,8,No,High,No,1,1,81.1,Auditory,99.1,A
13887,26,Female,10.6,82.9,8,10,Yes,Low,No,3,2,63.6,Kinesthetic,87.9,B
13888,21,Female,13.0,76.7,10,9,No,Low,No,2,8,70.2,Auditory,80.0,B
13889,30,Male,15.6,56.6,3,2,Yes,Low,No,0,10,58.8,Auditory,82.5,B
13890,29,Male,10.4,78.5,7,2,No,Low,No,2,3,47.9,Auditory,77.3,B
13891,22,Female,14.5,58.3,10,5,Yes,High,Yes,1,7,50.0,Auditory,99.8,A
13892,30,Male,18.0,95.3,9,7,No,High,Yes,4,0,40.3,Kinesthetic,100,A
13893,29,Male,7.5,80.3,4,4,No,Low,No,3,7,79.1,Kinesthetic,77.4,B
13894,26,Male,4.6,83.0,3,9,No,Low,Yes,1,10,88.8,Visual,62.5,C
13895,23,Female,10.7,63.4,4,10,Yes,Low,No,3,1,79.1,Auditory,70.8,C
13896,29,Female,12.3,57.2,2,4,No,Low,No,5,2,83.0,Auditory,66.3,C
13897,18,Female,11.8,82.5,9,1,Yes,Low,No,2,6,56.3,Kinesthetic,100,A
13898,22,Male,18.1,59.4,3,3,No,Low,No,5,0,54.0,Reading/Writing,76.5,B
13899,24,Male,4.2,62.7,3,2,Yes,Low,Yes,3,1,98.1,Visual,75.1,B
13900,25,Female,18.9,69.7,4,10,No,Low,Yes,4,0,74.9,Auditory,78.6,B
13901,25,Female,17.6,70.2,10,4,Yes,High,Yes,1,6,86.1,Visual,100,A
13902,29,Female,2.2,94.6,5,2,No,Low,No,2,6,55.2,Reading/Writing,69.8,C
13903,25,Female,18.6,50.6,1,10,Yes,Low,Yes,5,1,78.5,Auditory,74.3,C
13904,18,Female,5.4,79.7,4,8,Yes,High,No,2,0,49.1,Auditory,75.6,B
13905,20,Female,12.3,76.2,2,10,Yes,Low,Yes,3,6,60.6,Visual,81.4,B
13906,24,Male,7.2,52.2,4,8,Yes,Low,No,2,3,87.8,Reading/Writing,64.3,C
13907,30,Male,9.5,88.8,6,5,No,High,No,1,5,48.6,Auditory,83.2,B
13908,22,Male,15.2,97.2,5,9,No,High,No,2,0,64.2,Auditory,98.4,A
13909,18,Male,14.8,74.2,9,7,No,High,Yes,1,10,53.5,Reading/Writing,100.0,A
13910,28,Female,12.7,85.8,9,8,Yes,High,No,1,6,91.4,Kinesthetic,100,A
13911,29,Female,8.6,65.7,8,9,Yes,Low,No,2,0,56.6,Reading/Writing,64.6,C
13912,22,Male,6.2,62.1,2,4,Yes,High,No,0,7,78.0,Visual,76.3,B
13913,27,Female,17.4,80.7,4,7,Yes,Low,Yes,2,2,89.2,Kinesthetic,95.2,A
13914,23,Male,10.4,93.3,5,8,Yes,Low,Yes,1,6,58.4,Visual,79.0,B
13915,29,Female,7.8,89.1,2,5,Yes,Low,Yes,0,2,74.0,Visual,67.6,C
13916,19,Female,8.2,96.2,4,3,Yes,Low,No,1,9,40.5,Reading/Writing,83.6,B
13917,28,Female,2.8,71.8,8,4,No,High,No,1,4,66.7,Visual,68.8,C
13918,28,Male,1.8,74.0,4,5,Yes,Low,Yes,1,1,57.8,Kinesthetic,63.0,C
13919,30,Male,14.0,97.0,4,5,No,High,Yes,3,5,40.7,Visual,83.3,B
13920,24,Female,1.1,97.2,7,7,Yes,Low,Yes,4,9,73.5,Visual,68.2,C
13921,18,Male,20.0,91.4,8,8,No,Low,Yes,4,6,82.7,Auditory,100,A
13922,25,Female,11.0,64.2,9,7,Yes,High,Yes,3,4,99.8,Kinesthetic,91.0,A
13923,24,Male,12.9,64.8,5,8,No,Low,Yes,4,6,63.6,Auditory,70.4,C
13924,26,Female,17.3,60.1,1,9,Yes,Low,Yes,1,9,82.5,Reading/Writing,78.2,B
13925,23,Female,10.2,65.4,6,5,Yes,High,Yes,2,7,66.9,Auditory,87.0,B
13926,29,Female,10.1,96.4,5,1,Yes,High,Yes,3,6,79.8,Reading/Writing,94.5,A
13927,23,Female,19.7,66.3,8,8,Yes,High,No,1,0,60.3,Reading/Writing,98.6,A
13928,27,Female,1.8,91.5,5,6,Yes,Low,No,4,1,74.8,Visual,76.9,B
13929,19,Female,16.7,82.0,9,1,Yes,High,No,5,2,62.1,Reading/Writing,100,A
13930,26,Female,10.4,76.3,6,10,No,High,No,2,8,68.1,Visual,75.5,B
13931,23,Male,7.6,85.5,4,9,Yes,High,No,2,0,88.9,Auditory,80.5,B
13932,19,Female,18.9,82.8,6,7,Yes,High,No,2,3,56.9,Reading/Writing,97.3,A
13933,29,Female,5.8,54.0,9,3,No,Low,Yes,5,2,70.3,Kinesthetic,64.3,C
13934,18,Male,15.4,81.3,7,6,Yes,Low,Yes,4,7,51.2,Auditory,100,A
13935,24,Male,17.7,85.1,9,10,Yes,Low,No,1,4,40.1,Reading/Writing,98.2,A
13936,19,Female,1.3,82.5,2,3,Yes,High,Yes,3,8,51.3,Visual,61.8,C
13937,19,Female,1.3,68.8,7,6,No,Low,Yes,1,2,68.0,Auditory,59.8,D
13938,30,Male,14.9,74.6,8,10,No,Low,Yes,1,7,96.2,Reading/Writing,92.7,A
13939,24,Female,3.0,76.5,1,4,Yes,High,Yes,2,4,60.4,Reading/Writing,71.1,C
13940,28,Female,4.6,78.2,10,6,No,High,No,1,8,97.4,Reading/Writing,84.7,B
13941,20,Female,6.9,99.0,2,5,Yes,High,Yes,4,6,72.2,Auditory,80.4,B
13942,26,Male,1.8,94.8,7,6,Yes,High,Yes,3,3,98.4,Reading/Writing,86.9,B
13943,24,Male,17.2,57.7,5,7,No,High,No,3,9,81.2,Reading/Writing,97.4,A
13944,18,Female,17.7,76.2,2,7,Yes,Low,Yes,5,1,63.6,Kinesthetic,91.7,A
13945,19,Female,16.3,73.5,8,8,No,High,No,2,9,74.5,Reading/Writing,100,A
13946,30,Male,6.8,82.0,2,6,No,Low,No,2,8,73.9,Kinesthetic,66.6,C
13947,26,Female,7.6,50.4,7,8,Yes,Low,No,1,5,90.0,Reading/Writing,74.8,C
13948,24,Female,4.5,90.9,9,4,No,Low,No,1,3,83.2,Visual,78.9,B
13949,23,Male,12.9,79.0,8,7,Yes,Low,No,5,6,52.6,Visual,92.7,A
13950,21,Female,1.7,62.6,6,4,No,Low,Yes,5,5,90.4,Reading/Writing,68.7,C
13951,26,Male,13.7,98.8,6,5,No,Low,Yes,4,1,47.1,Kinesthetic,91.9,A
13952,27,Female,14.9,61.9,6,1,No,Low,No,3,10,65.0,Kinesthetic,94.1,A
13953,25,Male,16.9,90.4,9,9,Yes,High,Yes,3,1,91.4,Kinesthetic,100,A
13954,30,Female,9.1,50.3,1,8,Yes,Low,No,0,0,76.9,Visual,56.8,D
13955,20,Female,18.1,97.2,1,4,No,High,Yes,5,4,45.1,Auditory,100,A
13956,29,Female,3.4,91.0,6,6,Yes,High,Yes,5,1,67.7,Auditory,83.8,B
13957,18,Female,5.6,63.9,9,3,No,Low,No,5,0,72.9,Reading/Writing,65.2,C
13958,18,Male,2.0,54.1,3,7,Yes,High,No,3,2,88.4,Reading/Writing,66.1,C
13959,27,Male,3.1,85.6,5,5,No,Low,Yes,4,1,50.0,Reading/Writing,62.8,C
13960,20,Male,18.9,72.3,7,7,Yes,High,No,1,0,77.7,Reading/Writing,100,A
13961,29,Male,18.9,72.3,2,10,No,Low,Yes,2,7,63.5,Reading/Writing,90.5,A
13962,26,Female,11.8,72.8,6,6,Yes,High,No,2,0,76.0,Visual,88.3,B
13963,19,Male,18.3,50.3,1,1,No,Low,Yes,0,9,84.7,Reading/Writing,87.1,B
13964,30,Female,7.3,59.3,2,9,No,Low,No,1,8,97.8,Auditory,59.2,D
13965,29,Male,4.6,78.8,3,2,No,Low,No,5,6,83.1,Reading/Writing,73.7,C
13966,29,Male,11.3,90.3,6,10,No,Low,No,3,9,65.8,Visual,85.6,B
13967,26,Male,1.5,68.4,9,6,No,High,No,2,4,51.4,Visual,65.6,C
13968,21,Male,13.9,63.5,9,5,No,Low,Yes,0,2,64.2,Auditory,77.4,B
13969,21,Male,7.2,50.4,7,10,Yes,High,Yes,3,9,54.9,Reading/Writing,77.7,B
13970,27,Male,15.4,58.7,6,6,Yes,High,Yes,2,7,40.4,Auditory,90.7,A
13971,20,Male,5.2,67.8,4,9,Yes,High,No,2,10,88.9,Kinesthetic,68.5,C
13972,29,Male,6.1,57.5,10,3,No,Low,Yes,3,0,42.4,Kinesthetic,62.8,C
13973,28,Female,13.8,71.1,4,7,Yes,High,No,4,9,77.6,Auditory,92.9,A
13974,23,Male,9.0,89.2,3,5,Yes,Low,Yes,5,8,60.7,Visual,88.4,B
13975,25,Male,16.9,56.9,7,3,Yes,High,Yes,0,0,47.5,Visual,94.5,A
13976,18,Female,4.8,73.8,7,8,No,Low,No,2,3,47.9,Reading/Writing,67.8,C
13977,24,Male,9.1,55.7,7,2,Yes,Low,No,5,9,92.5,Auditory,91.0,A
13978,24,Female,18.6,58.1,10,2,Yes,High,No,3,3,64.2,Auditory,100,A
13979,18,Female,8.6,74.9,4,1,No,High,No,3,8,53.2,Auditory,73.6,C
13980,29,Male,7.3,94.4,6,10,Yes,Low,No,1,10,45.5,Reading/Writing,84.7,B
13981,23,Female,19.6,76.7,6,10,No,Low,Yes,4,1,84.9,Kinesthetic,97.5,A
13982,28,Male,14.1,95.4,9,8,No,High,No,0,4,74.2,Reading/Writing,94.1,A
13983,18,Female,8.4,68.1,4,9,No,Low,No,4,3,82.4,Visual,70.6,C
13984,19,Female,11.3,70.8,3,2,No,Low,Yes,5,6,55.4,Visual,71.3,C
13985,20,Female,19.1,93.5,6,4,Yes,Low,No,5,3,77.1,Kinesthetic,100,A
13986,28,Female,7.9,63.3,4,3,Yes,Low,No,5,4,96.2,Kinesthetic,78.8,B
13987,19,Male,19.6,74.0,2,6,No,Low,No,0,3,74.5,Visual,92.8,A
13988,26,Female,9.5,61.7,4,6,No,High,No,3,9,82.5,Visual,77.7,B
13989,25,Female,13.2,93.7,3,7,No,Low,No,0,5,65.4,Visual,82.5,B
13990,27,Female,17.3,99.9,4,5,No,Low,No,4,8,56.9,Reading/Writing,95.5,A
13991,26,Male,8.5,52.9,7,10,No,High,Yes,3,2,58.9,Reading/Writing,60.9,C
13992,27,Female,15.4,52.5,6,8,Yes,Low,Yes,4,9,88.5,Reading/Writing,91.7,A
13993,20,Male,15.7,77.3,10,4,Yes,Low,Yes,5,8,59.6,Reading/Writing,100,A
13994,27,Male,1.2,64.4,10,2,Yes,Low,Yes,0,5,61.6,Reading/Writing,66.2,C
13995,22,Male,3.8,57.5,5,9,Yes,Low,Yes,2,2,86.3,Auditory,70.0,C
13996,28,Male,2.5,69.3,6,5,No,High,No,4,7,75.0,Visual,71.1,C
13997,18,Female,6.8,76.4,10,1,No,High,No,0,6,51.9,Auditory,78.7,B
13998,27,Male,5.4,94.2,8,7,Yes,Low,Yes,3,9,85.0,Auditory,87.1,B
13999,29,Female,6.6,83.4,2,2,Yes,High,No,5,9,90.7,Kinesthetic,81.9,B
14000,29,Male,7.6,65.0,4,6,No,High,Yes,5,3,41.0,Auditory,62.1,C
14001,19,Male,19.5,56.0,9,3,Yes,Low,No,0,9,94.6,Visual,98.1,A
14002,24,Female,19.9,92.8,6,4,Yes,Low,No,4,8,96.4,Kinesthetic,100,A
14003,27,Male,14.9,75.8,8,2,Yes,Low,Yes,0,0,53.4,Reading/Writing,89.9,B
